Data_Referencia,Codi_Districte,Nom_Districte,Codi_Barri,Nom_Barri,AEB,Seccio_Censal,Valor,LLOC_NAIX,SEXE
2026-01-01,1,Ciutat Vella,1,el Raval,1,1001,158,1,1
2026-01-01,1,Ciutat Vella,1,el Raval,1,1001,171,1,2
2026-01-01,1,Ciutat Vella,1,el Raval,1,1001,36,2,1
2026-01-01,1,Ciutat Vella,1,el Raval,1,1001,23,2,2
2026-01-01,1,Ciutat Vella,1,el Raval,1,1001,68,3,1
2026-01-01,1,Ciutat Vella,1,el Raval,1,1001,82,3,2
2026-01-01,1,Ciutat Vella,1,el Raval,1,1001,55,4,1
2026-01-01,1,Ciutat Vella,1,el Raval,1,1001,60,4,2
2026-01-01,1,Ciutat Vella,1,el Raval,1,1001,364,5,1
2026-01-01,1,Ciutat Vella,1,el Raval,1,1001,405,5,2
2026-01-01,1,Ciutat Vella,1,el Raval,1,1001,..,6,1
2026-01-01,1,Ciutat Vella,1,el Raval,1,1002,128,1,1
2026-01-01,1,Ciutat Vella,1,el Raval,1,1002,140,1,2
2026-01-01,1,Ciutat Vella,1,el Raval,1,1002,28,2,1
2026-01-01,1,Ciutat Vella,1,el Raval,1,1002,24,2,2
2026-01-01,1,Ciutat Vella,1,el Raval,1,1002,48,3,1
2026-01-01,1,Ciutat Vella,1,el Raval,1,1002,41,3,2
2026-01-01,1,Ciutat Vella,1,el Raval,1,1002,77,4,1
2026-01-01,1,Ciutat Vella,1,el Raval,1,1002,78,4,2
2026-01-01,1,Ciutat Vella,1,el Raval,1,1002,358,5,1
2026-01-01,1,Ciutat Vella,1,el Raval,1,1002,488,5,2
2026-01-01,1,Ciutat Vella,1,el Raval,2,1003,463,1,1
2026-01-01,1,Ciutat Vella,1,el Raval,2,1003,498,1,2
2026-01-01,1,Ciutat Vella,1,el Raval,2,1003,163,2,1
2026-01-01,1,Ciutat Vella,1,el Raval,2,1003,168,2,2
2026-01-01,1,Ciutat Vella,1,el Raval,2,1003,128,3,1
2026-01-01,1,Ciutat Vella,1,el Raval,2,1003,146,3,2
2026-01-01,1,Ciutat Vella,1,el Raval,2,1003,92,4,1
2026-01-01,1,Ciutat Vella,1,el Raval,2,1003,86,4,2
2026-01-01,1,Ciutat Vella,1,el Raval,2,1003,985,5,1
2026-01-01,1,Ciutat Vella,1,el Raval,2,1003,1100,5,2
2026-01-01,1,Ciutat Vella,1,el Raval,2,1004,378,1,1
2026-01-01,1,Ciutat Vella,1,el Raval,2,1004,349,1,2
2026-01-01,1,Ciutat Vella,1,el Raval,2,1004,53,2,1
2026-01-01,1,Ciutat Vella,1,el Raval,2,1004,67,2,2
2026-01-01,1,Ciutat Vella,1,el Raval,2,1004,126,3,1
2026-01-01,1,Ciutat Vella,1,el Raval,2,1004,147,3,2
2026-01-01,1,Ciutat Vella,1,el Raval,2,1004,101,4,1
2026-01-01,1,Ciutat Vella,1,el Raval,2,1004,162,4,2
2026-01-01,1,Ciutat Vella,1,el Raval,2,1004,719,5,1
2026-01-01,1,Ciutat Vella,1,el Raval,2,1004,992,5,2
2026-01-01,1,Ciutat Vella,1,el Raval,2,1004,..,6,1
2026-01-01,1,Ciutat Vella,1,el Raval,2,1004,..,6,2
2026-01-01,1,Ciutat Vella,1,el Raval,3,1005,332,1,1
2026-01-01,1,Ciutat Vella,1,el Raval,3,1005,300,1,2
2026-01-01,1,Ciutat Vella,1,el Raval,3,1005,46,2,1
2026-01-01,1,Ciutat Vella,1,el Raval,3,1005,51,2,2
2026-01-01,1,Ciutat Vella,1,el Raval,3,1005,94,3,1
2026-01-01,1,Ciutat Vella,1,el Raval,3,1005,109,3,2
2026-01-01,1,Ciutat Vella,1,el Raval,3,1005,120,4,1
2026-01-01,1,Ciutat Vella,1,el Raval,3,1005,118,4,2
2026-01-01,1,Ciutat Vella,1,el Raval,3,1005,562,5,1
2026-01-01,1,Ciutat Vella,1,el Raval,3,1005,850,5,2
2026-01-01,1,Ciutat Vella,1,el Raval,3,1005,..,6,2
2026-01-01,1,Ciutat Vella,1,el Raval,3,1006,166,1,1
2026-01-01,1,Ciutat Vella,1,el Raval,3,1006,198,1,2
2026-01-01,1,Ciutat Vella,1,el Raval,3,1006,31,2,1
2026-01-01,1,Ciutat Vella,1,el Raval,3,1006,41,2,2
2026-01-01,1,Ciutat Vella,1,el Raval,3,1006,66,3,1
2026-01-01,1,Ciutat Vella,1,el Raval,3,1006,60,3,2
2026-01-01,1,Ciutat Vella,1,el Raval,3,1006,97,4,1
2026-01-01,1,Ciutat Vella,1,el Raval,3,1006,77,4,2
2026-01-01,1,Ciutat Vella,1,el Raval,3,1006,470,5,1
2026-01-01,1,Ciutat Vella,1,el Raval,3,1006,637,5,2
2026-01-01,1,Ciutat Vella,1,el Raval,3,1006,..,6,1
2026-01-01,1,Ciutat Vella,1,el Raval,3,1006,..,6,2
2026-01-01,1,Ciutat Vella,1,el Raval,3,1007,204,1,1
2026-01-01,1,Ciutat Vella,1,el Raval,3,1007,265,1,2
2026-01-01,1,Ciutat Vella,1,el Raval,3,1007,34,2,1
2026-01-01,1,Ciutat Vella,1,el Raval,3,1007,30,2,2
2026-01-01,1,Ciutat Vella,1,el Raval,3,1007,64,3,1
2026-01-01,1,Ciutat Vella,1,el Raval,3,1007,58,3,2
2026-01-01,1,Ciutat Vella,1,el Raval,3,1007,76,4,1
2026-01-01,1,Ciutat Vella,1,el Raval,3,1007,73,4,2
2026-01-01,1,Ciutat Vella,1,el Raval,3,1007,505,5,1
2026-01-01,1,Ciutat Vella,1,el Raval,3,1007,902,5,2
2026-01-01,1,Ciutat Vella,1,el Raval,4,1008,361,1,1
2026-01-01,1,Ciutat Vella,1,el Raval,4,1008,404,1,2
2026-01-01,1,Ciutat Vella,1,el Raval,4,1008,36,2,1
2026-01-01,1,Ciutat Vella,1,el Raval,4,1008,40,2,2
2026-01-01,1,Ciutat Vella,1,el Raval,4,1008,82,3,1
2026-01-01,1,Ciutat Vella,1,el Raval,4,1008,73,3,2
2026-01-01,1,Ciutat Vella,1,el Raval,4,1008,83,4,1
2026-01-01,1,Ciutat Vella,1,el Raval,4,1008,96,4,2
2026-01-01,1,Ciutat Vella,1,el Raval,4,1008,883,5,1
2026-01-01,1,Ciutat Vella,1,el Raval,4,1008,1344,5,2
2026-01-01,1,Ciutat Vella,1,el Raval,4,1009,266,1,1
2026-01-01,1,Ciutat Vella,1,el Raval,4,1009,303,1,2
2026-01-01,1,Ciutat Vella,1,el Raval,4,1009,44,2,1
2026-01-01,1,Ciutat Vella,1,el Raval,4,1009,42,2,2
2026-01-01,1,Ciutat Vella,1,el Raval,4,1009,93,3,1
2026-01-01,1,Ciutat Vella,1,el Raval,4,1009,75,3,2
2026-01-01,1,Ciutat Vella,1,el Raval,4,1009,62,4,1
2026-01-01,1,Ciutat Vella,1,el Raval,4,1009,67,4,2
2026-01-01,1,Ciutat Vella,1,el Raval,4,1009,580,5,1
2026-01-01,1,Ciutat Vella,1,el Raval,4,1009,856,5,2
2026-01-01,1,Ciutat Vella,1,el Raval,4,1010,260,1,1
2026-01-01,1,Ciutat Vella,1,el Raval,4,1010,262,1,2
2026-01-01,1,Ciutat Vella,1,el Raval,4,1010,36,2,1
2026-01-01,1,Ciutat Vella,1,el Raval,4,1010,40,2,2
2026-01-01,1,Ciutat Vella,1,el Raval,4,1010,54,3,1
2026-01-01,1,Ciutat Vella,1,el Raval,4,1010,79,3,2
2026-01-01,1,Ciutat Vella,1,el Raval,4,1010,69,4,1
2026-01-01,1,Ciutat Vella,1,el Raval,4,1010,84,4,2
2026-01-01,1,Ciutat Vella,1,el Raval,4,1010,725,5,1
2026-01-01,1,Ciutat Vella,1,el Raval,4,1010,1054,5,2
2026-01-01,1,Ciutat Vella,1,el Raval,4,1010,..,6,1
2026-01-01,1,Ciutat Vella,1,el Raval,4,1010,..,6,2
2026-01-01,1,Ciutat Vella,1,el Raval,5,1011,369,1,1
2026-01-01,1,Ciutat Vella,1,el Raval,5,1011,422,1,2
2026-01-01,1,Ciutat Vella,1,el Raval,5,1011,55,2,1
2026-01-01,1,Ciutat Vella,1,el Raval,5,1011,55,2,2
2026-01-01,1,Ciutat Vella,1,el Raval,5,1011,78,3,1
2026-01-01,1,Ciutat Vella,1,el Raval,5,1011,85,3,2
2026-01-01,1,Ciutat Vella,1,el Raval,5,1011,126,4,1
2026-01-01,1,Ciutat Vella,1,el Raval,5,1011,144,4,2
2026-01-01,1,Ciutat Vella,1,el Raval,5,1011,1056,5,1
2026-01-01,1,Ciutat Vella,1,el Raval,5,1011,1382,5,2
2026-01-01,1,Ciutat Vella,1,el Raval,5,1012,271,1,1
2026-01-01,1,Ciutat Vella,1,el Raval,5,1012,245,1,2
2026-01-01,1,Ciutat Vella,1,el Raval,5,1012,40,2,1
2026-01-01,1,Ciutat Vella,1,el Raval,5,1012,41,2,2
2026-01-01,1,Ciutat Vella,1,el Raval,5,1012,71,3,1
2026-01-01,1,Ciutat Vella,1,el Raval,5,1012,74,3,2
2026-01-01,1,Ciutat Vella,1,el Raval,5,1012,91,4,1
2026-01-01,1,Ciutat Vella,1,el Raval,5,1012,103,4,2
2026-01-01,1,Ciutat Vella,1,el Raval,5,1012,529,5,1
2026-01-01,1,Ciutat Vella,1,el Raval,5,1012,673,5,2
2026-01-01,1,Ciutat Vella,1,el Raval,5,1012,..,6,1
2026-01-01,1,Ciutat Vella,1,el Raval,5,1013,229,1,1
2026-01-01,1,Ciutat Vella,1,el Raval,5,1013,204,1,2
2026-01-01,1,Ciutat Vella,1,el Raval,5,1013,29,2,1
2026-01-01,1,Ciutat Vella,1,el Raval,5,1013,28,2,2
2026-01-01,1,Ciutat Vella,1,el Raval,5,1013,46,3,1
2026-01-01,1,Ciutat Vella,1,el Raval,5,1013,54,3,2
2026-01-01,1,Ciutat Vella,1,el Raval,5,1013,36,4,1
2026-01-01,1,Ciutat Vella,1,el Raval,5,1013,49,4,2
2026-01-01,1,Ciutat Vella,1,el Raval,5,1013,367,5,1
2026-01-01,1,Ciutat Vella,1,el Raval,5,1013,429,5,2
2026-01-01,1,Ciutat Vella,1,el Raval,5,1013,..,6,2
2026-01-01,1,Ciutat Vella,1,el Raval,6,1014,219,1,1
2026-01-01,1,Ciutat Vella,1,el Raval,6,1014,217,1,2
2026-01-01,1,Ciutat Vella,1,el Raval,6,1014,24,2,1
2026-01-01,1,Ciutat Vella,1,el Raval,6,1014,33,2,2
2026-01-01,1,Ciutat Vella,1,el Raval,6,1014,54,3,1
2026-01-01,1,Ciutat Vella,1,el Raval,6,1014,48,3,2
2026-01-01,1,Ciutat Vella,1,el Raval,6,1014,54,4,1
2026-01-01,1,Ciutat Vella,1,el Raval,6,1014,55,4,2
2026-01-01,1,Ciutat Vella,1,el Raval,6,1014,521,5,1
2026-01-01,1,Ciutat Vella,1,el Raval,6,1014,548,5,2
2026-01-01,1,Ciutat Vella,1,el Raval,6,1015,266,1,1
2026-01-01,1,Ciutat Vella,1,el Raval,6,1015,291,1,2
2026-01-01,1,Ciutat Vella,1,el Raval,6,1015,39,2,1
2026-01-01,1,Ciutat Vella,1,el Raval,6,1015,36,2,2
2026-01-01,1,Ciutat Vella,1,el Raval,6,1015,88,3,1
2026-01-01,1,Ciutat Vella,1,el Raval,6,1015,79,3,2
2026-01-01,1,Ciutat Vella,1,el Raval,6,1015,81,4,1
2026-01-01,1,Ciutat Vella,1,el Raval,6,1015,91,4,2
2026-01-01,1,Ciutat Vella,1,el Raval,6,1015,779,5,1
2026-01-01,1,Ciutat Vella,1,el Raval,6,1015,879,5,2
2026-01-01,1,Ciutat Vella,1,el Raval,6,1015,..,6,1
2026-01-01,1,Ciutat Vella,1,el Raval,6,1016,233,1,1
2026-01-01,1,Ciutat Vella,1,el Raval,6,1016,237,1,2
2026-01-01,1,Ciutat Vella,1,el Raval,6,1016,36,2,1
2026-01-01,1,Ciutat Vella,1,el Raval,6,1016,39,2,2
2026-01-01,1,Ciutat Vella,1,el Raval,6,1016,55,3,1
2026-01-01,1,Ciutat Vella,1,el Raval,6,1016,50,3,2
2026-01-01,1,Ciutat Vella,1,el Raval,6,1016,65,4,1
2026-01-01,1,Ciutat Vella,1,el Raval,6,1016,64,4,2
2026-01-01,1,Ciutat Vella,1,el Raval,6,1016,697,5,1
2026-01-01,1,Ciutat Vella,1,el Raval,6,1016,696,5,2
2026-01-01,1,Ciutat Vella,1,el Raval,6,1017,244,1,1
2026-01-01,1,Ciutat Vella,1,el Raval,6,1017,295,1,2
2026-01-01,1,Ciutat Vella,1,el Raval,6,1017,37,2,1
2026-01-01,1,Ciutat Vella,1,el Raval,6,1017,33,2,2
2026-01-01,1,Ciutat Vella,1,el Raval,6,1017,49,3,1
2026-01-01,1,Ciutat Vella,1,el Raval,6,1017,38,3,2
2026-01-01,1,Ciutat Vella,1,el Raval,6,1017,84,4,1
2026-01-01,1,Ciutat Vella,1,el Raval,6,1017,67,4,2
2026-01-01,1,Ciutat Vella,1,el Raval,6,1017,882,5,1
2026-01-01,1,Ciutat Vella,1,el Raval,6,1017,1076,5,2
2026-01-01,1,Ciutat Vella,1,el Raval,7,1018,201,1,1
2026-01-01,1,Ciutat Vella,1,el Raval,7,1018,219,1,2
2026-01-01,1,Ciutat Vella,1,el Raval,7,1018,27,2,1
2026-01-01,1,Ciutat Vella,1,el Raval,7,1018,27,2,2
2026-01-01,1,Ciutat Vella,1,el Raval,7,1018,62,3,1
2026-01-01,1,Ciutat Vella,1,el Raval,7,1018,52,3,2
2026-01-01,1,Ciutat Vella,1,el Raval,7,1018,67,4,1
2026-01-01,1,Ciutat Vella,1,el Raval,7,1018,55,4,2
2026-01-01,1,Ciutat Vella,1,el Raval,7,1018,457,5,1
2026-01-01,1,Ciutat Vella,1,el Raval,7,1018,466,5,2
2026-01-01,1,Ciutat Vella,1,el Raval,7,1018,..,6,1
2026-01-01,1,Ciutat Vella,1,el Raval,7,1019,288,1,1
2026-01-01,1,Ciutat Vella,1,el Raval,7,1019,313,1,2
2026-01-01,1,Ciutat Vella,1,el Raval,7,1019,55,2,1
2026-01-01,1,Ciutat Vella,1,el Raval,7,1019,42,2,2
2026-01-01,1,Ciutat Vella,1,el Raval,7,1019,107,3,1
2026-01-01,1,Ciutat Vella,1,el Raval,7,1019,95,3,2
2026-01-01,1,Ciutat Vella,1,el Raval,7,1019,109,4,1
2026-01-01,1,Ciutat Vella,1,el Raval,7,1019,139,4,2
2026-01-01,1,Ciutat Vella,1,el Raval,7,1019,792,5,1
2026-01-01,1,Ciutat Vella,1,el Raval,7,1019,1139,5,2
2026-01-01,1,Ciutat Vella,1,el Raval,7,1019,..,6,1
2026-01-01,1,Ciutat Vella,1,el Raval,7,1019,..,6,2
2026-01-01,1,Ciutat Vella,1,el Raval,7,1020,257,1,1
2026-01-01,1,Ciutat Vella,1,el Raval,7,1020,249,1,2
2026-01-01,1,Ciutat Vella,1,el Raval,7,1020,85,2,1
2026-01-01,1,Ciutat Vella,1,el Raval,7,1020,54,2,2
2026-01-01,1,Ciutat Vella,1,el Raval,7,1020,137,3,1
2026-01-01,1,Ciutat Vella,1,el Raval,7,1020,87,3,2
2026-01-01,1,Ciutat Vella,1,el Raval,7,1020,159,4,1
2026-01-01,1,Ciutat Vella,1,el Raval,7,1020,157,4,2
2026-01-01,1,Ciutat Vella,1,el Raval,7,1020,536,5,1
2026-01-01,1,Ciutat Vella,1,el Raval,7,1020,547,5,2
2026-01-01,1,Ciutat Vella,1,el Raval,7,1020,..,6,1
2026-01-01,1,Ciutat Vella,1,el Raval,8,1021,267,1,1
2026-01-01,1,Ciutat Vella,1,el Raval,8,1021,218,1,2
2026-01-01,1,Ciutat Vella,1,el Raval,8,1021,83,2,1
2026-01-01,1,Ciutat Vella,1,el Raval,8,1021,72,2,2
2026-01-01,1,Ciutat Vella,1,el Raval,8,1021,126,3,1
2026-01-01,1,Ciutat Vella,1,el Raval,8,1021,106,3,2
2026-01-01,1,Ciutat Vella,1,el Raval,8,1021,118,4,1
2026-01-01,1,Ciutat Vella,1,el Raval,8,1021,131,4,2
2026-01-01,1,Ciutat Vella,1,el Raval,8,1021,539,5,1
2026-01-01,1,Ciutat Vella,1,el Raval,8,1021,597,5,2
2026-01-01,1,Ciutat Vella,1,el Raval,8,1021,..,6,1
2026-01-01,1,Ciutat Vella,2,el Barri Gòtic,9,1022,190,1,1
2026-01-01,1,Ciutat Vella,2,el Barri Gòtic,9,1022,171,1,2
2026-01-01,1,Ciutat Vella,2,el Barri Gòtic,9,1022,42,2,1
2026-01-01,1,Ciutat Vella,2,el Barri Gòtic,9,1022,41,2,2
2026-01-01,1,Ciutat Vella,2,el Barri Gòtic,9,1022,60,3,1
2026-01-01,1,Ciutat Vella,2,el Barri Gòtic,9,1022,49,3,2
2026-01-01,1,Ciutat Vella,2,el Barri Gòtic,9,1022,97,4,1
2026-01-01,1,Ciutat Vella,2,el Barri Gòtic,9,1022,99,4,2
2026-01-01,1,Ciutat Vella,2,el Barri Gòtic,9,1022,310,5,1
2026-01-01,1,Ciutat Vella,2,el Barri Gòtic,9,1022,381,5,2
2026-01-01,1,Ciutat Vella,2,el Barri Gòtic,9,1022,..,6,2
2026-01-01,1,Ciutat Vella,2,el Barri Gòtic,9,1023,268,1,1
2026-01-01,1,Ciutat Vella,2,el Barri Gòtic,9,1023,263,1,2
2026-01-01,1,Ciutat Vella,2,el Barri Gòtic,9,1023,58,2,1
2026-01-01,1,Ciutat Vella,2,el Barri Gòtic,9,1023,54,2,2
2026-01-01,1,Ciutat Vella,2,el Barri Gòtic,9,1023,99,3,1
2026-01-01,1,Ciutat Vella,2,el Barri Gòtic,9,1023,74,3,2
2026-01-01,1,Ciutat Vella,2,el Barri Gòtic,9,1023,145,4,1
2026-01-01,1,Ciutat Vella,2,el Barri Gòtic,9,1023,139,4,2
2026-01-01,1,Ciutat Vella,2,el Barri Gòtic,9,1023,527,5,1
2026-01-01,1,Ciutat Vella,2,el Barri Gòtic,9,1023,668,5,2
2026-01-01,1,Ciutat Vella,2,el Barri Gòtic,9,1023,..,6,2
2026-01-01,1,Ciutat Vella,2,el Barri Gòtic,10,1025,156,1,1
2026-01-01,1,Ciutat Vella,2,el Barri Gòtic,10,1025,161,1,2
2026-01-01,1,Ciutat Vella,2,el Barri Gòtic,10,1025,35,2,1
2026-01-01,1,Ciutat Vella,2,el Barri Gòtic,10,1025,45,2,2
2026-01-01,1,Ciutat Vella,2,el Barri Gòtic,10,1025,47,3,1
2026-01-01,1,Ciutat Vella,2,el Barri Gòtic,10,1025,46,3,2
2026-01-01,1,Ciutat Vella,2,el Barri Gòtic,10,1025,115,4,1
2026-01-01,1,Ciutat Vella,2,el Barri Gòtic,10,1025,112,4,2
2026-01-01,1,Ciutat Vella,2,el Barri Gòtic,10,1025,354,5,1
2026-01-01,1,Ciutat Vella,2,el Barri Gòtic,10,1025,412,5,2
2026-01-01,1,Ciutat Vella,2,el Barri Gòtic,10,1026,404,1,1
2026-01-01,1,Ciutat Vella,2,el Barri Gòtic,10,1026,535,1,2
2026-01-01,1,Ciutat Vella,2,el Barri Gòtic,10,1026,81,2,1
2026-01-01,1,Ciutat Vella,2,el Barri Gòtic,10,1026,138,2,2
2026-01-01,1,Ciutat Vella,2,el Barri Gòtic,10,1026,120,3,1
2026-01-01,1,Ciutat Vella,2,el Barri Gòtic,10,1026,185,3,2
2026-01-01,1,Ciutat Vella,2,el Barri Gòtic,10,1026,201,4,1
2026-01-01,1,Ciutat Vella,2,el Barri Gòtic,10,1026,246,4,2
2026-01-01,1,Ciutat Vella,2,el Barri Gòtic,10,1026,1726,5,1
2026-01-01,1,Ciutat Vella,2,el Barri Gòtic,10,1026,8949,5,2
2026-01-01,1,Ciutat Vella,2,el Barri Gòtic,10,1026,..,6,1
2026-01-01,1,Ciutat Vella,2,el Barri Gòtic,10,1026,..,6,2
2026-01-01,1,Ciutat Vella,2,el Barri Gòtic,10,1027,191,1,1
2026-01-01,1,Ciutat Vella,2,el Barri Gòtic,10,1027,198,1,2
2026-01-01,1,Ciutat Vella,2,el Barri Gòtic,10,1027,45,2,1
2026-01-01,1,Ciutat Vella,2,el Barri Gòtic,10,1027,32,2,2
2026-01-01,1,Ciutat Vella,2,el Barri Gòtic,10,1027,76,3,1
2026-01-01,1,Ciutat Vella,2,el Barri Gòtic,10,1027,54,3,2
2026-01-01,1,Ciutat Vella,2,el Barri Gòtic,10,1027,131,4,1
2026-01-01,1,Ciutat Vella,2,el Barri Gòtic,10,1027,110,4,2
2026-01-01,1,Ciutat Vella,2,el Barri Gòtic,10,1027,339,5,1
2026-01-01,1,Ciutat Vella,2,el Barri Gòtic,10,1027,444,5,2
2026-01-01,1,Ciutat Vella,2,el Barri Gòtic,10,1027,..,6,1
2026-01-01,1,Ciutat Vella,2,el Barri Gòtic,11,1028,230,1,1
2026-01-01,1,Ciutat Vella,2,el Barri Gòtic,11,1028,193,1,2
2026-01-01,1,Ciutat Vella,2,el Barri Gòtic,11,1028,47,2,1
2026-01-01,1,Ciutat Vella,2,el Barri Gòtic,11,1028,55,2,2
2026-01-01,1,Ciutat Vella,2,el Barri Gòtic,11,1028,76,3,1
2026-01-01,1,Ciutat Vella,2,el Barri Gòtic,11,1028,69,3,2
2026-01-01,1,Ciutat Vella,2,el Barri Gòtic,11,1028,156,4,1
2026-01-01,1,Ciutat Vella,2,el Barri Gòtic,11,1028,125,4,2
2026-01-01,1,Ciutat Vella,2,el Barri Gòtic,11,1028,490,5,1
2026-01-01,1,Ciutat Vella,2,el Barri Gòtic,11,1028,582,5,2
2026-01-01,1,Ciutat Vella,2,el Barri Gòtic,11,1028,..,6,1
2026-01-01,1,Ciutat Vella,2,el Barri Gòtic,11,1029,123,1,1
2026-01-01,1,Ciutat Vella,2,el Barri Gòtic,11,1029,132,1,2
2026-01-01,1,Ciutat Vella,2,el Barri Gòtic,11,1029,27,2,1
2026-01-01,1,Ciutat Vella,2,el Barri Gòtic,11,1029,33,2,2
2026-01-01,1,Ciutat Vella,2,el Barri Gòtic,11,1029,56,3,1
2026-01-01,1,Ciutat Vella,2,el Barri Gòtic,11,1029,54,3,2
2026-01-01,1,Ciutat Vella,2,el Barri Gòtic,11,1029,140,4,1
2026-01-01,1,Ciutat Vella,2,el Barri Gòtic,11,1029,116,4,2
2026-01-01,1,Ciutat Vella,2,el Barri Gòtic,11,1029,365,5,1
2026-01-01,1,Ciutat Vella,2,el Barri Gòtic,11,1029,476,5,2
2026-01-01,1,Ciutat Vella,2,el Barri Gòtic,12,1030,292,1,1
2026-01-01,1,Ciutat Vella,2,el Barri Gòtic,12,1030,326,1,2
2026-01-01,1,Ciutat Vella,2,el Barri Gòtic,12,1030,50,2,1
2026-01-01,1,Ciutat Vella,2,el Barri Gòtic,12,1030,61,2,2
2026-01-01,1,Ciutat Vella,2,el Barri Gòtic,12,1030,119,3,1
2026-01-01,1,Ciutat Vella,2,el Barri Gòtic,12,1030,109,3,2
2026-01-01,1,Ciutat Vella,2,el Barri Gòtic,12,1030,162,4,1
2026-01-01,1,Ciutat Vella,2,el Barri Gòtic,12,1030,149,4,2
2026-01-01,1,Ciutat Vella,2,el Barri Gòtic,12,1030,598,5,1
2026-01-01,1,Ciutat Vella,2,el Barri Gòtic,12,1030,675,5,2
2026-01-01,1,Ciutat Vella,2,el Barri Gòtic,12,1030,..,6,1
2026-01-01,1,Ciutat Vella,2,el Barri Gòtic,12,1030,..,6,2
2026-01-01,1,Ciutat Vella,2,el Barri Gòtic,12,1031,150,1,1
2026-01-01,1,Ciutat Vella,2,el Barri Gòtic,12,1031,155,1,2
2026-01-01,1,Ciutat Vella,2,el Barri Gòtic,12,1031,31,2,1
2026-01-01,1,Ciutat Vella,2,el Barri Gòtic,12,1031,26,2,2
2026-01-01,1,Ciutat Vella,2,el Barri Gòtic,12,1031,73,3,1
2026-01-01,1,Ciutat Vella,2,el Barri Gòtic,12,1031,58,3,2
2026-01-01,1,Ciutat Vella,2,el Barri Gòtic,12,1031,104,4,1
2026-01-01,1,Ciutat Vella,2,el Barri Gòtic,12,1031,131,4,2
2026-01-01,1,Ciutat Vella,2,el Barri Gòtic,12,1031,435,5,1
2026-01-01,1,Ciutat Vella,2,el Barri Gòtic,12,1031,624,5,2
2026-01-01,1,Ciutat Vella,2,el Barri Gòtic,12,1031,..,6,1
2026-01-01,1,Ciutat Vella,2,el Barri Gòtic,12,1031,..,6,2
2026-01-01,1,Ciutat Vella,3,la Barceloneta,13,1032,249,1,1
2026-01-01,1,Ciutat Vella,3,la Barceloneta,13,1032,237,1,2
2026-01-01,1,Ciutat Vella,3,la Barceloneta,13,1032,38,2,1
2026-01-01,1,Ciutat Vella,3,la Barceloneta,13,1032,44,2,2
2026-01-01,1,Ciutat Vella,3,la Barceloneta,13,1032,80,3,1
2026-01-01,1,Ciutat Vella,3,la Barceloneta,13,1032,62,3,2
2026-01-01,1,Ciutat Vella,3,la Barceloneta,13,1032,159,4,1
2026-01-01,1,Ciutat Vella,3,la Barceloneta,13,1032,128,4,2
2026-01-01,1,Ciutat Vella,3,la Barceloneta,13,1032,355,5,1
2026-01-01,1,Ciutat Vella,3,la Barceloneta,13,1032,394,5,2
2026-01-01,1,Ciutat Vella,3,la Barceloneta,13,1032,..,6,1
2026-01-01,1,Ciutat Vella,3,la Barceloneta,13,1032,..,6,2
2026-01-01,1,Ciutat Vella,3,la Barceloneta,13,1033,142,1,1
2026-01-01,1,Ciutat Vella,3,la Barceloneta,13,1033,163,1,2
2026-01-01,1,Ciutat Vella,3,la Barceloneta,13,1033,19,2,1
2026-01-01,1,Ciutat Vella,3,la Barceloneta,13,1033,25,2,2
2026-01-01,1,Ciutat Vella,3,la Barceloneta,13,1033,43,3,1
2026-01-01,1,Ciutat Vella,3,la Barceloneta,13,1033,39,3,2
2026-01-01,1,Ciutat Vella,3,la Barceloneta,13,1033,72,4,1
2026-01-01,1,Ciutat Vella,3,la Barceloneta,13,1033,79,4,2
2026-01-01,1,Ciutat Vella,3,la Barceloneta,13,1033,224,5,1
2026-01-01,1,Ciutat Vella,3,la Barceloneta,13,1033,277,5,2
2026-01-01,1,Ciutat Vella,3,la Barceloneta,13,1034,127,1,1
2026-01-01,1,Ciutat Vella,3,la Barceloneta,13,1034,128,1,2
2026-01-01,1,Ciutat Vella,3,la Barceloneta,13,1034,20,2,1
2026-01-01,1,Ciutat Vella,3,la Barceloneta,13,1034,9,2,2
2026-01-01,1,Ciutat Vella,3,la Barceloneta,13,1034,34,3,1
2026-01-01,1,Ciutat Vella,3,la Barceloneta,13,1034,33,3,2
2026-01-01,1,Ciutat Vella,3,la Barceloneta,13,1034,95,4,1
2026-01-01,1,Ciutat Vella,3,la Barceloneta,13,1034,87,4,2
2026-01-01,1,Ciutat Vella,3,la Barceloneta,13,1034,233,5,1
2026-01-01,1,Ciutat Vella,3,la Barceloneta,13,1034,229,5,2
2026-01-01,1,Ciutat Vella,3,la Barceloneta,13,1034,..,6,2
2026-01-01,1,Ciutat Vella,3,la Barceloneta,14,1035,156,1,1
2026-01-01,1,Ciutat Vella,3,la Barceloneta,14,1035,168,1,2
2026-01-01,1,Ciutat Vella,3,la Barceloneta,14,1035,19,2,1
2026-01-01,1,Ciutat Vella,3,la Barceloneta,14,1035,19,2,2
2026-01-01,1,Ciutat Vella,3,la Barceloneta,14,1035,63,3,1
2026-01-01,1,Ciutat Vella,3,la Barceloneta,14,1035,44,3,2
2026-01-01,1,Ciutat Vella,3,la Barceloneta,14,1035,80,4,1
2026-01-01,1,Ciutat Vella,3,la Barceloneta,14,1035,82,4,2
2026-01-01,1,Ciutat Vella,3,la Barceloneta,14,1035,250,5,1
2026-01-01,1,Ciutat Vella,3,la Barceloneta,14,1035,270,5,2
2026-01-01,1,Ciutat Vella,3,la Barceloneta,14,1036,301,1,1
2026-01-01,1,Ciutat Vella,3,la Barceloneta,14,1036,266,1,2
2026-01-01,1,Ciutat Vella,3,la Barceloneta,14,1036,22,2,1
2026-01-01,1,Ciutat Vella,3,la Barceloneta,14,1036,19,2,2
2026-01-01,1,Ciutat Vella,3,la Barceloneta,14,1036,68,3,1
2026-01-01,1,Ciutat Vella,3,la Barceloneta,14,1036,52,3,2
2026-01-01,1,Ciutat Vella,3,la Barceloneta,14,1036,59,4,1
2026-01-01,1,Ciutat Vella,3,la Barceloneta,14,1036,49,4,2
2026-01-01,1,Ciutat Vella,3,la Barceloneta,14,1036,161,5,1
2026-01-01,1,Ciutat Vella,3,la Barceloneta,14,1036,150,5,2
2026-01-01,1,Ciutat Vella,3,la Barceloneta,15,1037,315,1,1
2026-01-01,1,Ciutat Vella,3,la Barceloneta,15,1037,253,1,2
2026-01-01,1,Ciutat Vella,3,la Barceloneta,15,1037,20,2,1
2026-01-01,1,Ciutat Vella,3,la Barceloneta,15,1037,20,2,2
2026-01-01,1,Ciutat Vella,3,la Barceloneta,15,1037,67,3,1
2026-01-01,1,Ciutat Vella,3,la Barceloneta,15,1037,52,3,2
2026-01-01,1,Ciutat Vella,3,la Barceloneta,15,1037,78,4,1
2026-01-01,1,Ciutat Vella,3,la Barceloneta,15,1037,84,4,2
2026-01-01,1,Ciutat Vella,3,la Barceloneta,15,1037,191,5,1
2026-01-01,1,Ciutat Vella,3,la Barceloneta,15,1037,223,5,2
2026-01-01,1,Ciutat Vella,3,la Barceloneta,15,1037,..,6,2
2026-01-01,1,Ciutat Vella,3,la Barceloneta,15,1038,190,1,1
2026-01-01,1,Ciutat Vella,3,la Barceloneta,15,1038,159,1,2
2026-01-01,1,Ciutat Vella,3,la Barceloneta,15,1038,18,2,1
2026-01-01,1,Ciutat Vella,3,la Barceloneta,15,1038,23,2,2
2026-01-01,1,Ciutat Vella,3,la Barceloneta,15,1038,54,3,1
2026-01-01,1,Ciutat Vella,3,la Barceloneta,15,1038,44,3,2
2026-01-01,1,Ciutat Vella,3,la Barceloneta,15,1038,126,4,1
2026-01-01,1,Ciutat Vella,3,la Barceloneta,15,1038,122,4,2
2026-01-01,1,Ciutat Vella,3,la Barceloneta,15,1038,302,5,1
2026-01-01,1,Ciutat Vella,3,la Barceloneta,15,1038,389,5,2
2026-01-01,1,Ciutat Vella,3,la Barceloneta,15,1038,..,6,2
2026-01-01,1,Ciutat Vella,3,la Barceloneta,15,1039,231,1,1
2026-01-01,1,Ciutat Vella,3,la Barceloneta,15,1039,242,1,2
2026-01-01,1,Ciutat Vella,3,la Barceloneta,15,1039,22,2,1
2026-01-01,1,Ciutat Vella,3,la Barceloneta,15,1039,27,2,2
2026-01-01,1,Ciutat Vella,3,la Barceloneta,15,1039,60,3,1
2026-01-01,1,Ciutat Vella,3,la Barceloneta,15,1039,44,3,2
2026-01-01,1,Ciutat Vella,3,la Barceloneta,15,1039,80,4,1
2026-01-01,1,Ciutat Vella,3,la Barceloneta,15,1039,72,4,2
2026-01-01,1,Ciutat Vella,3,la Barceloneta,15,1039,245,5,1
2026-01-01,1,Ciutat Vella,3,la Barceloneta,15,1039,320,5,2
2026-01-01,1,Ciutat Vella,3,la Barceloneta,15,1039,..,6,1
2026-01-01,1,Ciutat Vella,3,la Barceloneta,15,1040,148,1,1
2026-01-01,1,Ciutat Vella,3,la Barceloneta,15,1040,163,1,2
2026-01-01,1,Ciutat Vella,3,la Barceloneta,15,1040,24,2,1
2026-01-01,1,Ciutat Vella,3,la Barceloneta,15,1040,19,2,2
2026-01-01,1,Ciutat Vella,3,la Barceloneta,15,1040,43,3,1
2026-01-01,1,Ciutat Vella,3,la Barceloneta,15,1040,27,3,2
2026-01-01,1,Ciutat Vella,3,la Barceloneta,15,1040,75,4,1
2026-01-01,1,Ciutat Vella,3,la Barceloneta,15,1040,96,4,2
2026-01-01,1,Ciutat Vella,3,la Barceloneta,15,1040,252,5,1
2026-01-01,1,Ciutat Vella,3,la Barceloneta,15,1040,229,5,2
2026-01-01,1,Ciutat Vella,3,la Barceloneta,15,1041,200,1,1
2026-01-01,1,Ciutat Vella,3,la Barceloneta,15,1041,158,1,2
2026-01-01,1,Ciutat Vella,3,la Barceloneta,15,1041,24,2,1
2026-01-01,1,Ciutat Vella,3,la Barceloneta,15,1041,24,2,2
2026-01-01,1,Ciutat Vella,3,la Barceloneta,15,1041,56,3,1
2026-01-01,1,Ciutat Vella,3,la Barceloneta,15,1041,57,3,2
2026-01-01,1,Ciutat Vella,3,la Barceloneta,15,1041,133,4,1
2026-01-01,1,Ciutat Vella,3,la Barceloneta,15,1041,109,4,2
2026-01-01,1,Ciutat Vella,3,la Barceloneta,15,1041,350,5,1
2026-01-01,1,Ciutat Vella,3,la Barceloneta,15,1041,432,5,2
2026-01-01,1,Ciutat Vella,3,la Barceloneta,15,1042,414,1,1
2026-01-01,1,Ciutat Vella,3,la Barceloneta,15,1042,390,1,2
2026-01-01,1,Ciutat Vella,3,la Barceloneta,15,1042,46,2,1
2026-01-01,1,Ciutat Vella,3,la Barceloneta,15,1042,39,2,2
2026-01-01,1,Ciutat Vella,3,la Barceloneta,15,1042,124,3,1
2026-01-01,1,Ciutat Vella,3,la Barceloneta,15,1042,91,3,2
2026-01-01,1,Ciutat Vella,3,la Barceloneta,15,1042,76,4,1
2026-01-01,1,Ciutat Vella,3,la Barceloneta,15,1042,86,4,2
2026-01-01,1,Ciutat Vella,3,la Barceloneta,15,1042,272,5,1
2026-01-01,1,Ciutat Vella,3,la Barceloneta,15,1042,305,5,2
2026-01-01,1,Ciutat Vella,3,la Barceloneta,15,1042,..,6,2
2026-01-01,1,Ciutat Vella,4,"Sant Pere, Santa Caterina i la Ribera",16,1043,214,1,1
2026-01-01,1,Ciutat Vella,4,"Sant Pere, Santa Caterina i la Ribera",16,1043,241,1,2
2026-01-01,1,Ciutat Vella,4,"Sant Pere, Santa Caterina i la Ribera",16,1043,51,2,1
2026-01-01,1,Ciutat Vella,4,"Sant Pere, Santa Caterina i la Ribera",16,1043,49,2,2
2026-01-01,1,Ciutat Vella,4,"Sant Pere, Santa Caterina i la Ribera",16,1043,85,3,1
2026-01-01,1,Ciutat Vella,4,"Sant Pere, Santa Caterina i la Ribera",16,1043,80,3,2
2026-01-01,1,Ciutat Vella,4,"Sant Pere, Santa Caterina i la Ribera",16,1043,92,4,1
2026-01-01,1,Ciutat Vella,4,"Sant Pere, Santa Caterina i la Ribera",16,1043,114,4,2
2026-01-01,1,Ciutat Vella,4,"Sant Pere, Santa Caterina i la Ribera",16,1043,397,5,1
2026-01-01,1,Ciutat Vella,4,"Sant Pere, Santa Caterina i la Ribera",16,1043,474,5,2
2026-01-01,1,Ciutat Vella,4,"Sant Pere, Santa Caterina i la Ribera",16,1044,235,1,1
2026-01-01,1,Ciutat Vella,4,"Sant Pere, Santa Caterina i la Ribera",16,1044,202,1,2
2026-01-01,1,Ciutat Vella,4,"Sant Pere, Santa Caterina i la Ribera",16,1044,32,2,1
2026-01-01,1,Ciutat Vella,4,"Sant Pere, Santa Caterina i la Ribera",16,1044,38,2,2
2026-01-01,1,Ciutat Vella,4,"Sant Pere, Santa Caterina i la Ribera",16,1044,51,3,1
2026-01-01,1,Ciutat Vella,4,"Sant Pere, Santa Caterina i la Ribera",16,1044,52,3,2
2026-01-01,1,Ciutat Vella,4,"Sant Pere, Santa Caterina i la Ribera",16,1044,111,4,1
2026-01-01,1,Ciutat Vella,4,"Sant Pere, Santa Caterina i la Ribera",16,1044,107,4,2
2026-01-01,1,Ciutat Vella,4,"Sant Pere, Santa Caterina i la Ribera",16,1044,300,5,1
2026-01-01,1,Ciutat Vella,4,"Sant Pere, Santa Caterina i la Ribera",16,1044,284,5,2
2026-01-01,1,Ciutat Vella,4,"Sant Pere, Santa Caterina i la Ribera",16,1045,166,1,1
2026-01-01,1,Ciutat Vella,4,"Sant Pere, Santa Caterina i la Ribera",16,1045,198,1,2
2026-01-01,1,Ciutat Vella,4,"Sant Pere, Santa Caterina i la Ribera",16,1045,52,2,1
2026-01-01,1,Ciutat Vella,4,"Sant Pere, Santa Caterina i la Ribera",16,1045,44,2,2
2026-01-01,1,Ciutat Vella,4,"Sant Pere, Santa Caterina i la Ribera",16,1045,102,3,1
2026-01-01,1,Ciutat Vella,4,"Sant Pere, Santa Caterina i la Ribera",16,1045,72,3,2
2026-01-01,1,Ciutat Vella,4,"Sant Pere, Santa Caterina i la Ribera",16,1045,196,4,1
2026-01-01,1,Ciutat Vella,4,"Sant Pere, Santa Caterina i la Ribera",16,1045,181,4,2
2026-01-01,1,Ciutat Vella,4,"Sant Pere, Santa Caterina i la Ribera",16,1045,464,5,1
2026-01-01,1,Ciutat Vella,4,"Sant Pere, Santa Caterina i la Ribera",16,1045,579,5,2
2026-01-01,1,Ciutat Vella,4,"Sant Pere, Santa Caterina i la Ribera",16,1045,..,6,1
2026-01-01,1,Ciutat Vella,4,"Sant Pere, Santa Caterina i la Ribera",16,1045,..,6,2
2026-01-01,1,Ciutat Vella,4,"Sant Pere, Santa Caterina i la Ribera",16,1046,180,1,1
2026-01-01,1,Ciutat Vella,4,"Sant Pere, Santa Caterina i la Ribera",16,1046,195,1,2
2026-01-01,1,Ciutat Vella,4,"Sant Pere, Santa Caterina i la Ribera",16,1046,46,2,1
2026-01-01,1,Ciutat Vella,4,"Sant Pere, Santa Caterina i la Ribera",16,1046,33,2,2
2026-01-01,1,Ciutat Vella,4,"Sant Pere, Santa Caterina i la Ribera",16,1046,70,3,1
2026-01-01,1,Ciutat Vella,4,"Sant Pere, Santa Caterina i la Ribera",16,1046,57,3,2
2026-01-01,1,Ciutat Vella,4,"Sant Pere, Santa Caterina i la Ribera",16,1046,166,4,1
2026-01-01,1,Ciutat Vella,4,"Sant Pere, Santa Caterina i la Ribera",16,1046,177,4,2
2026-01-01,1,Ciutat Vella,4,"Sant Pere, Santa Caterina i la Ribera",16,1046,453,5,1
2026-01-01,1,Ciutat Vella,4,"Sant Pere, Santa Caterina i la Ribera",16,1046,541,5,2
2026-01-01,1,Ciutat Vella,4,"Sant Pere, Santa Caterina i la Ribera",16,1046,..,6,2
2026-01-01,1,Ciutat Vella,4,"Sant Pere, Santa Caterina i la Ribera",17,1047,203,1,1
2026-01-01,1,Ciutat Vella,4,"Sant Pere, Santa Caterina i la Ribera",17,1047,201,1,2
2026-01-01,1,Ciutat Vella,4,"Sant Pere, Santa Caterina i la Ribera",17,1047,35,2,1
2026-01-01,1,Ciutat Vella,4,"Sant Pere, Santa Caterina i la Ribera",17,1047,38,2,2
2026-01-01,1,Ciutat Vella,4,"Sant Pere, Santa Caterina i la Ribera",17,1047,89,3,1
2026-01-01,1,Ciutat Vella,4,"Sant Pere, Santa Caterina i la Ribera",17,1047,60,3,2
2026-01-01,1,Ciutat Vella,4,"Sant Pere, Santa Caterina i la Ribera",17,1047,132,4,1
2026-01-01,1,Ciutat Vella,4,"Sant Pere, Santa Caterina i la Ribera",17,1047,135,4,2
2026-01-01,1,Ciutat Vella,4,"Sant Pere, Santa Caterina i la Ribera",17,1047,420,5,1
2026-01-01,1,Ciutat Vella,4,"Sant Pere, Santa Caterina i la Ribera",17,1047,466,5,2
2026-01-01,1,Ciutat Vella,4,"Sant Pere, Santa Caterina i la Ribera",17,1047,..,6,2
2026-01-01,1,Ciutat Vella,4,"Sant Pere, Santa Caterina i la Ribera",17,1048,280,1,1
2026-01-01,1,Ciutat Vella,4,"Sant Pere, Santa Caterina i la Ribera",17,1048,249,1,2
2026-01-01,1,Ciutat Vella,4,"Sant Pere, Santa Caterina i la Ribera",17,1048,32,2,1
2026-01-01,1,Ciutat Vella,4,"Sant Pere, Santa Caterina i la Ribera",17,1048,36,2,2
2026-01-01,1,Ciutat Vella,4,"Sant Pere, Santa Caterina i la Ribera",17,1048,87,3,1
2026-01-01,1,Ciutat Vella,4,"Sant Pere, Santa Caterina i la Ribera",17,1048,88,3,2
2026-01-01,1,Ciutat Vella,4,"Sant Pere, Santa Caterina i la Ribera",17,1048,172,4,1
2026-01-01,1,Ciutat Vella,4,"Sant Pere, Santa Caterina i la Ribera",17,1048,124,4,2
2026-01-01,1,Ciutat Vella,4,"Sant Pere, Santa Caterina i la Ribera",17,1048,558,5,1
2026-01-01,1,Ciutat Vella,4,"Sant Pere, Santa Caterina i la Ribera",17,1048,637,5,2
2026-01-01,1,Ciutat Vella,4,"Sant Pere, Santa Caterina i la Ribera",17,1049,210,1,1
2026-01-01,1,Ciutat Vella,4,"Sant Pere, Santa Caterina i la Ribera",17,1049,216,1,2
2026-01-01,1,Ciutat Vella,4,"Sant Pere, Santa Caterina i la Ribera",17,1049,42,2,1
2026-01-01,1,Ciutat Vella,4,"Sant Pere, Santa Caterina i la Ribera",17,1049,29,2,2
2026-01-01,1,Ciutat Vella,4,"Sant Pere, Santa Caterina i la Ribera",17,1049,63,3,1
2026-01-01,1,Ciutat Vella,4,"Sant Pere, Santa Caterina i la Ribera",17,1049,56,3,2
2026-01-01,1,Ciutat Vella,4,"Sant Pere, Santa Caterina i la Ribera",17,1049,103,4,1
2026-01-01,1,Ciutat Vella,4,"Sant Pere, Santa Caterina i la Ribera",17,1049,92,4,2
2026-01-01,1,Ciutat Vella,4,"Sant Pere, Santa Caterina i la Ribera",17,1049,308,5,1
2026-01-01,1,Ciutat Vella,4,"Sant Pere, Santa Caterina i la Ribera",17,1049,349,5,2
2026-01-01,1,Ciutat Vella,4,"Sant Pere, Santa Caterina i la Ribera",17,1049,..,6,2
2026-01-01,1,Ciutat Vella,4,"Sant Pere, Santa Caterina i la Ribera",18,1050,190,1,1
2026-01-01,1,Ciutat Vella,4,"Sant Pere, Santa Caterina i la Ribera",18,1050,197,1,2
2026-01-01,1,Ciutat Vella,4,"Sant Pere, Santa Caterina i la Ribera",18,1050,46,2,1
2026-01-01,1,Ciutat Vella,4,"Sant Pere, Santa Caterina i la Ribera",18,1050,38,2,2
2026-01-01,1,Ciutat Vella,4,"Sant Pere, Santa Caterina i la Ribera",18,1050,56,3,1
2026-01-01,1,Ciutat Vella,4,"Sant Pere, Santa Caterina i la Ribera",18,1050,69,3,2
2026-01-01,1,Ciutat Vella,4,"Sant Pere, Santa Caterina i la Ribera",18,1050,105,4,1
2026-01-01,1,Ciutat Vella,4,"Sant Pere, Santa Caterina i la Ribera",18,1050,125,4,2
2026-01-01,1,Ciutat Vella,4,"Sant Pere, Santa Caterina i la Ribera",18,1050,359,5,1
2026-01-01,1,Ciutat Vella,4,"Sant Pere, Santa Caterina i la Ribera",18,1050,405,5,2
2026-01-01,1,Ciutat Vella,4,"Sant Pere, Santa Caterina i la Ribera",18,1050,..,6,1
2026-01-01,1,Ciutat Vella,4,"Sant Pere, Santa Caterina i la Ribera",18,1050,..,6,2
2026-01-01,1,Ciutat Vella,4,"Sant Pere, Santa Caterina i la Ribera",18,1051,199,1,1
2026-01-01,1,Ciutat Vella,4,"Sant Pere, Santa Caterina i la Ribera",18,1051,210,1,2
2026-01-01,1,Ciutat Vella,4,"Sant Pere, Santa Caterina i la Ribera",18,1051,44,2,1
2026-01-01,1,Ciutat Vella,4,"Sant Pere, Santa Caterina i la Ribera",18,1051,37,2,2
2026-01-01,1,Ciutat Vella,4,"Sant Pere, Santa Caterina i la Ribera",18,1051,70,3,1
2026-01-01,1,Ciutat Vella,4,"Sant Pere, Santa Caterina i la Ribera",18,1051,61,3,2
2026-01-01,1,Ciutat Vella,4,"Sant Pere, Santa Caterina i la Ribera",18,1051,122,4,1
2026-01-01,1,Ciutat Vella,4,"Sant Pere, Santa Caterina i la Ribera",18,1051,110,4,2
2026-01-01,1,Ciutat Vella,4,"Sant Pere, Santa Caterina i la Ribera",18,1051,437,5,1
2026-01-01,1,Ciutat Vella,4,"Sant Pere, Santa Caterina i la Ribera",18,1051,534,5,2
2026-01-01,1,Ciutat Vella,4,"Sant Pere, Santa Caterina i la Ribera",18,1051,..,6,1
2026-01-01,1,Ciutat Vella,4,"Sant Pere, Santa Caterina i la Ribera",18,1052,373,1,1
2026-01-01,1,Ciutat Vella,4,"Sant Pere, Santa Caterina i la Ribera",18,1052,369,1,2
2026-01-01,1,Ciutat Vella,4,"Sant Pere, Santa Caterina i la Ribera",18,1052,70,2,1
2026-01-01,1,Ciutat Vella,4,"Sant Pere, Santa Caterina i la Ribera",18,1052,55,2,2
2026-01-01,1,Ciutat Vella,4,"Sant Pere, Santa Caterina i la Ribera",18,1052,132,3,1
2026-01-01,1,Ciutat Vella,4,"Sant Pere, Santa Caterina i la Ribera",18,1052,88,3,2
2026-01-01,1,Ciutat Vella,4,"Sant Pere, Santa Caterina i la Ribera",18,1052,178,4,1
2026-01-01,1,Ciutat Vella,4,"Sant Pere, Santa Caterina i la Ribera",18,1052,205,4,2
2026-01-01,1,Ciutat Vella,4,"Sant Pere, Santa Caterina i la Ribera",18,1052,473,5,1
2026-01-01,1,Ciutat Vella,4,"Sant Pere, Santa Caterina i la Ribera",18,1052,467,5,2
2026-01-01,1,Ciutat Vella,4,"Sant Pere, Santa Caterina i la Ribera",19,1053,260,1,1
2026-01-01,1,Ciutat Vella,4,"Sant Pere, Santa Caterina i la Ribera",19,1053,254,1,2
2026-01-01,1,Ciutat Vella,4,"Sant Pere, Santa Caterina i la Ribera",19,1053,47,2,1
2026-01-01,1,Ciutat Vella,4,"Sant Pere, Santa Caterina i la Ribera",19,1053,35,2,2
2026-01-01,1,Ciutat Vella,4,"Sant Pere, Santa Caterina i la Ribera",19,1053,109,3,1
2026-01-01,1,Ciutat Vella,4,"Sant Pere, Santa Caterina i la Ribera",19,1053,90,3,2
2026-01-01,1,Ciutat Vella,4,"Sant Pere, Santa Caterina i la Ribera",19,1053,128,4,1
2026-01-01,1,Ciutat Vella,4,"Sant Pere, Santa Caterina i la Ribera",19,1053,114,4,2
2026-01-01,1,Ciutat Vella,4,"Sant Pere, Santa Caterina i la Ribera",19,1053,406,5,1
2026-01-01,1,Ciutat Vella,4,"Sant Pere, Santa Caterina i la Ribera",19,1053,405,5,2
2026-01-01,1,Ciutat Vella,4,"Sant Pere, Santa Caterina i la Ribera",19,1054,149,1,1
2026-01-01,1,Ciutat Vella,4,"Sant Pere, Santa Caterina i la Ribera",19,1054,149,1,2
2026-01-01,1,Ciutat Vella,4,"Sant Pere, Santa Caterina i la Ribera",19,1054,20,2,1
2026-01-01,1,Ciutat Vella,4,"Sant Pere, Santa Caterina i la Ribera",19,1054,25,2,2
2026-01-01,1,Ciutat Vella,4,"Sant Pere, Santa Caterina i la Ribera",19,1054,78,3,1
2026-01-01,1,Ciutat Vella,4,"Sant Pere, Santa Caterina i la Ribera",19,1054,66,3,2
2026-01-01,1,Ciutat Vella,4,"Sant Pere, Santa Caterina i la Ribera",19,1054,93,4,1
2026-01-01,1,Ciutat Vella,4,"Sant Pere, Santa Caterina i la Ribera",19,1054,72,4,2
2026-01-01,1,Ciutat Vella,4,"Sant Pere, Santa Caterina i la Ribera",19,1054,282,5,1
2026-01-01,1,Ciutat Vella,4,"Sant Pere, Santa Caterina i la Ribera",19,1054,300,5,2
2026-01-01,1,Ciutat Vella,4,"Sant Pere, Santa Caterina i la Ribera",19,1055,269,1,1
2026-01-01,1,Ciutat Vella,4,"Sant Pere, Santa Caterina i la Ribera",19,1055,267,1,2
2026-01-01,1,Ciutat Vella,4,"Sant Pere, Santa Caterina i la Ribera",19,1055,47,2,1
2026-01-01,1,Ciutat Vella,4,"Sant Pere, Santa Caterina i la Ribera",19,1055,40,2,2
2026-01-01,1,Ciutat Vella,4,"Sant Pere, Santa Caterina i la Ribera",19,1055,104,3,1
2026-01-01,1,Ciutat Vella,4,"Sant Pere, Santa Caterina i la Ribera",19,1055,77,3,2
2026-01-01,1,Ciutat Vella,4,"Sant Pere, Santa Caterina i la Ribera",19,1055,76,4,1
2026-01-01,1,Ciutat Vella,4,"Sant Pere, Santa Caterina i la Ribera",19,1055,66,4,2
2026-01-01,1,Ciutat Vella,4,"Sant Pere, Santa Caterina i la Ribera",19,1055,227,5,1
2026-01-01,1,Ciutat Vella,4,"Sant Pere, Santa Caterina i la Ribera",19,1055,208,5,2
2026-01-01,1,Ciutat Vella,4,"Sant Pere, Santa Caterina i la Ribera",19,1055,..,6,1
2026-01-01,2,Eixample,5,el Fort Pienc,20,2001,266,1,1
2026-01-01,2,Eixample,5,el Fort Pienc,20,2001,274,1,2
2026-01-01,2,Eixample,5,el Fort Pienc,20,2001,49,2,1
2026-01-01,2,Eixample,5,el Fort Pienc,20,2001,26,2,2
2026-01-01,2,Eixample,5,el Fort Pienc,20,2001,113,3,1
2026-01-01,2,Eixample,5,el Fort Pienc,20,2001,83,3,2
2026-01-01,2,Eixample,5,el Fort Pienc,20,2001,54,4,1
2026-01-01,2,Eixample,5,el Fort Pienc,20,2001,73,4,2
2026-01-01,2,Eixample,5,el Fort Pienc,20,2001,220,5,1
2026-01-01,2,Eixample,5,el Fort Pienc,20,2001,186,5,2
2026-01-01,2,Eixample,5,el Fort Pienc,20,2002,482,1,1
2026-01-01,2,Eixample,5,el Fort Pienc,20,2002,484,1,2
2026-01-01,2,Eixample,5,el Fort Pienc,20,2002,109,2,1
2026-01-01,2,Eixample,5,el Fort Pienc,20,2002,104,2,2
2026-01-01,2,Eixample,5,el Fort Pienc,20,2002,177,3,1
2026-01-01,2,Eixample,5,el Fort Pienc,20,2002,164,3,2
2026-01-01,2,Eixample,5,el Fort Pienc,20,2002,111,4,1
2026-01-01,2,Eixample,5,el Fort Pienc,20,2002,111,4,2
2026-01-01,2,Eixample,5,el Fort Pienc,20,2002,1430,5,1
2026-01-01,2,Eixample,5,el Fort Pienc,20,2002,2105,5,2
2026-01-01,2,Eixample,5,el Fort Pienc,20,2002,..,6,2
2026-01-01,2,Eixample,5,el Fort Pienc,20,2003,269,1,1
2026-01-01,2,Eixample,5,el Fort Pienc,20,2003,239,1,2
2026-01-01,2,Eixample,5,el Fort Pienc,20,2003,62,2,1
2026-01-01,2,Eixample,5,el Fort Pienc,20,2003,44,2,2
2026-01-01,2,Eixample,5,el Fort Pienc,20,2003,105,3,1
2026-01-01,2,Eixample,5,el Fort Pienc,20,2003,61,3,2
2026-01-01,2,Eixample,5,el Fort Pienc,20,2003,34,4,1
2026-01-01,2,Eixample,5,el Fort Pienc,20,2003,39,4,2
2026-01-01,2,Eixample,5,el Fort Pienc,20,2003,149,5,1
2026-01-01,2,Eixample,5,el Fort Pienc,20,2003,114,5,2
2026-01-01,2,Eixample,5,el Fort Pienc,20,2003,..,6,1
2026-01-01,2,Eixample,5,el Fort Pienc,20,2003,..,6,2
2026-01-01,2,Eixample,5,el Fort Pienc,20,2004,272,1,1
2026-01-01,2,Eixample,5,el Fort Pienc,20,2004,303,1,2
2026-01-01,2,Eixample,5,el Fort Pienc,20,2004,36,2,1
2026-01-01,2,Eixample,5,el Fort Pienc,20,2004,48,2,2
2026-01-01,2,Eixample,5,el Fort Pienc,20,2004,117,3,1
2026-01-01,2,Eixample,5,el Fort Pienc,20,2004,63,3,2
2026-01-01,2,Eixample,5,el Fort Pienc,20,2004,66,4,1
2026-01-01,2,Eixample,5,el Fort Pienc,20,2004,58,4,2
2026-01-01,2,Eixample,5,el Fort Pienc,20,2004,283,5,1
2026-01-01,2,Eixample,5,el Fort Pienc,20,2004,247,5,2
2026-01-01,2,Eixample,5,el Fort Pienc,20,2004,..,6,2
2026-01-01,2,Eixample,5,el Fort Pienc,20,2005,515,1,1
2026-01-01,2,Eixample,5,el Fort Pienc,20,2005,534,1,2
2026-01-01,2,Eixample,5,el Fort Pienc,20,2005,99,2,1
2026-01-01,2,Eixample,5,el Fort Pienc,20,2005,102,2,2
2026-01-01,2,Eixample,5,el Fort Pienc,20,2005,142,3,1
2026-01-01,2,Eixample,5,el Fort Pienc,20,2005,171,3,2
2026-01-01,2,Eixample,5,el Fort Pienc,20,2005,101,4,1
2026-01-01,2,Eixample,5,el Fort Pienc,20,2005,175,4,2
2026-01-01,2,Eixample,5,el Fort Pienc,20,2005,387,5,1
2026-01-01,2,Eixample,5,el Fort Pienc,20,2005,1818,5,2
2026-01-01,2,Eixample,5,el Fort Pienc,20,2005,..,6,2
2026-01-01,2,Eixample,5,el Fort Pienc,20,2006,348,1,1
2026-01-01,2,Eixample,5,el Fort Pienc,20,2006,354,1,2
2026-01-01,2,Eixample,5,el Fort Pienc,20,2006,66,2,1
2026-01-01,2,Eixample,5,el Fort Pienc,20,2006,61,2,2
2026-01-01,2,Eixample,5,el Fort Pienc,20,2006,119,3,1
2026-01-01,2,Eixample,5,el Fort Pienc,20,2006,91,3,2
2026-01-01,2,Eixample,5,el Fort Pienc,20,2006,58,4,1
2026-01-01,2,Eixample,5,el Fort Pienc,20,2006,57,4,2
2026-01-01,2,Eixample,5,el Fort Pienc,20,2006,252,5,1
2026-01-01,2,Eixample,5,el Fort Pienc,20,2006,223,5,2
2026-01-01,2,Eixample,5,el Fort Pienc,20,2007,275,1,1
2026-01-01,2,Eixample,5,el Fort Pienc,20,2007,230,1,2
2026-01-01,2,Eixample,5,el Fort Pienc,20,2007,65,2,1
2026-01-01,2,Eixample,5,el Fort Pienc,20,2007,48,2,2
2026-01-01,2,Eixample,5,el Fort Pienc,20,2007,88,3,1
2026-01-01,2,Eixample,5,el Fort Pienc,20,2007,59,3,2
2026-01-01,2,Eixample,5,el Fort Pienc,20,2007,65,4,1
2026-01-01,2,Eixample,5,el Fort Pienc,20,2007,55,4,2
2026-01-01,2,Eixample,5,el Fort Pienc,20,2007,191,5,1
2026-01-01,2,Eixample,5,el Fort Pienc,20,2007,207,5,2
2026-01-01,2,Eixample,5,el Fort Pienc,20,2008,474,1,1
2026-01-01,2,Eixample,5,el Fort Pienc,20,2008,426,1,2
2026-01-01,2,Eixample,5,el Fort Pienc,20,2008,74,2,1
2026-01-01,2,Eixample,5,el Fort Pienc,20,2008,72,2,2
2026-01-01,2,Eixample,5,el Fort Pienc,20,2008,114,3,1
2026-01-01,2,Eixample,5,el Fort Pienc,20,2008,85,3,2
2026-01-01,2,Eixample,5,el Fort Pienc,20,2008,71,4,1
2026-01-01,2,Eixample,5,el Fort Pienc,20,2008,76,4,2
2026-01-01,2,Eixample,5,el Fort Pienc,20,2008,288,5,1
2026-01-01,2,Eixample,5,el Fort Pienc,20,2008,264,5,2
2026-01-01,2,Eixample,5,el Fort Pienc,20,2009,378,1,1
2026-01-01,2,Eixample,5,el Fort Pienc,20,2009,329,1,2
2026-01-01,2,Eixample,5,el Fort Pienc,20,2009,61,2,1
2026-01-01,2,Eixample,5,el Fort Pienc,20,2009,72,2,2
2026-01-01,2,Eixample,5,el Fort Pienc,20,2009,156,3,1
2026-01-01,2,Eixample,5,el Fort Pienc,20,2009,94,3,2
2026-01-01,2,Eixample,5,el Fort Pienc,20,2009,59,4,1
2026-01-01,2,Eixample,5,el Fort Pienc,20,2009,69,4,2
2026-01-01,2,Eixample,5,el Fort Pienc,20,2009,274,5,1
2026-01-01,2,Eixample,5,el Fort Pienc,20,2009,225,5,2
2026-01-01,2,Eixample,5,el Fort Pienc,21,2010,280,1,1
2026-01-01,2,Eixample,5,el Fort Pienc,21,2010,261,1,2
2026-01-01,2,Eixample,5,el Fort Pienc,21,2010,54,2,1
2026-01-01,2,Eixample,5,el Fort Pienc,21,2010,35,2,2
2026-01-01,2,Eixample,5,el Fort Pienc,21,2010,87,3,1
2026-01-01,2,Eixample,5,el Fort Pienc,21,2010,59,3,2
2026-01-01,2,Eixample,5,el Fort Pienc,21,2010,34,4,1
2026-01-01,2,Eixample,5,el Fort Pienc,21,2010,39,4,2
2026-01-01,2,Eixample,5,el Fort Pienc,21,2010,206,5,1
2026-01-01,2,Eixample,5,el Fort Pienc,21,2010,168,5,2
2026-01-01,2,Eixample,5,el Fort Pienc,21,2011,261,1,1
2026-01-01,2,Eixample,5,el Fort Pienc,21,2011,251,1,2
2026-01-01,2,Eixample,5,el Fort Pienc,21,2011,44,2,1
2026-01-01,2,Eixample,5,el Fort Pienc,21,2011,38,2,2
2026-01-01,2,Eixample,5,el Fort Pienc,21,2011,103,3,1
2026-01-01,2,Eixample,5,el Fort Pienc,21,2011,81,3,2
2026-01-01,2,Eixample,5,el Fort Pienc,21,2011,32,4,1
2026-01-01,2,Eixample,5,el Fort Pienc,21,2011,39,4,2
2026-01-01,2,Eixample,5,el Fort Pienc,21,2011,127,5,1
2026-01-01,2,Eixample,5,el Fort Pienc,21,2011,134,5,2
2026-01-01,2,Eixample,5,el Fort Pienc,21,2012,296,1,1
2026-01-01,2,Eixample,5,el Fort Pienc,21,2012,309,1,2
2026-01-01,2,Eixample,5,el Fort Pienc,21,2012,47,2,1
2026-01-01,2,Eixample,5,el Fort Pienc,21,2012,43,2,2
2026-01-01,2,Eixample,5,el Fort Pienc,21,2012,125,3,1
2026-01-01,2,Eixample,5,el Fort Pienc,21,2012,82,3,2
2026-01-01,2,Eixample,5,el Fort Pienc,21,2012,55,4,1
2026-01-01,2,Eixample,5,el Fort Pienc,21,2012,47,4,2
2026-01-01,2,Eixample,5,el Fort Pienc,21,2012,290,5,1
2026-01-01,2,Eixample,5,el Fort Pienc,21,2012,277,5,2
2026-01-01,2,Eixample,5,el Fort Pienc,21,2013,241,1,1
2026-01-01,2,Eixample,5,el Fort Pienc,21,2013,277,1,2
2026-01-01,2,Eixample,5,el Fort Pienc,21,2013,40,2,1
2026-01-01,2,Eixample,5,el Fort Pienc,21,2013,43,2,2
2026-01-01,2,Eixample,5,el Fort Pienc,21,2013,79,3,1
2026-01-01,2,Eixample,5,el Fort Pienc,21,2013,75,3,2
2026-01-01,2,Eixample,5,el Fort Pienc,21,2013,54,4,1
2026-01-01,2,Eixample,5,el Fort Pienc,21,2013,46,4,2
2026-01-01,2,Eixample,5,el Fort Pienc,21,2013,274,5,1
2026-01-01,2,Eixample,5,el Fort Pienc,21,2013,238,5,2
2026-01-01,2,Eixample,5,el Fort Pienc,21,2013,..,6,1
2026-01-01,2,Eixample,5,el Fort Pienc,22,2014,238,1,1
2026-01-01,2,Eixample,5,el Fort Pienc,22,2014,216,1,2
2026-01-01,2,Eixample,5,el Fort Pienc,22,2014,50,2,1
2026-01-01,2,Eixample,5,el Fort Pienc,22,2014,52,2,2
2026-01-01,2,Eixample,5,el Fort Pienc,22,2014,83,3,1
2026-01-01,2,Eixample,5,el Fort Pienc,22,2014,67,3,2
2026-01-01,2,Eixample,5,el Fort Pienc,22,2014,55,4,1
2026-01-01,2,Eixample,5,el Fort Pienc,22,2014,57,4,2
2026-01-01,2,Eixample,5,el Fort Pienc,22,2014,295,5,1
2026-01-01,2,Eixample,5,el Fort Pienc,22,2014,275,5,2
2026-01-01,2,Eixample,5,el Fort Pienc,22,2014,..,6,1
2026-01-01,2,Eixample,5,el Fort Pienc,22,2015,285,1,1
2026-01-01,2,Eixample,5,el Fort Pienc,22,2015,297,1,2
2026-01-01,2,Eixample,5,el Fort Pienc,22,2015,57,2,1
2026-01-01,2,Eixample,5,el Fort Pienc,22,2015,48,2,2
2026-01-01,2,Eixample,5,el Fort Pienc,22,2015,97,3,1
2026-01-01,2,Eixample,5,el Fort Pienc,22,2015,78,3,2
2026-01-01,2,Eixample,5,el Fort Pienc,22,2015,57,4,1
2026-01-01,2,Eixample,5,el Fort Pienc,22,2015,59,4,2
2026-01-01,2,Eixample,5,el Fort Pienc,22,2015,363,5,1
2026-01-01,2,Eixample,5,el Fort Pienc,22,2015,321,5,2
2026-01-01,2,Eixample,5,el Fort Pienc,22,2016,432,1,1
2026-01-01,2,Eixample,5,el Fort Pienc,22,2016,411,1,2
2026-01-01,2,Eixample,5,el Fort Pienc,22,2016,75,2,1
2026-01-01,2,Eixample,5,el Fort Pienc,22,2016,66,2,2
2026-01-01,2,Eixample,5,el Fort Pienc,22,2016,128,3,1
2026-01-01,2,Eixample,5,el Fort Pienc,22,2016,102,3,2
2026-01-01,2,Eixample,5,el Fort Pienc,22,2016,83,4,1
2026-01-01,2,Eixample,5,el Fort Pienc,22,2016,70,4,2
2026-01-01,2,Eixample,5,el Fort Pienc,22,2016,308,5,1
2026-01-01,2,Eixample,5,el Fort Pienc,22,2016,290,5,2
2026-01-01,2,Eixample,5,el Fort Pienc,22,2017,465,1,1
2026-01-01,2,Eixample,5,el Fort Pienc,22,2017,413,1,2
2026-01-01,2,Eixample,5,el Fort Pienc,22,2017,83,2,1
2026-01-01,2,Eixample,5,el Fort Pienc,22,2017,71,2,2
2026-01-01,2,Eixample,5,el Fort Pienc,22,2017,139,3,1
2026-01-01,2,Eixample,5,el Fort Pienc,22,2017,108,3,2
2026-01-01,2,Eixample,5,el Fort Pienc,22,2017,70,4,1
2026-01-01,2,Eixample,5,el Fort Pienc,22,2017,55,4,2
2026-01-01,2,Eixample,5,el Fort Pienc,22,2017,293,5,1
2026-01-01,2,Eixample,5,el Fort Pienc,22,2017,281,5,2
2026-01-01,2,Eixample,5,el Fort Pienc,22,2018,438,1,1
2026-01-01,2,Eixample,5,el Fort Pienc,22,2018,405,1,2
2026-01-01,2,Eixample,5,el Fort Pienc,22,2018,82,2,1
2026-01-01,2,Eixample,5,el Fort Pienc,22,2018,63,2,2
2026-01-01,2,Eixample,5,el Fort Pienc,22,2018,125,3,1
2026-01-01,2,Eixample,5,el Fort Pienc,22,2018,86,3,2
2026-01-01,2,Eixample,5,el Fort Pienc,22,2018,44,4,1
2026-01-01,2,Eixample,5,el Fort Pienc,22,2018,47,4,2
2026-01-01,2,Eixample,5,el Fort Pienc,22,2018,295,5,1
2026-01-01,2,Eixample,5,el Fort Pienc,22,2018,266,5,2
2026-01-01,2,Eixample,5,el Fort Pienc,22,2019,457,1,1
2026-01-01,2,Eixample,5,el Fort Pienc,22,2019,421,1,2
2026-01-01,2,Eixample,5,el Fort Pienc,22,2019,74,2,1
2026-01-01,2,Eixample,5,el Fort Pienc,22,2019,63,2,2
2026-01-01,2,Eixample,5,el Fort Pienc,22,2019,132,3,1
2026-01-01,2,Eixample,5,el Fort Pienc,22,2019,115,3,2
2026-01-01,2,Eixample,5,el Fort Pienc,22,2019,57,4,1
2026-01-01,2,Eixample,5,el Fort Pienc,22,2019,62,4,2
2026-01-01,2,Eixample,5,el Fort Pienc,22,2019,327,5,1
2026-01-01,2,Eixample,5,el Fort Pienc,22,2019,278,5,2
2026-01-01,2,Eixample,5,el Fort Pienc,22,2019,..,6,1
2026-01-01,2,Eixample,5,el Fort Pienc,22,2019,..,6,2
2026-01-01,2,Eixample,5,el Fort Pienc,22,2020,259,1,1
2026-01-01,2,Eixample,5,el Fort Pienc,22,2020,242,1,2
2026-01-01,2,Eixample,5,el Fort Pienc,22,2020,62,2,1
2026-01-01,2,Eixample,5,el Fort Pienc,22,2020,46,2,2
2026-01-01,2,Eixample,5,el Fort Pienc,22,2020,97,3,1
2026-01-01,2,Eixample,5,el Fort Pienc,22,2020,69,3,2
2026-01-01,2,Eixample,5,el Fort Pienc,22,2020,85,4,1
2026-01-01,2,Eixample,5,el Fort Pienc,22,2020,98,4,2
2026-01-01,2,Eixample,5,el Fort Pienc,22,2020,413,5,1
2026-01-01,2,Eixample,5,el Fort Pienc,22,2020,341,5,2
2026-01-01,2,Eixample,5,el Fort Pienc,22,2020,..,6,2
2026-01-01,2,Eixample,6,la Sagrada Família,23,2021,296,1,1
2026-01-01,2,Eixample,6,la Sagrada Família,23,2021,294,1,2
2026-01-01,2,Eixample,6,la Sagrada Família,23,2021,58,2,1
2026-01-01,2,Eixample,6,la Sagrada Família,23,2021,50,2,2
2026-01-01,2,Eixample,6,la Sagrada Família,23,2021,144,3,1
2026-01-01,2,Eixample,6,la Sagrada Família,23,2021,89,3,2
2026-01-01,2,Eixample,6,la Sagrada Família,23,2021,60,4,1
2026-01-01,2,Eixample,6,la Sagrada Família,23,2021,52,4,2
2026-01-01,2,Eixample,6,la Sagrada Família,23,2021,248,5,1
2026-01-01,2,Eixample,6,la Sagrada Família,23,2021,220,5,2
2026-01-01,2,Eixample,6,la Sagrada Família,23,2022,285,1,1
2026-01-01,2,Eixample,6,la Sagrada Família,23,2022,235,1,2
2026-01-01,2,Eixample,6,la Sagrada Família,23,2022,41,2,1
2026-01-01,2,Eixample,6,la Sagrada Família,23,2022,57,2,2
2026-01-01,2,Eixample,6,la Sagrada Família,23,2022,84,3,1
2026-01-01,2,Eixample,6,la Sagrada Família,23,2022,73,3,2
2026-01-01,2,Eixample,6,la Sagrada Família,23,2022,25,4,1
2026-01-01,2,Eixample,6,la Sagrada Família,23,2022,47,4,2
2026-01-01,2,Eixample,6,la Sagrada Família,23,2022,248,5,1
2026-01-01,2,Eixample,6,la Sagrada Família,23,2022,221,5,2
2026-01-01,2,Eixample,6,la Sagrada Família,23,2023,258,1,1
2026-01-01,2,Eixample,6,la Sagrada Família,23,2023,241,1,2
2026-01-01,2,Eixample,6,la Sagrada Família,23,2023,50,2,1
2026-01-01,2,Eixample,6,la Sagrada Família,23,2023,28,2,2
2026-01-01,2,Eixample,6,la Sagrada Família,23,2023,103,3,1
2026-01-01,2,Eixample,6,la Sagrada Família,23,2023,49,3,2
2026-01-01,2,Eixample,6,la Sagrada Família,23,2023,22,4,1
2026-01-01,2,Eixample,6,la Sagrada Família,23,2023,24,4,2
2026-01-01,2,Eixample,6,la Sagrada Família,23,2023,125,5,1
2026-01-01,2,Eixample,6,la Sagrada Família,23,2023,113,5,2
2026-01-01,2,Eixample,6,la Sagrada Família,23,2024,215,1,1
2026-01-01,2,Eixample,6,la Sagrada Família,23,2024,185,1,2
2026-01-01,2,Eixample,6,la Sagrada Família,23,2024,34,2,1
2026-01-01,2,Eixample,6,la Sagrada Família,23,2024,34,2,2
2026-01-01,2,Eixample,6,la Sagrada Família,23,2024,84,3,1
2026-01-01,2,Eixample,6,la Sagrada Família,23,2024,53,3,2
2026-01-01,2,Eixample,6,la Sagrada Família,23,2024,46,4,1
2026-01-01,2,Eixample,6,la Sagrada Família,23,2024,51,4,2
2026-01-01,2,Eixample,6,la Sagrada Família,23,2024,251,5,1
2026-01-01,2,Eixample,6,la Sagrada Família,23,2024,265,5,2
2026-01-01,2,Eixample,6,la Sagrada Família,24,2025,222,1,1
2026-01-01,2,Eixample,6,la Sagrada Família,24,2025,228,1,2
2026-01-01,2,Eixample,6,la Sagrada Família,24,2025,55,2,1
2026-01-01,2,Eixample,6,la Sagrada Família,24,2025,42,2,2
2026-01-01,2,Eixample,6,la Sagrada Família,24,2025,80,3,1
2026-01-01,2,Eixample,6,la Sagrada Família,24,2025,62,3,2
2026-01-01,2,Eixample,6,la Sagrada Família,24,2025,46,4,1
2026-01-01,2,Eixample,6,la Sagrada Família,24,2025,35,4,2
2026-01-01,2,Eixample,6,la Sagrada Família,24,2025,242,5,1
2026-01-01,2,Eixample,6,la Sagrada Família,24,2025,186,5,2
2026-01-01,2,Eixample,6,la Sagrada Família,24,2026,447,1,1
2026-01-01,2,Eixample,6,la Sagrada Família,24,2026,402,1,2
2026-01-01,2,Eixample,6,la Sagrada Família,24,2026,82,2,1
2026-01-01,2,Eixample,6,la Sagrada Família,24,2026,78,2,2
2026-01-01,2,Eixample,6,la Sagrada Família,24,2026,155,3,1
2026-01-01,2,Eixample,6,la Sagrada Família,24,2026,87,3,2
2026-01-01,2,Eixample,6,la Sagrada Família,24,2026,47,4,1
2026-01-01,2,Eixample,6,la Sagrada Família,24,2026,44,4,2
2026-01-01,2,Eixample,6,la Sagrada Família,24,2026,388,5,1
2026-01-01,2,Eixample,6,la Sagrada Família,24,2026,367,5,2
2026-01-01,2,Eixample,6,la Sagrada Família,24,2026,..,6,1
2026-01-01,2,Eixample,6,la Sagrada Família,24,2027,453,1,1
2026-01-01,2,Eixample,6,la Sagrada Família,24,2027,454,1,2
2026-01-01,2,Eixample,6,la Sagrada Família,24,2027,80,2,1
2026-01-01,2,Eixample,6,la Sagrada Família,24,2027,64,2,2
2026-01-01,2,Eixample,6,la Sagrada Família,24,2027,136,3,1
2026-01-01,2,Eixample,6,la Sagrada Família,24,2027,86,3,2
2026-01-01,2,Eixample,6,la Sagrada Família,24,2027,50,4,1
2026-01-01,2,Eixample,6,la Sagrada Família,24,2027,58,4,2
2026-01-01,2,Eixample,6,la Sagrada Família,24,2027,348,5,1
2026-01-01,2,Eixample,6,la Sagrada Família,24,2027,344,5,2
2026-01-01,2,Eixample,6,la Sagrada Família,24,2028,457,1,1
2026-01-01,2,Eixample,6,la Sagrada Família,24,2028,405,1,2
2026-01-01,2,Eixample,6,la Sagrada Família,24,2028,75,2,1
2026-01-01,2,Eixample,6,la Sagrada Família,24,2028,60,2,2
2026-01-01,2,Eixample,6,la Sagrada Família,24,2028,136,3,1
2026-01-01,2,Eixample,6,la Sagrada Família,24,2028,89,3,2
2026-01-01,2,Eixample,6,la Sagrada Família,24,2028,58,4,1
2026-01-01,2,Eixample,6,la Sagrada Família,24,2028,57,4,2
2026-01-01,2,Eixample,6,la Sagrada Família,24,2028,367,5,1
2026-01-01,2,Eixample,6,la Sagrada Família,24,2028,361,5,2
2026-01-01,2,Eixample,6,la Sagrada Família,24,2028,..,6,2
2026-01-01,2,Eixample,6,la Sagrada Família,24,2029,284,1,1
2026-01-01,2,Eixample,6,la Sagrada Família,24,2029,279,1,2
2026-01-01,2,Eixample,6,la Sagrada Família,24,2029,49,2,1
2026-01-01,2,Eixample,6,la Sagrada Família,24,2029,47,2,2
2026-01-01,2,Eixample,6,la Sagrada Família,24,2029,116,3,1
2026-01-01,2,Eixample,6,la Sagrada Família,24,2029,64,3,2
2026-01-01,2,Eixample,6,la Sagrada Família,24,2029,28,4,1
2026-01-01,2,Eixample,6,la Sagrada Família,24,2029,27,4,2
2026-01-01,2,Eixample,6,la Sagrada Família,24,2029,234,5,1
2026-01-01,2,Eixample,6,la Sagrada Família,24,2029,168,5,2
2026-01-01,2,Eixample,6,la Sagrada Família,24,2030,287,1,1
2026-01-01,2,Eixample,6,la Sagrada Família,24,2030,260,1,2
2026-01-01,2,Eixample,6,la Sagrada Família,24,2030,50,2,1
2026-01-01,2,Eixample,6,la Sagrada Família,24,2030,52,2,2
2026-01-01,2,Eixample,6,la Sagrada Família,24,2030,80,3,1
2026-01-01,2,Eixample,6,la Sagrada Família,24,2030,62,3,2
2026-01-01,2,Eixample,6,la Sagrada Família,24,2030,37,4,1
2026-01-01,2,Eixample,6,la Sagrada Família,24,2030,40,4,2
2026-01-01,2,Eixample,6,la Sagrada Família,24,2030,330,5,1
2026-01-01,2,Eixample,6,la Sagrada Família,24,2030,257,5,2
2026-01-01,2,Eixample,6,la Sagrada Família,24,2030,..,6,1
2026-01-01,2,Eixample,6,la Sagrada Família,24,2031,275,1,1
2026-01-01,2,Eixample,6,la Sagrada Família,24,2031,236,1,2
2026-01-01,2,Eixample,6,la Sagrada Família,24,2031,51,2,1
2026-01-01,2,Eixample,6,la Sagrada Família,24,2031,25,2,2
2026-01-01,2,Eixample,6,la Sagrada Família,24,2031,70,3,1
2026-01-01,2,Eixample,6,la Sagrada Família,24,2031,50,3,2
2026-01-01,2,Eixample,6,la Sagrada Família,24,2031,22,4,1
2026-01-01,2,Eixample,6,la Sagrada Família,24,2031,30,4,2
2026-01-01,2,Eixample,6,la Sagrada Família,24,2031,149,5,1
2026-01-01,2,Eixample,6,la Sagrada Família,24,2031,131,5,2
2026-01-01,2,Eixample,6,la Sagrada Família,24,2032,305,1,1
2026-01-01,2,Eixample,6,la Sagrada Família,24,2032,237,1,2
2026-01-01,2,Eixample,6,la Sagrada Família,24,2032,65,2,1
2026-01-01,2,Eixample,6,la Sagrada Família,24,2032,38,2,2
2026-01-01,2,Eixample,6,la Sagrada Família,24,2032,111,3,1
2026-01-01,2,Eixample,6,la Sagrada Família,24,2032,68,3,2
2026-01-01,2,Eixample,6,la Sagrada Família,24,2032,26,4,1
2026-01-01,2,Eixample,6,la Sagrada Família,24,2032,40,4,2
2026-01-01,2,Eixample,6,la Sagrada Família,24,2032,206,5,1
2026-01-01,2,Eixample,6,la Sagrada Família,24,2032,150,5,2
2026-01-01,2,Eixample,6,la Sagrada Família,24,2032,..,6,1
2026-01-01,2,Eixample,6,la Sagrada Família,25,2033,276,1,1
2026-01-01,2,Eixample,6,la Sagrada Família,25,2033,240,1,2
2026-01-01,2,Eixample,6,la Sagrada Família,25,2033,35,2,1
2026-01-01,2,Eixample,6,la Sagrada Família,25,2033,36,2,2
2026-01-01,2,Eixample,6,la Sagrada Família,25,2033,86,3,1
2026-01-01,2,Eixample,6,la Sagrada Família,25,2033,59,3,2
2026-01-01,2,Eixample,6,la Sagrada Família,25,2033,27,4,1
2026-01-01,2,Eixample,6,la Sagrada Família,25,2033,29,4,2
2026-01-01,2,Eixample,6,la Sagrada Família,25,2033,229,5,1
2026-01-01,2,Eixample,6,la Sagrada Família,25,2033,207,5,2
2026-01-01,2,Eixample,6,la Sagrada Família,25,2033,..,6,1
2026-01-01,2,Eixample,6,la Sagrada Família,25,2034,221,1,1
2026-01-01,2,Eixample,6,la Sagrada Família,25,2034,177,1,2
2026-01-01,2,Eixample,6,la Sagrada Família,25,2034,42,2,1
2026-01-01,2,Eixample,6,la Sagrada Família,25,2034,31,2,2
2026-01-01,2,Eixample,6,la Sagrada Família,25,2034,78,3,1
2026-01-01,2,Eixample,6,la Sagrada Família,25,2034,55,3,2
2026-01-01,2,Eixample,6,la Sagrada Família,25,2034,44,4,1
2026-01-01,2,Eixample,6,la Sagrada Família,25,2034,41,4,2
2026-01-01,2,Eixample,6,la Sagrada Família,25,2034,310,5,1
2026-01-01,2,Eixample,6,la Sagrada Família,25,2034,202,5,2
2026-01-01,2,Eixample,6,la Sagrada Família,25,2034,..,6,1
2026-01-01,2,Eixample,6,la Sagrada Família,25,2035,291,1,1
2026-01-01,2,Eixample,6,la Sagrada Família,25,2035,279,1,2
2026-01-01,2,Eixample,6,la Sagrada Família,25,2035,61,2,1
2026-01-01,2,Eixample,6,la Sagrada Família,25,2035,51,2,2
2026-01-01,2,Eixample,6,la Sagrada Família,25,2035,111,3,1
2026-01-01,2,Eixample,6,la Sagrada Família,25,2035,58,3,2
2026-01-01,2,Eixample,6,la Sagrada Família,25,2035,35,4,1
2026-01-01,2,Eixample,6,la Sagrada Família,25,2035,29,4,2
2026-01-01,2,Eixample,6,la Sagrada Família,25,2035,246,5,1
2026-01-01,2,Eixample,6,la Sagrada Família,25,2035,201,5,2
2026-01-01,2,Eixample,6,la Sagrada Família,25,2035,..,6,1
2026-01-01,2,Eixample,6,la Sagrada Família,25,2036,295,1,1
2026-01-01,2,Eixample,6,la Sagrada Família,25,2036,261,1,2
2026-01-01,2,Eixample,6,la Sagrada Família,25,2036,53,2,1
2026-01-01,2,Eixample,6,la Sagrada Família,25,2036,47,2,2
2026-01-01,2,Eixample,6,la Sagrada Família,25,2036,93,3,1
2026-01-01,2,Eixample,6,la Sagrada Família,25,2036,62,3,2
2026-01-01,2,Eixample,6,la Sagrada Família,25,2036,29,4,1
2026-01-01,2,Eixample,6,la Sagrada Família,25,2036,33,4,2
2026-01-01,2,Eixample,6,la Sagrada Família,25,2036,182,5,1
2026-01-01,2,Eixample,6,la Sagrada Família,25,2036,151,5,2
2026-01-01,2,Eixample,6,la Sagrada Família,25,2037,302,1,1
2026-01-01,2,Eixample,6,la Sagrada Família,25,2037,345,1,2
2026-01-01,2,Eixample,6,la Sagrada Família,25,2037,64,2,1
2026-01-01,2,Eixample,6,la Sagrada Família,25,2037,34,2,2
2026-01-01,2,Eixample,6,la Sagrada Família,25,2037,83,3,1
2026-01-01,2,Eixample,6,la Sagrada Família,25,2037,64,3,2
2026-01-01,2,Eixample,6,la Sagrada Família,25,2037,30,4,1
2026-01-01,2,Eixample,6,la Sagrada Família,25,2037,22,4,2
2026-01-01,2,Eixample,6,la Sagrada Família,25,2037,145,5,1
2026-01-01,2,Eixample,6,la Sagrada Família,25,2037,102,5,2
2026-01-01,2,Eixample,6,la Sagrada Família,25,2038,377,1,1
2026-01-01,2,Eixample,6,la Sagrada Família,25,2038,381,1,2
2026-01-01,2,Eixample,6,la Sagrada Família,25,2038,68,2,1
2026-01-01,2,Eixample,6,la Sagrada Família,25,2038,59,2,2
2026-01-01,2,Eixample,6,la Sagrada Família,25,2038,109,3,1
2026-01-01,2,Eixample,6,la Sagrada Família,25,2038,70,3,2
2026-01-01,2,Eixample,6,la Sagrada Família,25,2038,31,4,1
2026-01-01,2,Eixample,6,la Sagrada Família,25,2038,32,4,2
2026-01-01,2,Eixample,6,la Sagrada Família,25,2038,208,5,1
2026-01-01,2,Eixample,6,la Sagrada Família,25,2038,206,5,2
2026-01-01,2,Eixample,6,la Sagrada Família,25,2038,..,6,1
2026-01-01,2,Eixample,6,la Sagrada Família,25,2039,386,1,1
2026-01-01,2,Eixample,6,la Sagrada Família,25,2039,335,1,2
2026-01-01,2,Eixample,6,la Sagrada Família,25,2039,71,2,1
2026-01-01,2,Eixample,6,la Sagrada Família,25,2039,52,2,2
2026-01-01,2,Eixample,6,la Sagrada Família,25,2039,118,3,1
2026-01-01,2,Eixample,6,la Sagrada Família,25,2039,89,3,2
2026-01-01,2,Eixample,6,la Sagrada Família,25,2039,60,4,1
2026-01-01,2,Eixample,6,la Sagrada Família,25,2039,56,4,2
2026-01-01,2,Eixample,6,la Sagrada Família,25,2039,427,5,1
2026-01-01,2,Eixample,6,la Sagrada Família,25,2039,316,5,2
2026-01-01,2,Eixample,6,la Sagrada Família,25,2040,297,1,1
2026-01-01,2,Eixample,6,la Sagrada Família,25,2040,286,1,2
2026-01-01,2,Eixample,6,la Sagrada Família,25,2040,64,2,1
2026-01-01,2,Eixample,6,la Sagrada Família,25,2040,53,2,2
2026-01-01,2,Eixample,6,la Sagrada Família,25,2040,107,3,1
2026-01-01,2,Eixample,6,la Sagrada Família,25,2040,72,3,2
2026-01-01,2,Eixample,6,la Sagrada Família,25,2040,46,4,1
2026-01-01,2,Eixample,6,la Sagrada Família,25,2040,70,4,2
2026-01-01,2,Eixample,6,la Sagrada Família,25,2040,402,5,1
2026-01-01,2,Eixample,6,la Sagrada Família,25,2040,384,5,2
2026-01-01,2,Eixample,6,la Sagrada Família,25,2040,..,6,1
2026-01-01,2,Eixample,6,la Sagrada Família,26,2041,396,1,1
2026-01-01,2,Eixample,6,la Sagrada Família,26,2041,351,1,2
2026-01-01,2,Eixample,6,la Sagrada Família,26,2041,57,2,1
2026-01-01,2,Eixample,6,la Sagrada Família,26,2041,58,2,2
2026-01-01,2,Eixample,6,la Sagrada Família,26,2041,142,3,1
2026-01-01,2,Eixample,6,la Sagrada Família,26,2041,69,3,2
2026-01-01,2,Eixample,6,la Sagrada Família,26,2041,40,4,1
2026-01-01,2,Eixample,6,la Sagrada Família,26,2041,40,4,2
2026-01-01,2,Eixample,6,la Sagrada Família,26,2041,315,5,1
2026-01-01,2,Eixample,6,la Sagrada Família,26,2041,247,5,2
2026-01-01,2,Eixample,6,la Sagrada Família,26,2042,409,1,1
2026-01-01,2,Eixample,6,la Sagrada Família,26,2042,411,1,2
2026-01-01,2,Eixample,6,la Sagrada Família,26,2042,87,2,1
2026-01-01,2,Eixample,6,la Sagrada Família,26,2042,66,2,2
2026-01-01,2,Eixample,6,la Sagrada Família,26,2042,150,3,1
2026-01-01,2,Eixample,6,la Sagrada Família,26,2042,78,3,2
2026-01-01,2,Eixample,6,la Sagrada Família,26,2042,27,4,1
2026-01-01,2,Eixample,6,la Sagrada Família,26,2042,31,4,2
2026-01-01,2,Eixample,6,la Sagrada Família,26,2042,234,5,1
2026-01-01,2,Eixample,6,la Sagrada Família,26,2042,182,5,2
2026-01-01,2,Eixample,6,la Sagrada Família,26,2043,387,1,1
2026-01-01,2,Eixample,6,la Sagrada Família,26,2043,350,1,2
2026-01-01,2,Eixample,6,la Sagrada Família,26,2043,64,2,1
2026-01-01,2,Eixample,6,la Sagrada Família,26,2043,56,2,2
2026-01-01,2,Eixample,6,la Sagrada Família,26,2043,106,3,1
2026-01-01,2,Eixample,6,la Sagrada Família,26,2043,91,3,2
2026-01-01,2,Eixample,6,la Sagrada Família,26,2043,28,4,1
2026-01-01,2,Eixample,6,la Sagrada Família,26,2043,35,4,2
2026-01-01,2,Eixample,6,la Sagrada Família,26,2043,224,5,1
2026-01-01,2,Eixample,6,la Sagrada Família,26,2043,195,5,2
2026-01-01,2,Eixample,6,la Sagrada Família,26,2044,306,1,1
2026-01-01,2,Eixample,6,la Sagrada Família,26,2044,250,1,2
2026-01-01,2,Eixample,6,la Sagrada Família,26,2044,40,2,1
2026-01-01,2,Eixample,6,la Sagrada Família,26,2044,34,2,2
2026-01-01,2,Eixample,6,la Sagrada Família,26,2044,100,3,1
2026-01-01,2,Eixample,6,la Sagrada Família,26,2044,59,3,2
2026-01-01,2,Eixample,6,la Sagrada Família,26,2044,33,4,1
2026-01-01,2,Eixample,6,la Sagrada Família,26,2044,23,4,2
2026-01-01,2,Eixample,6,la Sagrada Família,26,2044,248,5,1
2026-01-01,2,Eixample,6,la Sagrada Família,26,2044,219,5,2
2026-01-01,2,Eixample,6,la Sagrada Família,26,2045,297,1,1
2026-01-01,2,Eixample,6,la Sagrada Família,26,2045,274,1,2
2026-01-01,2,Eixample,6,la Sagrada Família,26,2045,37,2,1
2026-01-01,2,Eixample,6,la Sagrada Família,26,2045,34,2,2
2026-01-01,2,Eixample,6,la Sagrada Família,26,2045,72,3,1
2026-01-01,2,Eixample,6,la Sagrada Família,26,2045,48,3,2
2026-01-01,2,Eixample,6,la Sagrada Família,26,2045,35,4,1
2026-01-01,2,Eixample,6,la Sagrada Família,26,2045,27,4,2
2026-01-01,2,Eixample,6,la Sagrada Família,26,2045,207,5,1
2026-01-01,2,Eixample,6,la Sagrada Família,26,2045,183,5,2
2026-01-01,2,Eixample,6,la Sagrada Família,26,2046,428,1,1
2026-01-01,2,Eixample,6,la Sagrada Família,26,2046,407,1,2
2026-01-01,2,Eixample,6,la Sagrada Família,26,2046,72,2,1
2026-01-01,2,Eixample,6,la Sagrada Família,26,2046,57,2,2
2026-01-01,2,Eixample,6,la Sagrada Família,26,2046,129,3,1
2026-01-01,2,Eixample,6,la Sagrada Família,26,2046,95,3,2
2026-01-01,2,Eixample,6,la Sagrada Família,26,2046,59,4,1
2026-01-01,2,Eixample,6,la Sagrada Família,26,2046,35,4,2
2026-01-01,2,Eixample,6,la Sagrada Família,26,2046,378,5,1
2026-01-01,2,Eixample,6,la Sagrada Família,26,2046,318,5,2
2026-01-01,2,Eixample,6,la Sagrada Família,26,2047,416,1,1
2026-01-01,2,Eixample,6,la Sagrada Família,26,2047,418,1,2
2026-01-01,2,Eixample,6,la Sagrada Família,26,2047,69,2,1
2026-01-01,2,Eixample,6,la Sagrada Família,26,2047,55,2,2
2026-01-01,2,Eixample,6,la Sagrada Família,26,2047,141,3,1
2026-01-01,2,Eixample,6,la Sagrada Família,26,2047,88,3,2
2026-01-01,2,Eixample,6,la Sagrada Família,26,2047,37,4,1
2026-01-01,2,Eixample,6,la Sagrada Família,26,2047,39,4,2
2026-01-01,2,Eixample,6,la Sagrada Família,26,2047,337,5,1
2026-01-01,2,Eixample,6,la Sagrada Família,26,2047,301,5,2
2026-01-01,2,Eixample,6,la Sagrada Família,26,2048,266,1,1
2026-01-01,2,Eixample,6,la Sagrada Família,26,2048,228,1,2
2026-01-01,2,Eixample,6,la Sagrada Família,26,2048,42,2,1
2026-01-01,2,Eixample,6,la Sagrada Família,26,2048,27,2,2
2026-01-01,2,Eixample,6,la Sagrada Família,26,2048,80,3,1
2026-01-01,2,Eixample,6,la Sagrada Família,26,2048,47,3,2
2026-01-01,2,Eixample,6,la Sagrada Família,26,2048,41,4,1
2026-01-01,2,Eixample,6,la Sagrada Família,26,2048,48,4,2
2026-01-01,2,Eixample,6,la Sagrada Família,26,2048,332,5,1
2026-01-01,2,Eixample,6,la Sagrada Família,26,2048,301,5,2
2026-01-01,2,Eixample,6,la Sagrada Família,26,2048,..,6,1
2026-01-01,2,Eixample,6,la Sagrada Família,26,2048,..,6,2
2026-01-01,2,Eixample,6,la Sagrada Família,27,2049,396,1,1
2026-01-01,2,Eixample,6,la Sagrada Família,27,2049,349,1,2
2026-01-01,2,Eixample,6,la Sagrada Família,27,2049,77,2,1
2026-01-01,2,Eixample,6,la Sagrada Família,27,2049,60,2,2
2026-01-01,2,Eixample,6,la Sagrada Família,27,2049,116,3,1
2026-01-01,2,Eixample,6,la Sagrada Família,27,2049,83,3,2
2026-01-01,2,Eixample,6,la Sagrada Família,27,2049,75,4,1
2026-01-01,2,Eixample,6,la Sagrada Família,27,2049,59,4,2
2026-01-01,2,Eixample,6,la Sagrada Família,27,2049,479,5,1
2026-01-01,2,Eixample,6,la Sagrada Família,27,2049,425,5,2
2026-01-01,2,Eixample,6,la Sagrada Família,27,2050,340,1,1
2026-01-01,2,Eixample,6,la Sagrada Família,27,2050,267,1,2
2026-01-01,2,Eixample,6,la Sagrada Família,27,2050,52,2,1
2026-01-01,2,Eixample,6,la Sagrada Família,27,2050,51,2,2
2026-01-01,2,Eixample,6,la Sagrada Família,27,2050,114,3,1
2026-01-01,2,Eixample,6,la Sagrada Família,27,2050,84,3,2
2026-01-01,2,Eixample,6,la Sagrada Família,27,2050,54,4,1
2026-01-01,2,Eixample,6,la Sagrada Família,27,2050,53,4,2
2026-01-01,2,Eixample,6,la Sagrada Família,27,2050,362,5,1
2026-01-01,2,Eixample,6,la Sagrada Família,27,2050,324,5,2
2026-01-01,2,Eixample,6,la Sagrada Família,27,2050,..,6,1
2026-01-01,2,Eixample,6,la Sagrada Família,27,2051,354,1,1
2026-01-01,2,Eixample,6,la Sagrada Família,27,2051,296,1,2
2026-01-01,2,Eixample,6,la Sagrada Família,27,2051,71,2,1
2026-01-01,2,Eixample,6,la Sagrada Família,27,2051,64,2,2
2026-01-01,2,Eixample,6,la Sagrada Família,27,2051,115,3,1
2026-01-01,2,Eixample,6,la Sagrada Família,27,2051,69,3,2
2026-01-01,2,Eixample,6,la Sagrada Família,27,2051,71,4,1
2026-01-01,2,Eixample,6,la Sagrada Família,27,2051,70,4,2
2026-01-01,2,Eixample,6,la Sagrada Família,27,2051,408,5,1
2026-01-01,2,Eixample,6,la Sagrada Família,27,2051,388,5,2
2026-01-01,2,Eixample,6,la Sagrada Família,27,2052,347,1,1
2026-01-01,2,Eixample,6,la Sagrada Família,27,2052,314,1,2
2026-01-01,2,Eixample,6,la Sagrada Família,27,2052,75,2,1
2026-01-01,2,Eixample,6,la Sagrada Família,27,2052,55,2,2
2026-01-01,2,Eixample,6,la Sagrada Família,27,2052,123,3,1
2026-01-01,2,Eixample,6,la Sagrada Família,27,2052,99,3,2
2026-01-01,2,Eixample,6,la Sagrada Família,27,2052,72,4,1
2026-01-01,2,Eixample,6,la Sagrada Família,27,2052,71,4,2
2026-01-01,2,Eixample,6,la Sagrada Família,27,2052,365,5,1
2026-01-01,2,Eixample,6,la Sagrada Família,27,2052,313,5,2
2026-01-01,2,Eixample,6,la Sagrada Família,27,2053,389,1,1
2026-01-01,2,Eixample,6,la Sagrada Família,27,2053,370,1,2
2026-01-01,2,Eixample,6,la Sagrada Família,27,2053,81,2,1
2026-01-01,2,Eixample,6,la Sagrada Família,27,2053,49,2,2
2026-01-01,2,Eixample,6,la Sagrada Família,27,2053,110,3,1
2026-01-01,2,Eixample,6,la Sagrada Família,27,2053,72,3,2
2026-01-01,2,Eixample,6,la Sagrada Família,27,2053,69,4,1
2026-01-01,2,Eixample,6,la Sagrada Família,27,2053,72,4,2
2026-01-01,2,Eixample,6,la Sagrada Família,27,2053,374,5,1
2026-01-01,2,Eixample,6,la Sagrada Família,27,2053,334,5,2
2026-01-01,2,Eixample,6,la Sagrada Família,27,2054,444,1,1
2026-01-01,2,Eixample,6,la Sagrada Família,27,2054,410,1,2
2026-01-01,2,Eixample,6,la Sagrada Família,27,2054,86,2,1
2026-01-01,2,Eixample,6,la Sagrada Família,27,2054,60,2,2
2026-01-01,2,Eixample,6,la Sagrada Família,27,2054,128,3,1
2026-01-01,2,Eixample,6,la Sagrada Família,27,2054,86,3,2
2026-01-01,2,Eixample,6,la Sagrada Família,27,2054,65,4,1
2026-01-01,2,Eixample,6,la Sagrada Família,27,2054,68,4,2
2026-01-01,2,Eixample,6,la Sagrada Família,27,2054,347,5,1
2026-01-01,2,Eixample,6,la Sagrada Família,27,2054,325,5,2
2026-01-01,2,Eixample,6,la Sagrada Família,27,2054,..,6,1
2026-01-01,2,Eixample,7,la Dreta de l'Eixample,28,2055,413,1,1
2026-01-01,2,Eixample,7,la Dreta de l'Eixample,28,2055,379,1,2
2026-01-01,2,Eixample,7,la Dreta de l'Eixample,28,2055,75,2,1
2026-01-01,2,Eixample,7,la Dreta de l'Eixample,28,2055,74,2,2
2026-01-01,2,Eixample,7,la Dreta de l'Eixample,28,2055,108,3,1
2026-01-01,2,Eixample,7,la Dreta de l'Eixample,28,2055,90,3,2
2026-01-01,2,Eixample,7,la Dreta de l'Eixample,28,2055,81,4,1
2026-01-01,2,Eixample,7,la Dreta de l'Eixample,28,2055,68,4,2
2026-01-01,2,Eixample,7,la Dreta de l'Eixample,28,2055,257,5,1
2026-01-01,2,Eixample,7,la Dreta de l'Eixample,28,2055,244,5,2
2026-01-01,2,Eixample,7,la Dreta de l'Eixample,28,2055,..,6,2
2026-01-01,2,Eixample,7,la Dreta de l'Eixample,28,2056,351,1,1
2026-01-01,2,Eixample,7,la Dreta de l'Eixample,28,2056,290,1,2
2026-01-01,2,Eixample,7,la Dreta de l'Eixample,28,2056,64,2,1
2026-01-01,2,Eixample,7,la Dreta de l'Eixample,28,2056,48,2,2
2026-01-01,2,Eixample,7,la Dreta de l'Eixample,28,2056,80,3,1
2026-01-01,2,Eixample,7,la Dreta de l'Eixample,28,2056,59,3,2
2026-01-01,2,Eixample,7,la Dreta de l'Eixample,28,2056,90,4,1
2026-01-01,2,Eixample,7,la Dreta de l'Eixample,28,2056,96,4,2
2026-01-01,2,Eixample,7,la Dreta de l'Eixample,28,2056,311,5,1
2026-01-01,2,Eixample,7,la Dreta de l'Eixample,28,2056,234,5,2
2026-01-01,2,Eixample,7,la Dreta de l'Eixample,28,2056,..,6,2
2026-01-01,2,Eixample,7,la Dreta de l'Eixample,28,2057,353,1,1
2026-01-01,2,Eixample,7,la Dreta de l'Eixample,28,2057,310,1,2
2026-01-01,2,Eixample,7,la Dreta de l'Eixample,28,2057,66,2,1
2026-01-01,2,Eixample,7,la Dreta de l'Eixample,28,2057,50,2,2
2026-01-01,2,Eixample,7,la Dreta de l'Eixample,28,2057,74,3,1
2026-01-01,2,Eixample,7,la Dreta de l'Eixample,28,2057,52,3,2
2026-01-01,2,Eixample,7,la Dreta de l'Eixample,28,2057,42,4,1
2026-01-01,2,Eixample,7,la Dreta de l'Eixample,28,2057,49,4,2
2026-01-01,2,Eixample,7,la Dreta de l'Eixample,28,2057,145,5,1
2026-01-01,2,Eixample,7,la Dreta de l'Eixample,28,2057,131,5,2
2026-01-01,2,Eixample,7,la Dreta de l'Eixample,28,2058,390,1,1
2026-01-01,2,Eixample,7,la Dreta de l'Eixample,28,2058,338,1,2
2026-01-01,2,Eixample,7,la Dreta de l'Eixample,28,2058,71,2,1
2026-01-01,2,Eixample,7,la Dreta de l'Eixample,28,2058,56,2,2
2026-01-01,2,Eixample,7,la Dreta de l'Eixample,28,2058,78,3,1
2026-01-01,2,Eixample,7,la Dreta de l'Eixample,28,2058,72,3,2
2026-01-01,2,Eixample,7,la Dreta de l'Eixample,28,2058,36,4,1
2026-01-01,2,Eixample,7,la Dreta de l'Eixample,28,2058,51,4,2
2026-01-01,2,Eixample,7,la Dreta de l'Eixample,28,2058,190,5,1
2026-01-01,2,Eixample,7,la Dreta de l'Eixample,28,2058,153,5,2
2026-01-01,2,Eixample,7,la Dreta de l'Eixample,28,2059,396,1,1
2026-01-01,2,Eixample,7,la Dreta de l'Eixample,28,2059,373,1,2
2026-01-01,2,Eixample,7,la Dreta de l'Eixample,28,2059,99,2,1
2026-01-01,2,Eixample,7,la Dreta de l'Eixample,28,2059,56,2,2
2026-01-01,2,Eixample,7,la Dreta de l'Eixample,28,2059,84,3,1
2026-01-01,2,Eixample,7,la Dreta de l'Eixample,28,2059,56,3,2
2026-01-01,2,Eixample,7,la Dreta de l'Eixample,28,2059,49,4,1
2026-01-01,2,Eixample,7,la Dreta de l'Eixample,28,2059,49,4,2
2026-01-01,2,Eixample,7,la Dreta de l'Eixample,28,2059,300,5,1
2026-01-01,2,Eixample,7,la Dreta de l'Eixample,28,2059,243,5,2
2026-01-01,2,Eixample,7,la Dreta de l'Eixample,28,2060,402,1,1
2026-01-01,2,Eixample,7,la Dreta de l'Eixample,28,2060,371,1,2
2026-01-01,2,Eixample,7,la Dreta de l'Eixample,28,2060,88,2,1
2026-01-01,2,Eixample,7,la Dreta de l'Eixample,28,2060,48,2,2
2026-01-01,2,Eixample,7,la Dreta de l'Eixample,28,2060,88,3,1
2026-01-01,2,Eixample,7,la Dreta de l'Eixample,28,2060,67,3,2
2026-01-01,2,Eixample,7,la Dreta de l'Eixample,28,2060,79,4,1
2026-01-01,2,Eixample,7,la Dreta de l'Eixample,28,2060,91,4,2
2026-01-01,2,Eixample,7,la Dreta de l'Eixample,28,2060,283,5,1
2026-01-01,2,Eixample,7,la Dreta de l'Eixample,28,2060,248,5,2
2026-01-01,2,Eixample,7,la Dreta de l'Eixample,28,2060,..,6,1
2026-01-01,2,Eixample,7,la Dreta de l'Eixample,29,2061,289,1,1
2026-01-01,2,Eixample,7,la Dreta de l'Eixample,29,2061,240,1,2
2026-01-01,2,Eixample,7,la Dreta de l'Eixample,29,2061,51,2,1
2026-01-01,2,Eixample,7,la Dreta de l'Eixample,29,2061,47,2,2
2026-01-01,2,Eixample,7,la Dreta de l'Eixample,29,2061,90,3,1
2026-01-01,2,Eixample,7,la Dreta de l'Eixample,29,2061,61,3,2
2026-01-01,2,Eixample,7,la Dreta de l'Eixample,29,2061,64,4,1
2026-01-01,2,Eixample,7,la Dreta de l'Eixample,29,2061,63,4,2
2026-01-01,2,Eixample,7,la Dreta de l'Eixample,29,2061,274,5,1
2026-01-01,2,Eixample,7,la Dreta de l'Eixample,29,2061,205,5,2
2026-01-01,2,Eixample,7,la Dreta de l'Eixample,29,2062,348,1,1
2026-01-01,2,Eixample,7,la Dreta de l'Eixample,29,2062,331,1,2
2026-01-01,2,Eixample,7,la Dreta de l'Eixample,29,2062,73,2,1
2026-01-01,2,Eixample,7,la Dreta de l'Eixample,29,2062,50,2,2
2026-01-01,2,Eixample,7,la Dreta de l'Eixample,29,2062,80,3,1
2026-01-01,2,Eixample,7,la Dreta de l'Eixample,29,2062,64,3,2
2026-01-01,2,Eixample,7,la Dreta de l'Eixample,29,2062,107,4,1
2026-01-01,2,Eixample,7,la Dreta de l'Eixample,29,2062,89,4,2
2026-01-01,2,Eixample,7,la Dreta de l'Eixample,29,2062,245,5,1
2026-01-01,2,Eixample,7,la Dreta de l'Eixample,29,2062,221,5,2
2026-01-01,2,Eixample,7,la Dreta de l'Eixample,29,2063,305,1,1
2026-01-01,2,Eixample,7,la Dreta de l'Eixample,29,2063,253,1,2
2026-01-01,2,Eixample,7,la Dreta de l'Eixample,29,2063,69,2,1
2026-01-01,2,Eixample,7,la Dreta de l'Eixample,29,2063,27,2,2
2026-01-01,2,Eixample,7,la Dreta de l'Eixample,29,2063,82,3,1
2026-01-01,2,Eixample,7,la Dreta de l'Eixample,29,2063,36,3,2
2026-01-01,2,Eixample,7,la Dreta de l'Eixample,29,2063,66,4,1
2026-01-01,2,Eixample,7,la Dreta de l'Eixample,29,2063,57,4,2
2026-01-01,2,Eixample,7,la Dreta de l'Eixample,29,2063,197,5,1
2026-01-01,2,Eixample,7,la Dreta de l'Eixample,29,2063,149,5,2
2026-01-01,2,Eixample,7,la Dreta de l'Eixample,29,2064,349,1,1
2026-01-01,2,Eixample,7,la Dreta de l'Eixample,29,2064,295,1,2
2026-01-01,2,Eixample,7,la Dreta de l'Eixample,29,2064,54,2,1
2026-01-01,2,Eixample,7,la Dreta de l'Eixample,29,2064,49,2,2
2026-01-01,2,Eixample,7,la Dreta de l'Eixample,29,2064,79,3,1
2026-01-01,2,Eixample,7,la Dreta de l'Eixample,29,2064,48,3,2
2026-01-01,2,Eixample,7,la Dreta de l'Eixample,29,2064,57,4,1
2026-01-01,2,Eixample,7,la Dreta de l'Eixample,29,2064,79,4,2
2026-01-01,2,Eixample,7,la Dreta de l'Eixample,29,2064,214,5,1
2026-01-01,2,Eixample,7,la Dreta de l'Eixample,29,2064,149,5,2
2026-01-01,2,Eixample,7,la Dreta de l'Eixample,29,2064,..,6,2
2026-01-01,2,Eixample,7,la Dreta de l'Eixample,29,2065,402,1,1
2026-01-01,2,Eixample,7,la Dreta de l'Eixample,29,2065,388,1,2
2026-01-01,2,Eixample,7,la Dreta de l'Eixample,29,2065,90,2,1
2026-01-01,2,Eixample,7,la Dreta de l'Eixample,29,2065,68,2,2
2026-01-01,2,Eixample,7,la Dreta de l'Eixample,29,2065,91,3,1
2026-01-01,2,Eixample,7,la Dreta de l'Eixample,29,2065,69,3,2
2026-01-01,2,Eixample,7,la Dreta de l'Eixample,29,2065,89,4,1
2026-01-01,2,Eixample,7,la Dreta de l'Eixample,29,2065,90,4,2
2026-01-01,2,Eixample,7,la Dreta de l'Eixample,29,2065,368,5,1
2026-01-01,2,Eixample,7,la Dreta de l'Eixample,29,2065,294,5,2
2026-01-01,2,Eixample,7,la Dreta de l'Eixample,29,2065,..,6,1
2026-01-01,2,Eixample,7,la Dreta de l'Eixample,29,2065,..,6,2
2026-01-01,2,Eixample,7,la Dreta de l'Eixample,30,2066,425,1,1
2026-01-01,2,Eixample,7,la Dreta de l'Eixample,30,2066,399,1,2
2026-01-01,2,Eixample,7,la Dreta de l'Eixample,30,2066,89,2,1
2026-01-01,2,Eixample,7,la Dreta de l'Eixample,30,2066,72,2,2
2026-01-01,2,Eixample,7,la Dreta de l'Eixample,30,2066,136,3,1
2026-01-01,2,Eixample,7,la Dreta de l'Eixample,30,2066,76,3,2
2026-01-01,2,Eixample,7,la Dreta de l'Eixample,30,2066,61,4,1
2026-01-01,2,Eixample,7,la Dreta de l'Eixample,30,2066,40,4,2
2026-01-01,2,Eixample,7,la Dreta de l'Eixample,30,2066,271,5,1
2026-01-01,2,Eixample,7,la Dreta de l'Eixample,30,2066,234,5,2
2026-01-01,2,Eixample,7,la Dreta de l'Eixample,30,2066,..,6,1
2026-01-01,2,Eixample,7,la Dreta de l'Eixample,30,2066,..,6,2
2026-01-01,2,Eixample,7,la Dreta de l'Eixample,30,2067,347,1,1
2026-01-01,2,Eixample,7,la Dreta de l'Eixample,30,2067,300,1,2
2026-01-01,2,Eixample,7,la Dreta de l'Eixample,30,2067,78,2,1
2026-01-01,2,Eixample,7,la Dreta de l'Eixample,30,2067,55,2,2
2026-01-01,2,Eixample,7,la Dreta de l'Eixample,30,2067,123,3,1
2026-01-01,2,Eixample,7,la Dreta de l'Eixample,30,2067,65,3,2
2026-01-01,2,Eixample,7,la Dreta de l'Eixample,30,2067,80,4,1
2026-01-01,2,Eixample,7,la Dreta de l'Eixample,30,2067,94,4,2
2026-01-01,2,Eixample,7,la Dreta de l'Eixample,30,2067,313,5,1
2026-01-01,2,Eixample,7,la Dreta de l'Eixample,30,2067,259,5,2
2026-01-01,2,Eixample,7,la Dreta de l'Eixample,30,2067,..,6,1
2026-01-01,2,Eixample,7,la Dreta de l'Eixample,30,2068,368,1,1
2026-01-01,2,Eixample,7,la Dreta de l'Eixample,30,2068,331,1,2
2026-01-01,2,Eixample,7,la Dreta de l'Eixample,30,2068,77,2,1
2026-01-01,2,Eixample,7,la Dreta de l'Eixample,30,2068,60,2,2
2026-01-01,2,Eixample,7,la Dreta de l'Eixample,30,2068,94,3,1
2026-01-01,2,Eixample,7,la Dreta de l'Eixample,30,2068,80,3,2
2026-01-01,2,Eixample,7,la Dreta de l'Eixample,30,2068,85,4,1
2026-01-01,2,Eixample,7,la Dreta de l'Eixample,30,2068,89,4,2
2026-01-01,2,Eixample,7,la Dreta de l'Eixample,30,2068,293,5,1
2026-01-01,2,Eixample,7,la Dreta de l'Eixample,30,2068,243,5,2
2026-01-01,2,Eixample,7,la Dreta de l'Eixample,30,2068,..,6,1
2026-01-01,2,Eixample,7,la Dreta de l'Eixample,30,2069,320,1,1
2026-01-01,2,Eixample,7,la Dreta de l'Eixample,30,2069,286,1,2
2026-01-01,2,Eixample,7,la Dreta de l'Eixample,30,2069,70,2,1
2026-01-01,2,Eixample,7,la Dreta de l'Eixample,30,2069,53,2,2
2026-01-01,2,Eixample,7,la Dreta de l'Eixample,30,2069,93,3,1
2026-01-01,2,Eixample,7,la Dreta de l'Eixample,30,2069,66,3,2
2026-01-01,2,Eixample,7,la Dreta de l'Eixample,30,2069,62,4,1
2026-01-01,2,Eixample,7,la Dreta de l'Eixample,30,2069,49,4,2
2026-01-01,2,Eixample,7,la Dreta de l'Eixample,30,2069,181,5,1
2026-01-01,2,Eixample,7,la Dreta de l'Eixample,30,2069,192,5,2
2026-01-01,2,Eixample,7,la Dreta de l'Eixample,30,2069,..,6,1
2026-01-01,2,Eixample,7,la Dreta de l'Eixample,31,2070,268,1,1
2026-01-01,2,Eixample,7,la Dreta de l'Eixample,31,2070,251,1,2
2026-01-01,2,Eixample,7,la Dreta de l'Eixample,31,2070,59,2,1
2026-01-01,2,Eixample,7,la Dreta de l'Eixample,31,2070,42,2,2
2026-01-01,2,Eixample,7,la Dreta de l'Eixample,31,2070,67,3,1
2026-01-01,2,Eixample,7,la Dreta de l'Eixample,31,2070,41,3,2
2026-01-01,2,Eixample,7,la Dreta de l'Eixample,31,2070,55,4,1
2026-01-01,2,Eixample,7,la Dreta de l'Eixample,31,2070,44,4,2
2026-01-01,2,Eixample,7,la Dreta de l'Eixample,31,2070,219,5,1
2026-01-01,2,Eixample,7,la Dreta de l'Eixample,31,2070,202,5,2
2026-01-01,2,Eixample,7,la Dreta de l'Eixample,31,2071,408,1,1
2026-01-01,2,Eixample,7,la Dreta de l'Eixample,31,2071,381,1,2
2026-01-01,2,Eixample,7,la Dreta de l'Eixample,31,2071,68,2,1
2026-01-01,2,Eixample,7,la Dreta de l'Eixample,31,2071,65,2,2
2026-01-01,2,Eixample,7,la Dreta de l'Eixample,31,2071,92,3,1
2026-01-01,2,Eixample,7,la Dreta de l'Eixample,31,2071,74,3,2
2026-01-01,2,Eixample,7,la Dreta de l'Eixample,31,2071,95,4,1
2026-01-01,2,Eixample,7,la Dreta de l'Eixample,31,2071,95,4,2
2026-01-01,2,Eixample,7,la Dreta de l'Eixample,31,2071,217,5,1
2026-01-01,2,Eixample,7,la Dreta de l'Eixample,31,2071,199,5,2
2026-01-01,2,Eixample,7,la Dreta de l'Eixample,31,2071,..,6,1
2026-01-01,2,Eixample,7,la Dreta de l'Eixample,31,2072,292,1,1
2026-01-01,2,Eixample,7,la Dreta de l'Eixample,31,2072,299,1,2
2026-01-01,2,Eixample,7,la Dreta de l'Eixample,31,2072,49,2,1
2026-01-01,2,Eixample,7,la Dreta de l'Eixample,31,2072,44,2,2
2026-01-01,2,Eixample,7,la Dreta de l'Eixample,31,2072,65,3,1
2026-01-01,2,Eixample,7,la Dreta de l'Eixample,31,2072,52,3,2
2026-01-01,2,Eixample,7,la Dreta de l'Eixample,31,2072,65,4,1
2026-01-01,2,Eixample,7,la Dreta de l'Eixample,31,2072,61,4,2
2026-01-01,2,Eixample,7,la Dreta de l'Eixample,31,2072,175,5,1
2026-01-01,2,Eixample,7,la Dreta de l'Eixample,31,2072,159,5,2
2026-01-01,2,Eixample,7,la Dreta de l'Eixample,31,2072,..,6,1
2026-01-01,2,Eixample,7,la Dreta de l'Eixample,31,2072,..,6,2
2026-01-01,2,Eixample,7,la Dreta de l'Eixample,32,2073,367,1,1
2026-01-01,2,Eixample,7,la Dreta de l'Eixample,32,2073,362,1,2
2026-01-01,2,Eixample,7,la Dreta de l'Eixample,32,2073,72,2,1
2026-01-01,2,Eixample,7,la Dreta de l'Eixample,32,2073,57,2,2
2026-01-01,2,Eixample,7,la Dreta de l'Eixample,32,2073,110,3,1
2026-01-01,2,Eixample,7,la Dreta de l'Eixample,32,2073,62,3,2
2026-01-01,2,Eixample,7,la Dreta de l'Eixample,32,2073,96,4,1
2026-01-01,2,Eixample,7,la Dreta de l'Eixample,32,2073,106,4,2
2026-01-01,2,Eixample,7,la Dreta de l'Eixample,32,2073,288,5,1
2026-01-01,2,Eixample,7,la Dreta de l'Eixample,32,2073,278,5,2
2026-01-01,2,Eixample,7,la Dreta de l'Eixample,32,2073,..,6,1
2026-01-01,2,Eixample,7,la Dreta de l'Eixample,32,2073,..,6,2
2026-01-01,2,Eixample,7,la Dreta de l'Eixample,32,2074,237,1,1
2026-01-01,2,Eixample,7,la Dreta de l'Eixample,32,2074,244,1,2
2026-01-01,2,Eixample,7,la Dreta de l'Eixample,32,2074,41,2,1
2026-01-01,2,Eixample,7,la Dreta de l'Eixample,32,2074,42,2,2
2026-01-01,2,Eixample,7,la Dreta de l'Eixample,32,2074,59,3,1
2026-01-01,2,Eixample,7,la Dreta de l'Eixample,32,2074,48,3,2
2026-01-01,2,Eixample,7,la Dreta de l'Eixample,32,2074,61,4,1
2026-01-01,2,Eixample,7,la Dreta de l'Eixample,32,2074,85,4,2
2026-01-01,2,Eixample,7,la Dreta de l'Eixample,32,2074,222,5,1
2026-01-01,2,Eixample,7,la Dreta de l'Eixample,32,2074,220,5,2
2026-01-01,2,Eixample,7,la Dreta de l'Eixample,32,2075,233,1,1
2026-01-01,2,Eixample,7,la Dreta de l'Eixample,32,2075,247,1,2
2026-01-01,2,Eixample,7,la Dreta de l'Eixample,32,2075,47,2,1
2026-01-01,2,Eixample,7,la Dreta de l'Eixample,32,2075,42,2,2
2026-01-01,2,Eixample,7,la Dreta de l'Eixample,32,2075,61,3,1
2026-01-01,2,Eixample,7,la Dreta de l'Eixample,32,2075,45,3,2
2026-01-01,2,Eixample,7,la Dreta de l'Eixample,32,2075,95,4,1
2026-01-01,2,Eixample,7,la Dreta de l'Eixample,32,2075,79,4,2
2026-01-01,2,Eixample,7,la Dreta de l'Eixample,32,2075,200,5,1
2026-01-01,2,Eixample,7,la Dreta de l'Eixample,32,2075,161,5,2
2026-01-01,2,Eixample,7,la Dreta de l'Eixample,32,2075,..,6,1
2026-01-01,2,Eixample,7,la Dreta de l'Eixample,32,2076,345,1,1
2026-01-01,2,Eixample,7,la Dreta de l'Eixample,32,2076,332,1,2
2026-01-01,2,Eixample,7,la Dreta de l'Eixample,32,2076,69,2,1
2026-01-01,2,Eixample,7,la Dreta de l'Eixample,32,2076,56,2,2
2026-01-01,2,Eixample,7,la Dreta de l'Eixample,32,2076,82,3,1
2026-01-01,2,Eixample,7,la Dreta de l'Eixample,32,2076,76,3,2
2026-01-01,2,Eixample,7,la Dreta de l'Eixample,32,2076,79,4,1
2026-01-01,2,Eixample,7,la Dreta de l'Eixample,32,2076,85,4,2
2026-01-01,2,Eixample,7,la Dreta de l'Eixample,32,2076,261,5,1
2026-01-01,2,Eixample,7,la Dreta de l'Eixample,32,2076,207,5,2
2026-01-01,2,Eixample,7,la Dreta de l'Eixample,33,2077,253,1,1
2026-01-01,2,Eixample,7,la Dreta de l'Eixample,33,2077,254,1,2
2026-01-01,2,Eixample,7,la Dreta de l'Eixample,33,2077,52,2,1
2026-01-01,2,Eixample,7,la Dreta de l'Eixample,33,2077,57,2,2
2026-01-01,2,Eixample,7,la Dreta de l'Eixample,33,2077,95,3,1
2026-01-01,2,Eixample,7,la Dreta de l'Eixample,33,2077,63,3,2
2026-01-01,2,Eixample,7,la Dreta de l'Eixample,33,2077,99,4,1
2026-01-01,2,Eixample,7,la Dreta de l'Eixample,33,2077,134,4,2
2026-01-01,2,Eixample,7,la Dreta de l'Eixample,33,2077,398,5,1
2026-01-01,2,Eixample,7,la Dreta de l'Eixample,33,2077,436,5,2
2026-01-01,2,Eixample,7,la Dreta de l'Eixample,33,2077,..,6,1
2026-01-01,2,Eixample,7,la Dreta de l'Eixample,33,2077,..,6,2
2026-01-01,2,Eixample,7,la Dreta de l'Eixample,34,2078,253,1,1
2026-01-01,2,Eixample,7,la Dreta de l'Eixample,34,2078,224,1,2
2026-01-01,2,Eixample,7,la Dreta de l'Eixample,34,2078,63,2,1
2026-01-01,2,Eixample,7,la Dreta de l'Eixample,34,2078,46,2,2
2026-01-01,2,Eixample,7,la Dreta de l'Eixample,34,2078,50,3,1
2026-01-01,2,Eixample,7,la Dreta de l'Eixample,34,2078,49,3,2
2026-01-01,2,Eixample,7,la Dreta de l'Eixample,34,2078,97,4,1
2026-01-01,2,Eixample,7,la Dreta de l'Eixample,34,2078,68,4,2
2026-01-01,2,Eixample,7,la Dreta de l'Eixample,34,2078,271,5,1
2026-01-01,2,Eixample,7,la Dreta de l'Eixample,34,2078,259,5,2
2026-01-01,2,Eixample,7,la Dreta de l'Eixample,34,2079,272,1,1
2026-01-01,2,Eixample,7,la Dreta de l'Eixample,34,2079,253,1,2
2026-01-01,2,Eixample,7,la Dreta de l'Eixample,34,2079,50,2,1
2026-01-01,2,Eixample,7,la Dreta de l'Eixample,34,2079,55,2,2
2026-01-01,2,Eixample,7,la Dreta de l'Eixample,34,2079,64,3,1
2026-01-01,2,Eixample,7,la Dreta de l'Eixample,34,2079,58,3,2
2026-01-01,2,Eixample,7,la Dreta de l'Eixample,34,2079,87,4,1
2026-01-01,2,Eixample,7,la Dreta de l'Eixample,34,2079,83,4,2
2026-01-01,2,Eixample,7,la Dreta de l'Eixample,34,2079,283,5,1
2026-01-01,2,Eixample,7,la Dreta de l'Eixample,34,2079,273,5,2
2026-01-01,2,Eixample,7,la Dreta de l'Eixample,35,2080,315,1,1
2026-01-01,2,Eixample,7,la Dreta de l'Eixample,35,2080,298,1,2
2026-01-01,2,Eixample,7,la Dreta de l'Eixample,35,2080,58,2,1
2026-01-01,2,Eixample,7,la Dreta de l'Eixample,35,2080,38,2,2
2026-01-01,2,Eixample,7,la Dreta de l'Eixample,35,2080,92,3,1
2026-01-01,2,Eixample,7,la Dreta de l'Eixample,35,2080,50,3,2
2026-01-01,2,Eixample,7,la Dreta de l'Eixample,35,2080,100,4,1
2026-01-01,2,Eixample,7,la Dreta de l'Eixample,35,2080,85,4,2
2026-01-01,2,Eixample,7,la Dreta de l'Eixample,35,2080,295,5,1
2026-01-01,2,Eixample,7,la Dreta de l'Eixample,35,2080,323,5,2
2026-01-01,2,Eixample,7,la Dreta de l'Eixample,35,2080,..,6,2
2026-01-01,2,Eixample,7,la Dreta de l'Eixample,35,2081,471,1,1
2026-01-01,2,Eixample,7,la Dreta de l'Eixample,35,2081,425,1,2
2026-01-01,2,Eixample,7,la Dreta de l'Eixample,35,2081,112,2,1
2026-01-01,2,Eixample,7,la Dreta de l'Eixample,35,2081,73,2,2
2026-01-01,2,Eixample,7,la Dreta de l'Eixample,35,2081,107,3,1
2026-01-01,2,Eixample,7,la Dreta de l'Eixample,35,2081,79,3,2
2026-01-01,2,Eixample,7,la Dreta de l'Eixample,35,2081,94,4,1
2026-01-01,2,Eixample,7,la Dreta de l'Eixample,35,2081,102,4,2
2026-01-01,2,Eixample,7,la Dreta de l'Eixample,35,2081,425,5,1
2026-01-01,2,Eixample,7,la Dreta de l'Eixample,35,2081,380,5,2
2026-01-01,2,Eixample,7,la Dreta de l'Eixample,36,2082,220,1,1
2026-01-01,2,Eixample,7,la Dreta de l'Eixample,36,2082,200,1,2
2026-01-01,2,Eixample,7,la Dreta de l'Eixample,36,2082,46,2,1
2026-01-01,2,Eixample,7,la Dreta de l'Eixample,36,2082,39,2,2
2026-01-01,2,Eixample,7,la Dreta de l'Eixample,36,2082,49,3,1
2026-01-01,2,Eixample,7,la Dreta de l'Eixample,36,2082,25,3,2
2026-01-01,2,Eixample,7,la Dreta de l'Eixample,36,2082,47,4,1
2026-01-01,2,Eixample,7,la Dreta de l'Eixample,36,2082,51,4,2
2026-01-01,2,Eixample,7,la Dreta de l'Eixample,36,2082,174,5,1
2026-01-01,2,Eixample,7,la Dreta de l'Eixample,36,2082,147,5,2
2026-01-01,2,Eixample,7,la Dreta de l'Eixample,36,2082,..,6,1
2026-01-01,2,Eixample,7,la Dreta de l'Eixample,36,2083,432,1,1
2026-01-01,2,Eixample,7,la Dreta de l'Eixample,36,2083,382,1,2
2026-01-01,2,Eixample,7,la Dreta de l'Eixample,36,2083,78,2,1
2026-01-01,2,Eixample,7,la Dreta de l'Eixample,36,2083,47,2,2
2026-01-01,2,Eixample,7,la Dreta de l'Eixample,36,2083,94,3,1
2026-01-01,2,Eixample,7,la Dreta de l'Eixample,36,2083,72,3,2
2026-01-01,2,Eixample,7,la Dreta de l'Eixample,36,2083,86,4,1
2026-01-01,2,Eixample,7,la Dreta de l'Eixample,36,2083,95,4,2
2026-01-01,2,Eixample,7,la Dreta de l'Eixample,36,2083,407,5,1
2026-01-01,2,Eixample,7,la Dreta de l'Eixample,36,2083,303,5,2
2026-01-01,2,Eixample,7,la Dreta de l'Eixample,36,2083,..,6,1
2026-01-01,2,Eixample,7,la Dreta de l'Eixample,36,2083,..,6,2
2026-01-01,2,Eixample,8,l'Antiga Esquerra de l'Eixample,37,2084,446,1,1
2026-01-01,2,Eixample,8,l'Antiga Esquerra de l'Eixample,37,2084,397,1,2
2026-01-01,2,Eixample,8,l'Antiga Esquerra de l'Eixample,37,2084,103,2,1
2026-01-01,2,Eixample,8,l'Antiga Esquerra de l'Eixample,37,2084,69,2,2
2026-01-01,2,Eixample,8,l'Antiga Esquerra de l'Eixample,37,2084,103,3,1
2026-01-01,2,Eixample,8,l'Antiga Esquerra de l'Eixample,37,2084,76,3,2
2026-01-01,2,Eixample,8,l'Antiga Esquerra de l'Eixample,37,2084,97,4,1
2026-01-01,2,Eixample,8,l'Antiga Esquerra de l'Eixample,37,2084,104,4,2
2026-01-01,2,Eixample,8,l'Antiga Esquerra de l'Eixample,37,2084,406,5,1
2026-01-01,2,Eixample,8,l'Antiga Esquerra de l'Eixample,37,2084,304,5,2
2026-01-01,2,Eixample,8,l'Antiga Esquerra de l'Eixample,37,2085,298,1,1
2026-01-01,2,Eixample,8,l'Antiga Esquerra de l'Eixample,37,2085,262,1,2
2026-01-01,2,Eixample,8,l'Antiga Esquerra de l'Eixample,37,2085,64,2,1
2026-01-01,2,Eixample,8,l'Antiga Esquerra de l'Eixample,37,2085,44,2,2
2026-01-01,2,Eixample,8,l'Antiga Esquerra de l'Eixample,37,2085,84,3,1
2026-01-01,2,Eixample,8,l'Antiga Esquerra de l'Eixample,37,2085,41,3,2
2026-01-01,2,Eixample,8,l'Antiga Esquerra de l'Eixample,37,2085,80,4,1
2026-01-01,2,Eixample,8,l'Antiga Esquerra de l'Eixample,37,2085,53,4,2
2026-01-01,2,Eixample,8,l'Antiga Esquerra de l'Eixample,37,2085,297,5,1
2026-01-01,2,Eixample,8,l'Antiga Esquerra de l'Eixample,37,2085,221,5,2
2026-01-01,2,Eixample,8,l'Antiga Esquerra de l'Eixample,37,2085,..,6,1
2026-01-01,2,Eixample,8,l'Antiga Esquerra de l'Eixample,37,2085,..,6,2
2026-01-01,2,Eixample,8,l'Antiga Esquerra de l'Eixample,37,2086,357,1,1
2026-01-01,2,Eixample,8,l'Antiga Esquerra de l'Eixample,37,2086,285,1,2
2026-01-01,2,Eixample,8,l'Antiga Esquerra de l'Eixample,37,2086,67,2,1
2026-01-01,2,Eixample,8,l'Antiga Esquerra de l'Eixample,37,2086,61,2,2
2026-01-01,2,Eixample,8,l'Antiga Esquerra de l'Eixample,37,2086,92,3,1
2026-01-01,2,Eixample,8,l'Antiga Esquerra de l'Eixample,37,2086,58,3,2
2026-01-01,2,Eixample,8,l'Antiga Esquerra de l'Eixample,37,2086,71,4,1
2026-01-01,2,Eixample,8,l'Antiga Esquerra de l'Eixample,37,2086,49,4,2
2026-01-01,2,Eixample,8,l'Antiga Esquerra de l'Eixample,37,2086,219,5,1
2026-01-01,2,Eixample,8,l'Antiga Esquerra de l'Eixample,37,2086,169,5,2
2026-01-01,2,Eixample,8,l'Antiga Esquerra de l'Eixample,37,2087,357,1,1
2026-01-01,2,Eixample,8,l'Antiga Esquerra de l'Eixample,37,2087,303,1,2
2026-01-01,2,Eixample,8,l'Antiga Esquerra de l'Eixample,37,2087,72,2,1
2026-01-01,2,Eixample,8,l'Antiga Esquerra de l'Eixample,37,2087,55,2,2
2026-01-01,2,Eixample,8,l'Antiga Esquerra de l'Eixample,37,2087,99,3,1
2026-01-01,2,Eixample,8,l'Antiga Esquerra de l'Eixample,37,2087,62,3,2
2026-01-01,2,Eixample,8,l'Antiga Esquerra de l'Eixample,37,2087,44,4,1
2026-01-01,2,Eixample,8,l'Antiga Esquerra de l'Eixample,37,2087,42,4,2
2026-01-01,2,Eixample,8,l'Antiga Esquerra de l'Eixample,37,2087,223,5,1
2026-01-01,2,Eixample,8,l'Antiga Esquerra de l'Eixample,37,2087,190,5,2
2026-01-01,2,Eixample,8,l'Antiga Esquerra de l'Eixample,37,2087,..,6,1
2026-01-01,2,Eixample,8,l'Antiga Esquerra de l'Eixample,37,2087,..,6,2
2026-01-01,2,Eixample,8,l'Antiga Esquerra de l'Eixample,38,2088,373,1,1
2026-01-01,2,Eixample,8,l'Antiga Esquerra de l'Eixample,38,2088,344,1,2
2026-01-01,2,Eixample,8,l'Antiga Esquerra de l'Eixample,38,2088,82,2,1
2026-01-01,2,Eixample,8,l'Antiga Esquerra de l'Eixample,38,2088,61,2,2
2026-01-01,2,Eixample,8,l'Antiga Esquerra de l'Eixample,38,2088,90,3,1
2026-01-01,2,Eixample,8,l'Antiga Esquerra de l'Eixample,38,2088,61,3,2
2026-01-01,2,Eixample,8,l'Antiga Esquerra de l'Eixample,38,2088,61,4,1
2026-01-01,2,Eixample,8,l'Antiga Esquerra de l'Eixample,38,2088,75,4,2
2026-01-01,2,Eixample,8,l'Antiga Esquerra de l'Eixample,38,2088,315,5,1
2026-01-01,2,Eixample,8,l'Antiga Esquerra de l'Eixample,38,2088,282,5,2
2026-01-01,2,Eixample,8,l'Antiga Esquerra de l'Eixample,38,2088,..,6,1
2026-01-01,2,Eixample,8,l'Antiga Esquerra de l'Eixample,38,2089,343,1,1
2026-01-01,2,Eixample,8,l'Antiga Esquerra de l'Eixample,38,2089,362,1,2
2026-01-01,2,Eixample,8,l'Antiga Esquerra de l'Eixample,38,2089,112,2,1
2026-01-01,2,Eixample,8,l'Antiga Esquerra de l'Eixample,38,2089,63,2,2
2026-01-01,2,Eixample,8,l'Antiga Esquerra de l'Eixample,38,2089,90,3,1
2026-01-01,2,Eixample,8,l'Antiga Esquerra de l'Eixample,38,2089,70,3,2
2026-01-01,2,Eixample,8,l'Antiga Esquerra de l'Eixample,38,2089,95,4,1
2026-01-01,2,Eixample,8,l'Antiga Esquerra de l'Eixample,38,2089,101,4,2
2026-01-01,2,Eixample,8,l'Antiga Esquerra de l'Eixample,38,2089,330,5,1
2026-01-01,2,Eixample,8,l'Antiga Esquerra de l'Eixample,38,2089,281,5,2
2026-01-01,2,Eixample,8,l'Antiga Esquerra de l'Eixample,38,2090,317,1,1
2026-01-01,2,Eixample,8,l'Antiga Esquerra de l'Eixample,38,2090,296,1,2
2026-01-01,2,Eixample,8,l'Antiga Esquerra de l'Eixample,38,2090,75,2,1
2026-01-01,2,Eixample,8,l'Antiga Esquerra de l'Eixample,38,2090,66,2,2
2026-01-01,2,Eixample,8,l'Antiga Esquerra de l'Eixample,38,2090,114,3,1
2026-01-01,2,Eixample,8,l'Antiga Esquerra de l'Eixample,38,2090,64,3,2
2026-01-01,2,Eixample,8,l'Antiga Esquerra de l'Eixample,38,2090,86,4,1
2026-01-01,2,Eixample,8,l'Antiga Esquerra de l'Eixample,38,2090,72,4,2
2026-01-01,2,Eixample,8,l'Antiga Esquerra de l'Eixample,38,2090,361,5,1
2026-01-01,2,Eixample,8,l'Antiga Esquerra de l'Eixample,38,2090,335,5,2
2026-01-01,2,Eixample,8,l'Antiga Esquerra de l'Eixample,38,2090,..,6,1
2026-01-01,2,Eixample,8,l'Antiga Esquerra de l'Eixample,39,2091,305,1,1
2026-01-01,2,Eixample,8,l'Antiga Esquerra de l'Eixample,39,2091,322,1,2
2026-01-01,2,Eixample,8,l'Antiga Esquerra de l'Eixample,39,2091,68,2,1
2026-01-01,2,Eixample,8,l'Antiga Esquerra de l'Eixample,39,2091,71,2,2
2026-01-01,2,Eixample,8,l'Antiga Esquerra de l'Eixample,39,2091,120,3,1
2026-01-01,2,Eixample,8,l'Antiga Esquerra de l'Eixample,39,2091,106,3,2
2026-01-01,2,Eixample,8,l'Antiga Esquerra de l'Eixample,39,2091,97,4,1
2026-01-01,2,Eixample,8,l'Antiga Esquerra de l'Eixample,39,2091,103,4,2
2026-01-01,2,Eixample,8,l'Antiga Esquerra de l'Eixample,39,2091,348,5,1
2026-01-01,2,Eixample,8,l'Antiga Esquerra de l'Eixample,39,2091,313,5,2
2026-01-01,2,Eixample,8,l'Antiga Esquerra de l'Eixample,39,2091,..,6,1
2026-01-01,2,Eixample,8,l'Antiga Esquerra de l'Eixample,39,2092,304,1,1
2026-01-01,2,Eixample,8,l'Antiga Esquerra de l'Eixample,39,2092,291,1,2
2026-01-01,2,Eixample,8,l'Antiga Esquerra de l'Eixample,39,2092,61,2,1
2026-01-01,2,Eixample,8,l'Antiga Esquerra de l'Eixample,39,2092,84,2,2
2026-01-01,2,Eixample,8,l'Antiga Esquerra de l'Eixample,39,2092,87,3,1
2026-01-01,2,Eixample,8,l'Antiga Esquerra de l'Eixample,39,2092,82,3,2
2026-01-01,2,Eixample,8,l'Antiga Esquerra de l'Eixample,39,2092,91,4,1
2026-01-01,2,Eixample,8,l'Antiga Esquerra de l'Eixample,39,2092,110,4,2
2026-01-01,2,Eixample,8,l'Antiga Esquerra de l'Eixample,39,2092,364,5,1
2026-01-01,2,Eixample,8,l'Antiga Esquerra de l'Eixample,39,2092,325,5,2
2026-01-01,2,Eixample,8,l'Antiga Esquerra de l'Eixample,39,2092,..,6,1
2026-01-01,2,Eixample,8,l'Antiga Esquerra de l'Eixample,39,2092,..,6,2
2026-01-01,2,Eixample,8,l'Antiga Esquerra de l'Eixample,40,2093,322,1,1
2026-01-01,2,Eixample,8,l'Antiga Esquerra de l'Eixample,40,2093,310,1,2
2026-01-01,2,Eixample,8,l'Antiga Esquerra de l'Eixample,40,2093,75,2,1
2026-01-01,2,Eixample,8,l'Antiga Esquerra de l'Eixample,40,2093,81,2,2
2026-01-01,2,Eixample,8,l'Antiga Esquerra de l'Eixample,40,2093,95,3,1
2026-01-01,2,Eixample,8,l'Antiga Esquerra de l'Eixample,40,2093,81,3,2
2026-01-01,2,Eixample,8,l'Antiga Esquerra de l'Eixample,40,2093,60,4,1
2026-01-01,2,Eixample,8,l'Antiga Esquerra de l'Eixample,40,2093,87,4,2
2026-01-01,2,Eixample,8,l'Antiga Esquerra de l'Eixample,40,2093,324,5,1
2026-01-01,2,Eixample,8,l'Antiga Esquerra de l'Eixample,40,2093,281,5,2
2026-01-01,2,Eixample,8,l'Antiga Esquerra de l'Eixample,40,2094,270,1,1
2026-01-01,2,Eixample,8,l'Antiga Esquerra de l'Eixample,40,2094,262,1,2
2026-01-01,2,Eixample,8,l'Antiga Esquerra de l'Eixample,40,2094,68,2,1
2026-01-01,2,Eixample,8,l'Antiga Esquerra de l'Eixample,40,2094,51,2,2
2026-01-01,2,Eixample,8,l'Antiga Esquerra de l'Eixample,40,2094,104,3,1
2026-01-01,2,Eixample,8,l'Antiga Esquerra de l'Eixample,40,2094,79,3,2
2026-01-01,2,Eixample,8,l'Antiga Esquerra de l'Eixample,40,2094,50,4,1
2026-01-01,2,Eixample,8,l'Antiga Esquerra de l'Eixample,40,2094,76,4,2
2026-01-01,2,Eixample,8,l'Antiga Esquerra de l'Eixample,40,2094,281,5,1
2026-01-01,2,Eixample,8,l'Antiga Esquerra de l'Eixample,40,2094,284,5,2
2026-01-01,2,Eixample,8,l'Antiga Esquerra de l'Eixample,40,2094,..,6,2
2026-01-01,2,Eixample,8,l'Antiga Esquerra de l'Eixample,40,2095,327,1,1
2026-01-01,2,Eixample,8,l'Antiga Esquerra de l'Eixample,40,2095,312,1,2
2026-01-01,2,Eixample,8,l'Antiga Esquerra de l'Eixample,40,2095,66,2,1
2026-01-01,2,Eixample,8,l'Antiga Esquerra de l'Eixample,40,2095,61,2,2
2026-01-01,2,Eixample,8,l'Antiga Esquerra de l'Eixample,40,2095,94,3,1
2026-01-01,2,Eixample,8,l'Antiga Esquerra de l'Eixample,40,2095,79,3,2
2026-01-01,2,Eixample,8,l'Antiga Esquerra de l'Eixample,40,2095,53,4,1
2026-01-01,2,Eixample,8,l'Antiga Esquerra de l'Eixample,40,2095,57,4,2
2026-01-01,2,Eixample,8,l'Antiga Esquerra de l'Eixample,40,2095,224,5,1
2026-01-01,2,Eixample,8,l'Antiga Esquerra de l'Eixample,40,2095,239,5,2
2026-01-01,2,Eixample,8,l'Antiga Esquerra de l'Eixample,40,2095,..,6,2
2026-01-01,2,Eixample,8,l'Antiga Esquerra de l'Eixample,40,2096,274,1,1
2026-01-01,2,Eixample,8,l'Antiga Esquerra de l'Eixample,40,2096,234,1,2
2026-01-01,2,Eixample,8,l'Antiga Esquerra de l'Eixample,40,2096,48,2,1
2026-01-01,2,Eixample,8,l'Antiga Esquerra de l'Eixample,40,2096,59,2,2
2026-01-01,2,Eixample,8,l'Antiga Esquerra de l'Eixample,40,2096,103,3,1
2026-01-01,2,Eixample,8,l'Antiga Esquerra de l'Eixample,40,2096,63,3,2
2026-01-01,2,Eixample,8,l'Antiga Esquerra de l'Eixample,40,2096,59,4,1
2026-01-01,2,Eixample,8,l'Antiga Esquerra de l'Eixample,40,2096,76,4,2
2026-01-01,2,Eixample,8,l'Antiga Esquerra de l'Eixample,40,2096,267,5,1
2026-01-01,2,Eixample,8,l'Antiga Esquerra de l'Eixample,40,2096,249,5,2
2026-01-01,2,Eixample,8,l'Antiga Esquerra de l'Eixample,40,2096,..,6,1
2026-01-01,2,Eixample,8,l'Antiga Esquerra de l'Eixample,40,2097,250,1,1
2026-01-01,2,Eixample,8,l'Antiga Esquerra de l'Eixample,40,2097,212,1,2
2026-01-01,2,Eixample,8,l'Antiga Esquerra de l'Eixample,40,2097,51,2,1
2026-01-01,2,Eixample,8,l'Antiga Esquerra de l'Eixample,40,2097,34,2,2
2026-01-01,2,Eixample,8,l'Antiga Esquerra de l'Eixample,40,2097,77,3,1
2026-01-01,2,Eixample,8,l'Antiga Esquerra de l'Eixample,40,2097,62,3,2
2026-01-01,2,Eixample,8,l'Antiga Esquerra de l'Eixample,40,2097,29,4,1
2026-01-01,2,Eixample,8,l'Antiga Esquerra de l'Eixample,40,2097,44,4,2
2026-01-01,2,Eixample,8,l'Antiga Esquerra de l'Eixample,40,2097,196,5,1
2026-01-01,2,Eixample,8,l'Antiga Esquerra de l'Eixample,40,2097,188,5,2
2026-01-01,2,Eixample,8,l'Antiga Esquerra de l'Eixample,40,2097,..,6,1
2026-01-01,2,Eixample,8,l'Antiga Esquerra de l'Eixample,41,2098,309,1,1
2026-01-01,2,Eixample,8,l'Antiga Esquerra de l'Eixample,41,2098,268,1,2
2026-01-01,2,Eixample,8,l'Antiga Esquerra de l'Eixample,41,2098,68,2,1
2026-01-01,2,Eixample,8,l'Antiga Esquerra de l'Eixample,41,2098,61,2,2
2026-01-01,2,Eixample,8,l'Antiga Esquerra de l'Eixample,41,2098,84,3,1
2026-01-01,2,Eixample,8,l'Antiga Esquerra de l'Eixample,41,2098,89,3,2
2026-01-01,2,Eixample,8,l'Antiga Esquerra de l'Eixample,41,2098,68,4,1
2026-01-01,2,Eixample,8,l'Antiga Esquerra de l'Eixample,41,2098,71,4,2
2026-01-01,2,Eixample,8,l'Antiga Esquerra de l'Eixample,41,2098,252,5,1
2026-01-01,2,Eixample,8,l'Antiga Esquerra de l'Eixample,41,2098,259,5,2
2026-01-01,2,Eixample,8,l'Antiga Esquerra de l'Eixample,41,2099,361,1,1
2026-01-01,2,Eixample,8,l'Antiga Esquerra de l'Eixample,41,2099,321,1,2
2026-01-01,2,Eixample,8,l'Antiga Esquerra de l'Eixample,41,2099,62,2,1
2026-01-01,2,Eixample,8,l'Antiga Esquerra de l'Eixample,41,2099,58,2,2
2026-01-01,2,Eixample,8,l'Antiga Esquerra de l'Eixample,41,2099,93,3,1
2026-01-01,2,Eixample,8,l'Antiga Esquerra de l'Eixample,41,2099,72,3,2
2026-01-01,2,Eixample,8,l'Antiga Esquerra de l'Eixample,41,2099,48,4,1
2026-01-01,2,Eixample,8,l'Antiga Esquerra de l'Eixample,41,2099,51,4,2
2026-01-01,2,Eixample,8,l'Antiga Esquerra de l'Eixample,41,2099,222,5,1
2026-01-01,2,Eixample,8,l'Antiga Esquerra de l'Eixample,41,2099,244,5,2
2026-01-01,2,Eixample,8,l'Antiga Esquerra de l'Eixample,41,2100,331,1,1
2026-01-01,2,Eixample,8,l'Antiga Esquerra de l'Eixample,41,2100,308,1,2
2026-01-01,2,Eixample,8,l'Antiga Esquerra de l'Eixample,41,2100,64,2,1
2026-01-01,2,Eixample,8,l'Antiga Esquerra de l'Eixample,41,2100,66,2,2
2026-01-01,2,Eixample,8,l'Antiga Esquerra de l'Eixample,41,2100,103,3,1
2026-01-01,2,Eixample,8,l'Antiga Esquerra de l'Eixample,41,2100,76,3,2
2026-01-01,2,Eixample,8,l'Antiga Esquerra de l'Eixample,41,2100,44,4,1
2026-01-01,2,Eixample,8,l'Antiga Esquerra de l'Eixample,41,2100,52,4,2
2026-01-01,2,Eixample,8,l'Antiga Esquerra de l'Eixample,41,2100,200,5,1
2026-01-01,2,Eixample,8,l'Antiga Esquerra de l'Eixample,41,2100,168,5,2
2026-01-01,2,Eixample,8,l'Antiga Esquerra de l'Eixample,41,2101,485,1,1
2026-01-01,2,Eixample,8,l'Antiga Esquerra de l'Eixample,41,2101,479,1,2
2026-01-01,2,Eixample,8,l'Antiga Esquerra de l'Eixample,41,2101,110,2,1
2026-01-01,2,Eixample,8,l'Antiga Esquerra de l'Eixample,41,2101,78,2,2
2026-01-01,2,Eixample,8,l'Antiga Esquerra de l'Eixample,41,2101,149,3,1
2026-01-01,2,Eixample,8,l'Antiga Esquerra de l'Eixample,41,2101,87,3,2
2026-01-01,2,Eixample,8,l'Antiga Esquerra de l'Eixample,41,2101,77,4,1
2026-01-01,2,Eixample,8,l'Antiga Esquerra de l'Eixample,41,2101,73,4,2
2026-01-01,2,Eixample,8,l'Antiga Esquerra de l'Eixample,41,2101,395,5,1
2026-01-01,2,Eixample,8,l'Antiga Esquerra de l'Eixample,41,2101,315,5,2
2026-01-01,2,Eixample,8,l'Antiga Esquerra de l'Eixample,42,2102,419,1,1
2026-01-01,2,Eixample,8,l'Antiga Esquerra de l'Eixample,42,2102,352,1,2
2026-01-01,2,Eixample,8,l'Antiga Esquerra de l'Eixample,42,2102,68,2,1
2026-01-01,2,Eixample,8,l'Antiga Esquerra de l'Eixample,42,2102,39,2,2
2026-01-01,2,Eixample,8,l'Antiga Esquerra de l'Eixample,42,2102,90,3,1
2026-01-01,2,Eixample,8,l'Antiga Esquerra de l'Eixample,42,2102,58,3,2
2026-01-01,2,Eixample,8,l'Antiga Esquerra de l'Eixample,42,2102,30,4,1
2026-01-01,2,Eixample,8,l'Antiga Esquerra de l'Eixample,42,2102,31,4,2
2026-01-01,2,Eixample,8,l'Antiga Esquerra de l'Eixample,42,2102,155,5,1
2026-01-01,2,Eixample,8,l'Antiga Esquerra de l'Eixample,42,2102,143,5,2
2026-01-01,2,Eixample,8,l'Antiga Esquerra de l'Eixample,42,2103,311,1,1
2026-01-01,2,Eixample,8,l'Antiga Esquerra de l'Eixample,42,2103,284,1,2
2026-01-01,2,Eixample,8,l'Antiga Esquerra de l'Eixample,42,2103,82,2,1
2026-01-01,2,Eixample,8,l'Antiga Esquerra de l'Eixample,42,2103,81,2,2
2026-01-01,2,Eixample,8,l'Antiga Esquerra de l'Eixample,42,2103,127,3,1
2026-01-01,2,Eixample,8,l'Antiga Esquerra de l'Eixample,42,2103,84,3,2
2026-01-01,2,Eixample,8,l'Antiga Esquerra de l'Eixample,42,2103,68,4,1
2026-01-01,2,Eixample,8,l'Antiga Esquerra de l'Eixample,42,2103,73,4,2
2026-01-01,2,Eixample,8,l'Antiga Esquerra de l'Eixample,42,2103,313,5,1
2026-01-01,2,Eixample,8,l'Antiga Esquerra de l'Eixample,42,2103,272,5,2
2026-01-01,2,Eixample,8,l'Antiga Esquerra de l'Eixample,42,2103,..,6,1
2026-01-01,2,Eixample,8,l'Antiga Esquerra de l'Eixample,42,2103,..,6,2
2026-01-01,2,Eixample,8,l'Antiga Esquerra de l'Eixample,42,2104,254,1,1
2026-01-01,2,Eixample,8,l'Antiga Esquerra de l'Eixample,42,2104,274,1,2
2026-01-01,2,Eixample,8,l'Antiga Esquerra de l'Eixample,42,2104,66,2,1
2026-01-01,2,Eixample,8,l'Antiga Esquerra de l'Eixample,42,2104,50,2,2
2026-01-01,2,Eixample,8,l'Antiga Esquerra de l'Eixample,42,2104,91,3,1
2026-01-01,2,Eixample,8,l'Antiga Esquerra de l'Eixample,42,2104,56,3,2
2026-01-01,2,Eixample,8,l'Antiga Esquerra de l'Eixample,42,2104,19,4,1
2026-01-01,2,Eixample,8,l'Antiga Esquerra de l'Eixample,42,2104,31,4,2
2026-01-01,2,Eixample,8,l'Antiga Esquerra de l'Eixample,42,2104,175,5,1
2026-01-01,2,Eixample,8,l'Antiga Esquerra de l'Eixample,42,2104,154,5,2
2026-01-01,2,Eixample,8,l'Antiga Esquerra de l'Eixample,42,2104,..,6,1
2026-01-01,2,Eixample,8,l'Antiga Esquerra de l'Eixample,42,2105,460,1,1
2026-01-01,2,Eixample,8,l'Antiga Esquerra de l'Eixample,42,2105,419,1,2
2026-01-01,2,Eixample,8,l'Antiga Esquerra de l'Eixample,42,2105,121,2,1
2026-01-01,2,Eixample,8,l'Antiga Esquerra de l'Eixample,42,2105,89,2,2
2026-01-01,2,Eixample,8,l'Antiga Esquerra de l'Eixample,42,2105,144,3,1
2026-01-01,2,Eixample,8,l'Antiga Esquerra de l'Eixample,42,2105,87,3,2
2026-01-01,2,Eixample,8,l'Antiga Esquerra de l'Eixample,42,2105,69,4,1
2026-01-01,2,Eixample,8,l'Antiga Esquerra de l'Eixample,42,2105,71,4,2
2026-01-01,2,Eixample,8,l'Antiga Esquerra de l'Eixample,42,2105,381,5,1
2026-01-01,2,Eixample,8,l'Antiga Esquerra de l'Eixample,42,2105,354,5,2
2026-01-01,2,Eixample,8,l'Antiga Esquerra de l'Eixample,43,2106,372,1,1
2026-01-01,2,Eixample,8,l'Antiga Esquerra de l'Eixample,43,2106,314,1,2
2026-01-01,2,Eixample,8,l'Antiga Esquerra de l'Eixample,43,2106,50,2,1
2026-01-01,2,Eixample,8,l'Antiga Esquerra de l'Eixample,43,2106,51,2,2
2026-01-01,2,Eixample,8,l'Antiga Esquerra de l'Eixample,43,2106,78,3,1
2026-01-01,2,Eixample,8,l'Antiga Esquerra de l'Eixample,43,2106,55,3,2
2026-01-01,2,Eixample,8,l'Antiga Esquerra de l'Eixample,43,2106,42,4,1
2026-01-01,2,Eixample,8,l'Antiga Esquerra de l'Eixample,43,2106,44,4,2
2026-01-01,2,Eixample,8,l'Antiga Esquerra de l'Eixample,43,2106,215,5,1
2026-01-01,2,Eixample,8,l'Antiga Esquerra de l'Eixample,43,2106,208,5,2
2026-01-01,2,Eixample,8,l'Antiga Esquerra de l'Eixample,43,2106,..,6,2
2026-01-01,2,Eixample,8,l'Antiga Esquerra de l'Eixample,43,2107,433,1,1
2026-01-01,2,Eixample,8,l'Antiga Esquerra de l'Eixample,43,2107,410,1,2
2026-01-01,2,Eixample,8,l'Antiga Esquerra de l'Eixample,43,2107,85,2,1
2026-01-01,2,Eixample,8,l'Antiga Esquerra de l'Eixample,43,2107,65,2,2
2026-01-01,2,Eixample,8,l'Antiga Esquerra de l'Eixample,43,2107,100,3,1
2026-01-01,2,Eixample,8,l'Antiga Esquerra de l'Eixample,43,2107,71,3,2
2026-01-01,2,Eixample,8,l'Antiga Esquerra de l'Eixample,43,2107,60,4,1
2026-01-01,2,Eixample,8,l'Antiga Esquerra de l'Eixample,43,2107,52,4,2
2026-01-01,2,Eixample,8,l'Antiga Esquerra de l'Eixample,43,2107,201,5,1
2026-01-01,2,Eixample,8,l'Antiga Esquerra de l'Eixample,43,2107,155,5,2
2026-01-01,2,Eixample,8,l'Antiga Esquerra de l'Eixample,43,2108,452,1,1
2026-01-01,2,Eixample,8,l'Antiga Esquerra de l'Eixample,43,2108,370,1,2
2026-01-01,2,Eixample,8,l'Antiga Esquerra de l'Eixample,43,2108,74,2,1
2026-01-01,2,Eixample,8,l'Antiga Esquerra de l'Eixample,43,2108,68,2,2
2026-01-01,2,Eixample,8,l'Antiga Esquerra de l'Eixample,43,2108,130,3,1
2026-01-01,2,Eixample,8,l'Antiga Esquerra de l'Eixample,43,2108,79,3,2
2026-01-01,2,Eixample,8,l'Antiga Esquerra de l'Eixample,43,2108,39,4,1
2026-01-01,2,Eixample,8,l'Antiga Esquerra de l'Eixample,43,2108,25,4,2
2026-01-01,2,Eixample,8,l'Antiga Esquerra de l'Eixample,43,2108,244,5,1
2026-01-01,2,Eixample,8,l'Antiga Esquerra de l'Eixample,43,2108,176,5,2
2026-01-01,2,Eixample,8,l'Antiga Esquerra de l'Eixample,43,2109,583,1,1
2026-01-01,2,Eixample,8,l'Antiga Esquerra de l'Eixample,43,2109,517,1,2
2026-01-01,2,Eixample,8,l'Antiga Esquerra de l'Eixample,43,2109,112,2,1
2026-01-01,2,Eixample,8,l'Antiga Esquerra de l'Eixample,43,2109,88,2,2
2026-01-01,2,Eixample,8,l'Antiga Esquerra de l'Eixample,43,2109,143,3,1
2026-01-01,2,Eixample,8,l'Antiga Esquerra de l'Eixample,43,2109,112,3,2
2026-01-01,2,Eixample,8,l'Antiga Esquerra de l'Eixample,43,2109,54,4,1
2026-01-01,2,Eixample,8,l'Antiga Esquerra de l'Eixample,43,2109,59,4,2
2026-01-01,2,Eixample,8,l'Antiga Esquerra de l'Eixample,43,2109,332,5,1
2026-01-01,2,Eixample,8,l'Antiga Esquerra de l'Eixample,43,2109,229,5,2
2026-01-01,2,Eixample,8,l'Antiga Esquerra de l'Eixample,43,2109,..,6,2
2026-01-01,2,Eixample,9,la Nova Esquerra de l'Eixample,44,2110,425,1,1
2026-01-01,2,Eixample,9,la Nova Esquerra de l'Eixample,44,2110,406,1,2
2026-01-01,2,Eixample,9,la Nova Esquerra de l'Eixample,44,2110,83,2,1
2026-01-01,2,Eixample,9,la Nova Esquerra de l'Eixample,44,2110,81,2,2
2026-01-01,2,Eixample,9,la Nova Esquerra de l'Eixample,44,2110,132,3,1
2026-01-01,2,Eixample,9,la Nova Esquerra de l'Eixample,44,2110,86,3,2
2026-01-01,2,Eixample,9,la Nova Esquerra de l'Eixample,44,2110,67,4,1
2026-01-01,2,Eixample,9,la Nova Esquerra de l'Eixample,44,2110,62,4,2
2026-01-01,2,Eixample,9,la Nova Esquerra de l'Eixample,44,2110,373,5,1
2026-01-01,2,Eixample,9,la Nova Esquerra de l'Eixample,44,2110,303,5,2
2026-01-01,2,Eixample,9,la Nova Esquerra de l'Eixample,44,2110,..,6,1
2026-01-01,2,Eixample,9,la Nova Esquerra de l'Eixample,44,2111,418,1,1
2026-01-01,2,Eixample,9,la Nova Esquerra de l'Eixample,44,2111,416,1,2
2026-01-01,2,Eixample,9,la Nova Esquerra de l'Eixample,44,2111,104,2,1
2026-01-01,2,Eixample,9,la Nova Esquerra de l'Eixample,44,2111,77,2,2
2026-01-01,2,Eixample,9,la Nova Esquerra de l'Eixample,44,2111,117,3,1
2026-01-01,2,Eixample,9,la Nova Esquerra de l'Eixample,44,2111,83,3,2
2026-01-01,2,Eixample,9,la Nova Esquerra de l'Eixample,44,2111,59,4,1
2026-01-01,2,Eixample,9,la Nova Esquerra de l'Eixample,44,2111,55,4,2
2026-01-01,2,Eixample,9,la Nova Esquerra de l'Eixample,44,2111,362,5,1
2026-01-01,2,Eixample,9,la Nova Esquerra de l'Eixample,44,2111,283,5,2
2026-01-01,2,Eixample,9,la Nova Esquerra de l'Eixample,44,2111,..,6,1
2026-01-01,2,Eixample,9,la Nova Esquerra de l'Eixample,44,2112,343,1,1
2026-01-01,2,Eixample,9,la Nova Esquerra de l'Eixample,44,2112,304,1,2
2026-01-01,2,Eixample,9,la Nova Esquerra de l'Eixample,44,2112,82,2,1
2026-01-01,2,Eixample,9,la Nova Esquerra de l'Eixample,44,2112,57,2,2
2026-01-01,2,Eixample,9,la Nova Esquerra de l'Eixample,44,2112,106,3,1
2026-01-01,2,Eixample,9,la Nova Esquerra de l'Eixample,44,2112,76,3,2
2026-01-01,2,Eixample,9,la Nova Esquerra de l'Eixample,44,2112,23,4,1
2026-01-01,2,Eixample,9,la Nova Esquerra de l'Eixample,44,2112,26,4,2
2026-01-01,2,Eixample,9,la Nova Esquerra de l'Eixample,44,2112,132,5,1
2026-01-01,2,Eixample,9,la Nova Esquerra de l'Eixample,44,2112,112,5,2
2026-01-01,2,Eixample,9,la Nova Esquerra de l'Eixample,44,2112,..,6,1
2026-01-01,2,Eixample,9,la Nova Esquerra de l'Eixample,44,2113,545,1,1
2026-01-01,2,Eixample,9,la Nova Esquerra de l'Eixample,44,2113,521,1,2
2026-01-01,2,Eixample,9,la Nova Esquerra de l'Eixample,44,2113,122,2,1
2026-01-01,2,Eixample,9,la Nova Esquerra de l'Eixample,44,2113,120,2,2
2026-01-01,2,Eixample,9,la Nova Esquerra de l'Eixample,44,2113,167,3,1
2026-01-01,2,Eixample,9,la Nova Esquerra de l'Eixample,44,2113,115,3,2
2026-01-01,2,Eixample,9,la Nova Esquerra de l'Eixample,44,2113,51,4,1
2026-01-01,2,Eixample,9,la Nova Esquerra de l'Eixample,44,2113,56,4,2
2026-01-01,2,Eixample,9,la Nova Esquerra de l'Eixample,44,2113,296,5,1
2026-01-01,2,Eixample,9,la Nova Esquerra de l'Eixample,44,2113,267,5,2
2026-01-01,2,Eixample,9,la Nova Esquerra de l'Eixample,44,2114,394,1,1
2026-01-01,2,Eixample,9,la Nova Esquerra de l'Eixample,44,2114,339,1,2
2026-01-01,2,Eixample,9,la Nova Esquerra de l'Eixample,44,2114,97,2,1
2026-01-01,2,Eixample,9,la Nova Esquerra de l'Eixample,44,2114,54,2,2
2026-01-01,2,Eixample,9,la Nova Esquerra de l'Eixample,44,2114,150,3,1
2026-01-01,2,Eixample,9,la Nova Esquerra de l'Eixample,44,2114,103,3,2
2026-01-01,2,Eixample,9,la Nova Esquerra de l'Eixample,44,2114,36,4,1
2026-01-01,2,Eixample,9,la Nova Esquerra de l'Eixample,44,2114,31,4,2
2026-01-01,2,Eixample,9,la Nova Esquerra de l'Eixample,44,2114,214,5,1
2026-01-01,2,Eixample,9,la Nova Esquerra de l'Eixample,44,2114,205,5,2
2026-01-01,2,Eixample,9,la Nova Esquerra de l'Eixample,44,2114,..,6,1
2026-01-01,2,Eixample,9,la Nova Esquerra de l'Eixample,45,2115,347,1,1
2026-01-01,2,Eixample,9,la Nova Esquerra de l'Eixample,45,2115,320,1,2
2026-01-01,2,Eixample,9,la Nova Esquerra de l'Eixample,45,2115,68,2,1
2026-01-01,2,Eixample,9,la Nova Esquerra de l'Eixample,45,2115,60,2,2
2026-01-01,2,Eixample,9,la Nova Esquerra de l'Eixample,45,2115,82,3,1
2026-01-01,2,Eixample,9,la Nova Esquerra de l'Eixample,45,2115,62,3,2
2026-01-01,2,Eixample,9,la Nova Esquerra de l'Eixample,45,2115,48,4,1
2026-01-01,2,Eixample,9,la Nova Esquerra de l'Eixample,45,2115,31,4,2
2026-01-01,2,Eixample,9,la Nova Esquerra de l'Eixample,45,2115,270,5,1
2026-01-01,2,Eixample,9,la Nova Esquerra de l'Eixample,45,2115,219,5,2
2026-01-01,2,Eixample,9,la Nova Esquerra de l'Eixample,45,2116,283,1,1
2026-01-01,2,Eixample,9,la Nova Esquerra de l'Eixample,45,2116,265,1,2
2026-01-01,2,Eixample,9,la Nova Esquerra de l'Eixample,45,2116,58,2,1
2026-01-01,2,Eixample,9,la Nova Esquerra de l'Eixample,45,2116,38,2,2
2026-01-01,2,Eixample,9,la Nova Esquerra de l'Eixample,45,2116,70,3,1
2026-01-01,2,Eixample,9,la Nova Esquerra de l'Eixample,45,2116,62,3,2
2026-01-01,2,Eixample,9,la Nova Esquerra de l'Eixample,45,2116,11,4,1
2026-01-01,2,Eixample,9,la Nova Esquerra de l'Eixample,45,2116,16,4,2
2026-01-01,2,Eixample,9,la Nova Esquerra de l'Eixample,45,2116,110,5,1
2026-01-01,2,Eixample,9,la Nova Esquerra de l'Eixample,45,2116,88,5,2
2026-01-01,2,Eixample,9,la Nova Esquerra de l'Eixample,45,2117,297,1,1
2026-01-01,2,Eixample,9,la Nova Esquerra de l'Eixample,45,2117,246,1,2
2026-01-01,2,Eixample,9,la Nova Esquerra de l'Eixample,45,2117,73,2,1
2026-01-01,2,Eixample,9,la Nova Esquerra de l'Eixample,45,2117,51,2,2
2026-01-01,2,Eixample,9,la Nova Esquerra de l'Eixample,45,2117,84,3,1
2026-01-01,2,Eixample,9,la Nova Esquerra de l'Eixample,45,2117,58,3,2
2026-01-01,2,Eixample,9,la Nova Esquerra de l'Eixample,45,2117,27,4,1
2026-01-01,2,Eixample,9,la Nova Esquerra de l'Eixample,45,2117,35,4,2
2026-01-01,2,Eixample,9,la Nova Esquerra de l'Eixample,45,2117,205,5,1
2026-01-01,2,Eixample,9,la Nova Esquerra de l'Eixample,45,2117,147,5,2
2026-01-01,2,Eixample,9,la Nova Esquerra de l'Eixample,45,2118,376,1,1
2026-01-01,2,Eixample,9,la Nova Esquerra de l'Eixample,45,2118,320,1,2
2026-01-01,2,Eixample,9,la Nova Esquerra de l'Eixample,45,2118,69,2,1
2026-01-01,2,Eixample,9,la Nova Esquerra de l'Eixample,45,2118,53,2,2
2026-01-01,2,Eixample,9,la Nova Esquerra de l'Eixample,45,2118,112,3,1
2026-01-01,2,Eixample,9,la Nova Esquerra de l'Eixample,45,2118,72,3,2
2026-01-01,2,Eixample,9,la Nova Esquerra de l'Eixample,45,2118,35,4,1
2026-01-01,2,Eixample,9,la Nova Esquerra de l'Eixample,45,2118,45,4,2
2026-01-01,2,Eixample,9,la Nova Esquerra de l'Eixample,45,2118,197,5,1
2026-01-01,2,Eixample,9,la Nova Esquerra de l'Eixample,45,2118,166,5,2
2026-01-01,2,Eixample,9,la Nova Esquerra de l'Eixample,45,2118,..,6,2
2026-01-01,2,Eixample,9,la Nova Esquerra de l'Eixample,45,2119,317,1,1
2026-01-01,2,Eixample,9,la Nova Esquerra de l'Eixample,45,2119,330,1,2
2026-01-01,2,Eixample,9,la Nova Esquerra de l'Eixample,45,2119,72,2,1
2026-01-01,2,Eixample,9,la Nova Esquerra de l'Eixample,45,2119,50,2,2
2026-01-01,2,Eixample,9,la Nova Esquerra de l'Eixample,45,2119,97,3,1
2026-01-01,2,Eixample,9,la Nova Esquerra de l'Eixample,45,2119,76,3,2
2026-01-01,2,Eixample,9,la Nova Esquerra de l'Eixample,45,2119,23,4,1
2026-01-01,2,Eixample,9,la Nova Esquerra de l'Eixample,45,2119,32,4,2
2026-01-01,2,Eixample,9,la Nova Esquerra de l'Eixample,45,2119,160,5,1
2026-01-01,2,Eixample,9,la Nova Esquerra de l'Eixample,45,2119,141,5,2
2026-01-01,2,Eixample,9,la Nova Esquerra de l'Eixample,45,2119,..,6,1
2026-01-01,2,Eixample,9,la Nova Esquerra de l'Eixample,45,2120,274,1,1
2026-01-01,2,Eixample,9,la Nova Esquerra de l'Eixample,45,2120,276,1,2
2026-01-01,2,Eixample,9,la Nova Esquerra de l'Eixample,45,2120,65,2,1
2026-01-01,2,Eixample,9,la Nova Esquerra de l'Eixample,45,2120,58,2,2
2026-01-01,2,Eixample,9,la Nova Esquerra de l'Eixample,45,2120,67,3,1
2026-01-01,2,Eixample,9,la Nova Esquerra de l'Eixample,45,2120,60,3,2
2026-01-01,2,Eixample,9,la Nova Esquerra de l'Eixample,45,2120,36,4,1
2026-01-01,2,Eixample,9,la Nova Esquerra de l'Eixample,45,2120,25,4,2
2026-01-01,2,Eixample,9,la Nova Esquerra de l'Eixample,45,2120,163,5,1
2026-01-01,2,Eixample,9,la Nova Esquerra de l'Eixample,45,2120,161,5,2
2026-01-01,2,Eixample,9,la Nova Esquerra de l'Eixample,45,2121,323,1,1
2026-01-01,2,Eixample,9,la Nova Esquerra de l'Eixample,45,2121,310,1,2
2026-01-01,2,Eixample,9,la Nova Esquerra de l'Eixample,45,2121,68,2,1
2026-01-01,2,Eixample,9,la Nova Esquerra de l'Eixample,45,2121,53,2,2
2026-01-01,2,Eixample,9,la Nova Esquerra de l'Eixample,45,2121,92,3,1
2026-01-01,2,Eixample,9,la Nova Esquerra de l'Eixample,45,2121,58,3,2
2026-01-01,2,Eixample,9,la Nova Esquerra de l'Eixample,45,2121,18,4,1
2026-01-01,2,Eixample,9,la Nova Esquerra de l'Eixample,45,2121,17,4,2
2026-01-01,2,Eixample,9,la Nova Esquerra de l'Eixample,45,2121,168,5,1
2026-01-01,2,Eixample,9,la Nova Esquerra de l'Eixample,45,2121,166,5,2
2026-01-01,2,Eixample,9,la Nova Esquerra de l'Eixample,45,2122,285,1,1
2026-01-01,2,Eixample,9,la Nova Esquerra de l'Eixample,45,2122,230,1,2
2026-01-01,2,Eixample,9,la Nova Esquerra de l'Eixample,45,2122,55,2,1
2026-01-01,2,Eixample,9,la Nova Esquerra de l'Eixample,45,2122,56,2,2
2026-01-01,2,Eixample,9,la Nova Esquerra de l'Eixample,45,2122,86,3,1
2026-01-01,2,Eixample,9,la Nova Esquerra de l'Eixample,45,2122,68,3,2
2026-01-01,2,Eixample,9,la Nova Esquerra de l'Eixample,45,2122,25,4,1
2026-01-01,2,Eixample,9,la Nova Esquerra de l'Eixample,45,2122,8,4,2
2026-01-01,2,Eixample,9,la Nova Esquerra de l'Eixample,45,2122,154,5,1
2026-01-01,2,Eixample,9,la Nova Esquerra de l'Eixample,45,2122,135,5,2
2026-01-01,2,Eixample,9,la Nova Esquerra de l'Eixample,45,2123,237,1,1
2026-01-01,2,Eixample,9,la Nova Esquerra de l'Eixample,45,2123,248,1,2
2026-01-01,2,Eixample,9,la Nova Esquerra de l'Eixample,45,2123,49,2,1
2026-01-01,2,Eixample,9,la Nova Esquerra de l'Eixample,45,2123,52,2,2
2026-01-01,2,Eixample,9,la Nova Esquerra de l'Eixample,45,2123,74,3,1
2026-01-01,2,Eixample,9,la Nova Esquerra de l'Eixample,45,2123,63,3,2
2026-01-01,2,Eixample,9,la Nova Esquerra de l'Eixample,45,2123,37,4,1
2026-01-01,2,Eixample,9,la Nova Esquerra de l'Eixample,45,2123,35,4,2
2026-01-01,2,Eixample,9,la Nova Esquerra de l'Eixample,45,2123,191,5,1
2026-01-01,2,Eixample,9,la Nova Esquerra de l'Eixample,45,2123,156,5,2
2026-01-01,2,Eixample,9,la Nova Esquerra de l'Eixample,46,2124,323,1,1
2026-01-01,2,Eixample,9,la Nova Esquerra de l'Eixample,46,2124,269,1,2
2026-01-01,2,Eixample,9,la Nova Esquerra de l'Eixample,46,2124,71,2,1
2026-01-01,2,Eixample,9,la Nova Esquerra de l'Eixample,46,2124,52,2,2
2026-01-01,2,Eixample,9,la Nova Esquerra de l'Eixample,46,2124,89,3,1
2026-01-01,2,Eixample,9,la Nova Esquerra de l'Eixample,46,2124,51,3,2
2026-01-01,2,Eixample,9,la Nova Esquerra de l'Eixample,46,2124,16,4,1
2026-01-01,2,Eixample,9,la Nova Esquerra de l'Eixample,46,2124,30,4,2
2026-01-01,2,Eixample,9,la Nova Esquerra de l'Eixample,46,2124,131,5,1
2026-01-01,2,Eixample,9,la Nova Esquerra de l'Eixample,46,2124,116,5,2
2026-01-01,2,Eixample,9,la Nova Esquerra de l'Eixample,46,2125,428,1,1
2026-01-01,2,Eixample,9,la Nova Esquerra de l'Eixample,46,2125,378,1,2
2026-01-01,2,Eixample,9,la Nova Esquerra de l'Eixample,46,2125,97,2,1
2026-01-01,2,Eixample,9,la Nova Esquerra de l'Eixample,46,2125,60,2,2
2026-01-01,2,Eixample,9,la Nova Esquerra de l'Eixample,46,2125,126,3,1
2026-01-01,2,Eixample,9,la Nova Esquerra de l'Eixample,46,2125,73,3,2
2026-01-01,2,Eixample,9,la Nova Esquerra de l'Eixample,46,2125,33,4,1
2026-01-01,2,Eixample,9,la Nova Esquerra de l'Eixample,46,2125,34,4,2
2026-01-01,2,Eixample,9,la Nova Esquerra de l'Eixample,46,2125,234,5,1
2026-01-01,2,Eixample,9,la Nova Esquerra de l'Eixample,46,2125,226,5,2
2026-01-01,2,Eixample,9,la Nova Esquerra de l'Eixample,46,2126,393,1,1
2026-01-01,2,Eixample,9,la Nova Esquerra de l'Eixample,46,2126,346,1,2
2026-01-01,2,Eixample,9,la Nova Esquerra de l'Eixample,46,2126,67,2,1
2026-01-01,2,Eixample,9,la Nova Esquerra de l'Eixample,46,2126,64,2,2
2026-01-01,2,Eixample,9,la Nova Esquerra de l'Eixample,46,2126,118,3,1
2026-01-01,2,Eixample,9,la Nova Esquerra de l'Eixample,46,2126,78,3,2
2026-01-01,2,Eixample,9,la Nova Esquerra de l'Eixample,46,2126,22,4,1
2026-01-01,2,Eixample,9,la Nova Esquerra de l'Eixample,46,2126,30,4,2
2026-01-01,2,Eixample,9,la Nova Esquerra de l'Eixample,46,2126,213,5,1
2026-01-01,2,Eixample,9,la Nova Esquerra de l'Eixample,46,2126,139,5,2
2026-01-01,2,Eixample,9,la Nova Esquerra de l'Eixample,46,2127,234,1,1
2026-01-01,2,Eixample,9,la Nova Esquerra de l'Eixample,46,2127,231,1,2
2026-01-01,2,Eixample,9,la Nova Esquerra de l'Eixample,46,2127,52,2,1
2026-01-01,2,Eixample,9,la Nova Esquerra de l'Eixample,46,2127,45,2,2
2026-01-01,2,Eixample,9,la Nova Esquerra de l'Eixample,46,2127,100,3,1
2026-01-01,2,Eixample,9,la Nova Esquerra de l'Eixample,46,2127,62,3,2
2026-01-01,2,Eixample,9,la Nova Esquerra de l'Eixample,46,2127,53,4,1
2026-01-01,2,Eixample,9,la Nova Esquerra de l'Eixample,46,2127,42,4,2
2026-01-01,2,Eixample,9,la Nova Esquerra de l'Eixample,46,2127,208,5,1
2026-01-01,2,Eixample,9,la Nova Esquerra de l'Eixample,46,2127,195,5,2
2026-01-01,2,Eixample,9,la Nova Esquerra de l'Eixample,46,2127,..,6,1
2026-01-01,2,Eixample,9,la Nova Esquerra de l'Eixample,46,2128,262,1,1
2026-01-01,2,Eixample,9,la Nova Esquerra de l'Eixample,46,2128,270,1,2
2026-01-01,2,Eixample,9,la Nova Esquerra de l'Eixample,46,2128,51,2,1
2026-01-01,2,Eixample,9,la Nova Esquerra de l'Eixample,46,2128,46,2,2
2026-01-01,2,Eixample,9,la Nova Esquerra de l'Eixample,46,2128,95,3,1
2026-01-01,2,Eixample,9,la Nova Esquerra de l'Eixample,46,2128,61,3,2
2026-01-01,2,Eixample,9,la Nova Esquerra de l'Eixample,46,2128,38,4,1
2026-01-01,2,Eixample,9,la Nova Esquerra de l'Eixample,46,2128,28,4,2
2026-01-01,2,Eixample,9,la Nova Esquerra de l'Eixample,46,2128,271,5,1
2026-01-01,2,Eixample,9,la Nova Esquerra de l'Eixample,46,2128,220,5,2
2026-01-01,2,Eixample,9,la Nova Esquerra de l'Eixample,46,2129,339,1,1
2026-01-01,2,Eixample,9,la Nova Esquerra de l'Eixample,46,2129,303,1,2
2026-01-01,2,Eixample,9,la Nova Esquerra de l'Eixample,46,2129,63,2,1
2026-01-01,2,Eixample,9,la Nova Esquerra de l'Eixample,46,2129,60,2,2
2026-01-01,2,Eixample,9,la Nova Esquerra de l'Eixample,46,2129,163,3,1
2026-01-01,2,Eixample,9,la Nova Esquerra de l'Eixample,46,2129,122,3,2
2026-01-01,2,Eixample,9,la Nova Esquerra de l'Eixample,46,2129,30,4,1
2026-01-01,2,Eixample,9,la Nova Esquerra de l'Eixample,46,2129,20,4,2
2026-01-01,2,Eixample,9,la Nova Esquerra de l'Eixample,46,2129,275,5,1
2026-01-01,2,Eixample,9,la Nova Esquerra de l'Eixample,46,2129,202,5,2
2026-01-01,2,Eixample,9,la Nova Esquerra de l'Eixample,47,2130,291,1,1
2026-01-01,2,Eixample,9,la Nova Esquerra de l'Eixample,47,2130,278,1,2
2026-01-01,2,Eixample,9,la Nova Esquerra de l'Eixample,47,2130,76,2,1
2026-01-01,2,Eixample,9,la Nova Esquerra de l'Eixample,47,2130,70,2,2
2026-01-01,2,Eixample,9,la Nova Esquerra de l'Eixample,47,2130,101,3,1
2026-01-01,2,Eixample,9,la Nova Esquerra de l'Eixample,47,2130,77,3,2
2026-01-01,2,Eixample,9,la Nova Esquerra de l'Eixample,47,2130,23,4,1
2026-01-01,2,Eixample,9,la Nova Esquerra de l'Eixample,47,2130,12,4,2
2026-01-01,2,Eixample,9,la Nova Esquerra de l'Eixample,47,2130,84,5,1
2026-01-01,2,Eixample,9,la Nova Esquerra de l'Eixample,47,2130,58,5,2
2026-01-01,2,Eixample,9,la Nova Esquerra de l'Eixample,47,2131,231,1,1
2026-01-01,2,Eixample,9,la Nova Esquerra de l'Eixample,47,2131,212,1,2
2026-01-01,2,Eixample,9,la Nova Esquerra de l'Eixample,47,2131,55,2,1
2026-01-01,2,Eixample,9,la Nova Esquerra de l'Eixample,47,2131,45,2,2
2026-01-01,2,Eixample,9,la Nova Esquerra de l'Eixample,47,2131,92,3,1
2026-01-01,2,Eixample,9,la Nova Esquerra de l'Eixample,47,2131,67,3,2
2026-01-01,2,Eixample,9,la Nova Esquerra de l'Eixample,47,2131,29,4,1
2026-01-01,2,Eixample,9,la Nova Esquerra de l'Eixample,47,2131,28,4,2
2026-01-01,2,Eixample,9,la Nova Esquerra de l'Eixample,47,2131,209,5,1
2026-01-01,2,Eixample,9,la Nova Esquerra de l'Eixample,47,2131,211,5,2
2026-01-01,2,Eixample,9,la Nova Esquerra de l'Eixample,47,2132,188,1,1
2026-01-01,2,Eixample,9,la Nova Esquerra de l'Eixample,47,2132,223,1,2
2026-01-01,2,Eixample,9,la Nova Esquerra de l'Eixample,47,2132,48,2,1
2026-01-01,2,Eixample,9,la Nova Esquerra de l'Eixample,47,2132,42,2,2
2026-01-01,2,Eixample,9,la Nova Esquerra de l'Eixample,47,2132,113,3,1
2026-01-01,2,Eixample,9,la Nova Esquerra de l'Eixample,47,2132,77,3,2
2026-01-01,2,Eixample,9,la Nova Esquerra de l'Eixample,47,2132,24,4,1
2026-01-01,2,Eixample,9,la Nova Esquerra de l'Eixample,47,2132,17,4,2
2026-01-01,2,Eixample,9,la Nova Esquerra de l'Eixample,47,2132,160,5,1
2026-01-01,2,Eixample,9,la Nova Esquerra de l'Eixample,47,2132,144,5,2
2026-01-01,2,Eixample,9,la Nova Esquerra de l'Eixample,47,2132,..,6,1
2026-01-01,2,Eixample,9,la Nova Esquerra de l'Eixample,47,2133,212,1,1
2026-01-01,2,Eixample,9,la Nova Esquerra de l'Eixample,47,2133,193,1,2
2026-01-01,2,Eixample,9,la Nova Esquerra de l'Eixample,47,2133,46,2,1
2026-01-01,2,Eixample,9,la Nova Esquerra de l'Eixample,47,2133,42,2,2
2026-01-01,2,Eixample,9,la Nova Esquerra de l'Eixample,47,2133,128,3,1
2026-01-01,2,Eixample,9,la Nova Esquerra de l'Eixample,47,2133,81,3,2
2026-01-01,2,Eixample,9,la Nova Esquerra de l'Eixample,47,2133,14,4,1
2026-01-01,2,Eixample,9,la Nova Esquerra de l'Eixample,47,2133,15,4,2
2026-01-01,2,Eixample,9,la Nova Esquerra de l'Eixample,47,2133,83,5,1
2026-01-01,2,Eixample,9,la Nova Esquerra de l'Eixample,47,2133,60,5,2
2026-01-01,2,Eixample,9,la Nova Esquerra de l'Eixample,47,2134,321,1,1
2026-01-01,2,Eixample,9,la Nova Esquerra de l'Eixample,47,2134,322,1,2
2026-01-01,2,Eixample,9,la Nova Esquerra de l'Eixample,47,2134,64,2,1
2026-01-01,2,Eixample,9,la Nova Esquerra de l'Eixample,47,2134,53,2,2
2026-01-01,2,Eixample,9,la Nova Esquerra de l'Eixample,47,2134,112,3,1
2026-01-01,2,Eixample,9,la Nova Esquerra de l'Eixample,47,2134,100,3,2
2026-01-01,2,Eixample,9,la Nova Esquerra de l'Eixample,47,2134,37,4,1
2026-01-01,2,Eixample,9,la Nova Esquerra de l'Eixample,47,2134,38,4,2
2026-01-01,2,Eixample,9,la Nova Esquerra de l'Eixample,47,2134,240,5,1
2026-01-01,2,Eixample,9,la Nova Esquerra de l'Eixample,47,2134,226,5,2
2026-01-01,2,Eixample,9,la Nova Esquerra de l'Eixample,47,2134,..,6,1
2026-01-01,2,Eixample,9,la Nova Esquerra de l'Eixample,47,2135,423,1,1
2026-01-01,2,Eixample,9,la Nova Esquerra de l'Eixample,47,2135,390,1,2
2026-01-01,2,Eixample,9,la Nova Esquerra de l'Eixample,47,2135,83,2,1
2026-01-01,2,Eixample,9,la Nova Esquerra de l'Eixample,47,2135,77,2,2
2026-01-01,2,Eixample,9,la Nova Esquerra de l'Eixample,47,2135,148,3,1
2026-01-01,2,Eixample,9,la Nova Esquerra de l'Eixample,47,2135,101,3,2
2026-01-01,2,Eixample,9,la Nova Esquerra de l'Eixample,47,2135,54,4,1
2026-01-01,2,Eixample,9,la Nova Esquerra de l'Eixample,47,2135,55,4,2
2026-01-01,2,Eixample,9,la Nova Esquerra de l'Eixample,47,2135,407,5,1
2026-01-01,2,Eixample,9,la Nova Esquerra de l'Eixample,47,2135,340,5,2
2026-01-01,2,Eixample,9,la Nova Esquerra de l'Eixample,47,2135,..,6,2
2026-01-01,2,Eixample,9,la Nova Esquerra de l'Eixample,47,2136,212,1,1
2026-01-01,2,Eixample,9,la Nova Esquerra de l'Eixample,47,2136,193,1,2
2026-01-01,2,Eixample,9,la Nova Esquerra de l'Eixample,47,2136,47,2,1
2026-01-01,2,Eixample,9,la Nova Esquerra de l'Eixample,47,2136,35,2,2
2026-01-01,2,Eixample,9,la Nova Esquerra de l'Eixample,47,2136,63,3,1
2026-01-01,2,Eixample,9,la Nova Esquerra de l'Eixample,47,2136,42,3,2
2026-01-01,2,Eixample,9,la Nova Esquerra de l'Eixample,47,2136,20,4,1
2026-01-01,2,Eixample,9,la Nova Esquerra de l'Eixample,47,2136,16,4,2
2026-01-01,2,Eixample,9,la Nova Esquerra de l'Eixample,47,2136,133,5,1
2026-01-01,2,Eixample,9,la Nova Esquerra de l'Eixample,47,2136,131,5,2
2026-01-01,2,Eixample,9,la Nova Esquerra de l'Eixample,48,2137,324,1,1
2026-01-01,2,Eixample,9,la Nova Esquerra de l'Eixample,48,2137,286,1,2
2026-01-01,2,Eixample,9,la Nova Esquerra de l'Eixample,48,2137,51,2,1
2026-01-01,2,Eixample,9,la Nova Esquerra de l'Eixample,48,2137,49,2,2
2026-01-01,2,Eixample,9,la Nova Esquerra de l'Eixample,48,2137,86,3,1
2026-01-01,2,Eixample,9,la Nova Esquerra de l'Eixample,48,2137,59,3,2
2026-01-01,2,Eixample,9,la Nova Esquerra de l'Eixample,48,2137,44,4,1
2026-01-01,2,Eixample,9,la Nova Esquerra de l'Eixample,48,2137,56,4,2
2026-01-01,2,Eixample,9,la Nova Esquerra de l'Eixample,48,2137,284,5,1
2026-01-01,2,Eixample,9,la Nova Esquerra de l'Eixample,48,2137,262,5,2
2026-01-01,2,Eixample,9,la Nova Esquerra de l'Eixample,48,2137,..,6,1
2026-01-01,2,Eixample,9,la Nova Esquerra de l'Eixample,48,2137,..,6,2
2026-01-01,2,Eixample,9,la Nova Esquerra de l'Eixample,48,2138,491,1,1
2026-01-01,2,Eixample,9,la Nova Esquerra de l'Eixample,48,2138,436,1,2
2026-01-01,2,Eixample,9,la Nova Esquerra de l'Eixample,48,2138,94,2,1
2026-01-01,2,Eixample,9,la Nova Esquerra de l'Eixample,48,2138,71,2,2
2026-01-01,2,Eixample,9,la Nova Esquerra de l'Eixample,48,2138,121,3,1
2026-01-01,2,Eixample,9,la Nova Esquerra de l'Eixample,48,2138,86,3,2
2026-01-01,2,Eixample,9,la Nova Esquerra de l'Eixample,48,2138,40,4,1
2026-01-01,2,Eixample,9,la Nova Esquerra de l'Eixample,48,2138,61,4,2
2026-01-01,2,Eixample,9,la Nova Esquerra de l'Eixample,48,2138,318,5,1
2026-01-01,2,Eixample,9,la Nova Esquerra de l'Eixample,48,2138,261,5,2
2026-01-01,2,Eixample,9,la Nova Esquerra de l'Eixample,48,2138,..,6,2
2026-01-01,2,Eixample,9,la Nova Esquerra de l'Eixample,48,2139,317,1,1
2026-01-01,2,Eixample,9,la Nova Esquerra de l'Eixample,48,2139,285,1,2
2026-01-01,2,Eixample,9,la Nova Esquerra de l'Eixample,48,2139,72,2,1
2026-01-01,2,Eixample,9,la Nova Esquerra de l'Eixample,48,2139,64,2,2
2026-01-01,2,Eixample,9,la Nova Esquerra de l'Eixample,48,2139,116,3,1
2026-01-01,2,Eixample,9,la Nova Esquerra de l'Eixample,48,2139,84,3,2
2026-01-01,2,Eixample,9,la Nova Esquerra de l'Eixample,48,2139,72,4,1
2026-01-01,2,Eixample,9,la Nova Esquerra de l'Eixample,48,2139,77,4,2
2026-01-01,2,Eixample,9,la Nova Esquerra de l'Eixample,48,2139,350,5,1
2026-01-01,2,Eixample,9,la Nova Esquerra de l'Eixample,48,2139,304,5,2
2026-01-01,2,Eixample,9,la Nova Esquerra de l'Eixample,48,2139,..,6,1
2026-01-01,2,Eixample,9,la Nova Esquerra de l'Eixample,48,2140,441,1,1
2026-01-01,2,Eixample,9,la Nova Esquerra de l'Eixample,48,2140,416,1,2
2026-01-01,2,Eixample,9,la Nova Esquerra de l'Eixample,48,2140,95,2,1
2026-01-01,2,Eixample,9,la Nova Esquerra de l'Eixample,48,2140,89,2,2
2026-01-01,2,Eixample,9,la Nova Esquerra de l'Eixample,48,2140,121,3,1
2026-01-01,2,Eixample,9,la Nova Esquerra de l'Eixample,48,2140,101,3,2
2026-01-01,2,Eixample,9,la Nova Esquerra de l'Eixample,48,2140,61,4,1
2026-01-01,2,Eixample,9,la Nova Esquerra de l'Eixample,48,2140,51,4,2
2026-01-01,2,Eixample,9,la Nova Esquerra de l'Eixample,48,2140,269,5,1
2026-01-01,2,Eixample,9,la Nova Esquerra de l'Eixample,48,2140,258,5,2
2026-01-01,2,Eixample,9,la Nova Esquerra de l'Eixample,48,2140,..,6,1
2026-01-01,2,Eixample,9,la Nova Esquerra de l'Eixample,48,2140,..,6,2
2026-01-01,2,Eixample,9,la Nova Esquerra de l'Eixample,48,2141,289,1,1
2026-01-01,2,Eixample,9,la Nova Esquerra de l'Eixample,48,2141,237,1,2
2026-01-01,2,Eixample,9,la Nova Esquerra de l'Eixample,48,2141,42,2,1
2026-01-01,2,Eixample,9,la Nova Esquerra de l'Eixample,48,2141,51,2,2
2026-01-01,2,Eixample,9,la Nova Esquerra de l'Eixample,48,2141,100,3,1
2026-01-01,2,Eixample,9,la Nova Esquerra de l'Eixample,48,2141,55,3,2
2026-01-01,2,Eixample,9,la Nova Esquerra de l'Eixample,48,2141,20,4,1
2026-01-01,2,Eixample,9,la Nova Esquerra de l'Eixample,48,2141,25,4,2
2026-01-01,2,Eixample,9,la Nova Esquerra de l'Eixample,48,2141,229,5,1
2026-01-01,2,Eixample,9,la Nova Esquerra de l'Eixample,48,2141,181,5,2
2026-01-01,2,Eixample,9,la Nova Esquerra de l'Eixample,48,2141,..,6,2
2026-01-01,2,Eixample,9,la Nova Esquerra de l'Eixample,49,2142,425,1,1
2026-01-01,2,Eixample,9,la Nova Esquerra de l'Eixample,49,2142,368,1,2
2026-01-01,2,Eixample,9,la Nova Esquerra de l'Eixample,49,2142,76,2,1
2026-01-01,2,Eixample,9,la Nova Esquerra de l'Eixample,49,2142,81,2,2
2026-01-01,2,Eixample,9,la Nova Esquerra de l'Eixample,49,2142,125,3,1
2026-01-01,2,Eixample,9,la Nova Esquerra de l'Eixample,49,2142,73,3,2
2026-01-01,2,Eixample,9,la Nova Esquerra de l'Eixample,49,2142,51,4,1
2026-01-01,2,Eixample,9,la Nova Esquerra de l'Eixample,49,2142,70,4,2
2026-01-01,2,Eixample,9,la Nova Esquerra de l'Eixample,49,2142,355,5,1
2026-01-01,2,Eixample,9,la Nova Esquerra de l'Eixample,49,2142,354,5,2
2026-01-01,2,Eixample,9,la Nova Esquerra de l'Eixample,49,2143,335,1,1
2026-01-01,2,Eixample,9,la Nova Esquerra de l'Eixample,49,2143,326,1,2
2026-01-01,2,Eixample,9,la Nova Esquerra de l'Eixample,49,2143,59,2,1
2026-01-01,2,Eixample,9,la Nova Esquerra de l'Eixample,49,2143,73,2,2
2026-01-01,2,Eixample,9,la Nova Esquerra de l'Eixample,49,2143,88,3,1
2026-01-01,2,Eixample,9,la Nova Esquerra de l'Eixample,49,2143,72,3,2
2026-01-01,2,Eixample,9,la Nova Esquerra de l'Eixample,49,2143,48,4,1
2026-01-01,2,Eixample,9,la Nova Esquerra de l'Eixample,49,2143,52,4,2
2026-01-01,2,Eixample,9,la Nova Esquerra de l'Eixample,49,2143,294,5,1
2026-01-01,2,Eixample,9,la Nova Esquerra de l'Eixample,49,2143,244,5,2
2026-01-01,2,Eixample,9,la Nova Esquerra de l'Eixample,49,2143,..,6,2
2026-01-01,2,Eixample,9,la Nova Esquerra de l'Eixample,49,2144,335,1,1
2026-01-01,2,Eixample,9,la Nova Esquerra de l'Eixample,49,2144,283,1,2
2026-01-01,2,Eixample,9,la Nova Esquerra de l'Eixample,49,2144,63,2,1
2026-01-01,2,Eixample,9,la Nova Esquerra de l'Eixample,49,2144,48,2,2
2026-01-01,2,Eixample,9,la Nova Esquerra de l'Eixample,49,2144,94,3,1
2026-01-01,2,Eixample,9,la Nova Esquerra de l'Eixample,49,2144,75,3,2
2026-01-01,2,Eixample,9,la Nova Esquerra de l'Eixample,49,2144,72,4,1
2026-01-01,2,Eixample,9,la Nova Esquerra de l'Eixample,49,2144,68,4,2
2026-01-01,2,Eixample,9,la Nova Esquerra de l'Eixample,49,2144,265,5,1
2026-01-01,2,Eixample,9,la Nova Esquerra de l'Eixample,49,2144,258,5,2
2026-01-01,2,Eixample,9,la Nova Esquerra de l'Eixample,49,2144,..,6,1
2026-01-01,2,Eixample,9,la Nova Esquerra de l'Eixample,49,2144,..,6,2
2026-01-01,2,Eixample,9,la Nova Esquerra de l'Eixample,49,2145,233,1,1
2026-01-01,2,Eixample,9,la Nova Esquerra de l'Eixample,49,2145,236,1,2
2026-01-01,2,Eixample,9,la Nova Esquerra de l'Eixample,49,2145,64,2,1
2026-01-01,2,Eixample,9,la Nova Esquerra de l'Eixample,49,2145,53,2,2
2026-01-01,2,Eixample,9,la Nova Esquerra de l'Eixample,49,2145,76,3,1
2026-01-01,2,Eixample,9,la Nova Esquerra de l'Eixample,49,2145,64,3,2
2026-01-01,2,Eixample,9,la Nova Esquerra de l'Eixample,49,2145,50,4,1
2026-01-01,2,Eixample,9,la Nova Esquerra de l'Eixample,49,2145,49,4,2
2026-01-01,2,Eixample,9,la Nova Esquerra de l'Eixample,49,2145,259,5,1
2026-01-01,2,Eixample,9,la Nova Esquerra de l'Eixample,49,2145,242,5,2
2026-01-01,2,Eixample,9,la Nova Esquerra de l'Eixample,49,2145,..,6,2
2026-01-01,2,Eixample,9,la Nova Esquerra de l'Eixample,50,2146,251,1,1
2026-01-01,2,Eixample,9,la Nova Esquerra de l'Eixample,50,2146,244,1,2
2026-01-01,2,Eixample,9,la Nova Esquerra de l'Eixample,50,2146,58,2,1
2026-01-01,2,Eixample,9,la Nova Esquerra de l'Eixample,50,2146,42,2,2
2026-01-01,2,Eixample,9,la Nova Esquerra de l'Eixample,50,2146,90,3,1
2026-01-01,2,Eixample,9,la Nova Esquerra de l'Eixample,50,2146,70,3,2
2026-01-01,2,Eixample,9,la Nova Esquerra de l'Eixample,50,2146,29,4,1
2026-01-01,2,Eixample,9,la Nova Esquerra de l'Eixample,50,2146,28,4,2
2026-01-01,2,Eixample,9,la Nova Esquerra de l'Eixample,50,2146,246,5,1
2026-01-01,2,Eixample,9,la Nova Esquerra de l'Eixample,50,2146,209,5,2
2026-01-01,2,Eixample,9,la Nova Esquerra de l'Eixample,50,2146,..,6,2
2026-01-01,2,Eixample,9,la Nova Esquerra de l'Eixample,50,2147,466,1,1
2026-01-01,2,Eixample,9,la Nova Esquerra de l'Eixample,50,2147,477,1,2
2026-01-01,2,Eixample,9,la Nova Esquerra de l'Eixample,50,2147,94,2,1
2026-01-01,2,Eixample,9,la Nova Esquerra de l'Eixample,50,2147,87,2,2
2026-01-01,2,Eixample,9,la Nova Esquerra de l'Eixample,50,2147,134,3,1
2026-01-01,2,Eixample,9,la Nova Esquerra de l'Eixample,50,2147,94,3,2
2026-01-01,2,Eixample,9,la Nova Esquerra de l'Eixample,50,2147,48,4,1
2026-01-01,2,Eixample,9,la Nova Esquerra de l'Eixample,50,2147,59,4,2
2026-01-01,2,Eixample,9,la Nova Esquerra de l'Eixample,50,2147,362,5,1
2026-01-01,2,Eixample,9,la Nova Esquerra de l'Eixample,50,2147,312,5,2
2026-01-01,2,Eixample,9,la Nova Esquerra de l'Eixample,50,2148,343,1,1
2026-01-01,2,Eixample,9,la Nova Esquerra de l'Eixample,50,2148,331,1,2
2026-01-01,2,Eixample,9,la Nova Esquerra de l'Eixample,50,2148,77,2,1
2026-01-01,2,Eixample,9,la Nova Esquerra de l'Eixample,50,2148,60,2,2
2026-01-01,2,Eixample,9,la Nova Esquerra de l'Eixample,50,2148,107,3,1
2026-01-01,2,Eixample,9,la Nova Esquerra de l'Eixample,50,2148,105,3,2
2026-01-01,2,Eixample,9,la Nova Esquerra de l'Eixample,50,2148,48,4,1
2026-01-01,2,Eixample,9,la Nova Esquerra de l'Eixample,50,2148,45,4,2
2026-01-01,2,Eixample,9,la Nova Esquerra de l'Eixample,50,2148,244,5,1
2026-01-01,2,Eixample,9,la Nova Esquerra de l'Eixample,50,2148,239,5,2
2026-01-01,2,Eixample,9,la Nova Esquerra de l'Eixample,50,2148,..,6,1
2026-01-01,2,Eixample,9,la Nova Esquerra de l'Eixample,50,2149,382,1,1
2026-01-01,2,Eixample,9,la Nova Esquerra de l'Eixample,50,2149,393,1,2
2026-01-01,2,Eixample,9,la Nova Esquerra de l'Eixample,50,2149,72,2,1
2026-01-01,2,Eixample,9,la Nova Esquerra de l'Eixample,50,2149,59,2,2
2026-01-01,2,Eixample,9,la Nova Esquerra de l'Eixample,50,2149,120,3,1
2026-01-01,2,Eixample,9,la Nova Esquerra de l'Eixample,50,2149,88,3,2
2026-01-01,2,Eixample,9,la Nova Esquerra de l'Eixample,50,2149,64,4,1
2026-01-01,2,Eixample,9,la Nova Esquerra de l'Eixample,50,2149,58,4,2
2026-01-01,2,Eixample,9,la Nova Esquerra de l'Eixample,50,2149,331,5,1
2026-01-01,2,Eixample,9,la Nova Esquerra de l'Eixample,50,2149,302,5,2
2026-01-01,2,Eixample,9,la Nova Esquerra de l'Eixample,50,2149,..,6,1
2026-01-01,2,Eixample,9,la Nova Esquerra de l'Eixample,50,2149,..,6,2
2026-01-01,2,Eixample,10,Sant Antoni,51,2150,261,1,1
2026-01-01,2,Eixample,10,Sant Antoni,51,2150,248,1,2
2026-01-01,2,Eixample,10,Sant Antoni,51,2150,61,2,1
2026-01-01,2,Eixample,10,Sant Antoni,51,2150,50,2,2
2026-01-01,2,Eixample,10,Sant Antoni,51,2150,98,3,1
2026-01-01,2,Eixample,10,Sant Antoni,51,2150,84,3,2
2026-01-01,2,Eixample,10,Sant Antoni,51,2150,32,4,1
2026-01-01,2,Eixample,10,Sant Antoni,51,2150,56,4,2
2026-01-01,2,Eixample,10,Sant Antoni,51,2150,326,5,1
2026-01-01,2,Eixample,10,Sant Antoni,51,2150,287,5,2
2026-01-01,2,Eixample,10,Sant Antoni,51,2151,328,1,1
2026-01-01,2,Eixample,10,Sant Antoni,51,2151,317,1,2
2026-01-01,2,Eixample,10,Sant Antoni,51,2151,62,2,1
2026-01-01,2,Eixample,10,Sant Antoni,51,2151,54,2,2
2026-01-01,2,Eixample,10,Sant Antoni,51,2151,103,3,1
2026-01-01,2,Eixample,10,Sant Antoni,51,2151,69,3,2
2026-01-01,2,Eixample,10,Sant Antoni,51,2151,55,4,1
2026-01-01,2,Eixample,10,Sant Antoni,51,2151,42,4,2
2026-01-01,2,Eixample,10,Sant Antoni,51,2151,265,5,1
2026-01-01,2,Eixample,10,Sant Antoni,51,2151,248,5,2
2026-01-01,2,Eixample,10,Sant Antoni,51,2152,283,1,1
2026-01-01,2,Eixample,10,Sant Antoni,51,2152,270,1,2
2026-01-01,2,Eixample,10,Sant Antoni,51,2152,51,2,1
2026-01-01,2,Eixample,10,Sant Antoni,51,2152,43,2,2
2026-01-01,2,Eixample,10,Sant Antoni,51,2152,97,3,1
2026-01-01,2,Eixample,10,Sant Antoni,51,2152,67,3,2
2026-01-01,2,Eixample,10,Sant Antoni,51,2152,39,4,1
2026-01-01,2,Eixample,10,Sant Antoni,51,2152,40,4,2
2026-01-01,2,Eixample,10,Sant Antoni,51,2152,182,5,1
2026-01-01,2,Eixample,10,Sant Antoni,51,2152,176,5,2
2026-01-01,2,Eixample,10,Sant Antoni,51,2153,375,1,1
2026-01-01,2,Eixample,10,Sant Antoni,51,2153,339,1,2
2026-01-01,2,Eixample,10,Sant Antoni,51,2153,62,2,1
2026-01-01,2,Eixample,10,Sant Antoni,51,2153,49,2,2
2026-01-01,2,Eixample,10,Sant Antoni,51,2153,96,3,1
2026-01-01,2,Eixample,10,Sant Antoni,51,2153,68,3,2
2026-01-01,2,Eixample,10,Sant Antoni,51,2153,40,4,1
2026-01-01,2,Eixample,10,Sant Antoni,51,2153,38,4,2
2026-01-01,2,Eixample,10,Sant Antoni,51,2153,179,5,1
2026-01-01,2,Eixample,10,Sant Antoni,51,2153,161,5,2
2026-01-01,2,Eixample,10,Sant Antoni,51,2154,190,1,1
2026-01-01,2,Eixample,10,Sant Antoni,51,2154,167,1,2
2026-01-01,2,Eixample,10,Sant Antoni,51,2154,43,2,1
2026-01-01,2,Eixample,10,Sant Antoni,51,2154,43,2,2
2026-01-01,2,Eixample,10,Sant Antoni,51,2154,56,3,1
2026-01-01,2,Eixample,10,Sant Antoni,51,2154,46,3,2
2026-01-01,2,Eixample,10,Sant Antoni,51,2154,36,4,1
2026-01-01,2,Eixample,10,Sant Antoni,51,2154,38,4,2
2026-01-01,2,Eixample,10,Sant Antoni,51,2154,228,5,1
2026-01-01,2,Eixample,10,Sant Antoni,51,2154,188,5,2
2026-01-01,2,Eixample,10,Sant Antoni,51,2155,433,1,1
2026-01-01,2,Eixample,10,Sant Antoni,51,2155,403,1,2
2026-01-01,2,Eixample,10,Sant Antoni,51,2155,59,2,1
2026-01-01,2,Eixample,10,Sant Antoni,51,2155,56,2,2
2026-01-01,2,Eixample,10,Sant Antoni,51,2155,153,3,1
2026-01-01,2,Eixample,10,Sant Antoni,51,2155,86,3,2
2026-01-01,2,Eixample,10,Sant Antoni,51,2155,44,4,1
2026-01-01,2,Eixample,10,Sant Antoni,51,2155,44,4,2
2026-01-01,2,Eixample,10,Sant Antoni,51,2155,290,5,1
2026-01-01,2,Eixample,10,Sant Antoni,51,2155,246,5,2
2026-01-01,2,Eixample,10,Sant Antoni,51,2155,..,6,1
2026-01-01,2,Eixample,10,Sant Antoni,51,2155,..,6,2
2026-01-01,2,Eixample,10,Sant Antoni,51,2156,333,1,1
2026-01-01,2,Eixample,10,Sant Antoni,51,2156,309,1,2
2026-01-01,2,Eixample,10,Sant Antoni,51,2156,43,2,1
2026-01-01,2,Eixample,10,Sant Antoni,51,2156,42,2,2
2026-01-01,2,Eixample,10,Sant Antoni,51,2156,86,3,1
2026-01-01,2,Eixample,10,Sant Antoni,51,2156,67,3,2
2026-01-01,2,Eixample,10,Sant Antoni,51,2156,37,4,1
2026-01-01,2,Eixample,10,Sant Antoni,51,2156,42,4,2
2026-01-01,2,Eixample,10,Sant Antoni,51,2156,206,5,1
2026-01-01,2,Eixample,10,Sant Antoni,51,2156,151,5,2
2026-01-01,2,Eixample,10,Sant Antoni,51,2157,304,1,1
2026-01-01,2,Eixample,10,Sant Antoni,51,2157,283,1,2
2026-01-01,2,Eixample,10,Sant Antoni,51,2157,52,2,1
2026-01-01,2,Eixample,10,Sant Antoni,51,2157,43,2,2
2026-01-01,2,Eixample,10,Sant Antoni,51,2157,79,3,1
2026-01-01,2,Eixample,10,Sant Antoni,51,2157,61,3,2
2026-01-01,2,Eixample,10,Sant Antoni,51,2157,33,4,1
2026-01-01,2,Eixample,10,Sant Antoni,51,2157,37,4,2
2026-01-01,2,Eixample,10,Sant Antoni,51,2157,206,5,1
2026-01-01,2,Eixample,10,Sant Antoni,51,2157,186,5,2
2026-01-01,2,Eixample,10,Sant Antoni,52,2158,378,1,1
2026-01-01,2,Eixample,10,Sant Antoni,52,2158,379,1,2
2026-01-01,2,Eixample,10,Sant Antoni,52,2158,69,2,1
2026-01-01,2,Eixample,10,Sant Antoni,52,2158,56,2,2
2026-01-01,2,Eixample,10,Sant Antoni,52,2158,112,3,1
2026-01-01,2,Eixample,10,Sant Antoni,52,2158,81,3,2
2026-01-01,2,Eixample,10,Sant Antoni,52,2158,56,4,1
2026-01-01,2,Eixample,10,Sant Antoni,52,2158,44,4,2
2026-01-01,2,Eixample,10,Sant Antoni,52,2158,265,5,1
2026-01-01,2,Eixample,10,Sant Antoni,52,2158,236,5,2
2026-01-01,2,Eixample,10,Sant Antoni,52,2159,430,1,1
2026-01-01,2,Eixample,10,Sant Antoni,52,2159,400,1,2
2026-01-01,2,Eixample,10,Sant Antoni,52,2159,71,2,1
2026-01-01,2,Eixample,10,Sant Antoni,52,2159,77,2,2
2026-01-01,2,Eixample,10,Sant Antoni,52,2159,125,3,1
2026-01-01,2,Eixample,10,Sant Antoni,52,2159,96,3,2
2026-01-01,2,Eixample,10,Sant Antoni,52,2159,70,4,1
2026-01-01,2,Eixample,10,Sant Antoni,52,2159,67,4,2
2026-01-01,2,Eixample,10,Sant Antoni,52,2159,315,5,1
2026-01-01,2,Eixample,10,Sant Antoni,52,2159,315,5,2
2026-01-01,2,Eixample,10,Sant Antoni,52,2160,464,1,1
2026-01-01,2,Eixample,10,Sant Antoni,52,2160,458,1,2
2026-01-01,2,Eixample,10,Sant Antoni,52,2160,96,2,1
2026-01-01,2,Eixample,10,Sant Antoni,52,2160,81,2,2
2026-01-01,2,Eixample,10,Sant Antoni,52,2160,130,3,1
2026-01-01,2,Eixample,10,Sant Antoni,52,2160,121,3,2
2026-01-01,2,Eixample,10,Sant Antoni,52,2160,71,4,1
2026-01-01,2,Eixample,10,Sant Antoni,52,2160,68,4,2
2026-01-01,2,Eixample,10,Sant Antoni,52,2160,294,5,1
2026-01-01,2,Eixample,10,Sant Antoni,52,2160,298,5,2
2026-01-01,2,Eixample,10,Sant Antoni,52,2160,..,6,1
2026-01-01,2,Eixample,10,Sant Antoni,52,2161,236,1,1
2026-01-01,2,Eixample,10,Sant Antoni,52,2161,245,1,2
2026-01-01,2,Eixample,10,Sant Antoni,52,2161,32,2,1
2026-01-01,2,Eixample,10,Sant Antoni,52,2161,40,2,2
2026-01-01,2,Eixample,10,Sant Antoni,52,2161,64,3,1
2026-01-01,2,Eixample,10,Sant Antoni,52,2161,51,3,2
2026-01-01,2,Eixample,10,Sant Antoni,52,2161,41,4,1
2026-01-01,2,Eixample,10,Sant Antoni,52,2161,49,4,2
2026-01-01,2,Eixample,10,Sant Antoni,52,2161,218,5,1
2026-01-01,2,Eixample,10,Sant Antoni,52,2161,174,5,2
2026-01-01,2,Eixample,10,Sant Antoni,52,2162,310,1,1
2026-01-01,2,Eixample,10,Sant Antoni,52,2162,286,1,2
2026-01-01,2,Eixample,10,Sant Antoni,52,2162,46,2,1
2026-01-01,2,Eixample,10,Sant Antoni,52,2162,41,2,2
2026-01-01,2,Eixample,10,Sant Antoni,52,2162,100,3,1
2026-01-01,2,Eixample,10,Sant Antoni,52,2162,69,3,2
2026-01-01,2,Eixample,10,Sant Antoni,52,2162,44,4,1
2026-01-01,2,Eixample,10,Sant Antoni,52,2162,44,4,2
2026-01-01,2,Eixample,10,Sant Antoni,52,2162,234,5,1
2026-01-01,2,Eixample,10,Sant Antoni,52,2162,218,5,2
2026-01-01,2,Eixample,10,Sant Antoni,53,2163,385,1,1
2026-01-01,2,Eixample,10,Sant Antoni,53,2163,382,1,2
2026-01-01,2,Eixample,10,Sant Antoni,53,2163,82,2,1
2026-01-01,2,Eixample,10,Sant Antoni,53,2163,62,2,2
2026-01-01,2,Eixample,10,Sant Antoni,53,2163,102,3,1
2026-01-01,2,Eixample,10,Sant Antoni,53,2163,92,3,2
2026-01-01,2,Eixample,10,Sant Antoni,53,2163,47,4,1
2026-01-01,2,Eixample,10,Sant Antoni,53,2163,69,4,2
2026-01-01,2,Eixample,10,Sant Antoni,53,2163,299,5,1
2026-01-01,2,Eixample,10,Sant Antoni,53,2163,297,5,2
2026-01-01,2,Eixample,10,Sant Antoni,53,2163,..,6,1
2026-01-01,2,Eixample,10,Sant Antoni,53,2164,253,1,1
2026-01-01,2,Eixample,10,Sant Antoni,53,2164,266,1,2
2026-01-01,2,Eixample,10,Sant Antoni,53,2164,60,2,1
2026-01-01,2,Eixample,10,Sant Antoni,53,2164,51,2,2
2026-01-01,2,Eixample,10,Sant Antoni,53,2164,89,3,1
2026-01-01,2,Eixample,10,Sant Antoni,53,2164,73,3,2
2026-01-01,2,Eixample,10,Sant Antoni,53,2164,77,4,1
2026-01-01,2,Eixample,10,Sant Antoni,53,2164,83,4,2
2026-01-01,2,Eixample,10,Sant Antoni,53,2164,355,5,1
2026-01-01,2,Eixample,10,Sant Antoni,53,2164,318,5,2
2026-01-01,2,Eixample,10,Sant Antoni,53,2165,334,1,1
2026-01-01,2,Eixample,10,Sant Antoni,53,2165,333,1,2
2026-01-01,2,Eixample,10,Sant Antoni,53,2165,80,2,1
2026-01-01,2,Eixample,10,Sant Antoni,53,2165,63,2,2
2026-01-01,2,Eixample,10,Sant Antoni,53,2165,115,3,1
2026-01-01,2,Eixample,10,Sant Antoni,53,2165,79,3,2
2026-01-01,2,Eixample,10,Sant Antoni,53,2165,71,4,1
2026-01-01,2,Eixample,10,Sant Antoni,53,2165,69,4,2
2026-01-01,2,Eixample,10,Sant Antoni,53,2165,276,5,1
2026-01-01,2,Eixample,10,Sant Antoni,53,2165,317,5,2
2026-01-01,2,Eixample,10,Sant Antoni,53,2165,..,6,2
2026-01-01,2,Eixample,10,Sant Antoni,54,2166,428,1,1
2026-01-01,2,Eixample,10,Sant Antoni,54,2166,397,1,2
2026-01-01,2,Eixample,10,Sant Antoni,54,2166,75,2,1
2026-01-01,2,Eixample,10,Sant Antoni,54,2166,80,2,2
2026-01-01,2,Eixample,10,Sant Antoni,54,2166,127,3,1
2026-01-01,2,Eixample,10,Sant Antoni,54,2166,101,3,2
2026-01-01,2,Eixample,10,Sant Antoni,54,2166,87,4,1
2026-01-01,2,Eixample,10,Sant Antoni,54,2166,77,4,2
2026-01-01,2,Eixample,10,Sant Antoni,54,2166,382,5,1
2026-01-01,2,Eixample,10,Sant Antoni,54,2166,344,5,2
2026-01-01,2,Eixample,10,Sant Antoni,54,2166,..,6,1
2026-01-01,2,Eixample,10,Sant Antoni,54,2167,507,1,1
2026-01-01,2,Eixample,10,Sant Antoni,54,2167,533,1,2
2026-01-01,2,Eixample,10,Sant Antoni,54,2167,97,2,1
2026-01-01,2,Eixample,10,Sant Antoni,54,2167,63,2,2
2026-01-01,2,Eixample,10,Sant Antoni,54,2167,138,3,1
2026-01-01,2,Eixample,10,Sant Antoni,54,2167,90,3,2
2026-01-01,2,Eixample,10,Sant Antoni,54,2167,62,4,1
2026-01-01,2,Eixample,10,Sant Antoni,54,2167,75,4,2
2026-01-01,2,Eixample,10,Sant Antoni,54,2167,341,5,1
2026-01-01,2,Eixample,10,Sant Antoni,54,2167,337,5,2
2026-01-01,2,Eixample,10,Sant Antoni,54,2167,..,6,2
2026-01-01,2,Eixample,10,Sant Antoni,54,2168,509,1,1
2026-01-01,2,Eixample,10,Sant Antoni,54,2168,462,1,2
2026-01-01,2,Eixample,10,Sant Antoni,54,2168,73,2,1
2026-01-01,2,Eixample,10,Sant Antoni,54,2168,63,2,2
2026-01-01,2,Eixample,10,Sant Antoni,54,2168,153,3,1
2026-01-01,2,Eixample,10,Sant Antoni,54,2168,107,3,2
2026-01-01,2,Eixample,10,Sant Antoni,54,2168,76,4,1
2026-01-01,2,Eixample,10,Sant Antoni,54,2168,77,4,2
2026-01-01,2,Eixample,10,Sant Antoni,54,2168,425,5,1
2026-01-01,2,Eixample,10,Sant Antoni,54,2168,375,5,2
2026-01-01,2,Eixample,10,Sant Antoni,55,2169,312,1,1
2026-01-01,2,Eixample,10,Sant Antoni,55,2169,321,1,2
2026-01-01,2,Eixample,10,Sant Antoni,55,2169,67,2,1
2026-01-01,2,Eixample,10,Sant Antoni,55,2169,58,2,2
2026-01-01,2,Eixample,10,Sant Antoni,55,2169,105,3,1
2026-01-01,2,Eixample,10,Sant Antoni,55,2169,89,3,2
2026-01-01,2,Eixample,10,Sant Antoni,55,2169,60,4,1
2026-01-01,2,Eixample,10,Sant Antoni,55,2169,58,4,2
2026-01-01,2,Eixample,10,Sant Antoni,55,2169,226,5,1
2026-01-01,2,Eixample,10,Sant Antoni,55,2169,229,5,2
2026-01-01,2,Eixample,10,Sant Antoni,55,2169,..,6,2
2026-01-01,2,Eixample,10,Sant Antoni,55,2170,383,1,1
2026-01-01,2,Eixample,10,Sant Antoni,55,2170,327,1,2
2026-01-01,2,Eixample,10,Sant Antoni,55,2170,43,2,1
2026-01-01,2,Eixample,10,Sant Antoni,55,2170,62,2,2
2026-01-01,2,Eixample,10,Sant Antoni,55,2170,111,3,1
2026-01-01,2,Eixample,10,Sant Antoni,55,2170,83,3,2
2026-01-01,2,Eixample,10,Sant Antoni,55,2170,45,4,1
2026-01-01,2,Eixample,10,Sant Antoni,55,2170,41,4,2
2026-01-01,2,Eixample,10,Sant Antoni,55,2170,225,5,1
2026-01-01,2,Eixample,10,Sant Antoni,55,2170,237,5,2
2026-01-01,2,Eixample,10,Sant Antoni,55,2170,..,6,1
2026-01-01,2,Eixample,10,Sant Antoni,55,2171,324,1,1
2026-01-01,2,Eixample,10,Sant Antoni,55,2171,302,1,2
2026-01-01,2,Eixample,10,Sant Antoni,55,2171,50,2,1
2026-01-01,2,Eixample,10,Sant Antoni,55,2171,59,2,2
2026-01-01,2,Eixample,10,Sant Antoni,55,2171,113,3,1
2026-01-01,2,Eixample,10,Sant Antoni,55,2171,77,3,2
2026-01-01,2,Eixample,10,Sant Antoni,55,2171,40,4,1
2026-01-01,2,Eixample,10,Sant Antoni,55,2171,51,4,2
2026-01-01,2,Eixample,10,Sant Antoni,55,2171,281,5,1
2026-01-01,2,Eixample,10,Sant Antoni,55,2171,327,5,2
2026-01-01,2,Eixample,10,Sant Antoni,55,2171,..,6,1
2026-01-01,2,Eixample,10,Sant Antoni,55,2171,..,6,2
2026-01-01,2,Eixample,10,Sant Antoni,55,2172,339,1,1
2026-01-01,2,Eixample,10,Sant Antoni,55,2172,306,1,2
2026-01-01,2,Eixample,10,Sant Antoni,55,2172,47,2,1
2026-01-01,2,Eixample,10,Sant Antoni,55,2172,52,2,2
2026-01-01,2,Eixample,10,Sant Antoni,55,2172,86,3,1
2026-01-01,2,Eixample,10,Sant Antoni,55,2172,69,3,2
2026-01-01,2,Eixample,10,Sant Antoni,55,2172,60,4,1
2026-01-01,2,Eixample,10,Sant Antoni,55,2172,50,4,2
2026-01-01,2,Eixample,10,Sant Antoni,55,2172,261,5,1
2026-01-01,2,Eixample,10,Sant Antoni,55,2172,232,5,2
2026-01-01,2,Eixample,10,Sant Antoni,55,2173,351,1,1
2026-01-01,2,Eixample,10,Sant Antoni,55,2173,308,1,2
2026-01-01,2,Eixample,10,Sant Antoni,55,2173,52,2,1
2026-01-01,2,Eixample,10,Sant Antoni,55,2173,54,2,2
2026-01-01,2,Eixample,10,Sant Antoni,55,2173,97,3,1
2026-01-01,2,Eixample,10,Sant Antoni,55,2173,75,3,2
2026-01-01,2,Eixample,10,Sant Antoni,55,2173,48,4,1
2026-01-01,2,Eixample,10,Sant Antoni,55,2173,55,4,2
2026-01-01,2,Eixample,10,Sant Antoni,55,2173,232,5,1
2026-01-01,2,Eixample,10,Sant Antoni,55,2173,230,5,2
2026-01-01,3,Sants-Montjuïc,11,el Poble-sec,56,3001,354,1,1
2026-01-01,3,Sants-Montjuïc,11,el Poble-sec,56,3001,329,1,2
2026-01-01,3,Sants-Montjuïc,11,el Poble-sec,56,3001,61,2,1
2026-01-01,3,Sants-Montjuïc,11,el Poble-sec,56,3001,46,2,2
2026-01-01,3,Sants-Montjuïc,11,el Poble-sec,56,3001,121,3,1
2026-01-01,3,Sants-Montjuïc,11,el Poble-sec,56,3001,88,3,2
2026-01-01,3,Sants-Montjuïc,11,el Poble-sec,56,3001,68,4,1
2026-01-01,3,Sants-Montjuïc,11,el Poble-sec,56,3001,55,4,2
2026-01-01,3,Sants-Montjuïc,11,el Poble-sec,56,3001,293,5,1
2026-01-01,3,Sants-Montjuïc,11,el Poble-sec,56,3001,296,5,2
2026-01-01,3,Sants-Montjuïc,11,el Poble-sec,56,3002,340,1,1
2026-01-01,3,Sants-Montjuïc,11,el Poble-sec,56,3002,352,1,2
2026-01-01,3,Sants-Montjuïc,11,el Poble-sec,56,3002,59,2,1
2026-01-01,3,Sants-Montjuïc,11,el Poble-sec,56,3002,40,2,2
2026-01-01,3,Sants-Montjuïc,11,el Poble-sec,56,3002,127,3,1
2026-01-01,3,Sants-Montjuïc,11,el Poble-sec,56,3002,104,3,2
2026-01-01,3,Sants-Montjuïc,11,el Poble-sec,56,3002,69,4,1
2026-01-01,3,Sants-Montjuïc,11,el Poble-sec,56,3002,85,4,2
2026-01-01,3,Sants-Montjuïc,11,el Poble-sec,56,3002,351,5,1
2026-01-01,3,Sants-Montjuïc,11,el Poble-sec,56,3002,386,5,2
2026-01-01,3,Sants-Montjuïc,11,el Poble-sec,56,3003,248,1,1
2026-01-01,3,Sants-Montjuïc,11,el Poble-sec,56,3003,257,1,2
2026-01-01,3,Sants-Montjuïc,11,el Poble-sec,56,3003,56,2,1
2026-01-01,3,Sants-Montjuïc,11,el Poble-sec,56,3003,45,2,2
2026-01-01,3,Sants-Montjuïc,11,el Poble-sec,56,3003,75,3,1
2026-01-01,3,Sants-Montjuïc,11,el Poble-sec,56,3003,68,3,2
2026-01-01,3,Sants-Montjuïc,11,el Poble-sec,56,3003,75,4,1
2026-01-01,3,Sants-Montjuïc,11,el Poble-sec,56,3003,63,4,2
2026-01-01,3,Sants-Montjuïc,11,el Poble-sec,56,3003,374,5,1
2026-01-01,3,Sants-Montjuïc,11,el Poble-sec,56,3003,357,5,2
2026-01-01,3,Sants-Montjuïc,11,el Poble-sec,56,3004,309,1,1
2026-01-01,3,Sants-Montjuïc,11,el Poble-sec,56,3004,286,1,2
2026-01-01,3,Sants-Montjuïc,11,el Poble-sec,56,3004,52,2,1
2026-01-01,3,Sants-Montjuïc,11,el Poble-sec,56,3004,60,2,2
2026-01-01,3,Sants-Montjuïc,11,el Poble-sec,56,3004,122,3,1
2026-01-01,3,Sants-Montjuïc,11,el Poble-sec,56,3004,81,3,2
2026-01-01,3,Sants-Montjuïc,11,el Poble-sec,56,3004,59,4,1
2026-01-01,3,Sants-Montjuïc,11,el Poble-sec,56,3004,61,4,2
2026-01-01,3,Sants-Montjuïc,11,el Poble-sec,56,3004,260,5,1
2026-01-01,3,Sants-Montjuïc,11,el Poble-sec,56,3004,254,5,2
2026-01-01,3,Sants-Montjuïc,11,el Poble-sec,56,3005,239,1,1
2026-01-01,3,Sants-Montjuïc,11,el Poble-sec,56,3005,222,1,2
2026-01-01,3,Sants-Montjuïc,11,el Poble-sec,56,3005,49,2,1
2026-01-01,3,Sants-Montjuïc,11,el Poble-sec,56,3005,43,2,2
2026-01-01,3,Sants-Montjuïc,11,el Poble-sec,56,3005,79,3,1
2026-01-01,3,Sants-Montjuïc,11,el Poble-sec,56,3005,68,3,2
2026-01-01,3,Sants-Montjuïc,11,el Poble-sec,56,3005,53,4,1
2026-01-01,3,Sants-Montjuïc,11,el Poble-sec,56,3005,43,4,2
2026-01-01,3,Sants-Montjuïc,11,el Poble-sec,56,3005,196,5,1
2026-01-01,3,Sants-Montjuïc,11,el Poble-sec,56,3005,186,5,2
2026-01-01,3,Sants-Montjuïc,11,el Poble-sec,56,3006,251,1,1
2026-01-01,3,Sants-Montjuïc,11,el Poble-sec,56,3006,279,1,2
2026-01-01,3,Sants-Montjuïc,11,el Poble-sec,56,3006,38,2,1
2026-01-01,3,Sants-Montjuïc,11,el Poble-sec,56,3006,32,2,2
2026-01-01,3,Sants-Montjuïc,11,el Poble-sec,56,3006,71,3,1
2026-01-01,3,Sants-Montjuïc,11,el Poble-sec,56,3006,56,3,2
2026-01-01,3,Sants-Montjuïc,11,el Poble-sec,56,3006,67,4,1
2026-01-01,3,Sants-Montjuïc,11,el Poble-sec,56,3006,58,4,2
2026-01-01,3,Sants-Montjuïc,11,el Poble-sec,56,3006,285,5,1
2026-01-01,3,Sants-Montjuïc,11,el Poble-sec,56,3006,303,5,2
2026-01-01,3,Sants-Montjuïc,11,el Poble-sec,56,3006,..,6,2
2026-01-01,3,Sants-Montjuïc,11,el Poble-sec,56,3007,325,1,1
2026-01-01,3,Sants-Montjuïc,11,el Poble-sec,56,3007,295,1,2
2026-01-01,3,Sants-Montjuïc,11,el Poble-sec,56,3007,40,2,1
2026-01-01,3,Sants-Montjuïc,11,el Poble-sec,56,3007,45,2,2
2026-01-01,3,Sants-Montjuïc,11,el Poble-sec,56,3007,111,3,1
2026-01-01,3,Sants-Montjuïc,11,el Poble-sec,56,3007,85,3,2
2026-01-01,3,Sants-Montjuïc,11,el Poble-sec,56,3007,70,4,1
2026-01-01,3,Sants-Montjuïc,11,el Poble-sec,56,3007,63,4,2
2026-01-01,3,Sants-Montjuïc,11,el Poble-sec,56,3007,327,5,1
2026-01-01,3,Sants-Montjuïc,11,el Poble-sec,56,3007,321,5,2
2026-01-01,3,Sants-Montjuïc,11,el Poble-sec,56,3007,..,6,1
2026-01-01,3,Sants-Montjuïc,11,el Poble-sec,56,3008,225,1,1
2026-01-01,3,Sants-Montjuïc,11,el Poble-sec,56,3008,195,1,2
2026-01-01,3,Sants-Montjuïc,11,el Poble-sec,56,3008,29,2,1
2026-01-01,3,Sants-Montjuïc,11,el Poble-sec,56,3008,27,2,2
2026-01-01,3,Sants-Montjuïc,11,el Poble-sec,56,3008,60,3,1
2026-01-01,3,Sants-Montjuïc,11,el Poble-sec,56,3008,56,3,2
2026-01-01,3,Sants-Montjuïc,11,el Poble-sec,56,3008,50,4,1
2026-01-01,3,Sants-Montjuïc,11,el Poble-sec,56,3008,47,4,2
2026-01-01,3,Sants-Montjuïc,11,el Poble-sec,56,3008,238,5,1
2026-01-01,3,Sants-Montjuïc,11,el Poble-sec,56,3008,243,5,2
2026-01-01,3,Sants-Montjuïc,11,el Poble-sec,56,3009,245,1,1
2026-01-01,3,Sants-Montjuïc,11,el Poble-sec,56,3009,238,1,2
2026-01-01,3,Sants-Montjuïc,11,el Poble-sec,56,3009,37,2,1
2026-01-01,3,Sants-Montjuïc,11,el Poble-sec,56,3009,36,2,2
2026-01-01,3,Sants-Montjuïc,11,el Poble-sec,56,3009,79,3,1
2026-01-01,3,Sants-Montjuïc,11,el Poble-sec,56,3009,51,3,2
2026-01-01,3,Sants-Montjuïc,11,el Poble-sec,56,3009,50,4,1
2026-01-01,3,Sants-Montjuïc,11,el Poble-sec,56,3009,30,4,2
2026-01-01,3,Sants-Montjuïc,11,el Poble-sec,56,3009,255,5,1
2026-01-01,3,Sants-Montjuïc,11,el Poble-sec,56,3009,238,5,2
2026-01-01,3,Sants-Montjuïc,11,el Poble-sec,57,3010,352,1,1
2026-01-01,3,Sants-Montjuïc,11,el Poble-sec,57,3010,301,1,2
2026-01-01,3,Sants-Montjuïc,11,el Poble-sec,57,3010,32,2,1
2026-01-01,3,Sants-Montjuïc,11,el Poble-sec,57,3010,41,2,2
2026-01-01,3,Sants-Montjuïc,11,el Poble-sec,57,3010,84,3,1
2026-01-01,3,Sants-Montjuïc,11,el Poble-sec,57,3010,79,3,2
2026-01-01,3,Sants-Montjuïc,11,el Poble-sec,57,3010,70,4,1
2026-01-01,3,Sants-Montjuïc,11,el Poble-sec,57,3010,59,4,2
2026-01-01,3,Sants-Montjuïc,11,el Poble-sec,57,3010,353,5,1
2026-01-01,3,Sants-Montjuïc,11,el Poble-sec,57,3010,491,5,2
2026-01-01,3,Sants-Montjuïc,11,el Poble-sec,57,3011,289,1,1
2026-01-01,3,Sants-Montjuïc,11,el Poble-sec,57,3011,246,1,2
2026-01-01,3,Sants-Montjuïc,11,el Poble-sec,57,3011,37,2,1
2026-01-01,3,Sants-Montjuïc,11,el Poble-sec,57,3011,50,2,2
2026-01-01,3,Sants-Montjuïc,11,el Poble-sec,57,3011,80,3,1
2026-01-01,3,Sants-Montjuïc,11,el Poble-sec,57,3011,54,3,2
2026-01-01,3,Sants-Montjuïc,11,el Poble-sec,57,3011,98,4,1
2026-01-01,3,Sants-Montjuïc,11,el Poble-sec,57,3011,89,4,2
2026-01-01,3,Sants-Montjuïc,11,el Poble-sec,57,3011,415,5,1
2026-01-01,3,Sants-Montjuïc,11,el Poble-sec,57,3011,465,5,2
2026-01-01,3,Sants-Montjuïc,11,el Poble-sec,57,3012,354,1,1
2026-01-01,3,Sants-Montjuïc,11,el Poble-sec,57,3012,310,1,2
2026-01-01,3,Sants-Montjuïc,11,el Poble-sec,57,3012,57,2,1
2026-01-01,3,Sants-Montjuïc,11,el Poble-sec,57,3012,51,2,2
2026-01-01,3,Sants-Montjuïc,11,el Poble-sec,57,3012,99,3,1
2026-01-01,3,Sants-Montjuïc,11,el Poble-sec,57,3012,105,3,2
2026-01-01,3,Sants-Montjuïc,11,el Poble-sec,57,3012,107,4,1
2026-01-01,3,Sants-Montjuïc,11,el Poble-sec,57,3012,91,4,2
2026-01-01,3,Sants-Montjuïc,11,el Poble-sec,57,3012,450,5,1
2026-01-01,3,Sants-Montjuïc,11,el Poble-sec,57,3012,527,5,2
2026-01-01,3,Sants-Montjuïc,11,el Poble-sec,57,3012,..,6,2
2026-01-01,3,Sants-Montjuïc,11,el Poble-sec,57,3013,247,1,1
2026-01-01,3,Sants-Montjuïc,11,el Poble-sec,57,3013,271,1,2
2026-01-01,3,Sants-Montjuïc,11,el Poble-sec,57,3013,38,2,1
2026-01-01,3,Sants-Montjuïc,11,el Poble-sec,57,3013,40,2,2
2026-01-01,3,Sants-Montjuïc,11,el Poble-sec,57,3013,78,3,1
2026-01-01,3,Sants-Montjuïc,11,el Poble-sec,57,3013,84,3,2
2026-01-01,3,Sants-Montjuïc,11,el Poble-sec,57,3013,99,4,1
2026-01-01,3,Sants-Montjuïc,11,el Poble-sec,57,3013,97,4,2
2026-01-01,3,Sants-Montjuïc,11,el Poble-sec,57,3013,404,5,1
2026-01-01,3,Sants-Montjuïc,11,el Poble-sec,57,3013,434,5,2
2026-01-01,3,Sants-Montjuïc,11,el Poble-sec,57,3014,258,1,1
2026-01-01,3,Sants-Montjuïc,11,el Poble-sec,57,3014,272,1,2
2026-01-01,3,Sants-Montjuïc,11,el Poble-sec,57,3014,39,2,1
2026-01-01,3,Sants-Montjuïc,11,el Poble-sec,57,3014,42,2,2
2026-01-01,3,Sants-Montjuïc,11,el Poble-sec,57,3014,81,3,1
2026-01-01,3,Sants-Montjuïc,11,el Poble-sec,57,3014,71,3,2
2026-01-01,3,Sants-Montjuïc,11,el Poble-sec,57,3014,100,4,1
2026-01-01,3,Sants-Montjuïc,11,el Poble-sec,57,3014,85,4,2
2026-01-01,3,Sants-Montjuïc,11,el Poble-sec,57,3014,441,5,1
2026-01-01,3,Sants-Montjuïc,11,el Poble-sec,57,3014,486,5,2
2026-01-01,3,Sants-Montjuïc,11,el Poble-sec,57,3015,533,1,1
2026-01-01,3,Sants-Montjuïc,11,el Poble-sec,57,3015,537,1,2
2026-01-01,3,Sants-Montjuïc,11,el Poble-sec,57,3015,74,2,1
2026-01-01,3,Sants-Montjuïc,11,el Poble-sec,57,3015,63,2,2
2026-01-01,3,Sants-Montjuïc,11,el Poble-sec,57,3015,160,3,1
2026-01-01,3,Sants-Montjuïc,11,el Poble-sec,57,3015,112,3,2
2026-01-01,3,Sants-Montjuïc,11,el Poble-sec,57,3015,134,4,1
2026-01-01,3,Sants-Montjuïc,11,el Poble-sec,57,3015,154,4,2
2026-01-01,3,Sants-Montjuïc,11,el Poble-sec,57,3015,714,5,1
2026-01-01,3,Sants-Montjuïc,11,el Poble-sec,57,3015,820,5,2
2026-01-01,3,Sants-Montjuïc,11,el Poble-sec,57,3016,206,1,1
2026-01-01,3,Sants-Montjuïc,11,el Poble-sec,57,3016,186,1,2
2026-01-01,3,Sants-Montjuïc,11,el Poble-sec,57,3016,28,2,1
2026-01-01,3,Sants-Montjuïc,11,el Poble-sec,57,3016,30,2,2
2026-01-01,3,Sants-Montjuïc,11,el Poble-sec,57,3016,68,3,1
2026-01-01,3,Sants-Montjuïc,11,el Poble-sec,57,3016,46,3,2
2026-01-01,3,Sants-Montjuïc,11,el Poble-sec,57,3016,50,4,1
2026-01-01,3,Sants-Montjuïc,11,el Poble-sec,57,3016,46,4,2
2026-01-01,3,Sants-Montjuïc,11,el Poble-sec,57,3016,279,5,1
2026-01-01,3,Sants-Montjuïc,11,el Poble-sec,57,3016,289,5,2
2026-01-01,3,Sants-Montjuïc,11,el Poble-sec,57,3017,226,1,1
2026-01-01,3,Sants-Montjuïc,11,el Poble-sec,57,3017,260,1,2
2026-01-01,3,Sants-Montjuïc,11,el Poble-sec,57,3017,21,2,1
2026-01-01,3,Sants-Montjuïc,11,el Poble-sec,57,3017,40,2,2
2026-01-01,3,Sants-Montjuïc,11,el Poble-sec,57,3017,71,3,1
2026-01-01,3,Sants-Montjuïc,11,el Poble-sec,57,3017,68,3,2
2026-01-01,3,Sants-Montjuïc,11,el Poble-sec,57,3017,94,4,1
2026-01-01,3,Sants-Montjuïc,11,el Poble-sec,57,3017,69,4,2
2026-01-01,3,Sants-Montjuïc,11,el Poble-sec,57,3017,378,5,1
2026-01-01,3,Sants-Montjuïc,11,el Poble-sec,57,3017,403,5,2
2026-01-01,3,Sants-Montjuïc,11,el Poble-sec,57,3017,..,6,1
2026-01-01,3,Sants-Montjuïc,11,el Poble-sec,58,3018,310,1,1
2026-01-01,3,Sants-Montjuïc,11,el Poble-sec,58,3018,295,1,2
2026-01-01,3,Sants-Montjuïc,11,el Poble-sec,58,3018,38,2,1
2026-01-01,3,Sants-Montjuïc,11,el Poble-sec,58,3018,43,2,2
2026-01-01,3,Sants-Montjuïc,11,el Poble-sec,58,3018,110,3,1
2026-01-01,3,Sants-Montjuïc,11,el Poble-sec,58,3018,91,3,2
2026-01-01,3,Sants-Montjuïc,11,el Poble-sec,58,3018,56,4,1
2026-01-01,3,Sants-Montjuïc,11,el Poble-sec,58,3018,72,4,2
2026-01-01,3,Sants-Montjuïc,11,el Poble-sec,58,3018,349,5,1
2026-01-01,3,Sants-Montjuïc,11,el Poble-sec,58,3018,414,5,2
2026-01-01,3,Sants-Montjuïc,11,el Poble-sec,58,3018,..,6,2
2026-01-01,3,Sants-Montjuïc,11,el Poble-sec,58,3019,242,1,1
2026-01-01,3,Sants-Montjuïc,11,el Poble-sec,58,3019,229,1,2
2026-01-01,3,Sants-Montjuïc,11,el Poble-sec,58,3019,34,2,1
2026-01-01,3,Sants-Montjuïc,11,el Poble-sec,58,3019,27,2,2
2026-01-01,3,Sants-Montjuïc,11,el Poble-sec,58,3019,79,3,1
2026-01-01,3,Sants-Montjuïc,11,el Poble-sec,58,3019,77,3,2
2026-01-01,3,Sants-Montjuïc,11,el Poble-sec,58,3019,57,4,1
2026-01-01,3,Sants-Montjuïc,11,el Poble-sec,58,3019,59,4,2
2026-01-01,3,Sants-Montjuïc,11,el Poble-sec,58,3019,361,5,1
2026-01-01,3,Sants-Montjuïc,11,el Poble-sec,58,3019,362,5,2
2026-01-01,3,Sants-Montjuïc,11,el Poble-sec,58,3020,215,1,1
2026-01-01,3,Sants-Montjuïc,11,el Poble-sec,58,3020,266,1,2
2026-01-01,3,Sants-Montjuïc,11,el Poble-sec,58,3020,33,2,1
2026-01-01,3,Sants-Montjuïc,11,el Poble-sec,58,3020,34,2,2
2026-01-01,3,Sants-Montjuïc,11,el Poble-sec,58,3020,118,3,1
2026-01-01,3,Sants-Montjuïc,11,el Poble-sec,58,3020,98,3,2
2026-01-01,3,Sants-Montjuïc,11,el Poble-sec,58,3020,34,4,1
2026-01-01,3,Sants-Montjuïc,11,el Poble-sec,58,3020,62,4,2
2026-01-01,3,Sants-Montjuïc,11,el Poble-sec,58,3020,187,5,1
2026-01-01,3,Sants-Montjuïc,11,el Poble-sec,58,3020,202,5,2
2026-01-01,3,Sants-Montjuïc,11,el Poble-sec,58,3021,215,1,1
2026-01-01,3,Sants-Montjuïc,11,el Poble-sec,58,3021,242,1,2
2026-01-01,3,Sants-Montjuïc,11,el Poble-sec,58,3021,29,2,1
2026-01-01,3,Sants-Montjuïc,11,el Poble-sec,58,3021,23,2,2
2026-01-01,3,Sants-Montjuïc,11,el Poble-sec,58,3021,112,3,1
2026-01-01,3,Sants-Montjuïc,11,el Poble-sec,58,3021,60,3,2
2026-01-01,3,Sants-Montjuïc,11,el Poble-sec,58,3021,42,4,1
2026-01-01,3,Sants-Montjuïc,11,el Poble-sec,58,3021,38,4,2
2026-01-01,3,Sants-Montjuïc,11,el Poble-sec,58,3021,164,5,1
2026-01-01,3,Sants-Montjuïc,11,el Poble-sec,58,3021,161,5,2
2026-01-01,3,Sants-Montjuïc,11,el Poble-sec,58,3022,278,1,1
2026-01-01,3,Sants-Montjuïc,11,el Poble-sec,58,3022,293,1,2
2026-01-01,3,Sants-Montjuïc,11,el Poble-sec,58,3022,28,2,1
2026-01-01,3,Sants-Montjuïc,11,el Poble-sec,58,3022,41,2,2
2026-01-01,3,Sants-Montjuïc,11,el Poble-sec,58,3022,117,3,1
2026-01-01,3,Sants-Montjuïc,11,el Poble-sec,58,3022,78,3,2
2026-01-01,3,Sants-Montjuïc,11,el Poble-sec,58,3022,58,4,1
2026-01-01,3,Sants-Montjuïc,11,el Poble-sec,58,3022,54,4,2
2026-01-01,3,Sants-Montjuïc,11,el Poble-sec,58,3022,224,5,1
2026-01-01,3,Sants-Montjuïc,11,el Poble-sec,58,3022,271,5,2
2026-01-01,3,Sants-Montjuïc,11,el Poble-sec,59,3023,334,1,1
2026-01-01,3,Sants-Montjuïc,11,el Poble-sec,59,3023,327,1,2
2026-01-01,3,Sants-Montjuïc,11,el Poble-sec,59,3023,49,2,1
2026-01-01,3,Sants-Montjuïc,11,el Poble-sec,59,3023,35,2,2
2026-01-01,3,Sants-Montjuïc,11,el Poble-sec,59,3023,101,3,1
2026-01-01,3,Sants-Montjuïc,11,el Poble-sec,59,3023,84,3,2
2026-01-01,3,Sants-Montjuïc,11,el Poble-sec,59,3023,82,4,1
2026-01-01,3,Sants-Montjuïc,11,el Poble-sec,59,3023,64,4,2
2026-01-01,3,Sants-Montjuïc,11,el Poble-sec,59,3023,360,5,1
2026-01-01,3,Sants-Montjuïc,11,el Poble-sec,59,3023,402,5,2
2026-01-01,3,Sants-Montjuïc,11,el Poble-sec,59,3023,..,6,1
2026-01-01,3,Sants-Montjuïc,11,el Poble-sec,59,3024,379,1,1
2026-01-01,3,Sants-Montjuïc,11,el Poble-sec,59,3024,403,1,2
2026-01-01,3,Sants-Montjuïc,11,el Poble-sec,59,3024,48,2,1
2026-01-01,3,Sants-Montjuïc,11,el Poble-sec,59,3024,63,2,2
2026-01-01,3,Sants-Montjuïc,11,el Poble-sec,59,3024,115,3,1
2026-01-01,3,Sants-Montjuïc,11,el Poble-sec,59,3024,86,3,2
2026-01-01,3,Sants-Montjuïc,11,el Poble-sec,59,3024,104,4,1
2026-01-01,3,Sants-Montjuïc,11,el Poble-sec,59,3024,114,4,2
2026-01-01,3,Sants-Montjuïc,11,el Poble-sec,59,3024,347,5,1
2026-01-01,3,Sants-Montjuïc,11,el Poble-sec,59,3024,372,5,2
2026-01-01,3,Sants-Montjuïc,12,la Marina del Prat Vermell,60,3025,708,1,1
2026-01-01,3,Sants-Montjuïc,12,la Marina del Prat Vermell,60,3025,765,1,2
2026-01-01,3,Sants-Montjuïc,12,la Marina del Prat Vermell,60,3025,91,2,1
2026-01-01,3,Sants-Montjuïc,12,la Marina del Prat Vermell,60,3025,122,2,2
2026-01-01,3,Sants-Montjuïc,12,la Marina del Prat Vermell,60,3025,117,3,1
2026-01-01,3,Sants-Montjuïc,12,la Marina del Prat Vermell,60,3025,121,3,2
2026-01-01,3,Sants-Montjuïc,12,la Marina del Prat Vermell,60,3025,89,4,1
2026-01-01,3,Sants-Montjuïc,12,la Marina del Prat Vermell,60,3025,83,4,2
2026-01-01,3,Sants-Montjuïc,12,la Marina del Prat Vermell,60,3025,552,5,1
2026-01-01,3,Sants-Montjuïc,12,la Marina del Prat Vermell,60,3025,526,5,2
2026-01-01,3,Sants-Montjuïc,13,la Marina de Port,61,3026,210,1,1
2026-01-01,3,Sants-Montjuïc,13,la Marina de Port,61,3026,204,1,2
2026-01-01,3,Sants-Montjuïc,13,la Marina de Port,61,3026,38,2,1
2026-01-01,3,Sants-Montjuïc,13,la Marina de Port,61,3026,29,2,2
2026-01-01,3,Sants-Montjuïc,13,la Marina de Port,61,3026,154,3,1
2026-01-01,3,Sants-Montjuïc,13,la Marina de Port,61,3026,132,3,2
2026-01-01,3,Sants-Montjuïc,13,la Marina de Port,61,3026,7,4,1
2026-01-01,3,Sants-Montjuïc,13,la Marina de Port,61,3026,11,4,2
2026-01-01,3,Sants-Montjuïc,13,la Marina de Port,61,3026,130,5,1
2026-01-01,3,Sants-Montjuïc,13,la Marina de Port,61,3026,121,5,2
2026-01-01,3,Sants-Montjuïc,13,la Marina de Port,61,3027,458,1,1
2026-01-01,3,Sants-Montjuïc,13,la Marina de Port,61,3027,435,1,2
2026-01-01,3,Sants-Montjuïc,13,la Marina de Port,61,3027,63,2,1
2026-01-01,3,Sants-Montjuïc,13,la Marina de Port,61,3027,56,2,2
2026-01-01,3,Sants-Montjuïc,13,la Marina de Port,61,3027,156,3,1
2026-01-01,3,Sants-Montjuïc,13,la Marina de Port,61,3027,133,3,2
2026-01-01,3,Sants-Montjuïc,13,la Marina de Port,61,3027,22,4,1
2026-01-01,3,Sants-Montjuïc,13,la Marina de Port,61,3027,26,4,2
2026-01-01,3,Sants-Montjuïc,13,la Marina de Port,61,3027,191,5,1
2026-01-01,3,Sants-Montjuïc,13,la Marina de Port,61,3027,149,5,2
2026-01-01,3,Sants-Montjuïc,13,la Marina de Port,61,3027,..,6,1
2026-01-01,3,Sants-Montjuïc,13,la Marina de Port,61,3028,669,1,1
2026-01-01,3,Sants-Montjuïc,13,la Marina de Port,61,3028,653,1,2
2026-01-01,3,Sants-Montjuïc,13,la Marina de Port,61,3028,98,2,1
2026-01-01,3,Sants-Montjuïc,13,la Marina de Port,61,3028,100,2,2
2026-01-01,3,Sants-Montjuïc,13,la Marina de Port,61,3028,191,3,1
2026-01-01,3,Sants-Montjuïc,13,la Marina de Port,61,3028,157,3,2
2026-01-01,3,Sants-Montjuïc,13,la Marina de Port,61,3028,29,4,1
2026-01-01,3,Sants-Montjuïc,13,la Marina de Port,61,3028,28,4,2
2026-01-01,3,Sants-Montjuïc,13,la Marina de Port,61,3028,423,5,1
2026-01-01,3,Sants-Montjuïc,13,la Marina de Port,61,3028,355,5,2
2026-01-01,3,Sants-Montjuïc,13,la Marina de Port,61,3028,..,6,1
2026-01-01,3,Sants-Montjuïc,13,la Marina de Port,61,3028,..,6,2
2026-01-01,3,Sants-Montjuïc,13,la Marina de Port,61,3029,338,1,1
2026-01-01,3,Sants-Montjuïc,13,la Marina de Port,61,3029,387,1,2
2026-01-01,3,Sants-Montjuïc,13,la Marina de Port,61,3029,43,2,1
2026-01-01,3,Sants-Montjuïc,13,la Marina de Port,61,3029,45,2,2
2026-01-01,3,Sants-Montjuïc,13,la Marina de Port,61,3029,94,3,1
2026-01-01,3,Sants-Montjuïc,13,la Marina de Port,61,3029,57,3,2
2026-01-01,3,Sants-Montjuïc,13,la Marina de Port,61,3029,18,4,1
2026-01-01,3,Sants-Montjuïc,13,la Marina de Port,61,3029,17,4,2
2026-01-01,3,Sants-Montjuïc,13,la Marina de Port,61,3029,161,5,1
2026-01-01,3,Sants-Montjuïc,13,la Marina de Port,61,3029,130,5,2
2026-01-01,3,Sants-Montjuïc,13,la Marina de Port,61,3029,..,6,1
2026-01-01,3,Sants-Montjuïc,13,la Marina de Port,61,3030,409,1,1
2026-01-01,3,Sants-Montjuïc,13,la Marina de Port,61,3030,348,1,2
2026-01-01,3,Sants-Montjuïc,13,la Marina de Port,61,3030,46,2,1
2026-01-01,3,Sants-Montjuïc,13,la Marina de Port,61,3030,56,2,2
2026-01-01,3,Sants-Montjuïc,13,la Marina de Port,61,3030,158,3,1
2026-01-01,3,Sants-Montjuïc,13,la Marina de Port,61,3030,113,3,2
2026-01-01,3,Sants-Montjuïc,13,la Marina de Port,61,3030,23,4,1
2026-01-01,3,Sants-Montjuïc,13,la Marina de Port,61,3030,21,4,2
2026-01-01,3,Sants-Montjuïc,13,la Marina de Port,61,3030,258,5,1
2026-01-01,3,Sants-Montjuïc,13,la Marina de Port,61,3030,228,5,2
2026-01-01,3,Sants-Montjuïc,13,la Marina de Port,62,3031,625,1,1
2026-01-01,3,Sants-Montjuïc,13,la Marina de Port,62,3031,636,1,2
2026-01-01,3,Sants-Montjuïc,13,la Marina de Port,62,3031,79,2,1
2026-01-01,3,Sants-Montjuïc,13,la Marina de Port,62,3031,64,2,2
2026-01-01,3,Sants-Montjuïc,13,la Marina de Port,62,3031,220,3,1
2026-01-01,3,Sants-Montjuïc,13,la Marina de Port,62,3031,190,3,2
2026-01-01,3,Sants-Montjuïc,13,la Marina de Port,62,3031,31,4,1
2026-01-01,3,Sants-Montjuïc,13,la Marina de Port,62,3031,21,4,2
2026-01-01,3,Sants-Montjuïc,13,la Marina de Port,62,3031,371,5,1
2026-01-01,3,Sants-Montjuïc,13,la Marina de Port,62,3031,297,5,2
2026-01-01,3,Sants-Montjuïc,13,la Marina de Port,62,3032,476,1,1
2026-01-01,3,Sants-Montjuïc,13,la Marina de Port,62,3032,457,1,2
2026-01-01,3,Sants-Montjuïc,13,la Marina de Port,62,3032,53,2,1
2026-01-01,3,Sants-Montjuïc,13,la Marina de Port,62,3032,45,2,2
2026-01-01,3,Sants-Montjuïc,13,la Marina de Port,62,3032,102,3,1
2026-01-01,3,Sants-Montjuïc,13,la Marina de Port,62,3032,81,3,2
2026-01-01,3,Sants-Montjuïc,13,la Marina de Port,62,3032,35,4,1
2026-01-01,3,Sants-Montjuïc,13,la Marina de Port,62,3032,25,4,2
2026-01-01,3,Sants-Montjuïc,13,la Marina de Port,62,3032,251,5,1
2026-01-01,3,Sants-Montjuïc,13,la Marina de Port,62,3032,259,5,2
2026-01-01,3,Sants-Montjuïc,13,la Marina de Port,62,3033,282,1,1
2026-01-01,3,Sants-Montjuïc,13,la Marina de Port,62,3033,317,1,2
2026-01-01,3,Sants-Montjuïc,13,la Marina de Port,62,3033,40,2,1
2026-01-01,3,Sants-Montjuïc,13,la Marina de Port,62,3033,35,2,2
2026-01-01,3,Sants-Montjuïc,13,la Marina de Port,62,3033,96,3,1
2026-01-01,3,Sants-Montjuïc,13,la Marina de Port,62,3033,66,3,2
2026-01-01,3,Sants-Montjuïc,13,la Marina de Port,62,3033,14,4,1
2026-01-01,3,Sants-Montjuïc,13,la Marina de Port,62,3033,18,4,2
2026-01-01,3,Sants-Montjuïc,13,la Marina de Port,62,3033,330,5,1
2026-01-01,3,Sants-Montjuïc,13,la Marina de Port,62,3033,349,5,2
2026-01-01,3,Sants-Montjuïc,13,la Marina de Port,62,3034,388,1,1
2026-01-01,3,Sants-Montjuïc,13,la Marina de Port,62,3034,364,1,2
2026-01-01,3,Sants-Montjuïc,13,la Marina de Port,62,3034,39,2,1
2026-01-01,3,Sants-Montjuïc,13,la Marina de Port,62,3034,33,2,2
2026-01-01,3,Sants-Montjuïc,13,la Marina de Port,62,3034,127,3,1
2026-01-01,3,Sants-Montjuïc,13,la Marina de Port,62,3034,101,3,2
2026-01-01,3,Sants-Montjuïc,13,la Marina de Port,62,3034,16,4,1
2026-01-01,3,Sants-Montjuïc,13,la Marina de Port,62,3034,16,4,2
2026-01-01,3,Sants-Montjuïc,13,la Marina de Port,62,3034,228,5,1
2026-01-01,3,Sants-Montjuïc,13,la Marina de Port,62,3034,233,5,2
2026-01-01,3,Sants-Montjuïc,13,la Marina de Port,62,3211,389,1,1
2026-01-01,3,Sants-Montjuïc,13,la Marina de Port,62,3211,397,1,2
2026-01-01,3,Sants-Montjuïc,13,la Marina de Port,62,3211,34,2,1
2026-01-01,3,Sants-Montjuïc,13,la Marina de Port,62,3211,41,2,2
2026-01-01,3,Sants-Montjuïc,13,la Marina de Port,62,3211,114,3,1
2026-01-01,3,Sants-Montjuïc,13,la Marina de Port,62,3211,104,3,2
2026-01-01,3,Sants-Montjuïc,13,la Marina de Port,62,3211,7,4,1
2026-01-01,3,Sants-Montjuïc,13,la Marina de Port,62,3211,7,4,2
2026-01-01,3,Sants-Montjuïc,13,la Marina de Port,62,3211,247,5,1
2026-01-01,3,Sants-Montjuïc,13,la Marina de Port,62,3211,205,5,2
2026-01-01,3,Sants-Montjuïc,13,la Marina de Port,63,3035,508,1,1
2026-01-01,3,Sants-Montjuïc,13,la Marina de Port,63,3035,531,1,2
2026-01-01,3,Sants-Montjuïc,13,la Marina de Port,63,3035,69,2,1
2026-01-01,3,Sants-Montjuïc,13,la Marina de Port,63,3035,40,2,2
2026-01-01,3,Sants-Montjuïc,13,la Marina de Port,63,3035,259,3,1
2026-01-01,3,Sants-Montjuïc,13,la Marina de Port,63,3035,197,3,2
2026-01-01,3,Sants-Montjuïc,13,la Marina de Port,63,3035,16,4,1
2026-01-01,3,Sants-Montjuïc,13,la Marina de Port,63,3035,16,4,2
2026-01-01,3,Sants-Montjuïc,13,la Marina de Port,63,3035,317,5,1
2026-01-01,3,Sants-Montjuïc,13,la Marina de Port,63,3035,315,5,2
2026-01-01,3,Sants-Montjuïc,13,la Marina de Port,63,3035,..,6,1
2026-01-01,3,Sants-Montjuïc,13,la Marina de Port,63,3036,638,1,1
2026-01-01,3,Sants-Montjuïc,13,la Marina de Port,63,3036,583,1,2
2026-01-01,3,Sants-Montjuïc,13,la Marina de Port,63,3036,102,2,1
2026-01-01,3,Sants-Montjuïc,13,la Marina de Port,63,3036,93,2,2
2026-01-01,3,Sants-Montjuïc,13,la Marina de Port,63,3036,194,3,1
2026-01-01,3,Sants-Montjuïc,13,la Marina de Port,63,3036,141,3,2
2026-01-01,3,Sants-Montjuïc,13,la Marina de Port,63,3036,31,4,1
2026-01-01,3,Sants-Montjuïc,13,la Marina de Port,63,3036,25,4,2
2026-01-01,3,Sants-Montjuïc,13,la Marina de Port,63,3036,315,5,1
2026-01-01,3,Sants-Montjuïc,13,la Marina de Port,63,3036,300,5,2
2026-01-01,3,Sants-Montjuïc,13,la Marina de Port,63,3037,265,1,1
2026-01-01,3,Sants-Montjuïc,13,la Marina de Port,63,3037,255,1,2
2026-01-01,3,Sants-Montjuïc,13,la Marina de Port,63,3037,26,2,1
2026-01-01,3,Sants-Montjuïc,13,la Marina de Port,63,3037,31,2,2
2026-01-01,3,Sants-Montjuïc,13,la Marina de Port,63,3037,108,3,1
2026-01-01,3,Sants-Montjuïc,13,la Marina de Port,63,3037,90,3,2
2026-01-01,3,Sants-Montjuïc,13,la Marina de Port,63,3037,8,4,1
2026-01-01,3,Sants-Montjuïc,13,la Marina de Port,63,3037,12,4,2
2026-01-01,3,Sants-Montjuïc,13,la Marina de Port,63,3037,104,5,1
2026-01-01,3,Sants-Montjuïc,13,la Marina de Port,63,3037,87,5,2
2026-01-01,3,Sants-Montjuïc,13,la Marina de Port,63,3212,502,1,1
2026-01-01,3,Sants-Montjuïc,13,la Marina de Port,63,3212,471,1,2
2026-01-01,3,Sants-Montjuïc,13,la Marina de Port,63,3212,77,2,1
2026-01-01,3,Sants-Montjuïc,13,la Marina de Port,63,3212,62,2,2
2026-01-01,3,Sants-Montjuïc,13,la Marina de Port,63,3212,231,3,1
2026-01-01,3,Sants-Montjuïc,13,la Marina de Port,63,3212,169,3,2
2026-01-01,3,Sants-Montjuïc,13,la Marina de Port,63,3212,33,4,1
2026-01-01,3,Sants-Montjuïc,13,la Marina de Port,63,3212,27,4,2
2026-01-01,3,Sants-Montjuïc,13,la Marina de Port,63,3212,519,5,1
2026-01-01,3,Sants-Montjuïc,13,la Marina de Port,63,3212,517,5,2
2026-01-01,3,Sants-Montjuïc,13,la Marina de Port,63,3212,..,6,1
2026-01-01,3,Sants-Montjuïc,13,la Marina de Port,63,3212,..,6,2
2026-01-01,3,Sants-Montjuïc,13,la Marina de Port,63,3213,446,1,1
2026-01-01,3,Sants-Montjuïc,13,la Marina de Port,63,3213,443,1,2
2026-01-01,3,Sants-Montjuïc,13,la Marina de Port,63,3213,40,2,1
2026-01-01,3,Sants-Montjuïc,13,la Marina de Port,63,3213,52,2,2
2026-01-01,3,Sants-Montjuïc,13,la Marina de Port,63,3213,173,3,1
2026-01-01,3,Sants-Montjuïc,13,la Marina de Port,63,3213,147,3,2
2026-01-01,3,Sants-Montjuïc,13,la Marina de Port,63,3213,37,4,1
2026-01-01,3,Sants-Montjuïc,13,la Marina de Port,63,3213,42,4,2
2026-01-01,3,Sants-Montjuïc,13,la Marina de Port,63,3213,547,5,1
2026-01-01,3,Sants-Montjuïc,13,la Marina de Port,63,3213,492,5,2
2026-01-01,3,Sants-Montjuïc,13,la Marina de Port,63,3213,..,6,2
2026-01-01,3,Sants-Montjuïc,13,la Marina de Port,64,3038,305,1,1
2026-01-01,3,Sants-Montjuïc,13,la Marina de Port,64,3038,281,1,2
2026-01-01,3,Sants-Montjuïc,13,la Marina de Port,64,3038,28,2,1
2026-01-01,3,Sants-Montjuïc,13,la Marina de Port,64,3038,22,2,2
2026-01-01,3,Sants-Montjuïc,13,la Marina de Port,64,3038,65,3,1
2026-01-01,3,Sants-Montjuïc,13,la Marina de Port,64,3038,53,3,2
2026-01-01,3,Sants-Montjuïc,13,la Marina de Port,64,3038,12,4,1
2026-01-01,3,Sants-Montjuïc,13,la Marina de Port,64,3038,14,4,2
2026-01-01,3,Sants-Montjuïc,13,la Marina de Port,64,3038,100,5,1
2026-01-01,3,Sants-Montjuïc,13,la Marina de Port,64,3038,82,5,2
2026-01-01,3,Sants-Montjuïc,13,la Marina de Port,64,3039,618,1,1
2026-01-01,3,Sants-Montjuïc,13,la Marina de Port,64,3039,576,1,2
2026-01-01,3,Sants-Montjuïc,13,la Marina de Port,64,3039,78,2,1
2026-01-01,3,Sants-Montjuïc,13,la Marina de Port,64,3039,58,2,2
2026-01-01,3,Sants-Montjuïc,13,la Marina de Port,64,3039,178,3,1
2026-01-01,3,Sants-Montjuïc,13,la Marina de Port,64,3039,120,3,2
2026-01-01,3,Sants-Montjuïc,13,la Marina de Port,64,3039,33,4,1
2026-01-01,3,Sants-Montjuïc,13,la Marina de Port,64,3039,35,4,2
2026-01-01,3,Sants-Montjuïc,13,la Marina de Port,64,3039,521,5,1
2026-01-01,3,Sants-Montjuïc,13,la Marina de Port,64,3039,543,5,2
2026-01-01,3,Sants-Montjuïc,14,la Font de la Guatlla,65,3040,365,1,1
2026-01-01,3,Sants-Montjuïc,14,la Font de la Guatlla,65,3040,309,1,2
2026-01-01,3,Sants-Montjuïc,14,la Font de la Guatlla,65,3040,66,2,1
2026-01-01,3,Sants-Montjuïc,14,la Font de la Guatlla,65,3040,51,2,2
2026-01-01,3,Sants-Montjuïc,14,la Font de la Guatlla,65,3040,165,3,1
2026-01-01,3,Sants-Montjuïc,14,la Font de la Guatlla,65,3040,131,3,2
2026-01-01,3,Sants-Montjuïc,14,la Font de la Guatlla,65,3040,27,4,1
2026-01-01,3,Sants-Montjuïc,14,la Font de la Guatlla,65,3040,29,4,2
2026-01-01,3,Sants-Montjuïc,14,la Font de la Guatlla,65,3040,190,5,1
2026-01-01,3,Sants-Montjuïc,14,la Font de la Guatlla,65,3040,684,5,2
2026-01-01,3,Sants-Montjuïc,14,la Font de la Guatlla,65,3040,..,6,1
2026-01-01,3,Sants-Montjuïc,14,la Font de la Guatlla,65,3040,..,6,2
2026-01-01,3,Sants-Montjuïc,14,la Font de la Guatlla,65,3041,267,1,1
2026-01-01,3,Sants-Montjuïc,14,la Font de la Guatlla,65,3041,274,1,2
2026-01-01,3,Sants-Montjuïc,14,la Font de la Guatlla,65,3041,49,2,1
2026-01-01,3,Sants-Montjuïc,14,la Font de la Guatlla,65,3041,51,2,2
2026-01-01,3,Sants-Montjuïc,14,la Font de la Guatlla,65,3041,130,3,1
2026-01-01,3,Sants-Montjuïc,14,la Font de la Guatlla,65,3041,99,3,2
2026-01-01,3,Sants-Montjuïc,14,la Font de la Guatlla,65,3041,33,4,1
2026-01-01,3,Sants-Montjuïc,14,la Font de la Guatlla,65,3041,32,4,2
2026-01-01,3,Sants-Montjuïc,14,la Font de la Guatlla,65,3041,231,5,1
2026-01-01,3,Sants-Montjuïc,14,la Font de la Guatlla,65,3041,234,5,2
2026-01-01,3,Sants-Montjuïc,14,la Font de la Guatlla,65,3042,294,1,1
2026-01-01,3,Sants-Montjuïc,14,la Font de la Guatlla,65,3042,289,1,2
2026-01-01,3,Sants-Montjuïc,14,la Font de la Guatlla,65,3042,46,2,1
2026-01-01,3,Sants-Montjuïc,14,la Font de la Guatlla,65,3042,59,2,2
2026-01-01,3,Sants-Montjuïc,14,la Font de la Guatlla,65,3042,100,3,1
2026-01-01,3,Sants-Montjuïc,14,la Font de la Guatlla,65,3042,72,3,2
2026-01-01,3,Sants-Montjuïc,14,la Font de la Guatlla,65,3042,40,4,1
2026-01-01,3,Sants-Montjuïc,14,la Font de la Guatlla,65,3042,42,4,2
2026-01-01,3,Sants-Montjuïc,14,la Font de la Guatlla,65,3042,225,5,1
2026-01-01,3,Sants-Montjuïc,14,la Font de la Guatlla,65,3042,234,5,2
2026-01-01,3,Sants-Montjuïc,14,la Font de la Guatlla,65,3043,334,1,1
2026-01-01,3,Sants-Montjuïc,14,la Font de la Guatlla,65,3043,281,1,2
2026-01-01,3,Sants-Montjuïc,14,la Font de la Guatlla,65,3043,49,2,1
2026-01-01,3,Sants-Montjuïc,14,la Font de la Guatlla,65,3043,68,2,2
2026-01-01,3,Sants-Montjuïc,14,la Font de la Guatlla,65,3043,185,3,1
2026-01-01,3,Sants-Montjuïc,14,la Font de la Guatlla,65,3043,115,3,2
2026-01-01,3,Sants-Montjuïc,14,la Font de la Guatlla,65,3043,40,4,1
2026-01-01,3,Sants-Montjuïc,14,la Font de la Guatlla,65,3043,52,4,2
2026-01-01,3,Sants-Montjuïc,14,la Font de la Guatlla,65,3043,248,5,1
2026-01-01,3,Sants-Montjuïc,14,la Font de la Guatlla,65,3043,255,5,2
2026-01-01,3,Sants-Montjuïc,14,la Font de la Guatlla,65,3043,..,6,2
2026-01-01,3,Sants-Montjuïc,14,la Font de la Guatlla,65,3044,346,1,1
2026-01-01,3,Sants-Montjuïc,14,la Font de la Guatlla,65,3044,342,1,2
2026-01-01,3,Sants-Montjuïc,14,la Font de la Guatlla,65,3044,67,2,1
2026-01-01,3,Sants-Montjuïc,14,la Font de la Guatlla,65,3044,54,2,2
2026-01-01,3,Sants-Montjuïc,14,la Font de la Guatlla,65,3044,144,3,1
2026-01-01,3,Sants-Montjuïc,14,la Font de la Guatlla,65,3044,106,3,2
2026-01-01,3,Sants-Montjuïc,14,la Font de la Guatlla,65,3044,48,4,1
2026-01-01,3,Sants-Montjuïc,14,la Font de la Guatlla,65,3044,43,4,2
2026-01-01,3,Sants-Montjuïc,14,la Font de la Guatlla,65,3044,330,5,1
2026-01-01,3,Sants-Montjuïc,14,la Font de la Guatlla,65,3044,325,5,2
2026-01-01,3,Sants-Montjuïc,14,la Font de la Guatlla,65,3044,..,6,1
2026-01-01,3,Sants-Montjuïc,14,la Font de la Guatlla,65,3045,204,1,1
2026-01-01,3,Sants-Montjuïc,14,la Font de la Guatlla,65,3045,245,1,2
2026-01-01,3,Sants-Montjuïc,14,la Font de la Guatlla,65,3045,40,2,1
2026-01-01,3,Sants-Montjuïc,14,la Font de la Guatlla,65,3045,35,2,2
2026-01-01,3,Sants-Montjuïc,14,la Font de la Guatlla,65,3045,103,3,1
2026-01-01,3,Sants-Montjuïc,14,la Font de la Guatlla,65,3045,86,3,2
2026-01-01,3,Sants-Montjuïc,14,la Font de la Guatlla,65,3045,37,4,1
2026-01-01,3,Sants-Montjuïc,14,la Font de la Guatlla,65,3045,37,4,2
2026-01-01,3,Sants-Montjuïc,14,la Font de la Guatlla,65,3045,160,5,1
2026-01-01,3,Sants-Montjuïc,14,la Font de la Guatlla,65,3045,146,5,2
2026-01-01,3,Sants-Montjuïc,14,la Font de la Guatlla,65,3046,339,1,1
2026-01-01,3,Sants-Montjuïc,14,la Font de la Guatlla,65,3046,312,1,2
2026-01-01,3,Sants-Montjuïc,14,la Font de la Guatlla,65,3046,58,2,1
2026-01-01,3,Sants-Montjuïc,14,la Font de la Guatlla,65,3046,49,2,2
2026-01-01,3,Sants-Montjuïc,14,la Font de la Guatlla,65,3046,161,3,1
2026-01-01,3,Sants-Montjuïc,14,la Font de la Guatlla,65,3046,114,3,2
2026-01-01,3,Sants-Montjuïc,14,la Font de la Guatlla,65,3046,32,4,1
2026-01-01,3,Sants-Montjuïc,14,la Font de la Guatlla,65,3046,43,4,2
2026-01-01,3,Sants-Montjuïc,14,la Font de la Guatlla,65,3046,207,5,1
2026-01-01,3,Sants-Montjuïc,14,la Font de la Guatlla,65,3046,206,5,2
2026-01-01,3,Sants-Montjuïc,15,Hostafrancs,66,3047,354,1,1
2026-01-01,3,Sants-Montjuïc,15,Hostafrancs,66,3047,353,1,2
2026-01-01,3,Sants-Montjuïc,15,Hostafrancs,66,3047,84,2,1
2026-01-01,3,Sants-Montjuïc,15,Hostafrancs,66,3047,58,2,2
2026-01-01,3,Sants-Montjuïc,15,Hostafrancs,66,3047,122,3,1
2026-01-01,3,Sants-Montjuïc,15,Hostafrancs,66,3047,92,3,2
2026-01-01,3,Sants-Montjuïc,15,Hostafrancs,66,3047,54,4,1
2026-01-01,3,Sants-Montjuïc,15,Hostafrancs,66,3047,52,4,2
2026-01-01,3,Sants-Montjuïc,15,Hostafrancs,66,3047,330,5,1
2026-01-01,3,Sants-Montjuïc,15,Hostafrancs,66,3047,299,5,2
2026-01-01,3,Sants-Montjuïc,15,Hostafrancs,66,3047,..,6,1
2026-01-01,3,Sants-Montjuïc,15,Hostafrancs,66,3048,295,1,1
2026-01-01,3,Sants-Montjuïc,15,Hostafrancs,66,3048,298,1,2
2026-01-01,3,Sants-Montjuïc,15,Hostafrancs,66,3048,68,2,1
2026-01-01,3,Sants-Montjuïc,15,Hostafrancs,66,3048,55,2,2
2026-01-01,3,Sants-Montjuïc,15,Hostafrancs,66,3048,120,3,1
2026-01-01,3,Sants-Montjuïc,15,Hostafrancs,66,3048,101,3,2
2026-01-01,3,Sants-Montjuïc,15,Hostafrancs,66,3048,28,4,1
2026-01-01,3,Sants-Montjuïc,15,Hostafrancs,66,3048,36,4,2
2026-01-01,3,Sants-Montjuïc,15,Hostafrancs,66,3048,457,5,1
2026-01-01,3,Sants-Montjuïc,15,Hostafrancs,66,3048,516,5,2
2026-01-01,3,Sants-Montjuïc,15,Hostafrancs,66,3049,357,1,1
2026-01-01,3,Sants-Montjuïc,15,Hostafrancs,66,3049,333,1,2
2026-01-01,3,Sants-Montjuïc,15,Hostafrancs,66,3049,83,2,1
2026-01-01,3,Sants-Montjuïc,15,Hostafrancs,66,3049,52,2,2
2026-01-01,3,Sants-Montjuïc,15,Hostafrancs,66,3049,143,3,1
2026-01-01,3,Sants-Montjuïc,15,Hostafrancs,66,3049,92,3,2
2026-01-01,3,Sants-Montjuïc,15,Hostafrancs,66,3049,49,4,1
2026-01-01,3,Sants-Montjuïc,15,Hostafrancs,66,3049,55,4,2
2026-01-01,3,Sants-Montjuïc,15,Hostafrancs,66,3049,275,5,1
2026-01-01,3,Sants-Montjuïc,15,Hostafrancs,66,3049,268,5,2
2026-01-01,3,Sants-Montjuïc,15,Hostafrancs,66,3050,318,1,1
2026-01-01,3,Sants-Montjuïc,15,Hostafrancs,66,3050,343,1,2
2026-01-01,3,Sants-Montjuïc,15,Hostafrancs,66,3050,65,2,1
2026-01-01,3,Sants-Montjuïc,15,Hostafrancs,66,3050,71,2,2
2026-01-01,3,Sants-Montjuïc,15,Hostafrancs,66,3050,118,3,1
2026-01-01,3,Sants-Montjuïc,15,Hostafrancs,66,3050,89,3,2
2026-01-01,3,Sants-Montjuïc,15,Hostafrancs,66,3050,64,4,1
2026-01-01,3,Sants-Montjuïc,15,Hostafrancs,66,3050,48,4,2
2026-01-01,3,Sants-Montjuïc,15,Hostafrancs,66,3050,285,5,1
2026-01-01,3,Sants-Montjuïc,15,Hostafrancs,66,3050,294,5,2
2026-01-01,3,Sants-Montjuïc,15,Hostafrancs,67,3051,401,1,1
2026-01-01,3,Sants-Montjuïc,15,Hostafrancs,67,3051,354,1,2
2026-01-01,3,Sants-Montjuïc,15,Hostafrancs,67,3051,61,2,1
2026-01-01,3,Sants-Montjuïc,15,Hostafrancs,67,3051,70,2,2
2026-01-01,3,Sants-Montjuïc,15,Hostafrancs,67,3051,82,3,1
2026-01-01,3,Sants-Montjuïc,15,Hostafrancs,67,3051,94,3,2
2026-01-01,3,Sants-Montjuïc,15,Hostafrancs,67,3051,67,4,1
2026-01-01,3,Sants-Montjuïc,15,Hostafrancs,67,3051,66,4,2
2026-01-01,3,Sants-Montjuïc,15,Hostafrancs,67,3051,334,5,1
2026-01-01,3,Sants-Montjuïc,15,Hostafrancs,67,3051,320,5,2
2026-01-01,3,Sants-Montjuïc,15,Hostafrancs,67,3052,294,1,1
2026-01-01,3,Sants-Montjuïc,15,Hostafrancs,67,3052,269,1,2
2026-01-01,3,Sants-Montjuïc,15,Hostafrancs,67,3052,77,2,1
2026-01-01,3,Sants-Montjuïc,15,Hostafrancs,67,3052,42,2,2
2026-01-01,3,Sants-Montjuïc,15,Hostafrancs,67,3052,86,3,1
2026-01-01,3,Sants-Montjuïc,15,Hostafrancs,67,3052,57,3,2
2026-01-01,3,Sants-Montjuïc,15,Hostafrancs,67,3052,50,4,1
2026-01-01,3,Sants-Montjuïc,15,Hostafrancs,67,3052,46,4,2
2026-01-01,3,Sants-Montjuïc,15,Hostafrancs,67,3052,261,5,1
2026-01-01,3,Sants-Montjuïc,15,Hostafrancs,67,3052,277,5,2
2026-01-01,3,Sants-Montjuïc,15,Hostafrancs,67,3053,441,1,1
2026-01-01,3,Sants-Montjuïc,15,Hostafrancs,67,3053,371,1,2
2026-01-01,3,Sants-Montjuïc,15,Hostafrancs,67,3053,71,2,1
2026-01-01,3,Sants-Montjuïc,15,Hostafrancs,67,3053,84,2,2
2026-01-01,3,Sants-Montjuïc,15,Hostafrancs,67,3053,131,3,1
2026-01-01,3,Sants-Montjuïc,15,Hostafrancs,67,3053,122,3,2
2026-01-01,3,Sants-Montjuïc,15,Hostafrancs,67,3053,66,4,1
2026-01-01,3,Sants-Montjuïc,15,Hostafrancs,67,3053,76,4,2
2026-01-01,3,Sants-Montjuïc,15,Hostafrancs,67,3053,458,5,1
2026-01-01,3,Sants-Montjuïc,15,Hostafrancs,67,3053,458,5,2
2026-01-01,3,Sants-Montjuïc,15,Hostafrancs,67,3054,357,1,1
2026-01-01,3,Sants-Montjuïc,15,Hostafrancs,67,3054,357,1,2
2026-01-01,3,Sants-Montjuïc,15,Hostafrancs,67,3054,67,2,1
2026-01-01,3,Sants-Montjuïc,15,Hostafrancs,67,3054,58,2,2
2026-01-01,3,Sants-Montjuïc,15,Hostafrancs,67,3054,136,3,1
2026-01-01,3,Sants-Montjuïc,15,Hostafrancs,67,3054,119,3,2
2026-01-01,3,Sants-Montjuïc,15,Hostafrancs,67,3054,30,4,1
2026-01-01,3,Sants-Montjuïc,15,Hostafrancs,67,3054,29,4,2
2026-01-01,3,Sants-Montjuïc,15,Hostafrancs,67,3054,282,5,1
2026-01-01,3,Sants-Montjuïc,15,Hostafrancs,67,3054,249,5,2
2026-01-01,3,Sants-Montjuïc,15,Hostafrancs,67,3055,343,1,1
2026-01-01,3,Sants-Montjuïc,15,Hostafrancs,67,3055,339,1,2
2026-01-01,3,Sants-Montjuïc,15,Hostafrancs,67,3055,45,2,1
2026-01-01,3,Sants-Montjuïc,15,Hostafrancs,67,3055,49,2,2
2026-01-01,3,Sants-Montjuïc,15,Hostafrancs,67,3055,115,3,1
2026-01-01,3,Sants-Montjuïc,15,Hostafrancs,67,3055,99,3,2
2026-01-01,3,Sants-Montjuïc,15,Hostafrancs,67,3055,41,4,1
2026-01-01,3,Sants-Montjuïc,15,Hostafrancs,67,3055,48,4,2
2026-01-01,3,Sants-Montjuïc,15,Hostafrancs,67,3055,277,5,1
2026-01-01,3,Sants-Montjuïc,15,Hostafrancs,67,3055,247,5,2
2026-01-01,3,Sants-Montjuïc,15,Hostafrancs,67,3056,201,1,1
2026-01-01,3,Sants-Montjuïc,15,Hostafrancs,67,3056,174,1,2
2026-01-01,3,Sants-Montjuïc,15,Hostafrancs,67,3056,30,2,1
2026-01-01,3,Sants-Montjuïc,15,Hostafrancs,67,3056,30,2,2
2026-01-01,3,Sants-Montjuïc,15,Hostafrancs,67,3056,85,3,1
2026-01-01,3,Sants-Montjuïc,15,Hostafrancs,67,3056,44,3,2
2026-01-01,3,Sants-Montjuïc,15,Hostafrancs,67,3056,15,4,1
2026-01-01,3,Sants-Montjuïc,15,Hostafrancs,67,3056,25,4,2
2026-01-01,3,Sants-Montjuïc,15,Hostafrancs,67,3056,186,5,1
2026-01-01,3,Sants-Montjuïc,15,Hostafrancs,67,3056,183,5,2
2026-01-01,3,Sants-Montjuïc,16,la Bordeta,68,3057,380,1,1
2026-01-01,3,Sants-Montjuïc,16,la Bordeta,68,3057,359,1,2
2026-01-01,3,Sants-Montjuïc,16,la Bordeta,68,3057,68,2,1
2026-01-01,3,Sants-Montjuïc,16,la Bordeta,68,3057,50,2,2
2026-01-01,3,Sants-Montjuïc,16,la Bordeta,68,3057,137,3,1
2026-01-01,3,Sants-Montjuïc,16,la Bordeta,68,3057,104,3,2
2026-01-01,3,Sants-Montjuïc,16,la Bordeta,68,3057,36,4,1
2026-01-01,3,Sants-Montjuïc,16,la Bordeta,68,3057,28,4,2
2026-01-01,3,Sants-Montjuïc,16,la Bordeta,68,3057,182,5,1
2026-01-01,3,Sants-Montjuïc,16,la Bordeta,68,3057,162,5,2
2026-01-01,3,Sants-Montjuïc,16,la Bordeta,68,3057,..,6,1
2026-01-01,3,Sants-Montjuïc,16,la Bordeta,68,3057,..,6,2
2026-01-01,3,Sants-Montjuïc,16,la Bordeta,68,3058,460,1,1
2026-01-01,3,Sants-Montjuïc,16,la Bordeta,68,3058,427,1,2
2026-01-01,3,Sants-Montjuïc,16,la Bordeta,68,3058,80,2,1
2026-01-01,3,Sants-Montjuïc,16,la Bordeta,68,3058,75,2,2
2026-01-01,3,Sants-Montjuïc,16,la Bordeta,68,3058,162,3,1
2026-01-01,3,Sants-Montjuïc,16,la Bordeta,68,3058,121,3,2
2026-01-01,3,Sants-Montjuïc,16,la Bordeta,68,3058,48,4,1
2026-01-01,3,Sants-Montjuïc,16,la Bordeta,68,3058,56,4,2
2026-01-01,3,Sants-Montjuïc,16,la Bordeta,68,3058,219,5,1
2026-01-01,3,Sants-Montjuïc,16,la Bordeta,68,3058,242,5,2
2026-01-01,3,Sants-Montjuïc,16,la Bordeta,68,3058,5,6,1
2026-01-01,3,Sants-Montjuïc,16,la Bordeta,68,3058,..,6,2
2026-01-01,3,Sants-Montjuïc,16,la Bordeta,68,3059,292,1,1
2026-01-01,3,Sants-Montjuïc,16,la Bordeta,68,3059,283,1,2
2026-01-01,3,Sants-Montjuïc,16,la Bordeta,68,3059,42,2,1
2026-01-01,3,Sants-Montjuïc,16,la Bordeta,68,3059,44,2,2
2026-01-01,3,Sants-Montjuïc,16,la Bordeta,68,3059,124,3,1
2026-01-01,3,Sants-Montjuïc,16,la Bordeta,68,3059,104,3,2
2026-01-01,3,Sants-Montjuïc,16,la Bordeta,68,3059,30,4,1
2026-01-01,3,Sants-Montjuïc,16,la Bordeta,68,3059,28,4,2
2026-01-01,3,Sants-Montjuïc,16,la Bordeta,68,3059,204,5,1
2026-01-01,3,Sants-Montjuïc,16,la Bordeta,68,3059,177,5,2
2026-01-01,3,Sants-Montjuïc,16,la Bordeta,68,3060,364,1,1
2026-01-01,3,Sants-Montjuïc,16,la Bordeta,68,3060,360,1,2
2026-01-01,3,Sants-Montjuïc,16,la Bordeta,68,3060,50,2,1
2026-01-01,3,Sants-Montjuïc,16,la Bordeta,68,3060,54,2,2
2026-01-01,3,Sants-Montjuïc,16,la Bordeta,68,3060,128,3,1
2026-01-01,3,Sants-Montjuïc,16,la Bordeta,68,3060,89,3,2
2026-01-01,3,Sants-Montjuïc,16,la Bordeta,68,3060,22,4,1
2026-01-01,3,Sants-Montjuïc,16,la Bordeta,68,3060,14,4,2
2026-01-01,3,Sants-Montjuïc,16,la Bordeta,68,3060,164,5,1
2026-01-01,3,Sants-Montjuïc,16,la Bordeta,68,3060,153,5,2
2026-01-01,3,Sants-Montjuïc,16,la Bordeta,68,3061,273,1,1
2026-01-01,3,Sants-Montjuïc,16,la Bordeta,68,3061,271,1,2
2026-01-01,3,Sants-Montjuïc,16,la Bordeta,68,3061,53,2,1
2026-01-01,3,Sants-Montjuïc,16,la Bordeta,68,3061,43,2,2
2026-01-01,3,Sants-Montjuïc,16,la Bordeta,68,3061,88,3,1
2026-01-01,3,Sants-Montjuïc,16,la Bordeta,68,3061,61,3,2
2026-01-01,3,Sants-Montjuïc,16,la Bordeta,68,3061,34,4,1
2026-01-01,3,Sants-Montjuïc,16,la Bordeta,68,3061,31,4,2
2026-01-01,3,Sants-Montjuïc,16,la Bordeta,68,3061,171,5,1
2026-01-01,3,Sants-Montjuïc,16,la Bordeta,68,3061,146,5,2
2026-01-01,3,Sants-Montjuïc,16,la Bordeta,69,3062,466,1,1
2026-01-01,3,Sants-Montjuïc,16,la Bordeta,69,3062,429,1,2
2026-01-01,3,Sants-Montjuïc,16,la Bordeta,69,3062,76,2,1
2026-01-01,3,Sants-Montjuïc,16,la Bordeta,69,3062,53,2,2
2026-01-01,3,Sants-Montjuïc,16,la Bordeta,69,3062,109,3,1
2026-01-01,3,Sants-Montjuïc,16,la Bordeta,69,3062,74,3,2
2026-01-01,3,Sants-Montjuïc,16,la Bordeta,69,3062,38,4,1
2026-01-01,3,Sants-Montjuïc,16,la Bordeta,69,3062,35,4,2
2026-01-01,3,Sants-Montjuïc,16,la Bordeta,69,3062,221,5,1
2026-01-01,3,Sants-Montjuïc,16,la Bordeta,69,3062,205,5,2
2026-01-01,3,Sants-Montjuïc,16,la Bordeta,69,3062,..,6,1
2026-01-01,3,Sants-Montjuïc,16,la Bordeta,69,3063,522,1,1
2026-01-01,3,Sants-Montjuïc,16,la Bordeta,69,3063,522,1,2
2026-01-01,3,Sants-Montjuïc,16,la Bordeta,69,3063,77,2,1
2026-01-01,3,Sants-Montjuïc,16,la Bordeta,69,3063,67,2,2
2026-01-01,3,Sants-Montjuïc,16,la Bordeta,69,3063,116,3,1
2026-01-01,3,Sants-Montjuïc,16,la Bordeta,69,3063,93,3,2
2026-01-01,3,Sants-Montjuïc,16,la Bordeta,69,3063,26,4,1
2026-01-01,3,Sants-Montjuïc,16,la Bordeta,69,3063,34,4,2
2026-01-01,3,Sants-Montjuïc,16,la Bordeta,69,3063,311,5,1
2026-01-01,3,Sants-Montjuïc,16,la Bordeta,69,3063,298,5,2
2026-01-01,3,Sants-Montjuïc,16,la Bordeta,69,3064,355,1,1
2026-01-01,3,Sants-Montjuïc,16,la Bordeta,69,3064,351,1,2
2026-01-01,3,Sants-Montjuïc,16,la Bordeta,69,3064,66,2,1
2026-01-01,3,Sants-Montjuïc,16,la Bordeta,69,3064,60,2,2
2026-01-01,3,Sants-Montjuïc,16,la Bordeta,69,3064,112,3,1
2026-01-01,3,Sants-Montjuïc,16,la Bordeta,69,3064,91,3,2
2026-01-01,3,Sants-Montjuïc,16,la Bordeta,69,3064,42,4,1
2026-01-01,3,Sants-Montjuïc,16,la Bordeta,69,3064,60,4,2
2026-01-01,3,Sants-Montjuïc,16,la Bordeta,69,3064,416,5,1
2026-01-01,3,Sants-Montjuïc,16,la Bordeta,69,3064,618,5,2
2026-01-01,3,Sants-Montjuïc,16,la Bordeta,69,3065,342,1,1
2026-01-01,3,Sants-Montjuïc,16,la Bordeta,69,3065,376,1,2
2026-01-01,3,Sants-Montjuïc,16,la Bordeta,69,3065,55,2,1
2026-01-01,3,Sants-Montjuïc,16,la Bordeta,69,3065,52,2,2
2026-01-01,3,Sants-Montjuïc,16,la Bordeta,69,3065,167,3,1
2026-01-01,3,Sants-Montjuïc,16,la Bordeta,69,3065,96,3,2
2026-01-01,3,Sants-Montjuïc,16,la Bordeta,69,3065,7,4,1
2026-01-01,3,Sants-Montjuïc,16,la Bordeta,69,3065,7,4,2
2026-01-01,3,Sants-Montjuïc,16,la Bordeta,69,3065,148,5,1
2026-01-01,3,Sants-Montjuïc,16,la Bordeta,69,3065,143,5,2
2026-01-01,3,Sants-Montjuïc,16,la Bordeta,69,3066,554,1,1
2026-01-01,3,Sants-Montjuïc,16,la Bordeta,69,3066,509,1,2
2026-01-01,3,Sants-Montjuïc,16,la Bordeta,69,3066,106,2,1
2026-01-01,3,Sants-Montjuïc,16,la Bordeta,69,3066,114,2,2
2026-01-01,3,Sants-Montjuïc,16,la Bordeta,69,3066,226,3,1
2026-01-01,3,Sants-Montjuïc,16,la Bordeta,69,3066,170,3,2
2026-01-01,3,Sants-Montjuïc,16,la Bordeta,69,3066,26,4,1
2026-01-01,3,Sants-Montjuïc,16,la Bordeta,69,3066,33,4,2
2026-01-01,3,Sants-Montjuïc,16,la Bordeta,69,3066,322,5,1
2026-01-01,3,Sants-Montjuïc,16,la Bordeta,69,3066,334,5,2
2026-01-01,3,Sants-Montjuïc,16,la Bordeta,69,3067,435,1,1
2026-01-01,3,Sants-Montjuïc,16,la Bordeta,69,3067,404,1,2
2026-01-01,3,Sants-Montjuïc,16,la Bordeta,69,3067,75,2,1
2026-01-01,3,Sants-Montjuïc,16,la Bordeta,69,3067,72,2,2
2026-01-01,3,Sants-Montjuïc,16,la Bordeta,69,3067,170,3,1
2026-01-01,3,Sants-Montjuïc,16,la Bordeta,69,3067,93,3,2
2026-01-01,3,Sants-Montjuïc,16,la Bordeta,69,3067,13,4,1
2026-01-01,3,Sants-Montjuïc,16,la Bordeta,69,3067,17,4,2
2026-01-01,3,Sants-Montjuïc,16,la Bordeta,69,3067,254,5,1
2026-01-01,3,Sants-Montjuïc,16,la Bordeta,69,3067,219,5,2
2026-01-01,3,Sants-Montjuïc,16,la Bordeta,69,3068,244,1,1
2026-01-01,3,Sants-Montjuïc,16,la Bordeta,69,3068,257,1,2
2026-01-01,3,Sants-Montjuïc,16,la Bordeta,69,3068,71,2,1
2026-01-01,3,Sants-Montjuïc,16,la Bordeta,69,3068,33,2,2
2026-01-01,3,Sants-Montjuïc,16,la Bordeta,69,3068,111,3,1
2026-01-01,3,Sants-Montjuïc,16,la Bordeta,69,3068,78,3,2
2026-01-01,3,Sants-Montjuïc,16,la Bordeta,69,3068,15,4,1
2026-01-01,3,Sants-Montjuïc,16,la Bordeta,69,3068,20,4,2
2026-01-01,3,Sants-Montjuïc,16,la Bordeta,69,3068,176,5,1
2026-01-01,3,Sants-Montjuïc,16,la Bordeta,69,3068,167,5,2
2026-01-01,3,Sants-Montjuïc,16,la Bordeta,69,3069,242,1,1
2026-01-01,3,Sants-Montjuïc,16,la Bordeta,69,3069,274,1,2
2026-01-01,3,Sants-Montjuïc,16,la Bordeta,69,3069,44,2,1
2026-01-01,3,Sants-Montjuïc,16,la Bordeta,69,3069,48,2,2
2026-01-01,3,Sants-Montjuïc,16,la Bordeta,69,3069,127,3,1
2026-01-01,3,Sants-Montjuïc,16,la Bordeta,69,3069,93,3,2
2026-01-01,3,Sants-Montjuïc,16,la Bordeta,69,3069,8,4,1
2026-01-01,3,Sants-Montjuïc,16,la Bordeta,69,3069,21,4,2
2026-01-01,3,Sants-Montjuïc,16,la Bordeta,69,3069,180,5,1
2026-01-01,3,Sants-Montjuïc,16,la Bordeta,69,3069,156,5,2
2026-01-01,3,Sants-Montjuïc,16,la Bordeta,69,3069,..,6,1
2026-01-01,3,Sants-Montjuïc,17,Sants - Badal,70,3070,233,1,1
2026-01-01,3,Sants-Montjuïc,17,Sants - Badal,70,3070,280,1,2
2026-01-01,3,Sants-Montjuïc,17,Sants - Badal,70,3070,50,2,1
2026-01-01,3,Sants-Montjuïc,17,Sants - Badal,70,3070,44,2,2
2026-01-01,3,Sants-Montjuïc,17,Sants - Badal,70,3070,132,3,1
2026-01-01,3,Sants-Montjuïc,17,Sants - Badal,70,3070,95,3,2
2026-01-01,3,Sants-Montjuïc,17,Sants - Badal,70,3070,29,4,1
2026-01-01,3,Sants-Montjuïc,17,Sants - Badal,70,3070,14,4,2
2026-01-01,3,Sants-Montjuïc,17,Sants - Badal,70,3070,291,5,1
2026-01-01,3,Sants-Montjuïc,17,Sants - Badal,70,3070,291,5,2
2026-01-01,3,Sants-Montjuïc,17,Sants - Badal,70,3071,277,1,1
2026-01-01,3,Sants-Montjuïc,17,Sants - Badal,70,3071,277,1,2
2026-01-01,3,Sants-Montjuïc,17,Sants - Badal,70,3071,80,2,1
2026-01-01,3,Sants-Montjuïc,17,Sants - Badal,70,3071,59,2,2
2026-01-01,3,Sants-Montjuïc,17,Sants - Badal,70,3071,108,3,1
2026-01-01,3,Sants-Montjuïc,17,Sants - Badal,70,3071,67,3,2
2026-01-01,3,Sants-Montjuïc,17,Sants - Badal,70,3071,46,4,1
2026-01-01,3,Sants-Montjuïc,17,Sants - Badal,70,3071,36,4,2
2026-01-01,3,Sants-Montjuïc,17,Sants - Badal,70,3071,232,5,1
2026-01-01,3,Sants-Montjuïc,17,Sants - Badal,70,3071,239,5,2
2026-01-01,3,Sants-Montjuïc,17,Sants - Badal,70,3071,..,6,2
2026-01-01,3,Sants-Montjuïc,17,Sants - Badal,70,3072,295,1,1
2026-01-01,3,Sants-Montjuïc,17,Sants - Badal,70,3072,261,1,2
2026-01-01,3,Sants-Montjuïc,17,Sants - Badal,70,3072,63,2,1
2026-01-01,3,Sants-Montjuïc,17,Sants - Badal,70,3072,44,2,2
2026-01-01,3,Sants-Montjuïc,17,Sants - Badal,70,3072,105,3,1
2026-01-01,3,Sants-Montjuïc,17,Sants - Badal,70,3072,92,3,2
2026-01-01,3,Sants-Montjuïc,17,Sants - Badal,70,3072,34,4,1
2026-01-01,3,Sants-Montjuïc,17,Sants - Badal,70,3072,24,4,2
2026-01-01,3,Sants-Montjuïc,17,Sants - Badal,70,3072,254,5,1
2026-01-01,3,Sants-Montjuïc,17,Sants - Badal,70,3072,215,5,2
2026-01-01,3,Sants-Montjuïc,17,Sants - Badal,70,3073,353,1,1
2026-01-01,3,Sants-Montjuïc,17,Sants - Badal,70,3073,339,1,2
2026-01-01,3,Sants-Montjuïc,17,Sants - Badal,70,3073,81,2,1
2026-01-01,3,Sants-Montjuïc,17,Sants - Badal,70,3073,69,2,2
2026-01-01,3,Sants-Montjuïc,17,Sants - Badal,70,3073,150,3,1
2026-01-01,3,Sants-Montjuïc,17,Sants - Badal,70,3073,116,3,2
2026-01-01,3,Sants-Montjuïc,17,Sants - Badal,70,3073,31,4,1
2026-01-01,3,Sants-Montjuïc,17,Sants - Badal,70,3073,23,4,2
2026-01-01,3,Sants-Montjuïc,17,Sants - Badal,70,3073,248,5,1
2026-01-01,3,Sants-Montjuïc,17,Sants - Badal,70,3073,221,5,2
2026-01-01,3,Sants-Montjuïc,17,Sants - Badal,70,3074,436,1,1
2026-01-01,3,Sants-Montjuïc,17,Sants - Badal,70,3074,386,1,2
2026-01-01,3,Sants-Montjuïc,17,Sants - Badal,70,3074,71,2,1
2026-01-01,3,Sants-Montjuïc,17,Sants - Badal,70,3074,75,2,2
2026-01-01,3,Sants-Montjuïc,17,Sants - Badal,70,3074,146,3,1
2026-01-01,3,Sants-Montjuïc,17,Sants - Badal,70,3074,115,3,2
2026-01-01,3,Sants-Montjuïc,17,Sants - Badal,70,3074,39,4,1
2026-01-01,3,Sants-Montjuïc,17,Sants - Badal,70,3074,41,4,2
2026-01-01,3,Sants-Montjuïc,17,Sants - Badal,70,3074,283,5,1
2026-01-01,3,Sants-Montjuïc,17,Sants - Badal,70,3074,250,5,2
2026-01-01,3,Sants-Montjuïc,17,Sants - Badal,70,3075,388,1,1
2026-01-01,3,Sants-Montjuïc,17,Sants - Badal,70,3075,340,1,2
2026-01-01,3,Sants-Montjuïc,17,Sants - Badal,70,3075,87,2,1
2026-01-01,3,Sants-Montjuïc,17,Sants - Badal,70,3075,64,2,2
2026-01-01,3,Sants-Montjuïc,17,Sants - Badal,70,3075,131,3,1
2026-01-01,3,Sants-Montjuïc,17,Sants - Badal,70,3075,112,3,2
2026-01-01,3,Sants-Montjuïc,17,Sants - Badal,70,3075,24,4,1
2026-01-01,3,Sants-Montjuïc,17,Sants - Badal,70,3075,22,4,2
2026-01-01,3,Sants-Montjuïc,17,Sants - Badal,70,3075,317,5,1
2026-01-01,3,Sants-Montjuïc,17,Sants - Badal,70,3075,279,5,2
2026-01-01,3,Sants-Montjuïc,17,Sants - Badal,70,3076,212,1,1
2026-01-01,3,Sants-Montjuïc,17,Sants - Badal,70,3076,220,1,2
2026-01-01,3,Sants-Montjuïc,17,Sants - Badal,70,3076,59,2,1
2026-01-01,3,Sants-Montjuïc,17,Sants - Badal,70,3076,51,2,2
2026-01-01,3,Sants-Montjuïc,17,Sants - Badal,70,3076,107,3,1
2026-01-01,3,Sants-Montjuïc,17,Sants - Badal,70,3076,88,3,2
2026-01-01,3,Sants-Montjuïc,17,Sants - Badal,70,3076,18,4,1
2026-01-01,3,Sants-Montjuïc,17,Sants - Badal,70,3076,15,4,2
2026-01-01,3,Sants-Montjuïc,17,Sants - Badal,70,3076,156,5,1
2026-01-01,3,Sants-Montjuïc,17,Sants - Badal,70,3076,140,5,2
2026-01-01,3,Sants-Montjuïc,17,Sants - Badal,70,3077,296,1,1
2026-01-01,3,Sants-Montjuïc,17,Sants - Badal,70,3077,248,1,2
2026-01-01,3,Sants-Montjuïc,17,Sants - Badal,70,3077,64,2,1
2026-01-01,3,Sants-Montjuïc,17,Sants - Badal,70,3077,72,2,2
2026-01-01,3,Sants-Montjuïc,17,Sants - Badal,70,3077,131,3,1
2026-01-01,3,Sants-Montjuïc,17,Sants - Badal,70,3077,83,3,2
2026-01-01,3,Sants-Montjuïc,17,Sants - Badal,70,3077,19,4,1
2026-01-01,3,Sants-Montjuïc,17,Sants - Badal,70,3077,31,4,2
2026-01-01,3,Sants-Montjuïc,17,Sants - Badal,70,3077,281,5,1
2026-01-01,3,Sants-Montjuïc,17,Sants - Badal,70,3077,225,5,2
2026-01-01,3,Sants-Montjuïc,17,Sants - Badal,70,3077,..,6,1
2026-01-01,3,Sants-Montjuïc,17,Sants - Badal,70,3077,..,6,2
2026-01-01,3,Sants-Montjuïc,17,Sants - Badal,70,3078,336,1,1
2026-01-01,3,Sants-Montjuïc,17,Sants - Badal,70,3078,308,1,2
2026-01-01,3,Sants-Montjuïc,17,Sants - Badal,70,3078,75,2,1
2026-01-01,3,Sants-Montjuïc,17,Sants - Badal,70,3078,76,2,2
2026-01-01,3,Sants-Montjuïc,17,Sants - Badal,70,3078,114,3,1
2026-01-01,3,Sants-Montjuïc,17,Sants - Badal,70,3078,112,3,2
2026-01-01,3,Sants-Montjuïc,17,Sants - Badal,70,3078,39,4,1
2026-01-01,3,Sants-Montjuïc,17,Sants - Badal,70,3078,30,4,2
2026-01-01,3,Sants-Montjuïc,17,Sants - Badal,70,3078,361,5,1
2026-01-01,3,Sants-Montjuïc,17,Sants - Badal,70,3078,301,5,2
2026-01-01,3,Sants-Montjuïc,17,Sants - Badal,70,3078,..,6,2
2026-01-01,3,Sants-Montjuïc,17,Sants - Badal,70,3079,322,1,1
2026-01-01,3,Sants-Montjuïc,17,Sants - Badal,70,3079,321,1,2
2026-01-01,3,Sants-Montjuïc,17,Sants - Badal,70,3079,79,2,1
2026-01-01,3,Sants-Montjuïc,17,Sants - Badal,70,3079,80,2,2
2026-01-01,3,Sants-Montjuïc,17,Sants - Badal,70,3079,126,3,1
2026-01-01,3,Sants-Montjuïc,17,Sants - Badal,70,3079,87,3,2
2026-01-01,3,Sants-Montjuïc,17,Sants - Badal,70,3079,32,4,1
2026-01-01,3,Sants-Montjuïc,17,Sants - Badal,70,3079,30,4,2
2026-01-01,3,Sants-Montjuïc,17,Sants - Badal,70,3079,436,5,1
2026-01-01,3,Sants-Montjuïc,17,Sants - Badal,70,3079,340,5,2
2026-01-01,3,Sants-Montjuïc,17,Sants - Badal,70,3080,330,1,1
2026-01-01,3,Sants-Montjuïc,17,Sants - Badal,70,3080,306,1,2
2026-01-01,3,Sants-Montjuïc,17,Sants - Badal,70,3080,66,2,1
2026-01-01,3,Sants-Montjuïc,17,Sants - Badal,70,3080,70,2,2
2026-01-01,3,Sants-Montjuïc,17,Sants - Badal,70,3080,147,3,1
2026-01-01,3,Sants-Montjuïc,17,Sants - Badal,70,3080,105,3,2
2026-01-01,3,Sants-Montjuïc,17,Sants - Badal,70,3080,18,4,1
2026-01-01,3,Sants-Montjuïc,17,Sants - Badal,70,3080,20,4,2
2026-01-01,3,Sants-Montjuïc,17,Sants - Badal,70,3080,266,5,1
2026-01-01,3,Sants-Montjuïc,17,Sants - Badal,70,3080,209,5,2
2026-01-01,3,Sants-Montjuïc,17,Sants - Badal,71,3081,430,1,1
2026-01-01,3,Sants-Montjuïc,17,Sants - Badal,71,3081,399,1,2
2026-01-01,3,Sants-Montjuïc,17,Sants - Badal,71,3081,87,2,1
2026-01-01,3,Sants-Montjuïc,17,Sants - Badal,71,3081,77,2,2
2026-01-01,3,Sants-Montjuïc,17,Sants - Badal,71,3081,194,3,1
2026-01-01,3,Sants-Montjuïc,17,Sants - Badal,71,3081,105,3,2
2026-01-01,3,Sants-Montjuïc,17,Sants - Badal,71,3081,27,4,1
2026-01-01,3,Sants-Montjuïc,17,Sants - Badal,71,3081,18,4,2
2026-01-01,3,Sants-Montjuïc,17,Sants - Badal,71,3081,377,5,1
2026-01-01,3,Sants-Montjuïc,17,Sants - Badal,71,3081,324,5,2
2026-01-01,3,Sants-Montjuïc,17,Sants - Badal,71,3082,421,1,1
2026-01-01,3,Sants-Montjuïc,17,Sants - Badal,71,3082,422,1,2
2026-01-01,3,Sants-Montjuïc,17,Sants - Badal,71,3082,78,2,1
2026-01-01,3,Sants-Montjuïc,17,Sants - Badal,71,3082,81,2,2
2026-01-01,3,Sants-Montjuïc,17,Sants - Badal,71,3082,181,3,1
2026-01-01,3,Sants-Montjuïc,17,Sants - Badal,71,3082,112,3,2
2026-01-01,3,Sants-Montjuïc,17,Sants - Badal,71,3082,33,4,1
2026-01-01,3,Sants-Montjuïc,17,Sants - Badal,71,3082,33,4,2
2026-01-01,3,Sants-Montjuïc,17,Sants - Badal,71,3082,264,5,1
2026-01-01,3,Sants-Montjuïc,17,Sants - Badal,71,3082,259,5,2
2026-01-01,3,Sants-Montjuïc,17,Sants - Badal,71,3083,284,1,1
2026-01-01,3,Sants-Montjuïc,17,Sants - Badal,71,3083,295,1,2
2026-01-01,3,Sants-Montjuïc,17,Sants - Badal,71,3083,85,2,1
2026-01-01,3,Sants-Montjuïc,17,Sants - Badal,71,3083,56,2,2
2026-01-01,3,Sants-Montjuïc,17,Sants - Badal,71,3083,139,3,1
2026-01-01,3,Sants-Montjuïc,17,Sants - Badal,71,3083,97,3,2
2026-01-01,3,Sants-Montjuïc,17,Sants - Badal,71,3083,16,4,1
2026-01-01,3,Sants-Montjuïc,17,Sants - Badal,71,3083,14,4,2
2026-01-01,3,Sants-Montjuïc,17,Sants - Badal,71,3083,191,5,1
2026-01-01,3,Sants-Montjuïc,17,Sants - Badal,71,3083,180,5,2
2026-01-01,3,Sants-Montjuïc,17,Sants - Badal,71,3083,..,6,1
2026-01-01,3,Sants-Montjuïc,17,Sants - Badal,71,3084,393,1,1
2026-01-01,3,Sants-Montjuïc,17,Sants - Badal,71,3084,328,1,2
2026-01-01,3,Sants-Montjuïc,17,Sants - Badal,71,3084,62,2,1
2026-01-01,3,Sants-Montjuïc,17,Sants - Badal,71,3084,56,2,2
2026-01-01,3,Sants-Montjuïc,17,Sants - Badal,71,3084,132,3,1
2026-01-01,3,Sants-Montjuïc,17,Sants - Badal,71,3084,114,3,2
2026-01-01,3,Sants-Montjuïc,17,Sants - Badal,71,3084,19,4,1
2026-01-01,3,Sants-Montjuïc,17,Sants - Badal,71,3084,20,4,2
2026-01-01,3,Sants-Montjuïc,17,Sants - Badal,71,3084,175,5,1
2026-01-01,3,Sants-Montjuïc,17,Sants - Badal,71,3084,156,5,2
2026-01-01,3,Sants-Montjuïc,17,Sants - Badal,71,3085,315,1,1
2026-01-01,3,Sants-Montjuïc,17,Sants - Badal,71,3085,274,1,2
2026-01-01,3,Sants-Montjuïc,17,Sants - Badal,71,3085,62,2,1
2026-01-01,3,Sants-Montjuïc,17,Sants - Badal,71,3085,50,2,2
2026-01-01,3,Sants-Montjuïc,17,Sants - Badal,71,3085,94,3,1
2026-01-01,3,Sants-Montjuïc,17,Sants - Badal,71,3085,71,3,2
2026-01-01,3,Sants-Montjuïc,17,Sants - Badal,71,3085,26,4,1
2026-01-01,3,Sants-Montjuïc,17,Sants - Badal,71,3085,27,4,2
2026-01-01,3,Sants-Montjuïc,17,Sants - Badal,71,3085,239,5,1
2026-01-01,3,Sants-Montjuïc,17,Sants - Badal,71,3085,178,5,2
2026-01-01,3,Sants-Montjuïc,17,Sants - Badal,71,3085,..,6,1
2026-01-01,3,Sants-Montjuïc,18,Sants,72,3086,356,1,1
2026-01-01,3,Sants-Montjuïc,18,Sants,72,3086,328,1,2
2026-01-01,3,Sants-Montjuïc,18,Sants,72,3086,52,2,1
2026-01-01,3,Sants-Montjuïc,18,Sants,72,3086,69,2,2
2026-01-01,3,Sants-Montjuïc,18,Sants,72,3086,123,3,1
2026-01-01,3,Sants-Montjuïc,18,Sants,72,3086,93,3,2
2026-01-01,3,Sants-Montjuïc,18,Sants,72,3086,10,4,1
2026-01-01,3,Sants-Montjuïc,18,Sants,72,3086,12,4,2
2026-01-01,3,Sants-Montjuïc,18,Sants,72,3086,127,5,1
2026-01-01,3,Sants-Montjuïc,18,Sants,72,3086,101,5,2
2026-01-01,3,Sants-Montjuïc,18,Sants,72,3087,354,1,1
2026-01-01,3,Sants-Montjuïc,18,Sants,72,3087,360,1,2
2026-01-01,3,Sants-Montjuïc,18,Sants,72,3087,69,2,1
2026-01-01,3,Sants-Montjuïc,18,Sants,72,3087,71,2,2
2026-01-01,3,Sants-Montjuïc,18,Sants,72,3087,131,3,1
2026-01-01,3,Sants-Montjuïc,18,Sants,72,3087,75,3,2
2026-01-01,3,Sants-Montjuïc,18,Sants,72,3087,22,4,1
2026-01-01,3,Sants-Montjuïc,18,Sants,72,3087,22,4,2
2026-01-01,3,Sants-Montjuïc,18,Sants,72,3087,240,5,1
2026-01-01,3,Sants-Montjuïc,18,Sants,72,3087,207,5,2
2026-01-01,3,Sants-Montjuïc,18,Sants,72,3088,362,1,1
2026-01-01,3,Sants-Montjuïc,18,Sants,72,3088,317,1,2
2026-01-01,3,Sants-Montjuïc,18,Sants,72,3088,61,2,1
2026-01-01,3,Sants-Montjuïc,18,Sants,72,3088,46,2,2
2026-01-01,3,Sants-Montjuïc,18,Sants,72,3088,117,3,1
2026-01-01,3,Sants-Montjuïc,18,Sants,72,3088,77,3,2
2026-01-01,3,Sants-Montjuïc,18,Sants,72,3088,28,4,1
2026-01-01,3,Sants-Montjuïc,18,Sants,72,3088,28,4,2
2026-01-01,3,Sants-Montjuïc,18,Sants,72,3088,197,5,1
2026-01-01,3,Sants-Montjuïc,18,Sants,72,3088,161,5,2
2026-01-01,3,Sants-Montjuïc,18,Sants,72,3089,337,1,1
2026-01-01,3,Sants-Montjuïc,18,Sants,72,3089,316,1,2
2026-01-01,3,Sants-Montjuïc,18,Sants,72,3089,71,2,1
2026-01-01,3,Sants-Montjuïc,18,Sants,72,3089,67,2,2
2026-01-01,3,Sants-Montjuïc,18,Sants,72,3089,113,3,1
2026-01-01,3,Sants-Montjuïc,18,Sants,72,3089,69,3,2
2026-01-01,3,Sants-Montjuïc,18,Sants,72,3089,27,4,1
2026-01-01,3,Sants-Montjuïc,18,Sants,72,3089,25,4,2
2026-01-01,3,Sants-Montjuïc,18,Sants,72,3089,93,5,1
2026-01-01,3,Sants-Montjuïc,18,Sants,72,3089,91,5,2
2026-01-01,3,Sants-Montjuïc,18,Sants,72,3090,281,1,1
2026-01-01,3,Sants-Montjuïc,18,Sants,72,3090,259,1,2
2026-01-01,3,Sants-Montjuïc,18,Sants,72,3090,43,2,1
2026-01-01,3,Sants-Montjuïc,18,Sants,72,3090,40,2,2
2026-01-01,3,Sants-Montjuïc,18,Sants,72,3090,81,3,1
2026-01-01,3,Sants-Montjuïc,18,Sants,72,3090,59,3,2
2026-01-01,3,Sants-Montjuïc,18,Sants,72,3090,15,4,1
2026-01-01,3,Sants-Montjuïc,18,Sants,72,3090,17,4,2
2026-01-01,3,Sants-Montjuïc,18,Sants,72,3090,125,5,1
2026-01-01,3,Sants-Montjuïc,18,Sants,72,3090,88,5,2
2026-01-01,3,Sants-Montjuïc,18,Sants,72,3091,353,1,1
2026-01-01,3,Sants-Montjuïc,18,Sants,72,3091,351,1,2
2026-01-01,3,Sants-Montjuïc,18,Sants,72,3091,62,2,1
2026-01-01,3,Sants-Montjuïc,18,Sants,72,3091,56,2,2
2026-01-01,3,Sants-Montjuïc,18,Sants,72,3091,83,3,1
2026-01-01,3,Sants-Montjuïc,18,Sants,72,3091,67,3,2
2026-01-01,3,Sants-Montjuïc,18,Sants,72,3091,28,4,1
2026-01-01,3,Sants-Montjuïc,18,Sants,72,3091,31,4,2
2026-01-01,3,Sants-Montjuïc,18,Sants,72,3091,227,5,1
2026-01-01,3,Sants-Montjuïc,18,Sants,72,3091,199,5,2
2026-01-01,3,Sants-Montjuïc,18,Sants,72,3092,275,1,1
2026-01-01,3,Sants-Montjuïc,18,Sants,72,3092,295,1,2
2026-01-01,3,Sants-Montjuïc,18,Sants,72,3092,62,2,1
2026-01-01,3,Sants-Montjuïc,18,Sants,72,3092,34,2,2
2026-01-01,3,Sants-Montjuïc,18,Sants,72,3092,82,3,1
2026-01-01,3,Sants-Montjuïc,18,Sants,72,3092,67,3,2
2026-01-01,3,Sants-Montjuïc,18,Sants,72,3092,31,4,1
2026-01-01,3,Sants-Montjuïc,18,Sants,72,3092,21,4,2
2026-01-01,3,Sants-Montjuïc,18,Sants,72,3092,191,5,1
2026-01-01,3,Sants-Montjuïc,18,Sants,72,3092,171,5,2
2026-01-01,3,Sants-Montjuïc,18,Sants,72,3092,..,6,1
2026-01-01,3,Sants-Montjuïc,18,Sants,72,3093,375,1,1
2026-01-01,3,Sants-Montjuïc,18,Sants,72,3093,356,1,2
2026-01-01,3,Sants-Montjuïc,18,Sants,72,3093,78,2,1
2026-01-01,3,Sants-Montjuïc,18,Sants,72,3093,62,2,2
2026-01-01,3,Sants-Montjuïc,18,Sants,72,3093,131,3,1
2026-01-01,3,Sants-Montjuïc,18,Sants,72,3093,90,3,2
2026-01-01,3,Sants-Montjuïc,18,Sants,72,3093,17,4,1
2026-01-01,3,Sants-Montjuïc,18,Sants,72,3093,24,4,2
2026-01-01,3,Sants-Montjuïc,18,Sants,72,3093,180,5,1
2026-01-01,3,Sants-Montjuïc,18,Sants,72,3093,142,5,2
2026-01-01,3,Sants-Montjuïc,18,Sants,72,3093,..,6,2
2026-01-01,3,Sants-Montjuïc,18,Sants,72,3094,322,1,1
2026-01-01,3,Sants-Montjuïc,18,Sants,72,3094,282,1,2
2026-01-01,3,Sants-Montjuïc,18,Sants,72,3094,57,2,1
2026-01-01,3,Sants-Montjuïc,18,Sants,72,3094,54,2,2
2026-01-01,3,Sants-Montjuïc,18,Sants,72,3094,109,3,1
2026-01-01,3,Sants-Montjuïc,18,Sants,72,3094,78,3,2
2026-01-01,3,Sants-Montjuïc,18,Sants,72,3094,27,4,1
2026-01-01,3,Sants-Montjuïc,18,Sants,72,3094,19,4,2
2026-01-01,3,Sants-Montjuïc,18,Sants,72,3094,160,5,1
2026-01-01,3,Sants-Montjuïc,18,Sants,72,3094,135,5,2
2026-01-01,3,Sants-Montjuïc,18,Sants,72,3094,..,6,1
2026-01-01,3,Sants-Montjuïc,18,Sants,73,3095,383,1,1
2026-01-01,3,Sants-Montjuïc,18,Sants,73,3095,355,1,2
2026-01-01,3,Sants-Montjuïc,18,Sants,73,3095,73,2,1
2026-01-01,3,Sants-Montjuïc,18,Sants,73,3095,55,2,2
2026-01-01,3,Sants-Montjuïc,18,Sants,73,3095,123,3,1
2026-01-01,3,Sants-Montjuïc,18,Sants,73,3095,90,3,2
2026-01-01,3,Sants-Montjuïc,18,Sants,73,3095,27,4,1
2026-01-01,3,Sants-Montjuïc,18,Sants,73,3095,29,4,2
2026-01-01,3,Sants-Montjuïc,18,Sants,73,3095,253,5,1
2026-01-01,3,Sants-Montjuïc,18,Sants,73,3095,236,5,2
2026-01-01,3,Sants-Montjuïc,18,Sants,73,3096,359,1,1
2026-01-01,3,Sants-Montjuïc,18,Sants,73,3096,290,1,2
2026-01-01,3,Sants-Montjuïc,18,Sants,73,3096,70,2,1
2026-01-01,3,Sants-Montjuïc,18,Sants,73,3096,66,2,2
2026-01-01,3,Sants-Montjuïc,18,Sants,73,3096,92,3,1
2026-01-01,3,Sants-Montjuïc,18,Sants,73,3096,78,3,2
2026-01-01,3,Sants-Montjuïc,18,Sants,73,3096,42,4,1
2026-01-01,3,Sants-Montjuïc,18,Sants,73,3096,36,4,2
2026-01-01,3,Sants-Montjuïc,18,Sants,73,3096,296,5,1
2026-01-01,3,Sants-Montjuïc,18,Sants,73,3096,264,5,2
2026-01-01,3,Sants-Montjuïc,18,Sants,73,3097,249,1,1
2026-01-01,3,Sants-Montjuïc,18,Sants,73,3097,270,1,2
2026-01-01,3,Sants-Montjuïc,18,Sants,73,3097,63,2,1
2026-01-01,3,Sants-Montjuïc,18,Sants,73,3097,55,2,2
2026-01-01,3,Sants-Montjuïc,18,Sants,73,3097,109,3,1
2026-01-01,3,Sants-Montjuïc,18,Sants,73,3097,98,3,2
2026-01-01,3,Sants-Montjuïc,18,Sants,73,3097,41,4,1
2026-01-01,3,Sants-Montjuïc,18,Sants,73,3097,36,4,2
2026-01-01,3,Sants-Montjuïc,18,Sants,73,3097,395,5,1
2026-01-01,3,Sants-Montjuïc,18,Sants,73,3097,324,5,2
2026-01-01,3,Sants-Montjuïc,18,Sants,73,3098,323,1,1
2026-01-01,3,Sants-Montjuïc,18,Sants,73,3098,284,1,2
2026-01-01,3,Sants-Montjuïc,18,Sants,73,3098,50,2,1
2026-01-01,3,Sants-Montjuïc,18,Sants,73,3098,49,2,2
2026-01-01,3,Sants-Montjuïc,18,Sants,73,3098,85,3,1
2026-01-01,3,Sants-Montjuïc,18,Sants,73,3098,74,3,2
2026-01-01,3,Sants-Montjuïc,18,Sants,73,3098,38,4,1
2026-01-01,3,Sants-Montjuïc,18,Sants,73,3098,40,4,2
2026-01-01,3,Sants-Montjuïc,18,Sants,73,3098,276,5,1
2026-01-01,3,Sants-Montjuïc,18,Sants,73,3098,322,5,2
2026-01-01,3,Sants-Montjuïc,18,Sants,73,3099,267,1,1
2026-01-01,3,Sants-Montjuïc,18,Sants,73,3099,228,1,2
2026-01-01,3,Sants-Montjuïc,18,Sants,73,3099,45,2,1
2026-01-01,3,Sants-Montjuïc,18,Sants,73,3099,36,2,2
2026-01-01,3,Sants-Montjuïc,18,Sants,73,3099,72,3,1
2026-01-01,3,Sants-Montjuïc,18,Sants,73,3099,39,3,2
2026-01-01,3,Sants-Montjuïc,18,Sants,73,3099,42,4,1
2026-01-01,3,Sants-Montjuïc,18,Sants,73,3099,33,4,2
2026-01-01,3,Sants-Montjuïc,18,Sants,73,3099,162,5,1
2026-01-01,3,Sants-Montjuïc,18,Sants,73,3099,142,5,2
2026-01-01,3,Sants-Montjuïc,18,Sants,73,3099,..,6,1
2026-01-01,3,Sants-Montjuïc,18,Sants,73,3100,320,1,1
2026-01-01,3,Sants-Montjuïc,18,Sants,73,3100,256,1,2
2026-01-01,3,Sants-Montjuïc,18,Sants,73,3100,77,2,1
2026-01-01,3,Sants-Montjuïc,18,Sants,73,3100,52,2,2
2026-01-01,3,Sants-Montjuïc,18,Sants,73,3100,82,3,1
2026-01-01,3,Sants-Montjuïc,18,Sants,73,3100,59,3,2
2026-01-01,3,Sants-Montjuïc,18,Sants,73,3100,32,4,1
2026-01-01,3,Sants-Montjuïc,18,Sants,73,3100,42,4,2
2026-01-01,3,Sants-Montjuïc,18,Sants,73,3100,233,5,1
2026-01-01,3,Sants-Montjuïc,18,Sants,73,3100,204,5,2
2026-01-01,3,Sants-Montjuïc,18,Sants,74,3101,595,1,1
2026-01-01,3,Sants-Montjuïc,18,Sants,74,3101,614,1,2
2026-01-01,3,Sants-Montjuïc,18,Sants,74,3101,128,2,1
2026-01-01,3,Sants-Montjuïc,18,Sants,74,3101,121,2,2
2026-01-01,3,Sants-Montjuïc,18,Sants,74,3101,130,3,1
2026-01-01,3,Sants-Montjuïc,18,Sants,74,3101,174,3,2
2026-01-01,3,Sants-Montjuïc,18,Sants,74,3101,95,4,1
2026-01-01,3,Sants-Montjuïc,18,Sants,74,3101,114,4,2
2026-01-01,3,Sants-Montjuïc,18,Sants,74,3101,1687,5,1
2026-01-01,3,Sants-Montjuïc,18,Sants,74,3101,3059,5,2
2026-01-01,3,Sants-Montjuïc,18,Sants,74,3101,..,6,1
2026-01-01,3,Sants-Montjuïc,18,Sants,74,3102,351,1,1
2026-01-01,3,Sants-Montjuïc,18,Sants,74,3102,310,1,2
2026-01-01,3,Sants-Montjuïc,18,Sants,74,3102,62,2,1
2026-01-01,3,Sants-Montjuïc,18,Sants,74,3102,62,2,2
2026-01-01,3,Sants-Montjuïc,18,Sants,74,3102,74,3,1
2026-01-01,3,Sants-Montjuïc,18,Sants,74,3102,73,3,2
2026-01-01,3,Sants-Montjuïc,18,Sants,74,3102,31,4,1
2026-01-01,3,Sants-Montjuïc,18,Sants,74,3102,30,4,2
2026-01-01,3,Sants-Montjuïc,18,Sants,74,3102,212,5,1
2026-01-01,3,Sants-Montjuïc,18,Sants,74,3102,206,5,2
2026-01-01,3,Sants-Montjuïc,18,Sants,74,3103,316,1,1
2026-01-01,3,Sants-Montjuïc,18,Sants,74,3103,299,1,2
2026-01-01,3,Sants-Montjuïc,18,Sants,74,3103,50,2,1
2026-01-01,3,Sants-Montjuïc,18,Sants,74,3103,34,2,2
2026-01-01,3,Sants-Montjuïc,18,Sants,74,3103,127,3,1
2026-01-01,3,Sants-Montjuïc,18,Sants,74,3103,86,3,2
2026-01-01,3,Sants-Montjuïc,18,Sants,74,3103,22,4,1
2026-01-01,3,Sants-Montjuïc,18,Sants,74,3103,13,4,2
2026-01-01,3,Sants-Montjuïc,18,Sants,74,3103,93,5,1
2026-01-01,3,Sants-Montjuïc,18,Sants,74,3103,100,5,2
2026-01-01,3,Sants-Montjuïc,18,Sants,74,3104,302,1,1
2026-01-01,3,Sants-Montjuïc,18,Sants,74,3104,288,1,2
2026-01-01,3,Sants-Montjuïc,18,Sants,74,3104,65,2,1
2026-01-01,3,Sants-Montjuïc,18,Sants,74,3104,50,2,2
2026-01-01,3,Sants-Montjuïc,18,Sants,74,3104,91,3,1
2026-01-01,3,Sants-Montjuïc,18,Sants,74,3104,68,3,2
2026-01-01,3,Sants-Montjuïc,18,Sants,74,3104,47,4,1
2026-01-01,3,Sants-Montjuïc,18,Sants,74,3104,36,4,2
2026-01-01,3,Sants-Montjuïc,18,Sants,74,3104,262,5,1
2026-01-01,3,Sants-Montjuïc,18,Sants,74,3104,243,5,2
2026-01-01,3,Sants-Montjuïc,18,Sants,74,3104,..,6,2
2026-01-01,3,Sants-Montjuïc,18,Sants,75,3105,260,1,1
2026-01-01,3,Sants-Montjuïc,18,Sants,75,3105,235,1,2
2026-01-01,3,Sants-Montjuïc,18,Sants,75,3105,62,2,1
2026-01-01,3,Sants-Montjuïc,18,Sants,75,3105,42,2,2
2026-01-01,3,Sants-Montjuïc,18,Sants,75,3105,60,3,1
2026-01-01,3,Sants-Montjuïc,18,Sants,75,3105,55,3,2
2026-01-01,3,Sants-Montjuïc,18,Sants,75,3105,26,4,1
2026-01-01,3,Sants-Montjuïc,18,Sants,75,3105,36,4,2
2026-01-01,3,Sants-Montjuïc,18,Sants,75,3105,223,5,1
2026-01-01,3,Sants-Montjuïc,18,Sants,75,3105,185,5,2
2026-01-01,3,Sants-Montjuïc,18,Sants,75,3106,290,1,1
2026-01-01,3,Sants-Montjuïc,18,Sants,75,3106,239,1,2
2026-01-01,3,Sants-Montjuïc,18,Sants,75,3106,55,2,1
2026-01-01,3,Sants-Montjuïc,18,Sants,75,3106,51,2,2
2026-01-01,3,Sants-Montjuïc,18,Sants,75,3106,81,3,1
2026-01-01,3,Sants-Montjuïc,18,Sants,75,3106,60,3,2
2026-01-01,3,Sants-Montjuïc,18,Sants,75,3106,54,4,1
2026-01-01,3,Sants-Montjuïc,18,Sants,75,3106,53,4,2
2026-01-01,3,Sants-Montjuïc,18,Sants,75,3106,200,5,1
2026-01-01,3,Sants-Montjuïc,18,Sants,75,3106,245,5,2
2026-01-01,3,Sants-Montjuïc,18,Sants,75,3106,..,6,2
2026-01-01,3,Sants-Montjuïc,18,Sants,76,3107,376,1,1
2026-01-01,3,Sants-Montjuïc,18,Sants,76,3107,336,1,2
2026-01-01,3,Sants-Montjuïc,18,Sants,76,3107,80,2,1
2026-01-01,3,Sants-Montjuïc,18,Sants,76,3107,78,2,2
2026-01-01,3,Sants-Montjuïc,18,Sants,76,3107,105,3,1
2026-01-01,3,Sants-Montjuïc,18,Sants,76,3107,115,3,2
2026-01-01,3,Sants-Montjuïc,18,Sants,76,3107,49,4,1
2026-01-01,3,Sants-Montjuïc,18,Sants,76,3107,47,4,2
2026-01-01,3,Sants-Montjuïc,18,Sants,76,3107,361,5,1
2026-01-01,3,Sants-Montjuïc,18,Sants,76,3107,309,5,2
2026-01-01,3,Sants-Montjuïc,18,Sants,76,3107,..,6,2
2026-01-01,3,Sants-Montjuïc,18,Sants,76,3108,412,1,1
2026-01-01,3,Sants-Montjuïc,18,Sants,76,3108,349,1,2
2026-01-01,3,Sants-Montjuïc,18,Sants,76,3108,87,2,1
2026-01-01,3,Sants-Montjuïc,18,Sants,76,3108,64,2,2
2026-01-01,3,Sants-Montjuïc,18,Sants,76,3108,89,3,1
2026-01-01,3,Sants-Montjuïc,18,Sants,76,3108,73,3,2
2026-01-01,3,Sants-Montjuïc,18,Sants,76,3108,47,4,1
2026-01-01,3,Sants-Montjuïc,18,Sants,76,3108,38,4,2
2026-01-01,3,Sants-Montjuïc,18,Sants,76,3108,262,5,1
2026-01-01,3,Sants-Montjuïc,18,Sants,76,3108,226,5,2
2026-01-01,3,Sants-Montjuïc,18,Sants,76,3108,..,6,1
2026-01-01,3,Sants-Montjuïc,18,Sants,76,3108,..,6,2
2026-01-01,3,Sants-Montjuïc,18,Sants,76,3109,385,1,1
2026-01-01,3,Sants-Montjuïc,18,Sants,76,3109,358,1,2
2026-01-01,3,Sants-Montjuïc,18,Sants,76,3109,85,2,1
2026-01-01,3,Sants-Montjuïc,18,Sants,76,3109,84,2,2
2026-01-01,3,Sants-Montjuïc,18,Sants,76,3109,86,3,1
2026-01-01,3,Sants-Montjuïc,18,Sants,76,3109,67,3,2
2026-01-01,3,Sants-Montjuïc,18,Sants,76,3109,39,4,1
2026-01-01,3,Sants-Montjuïc,18,Sants,76,3109,54,4,2
2026-01-01,3,Sants-Montjuïc,18,Sants,76,3109,211,5,1
2026-01-01,3,Sants-Montjuïc,18,Sants,76,3109,209,5,2
2026-01-01,3,Sants-Montjuïc,18,Sants,76,3110,335,1,1
2026-01-01,3,Sants-Montjuïc,18,Sants,76,3110,303,1,2
2026-01-01,3,Sants-Montjuïc,18,Sants,76,3110,84,2,1
2026-01-01,3,Sants-Montjuïc,18,Sants,76,3110,58,2,2
2026-01-01,3,Sants-Montjuïc,18,Sants,76,3110,135,3,1
2026-01-01,3,Sants-Montjuïc,18,Sants,76,3110,87,3,2
2026-01-01,3,Sants-Montjuïc,18,Sants,76,3110,33,4,1
2026-01-01,3,Sants-Montjuïc,18,Sants,76,3110,29,4,2
2026-01-01,3,Sants-Montjuïc,18,Sants,76,3110,197,5,1
2026-01-01,3,Sants-Montjuïc,18,Sants,76,3110,178,5,2
2026-01-01,3,Sants-Montjuïc,18,Sants,76,3111,337,1,1
2026-01-01,3,Sants-Montjuïc,18,Sants,76,3111,317,1,2
2026-01-01,3,Sants-Montjuïc,18,Sants,76,3111,70,2,1
2026-01-01,3,Sants-Montjuïc,18,Sants,76,3111,46,2,2
2026-01-01,3,Sants-Montjuïc,18,Sants,76,3111,96,3,1
2026-01-01,3,Sants-Montjuïc,18,Sants,76,3111,79,3,2
2026-01-01,3,Sants-Montjuïc,18,Sants,76,3111,23,4,1
2026-01-01,3,Sants-Montjuïc,18,Sants,76,3111,34,4,2
2026-01-01,3,Sants-Montjuïc,18,Sants,76,3111,184,5,1
2026-01-01,3,Sants-Montjuïc,18,Sants,76,3111,145,5,2
2026-01-01,3,Sants-Montjuïc,18,Sants,76,3112,448,1,1
2026-01-01,3,Sants-Montjuïc,18,Sants,76,3112,424,1,2
2026-01-01,3,Sants-Montjuïc,18,Sants,76,3112,87,2,1
2026-01-01,3,Sants-Montjuïc,18,Sants,76,3112,81,2,2
2026-01-01,3,Sants-Montjuïc,18,Sants,76,3112,168,3,1
2026-01-01,3,Sants-Montjuïc,18,Sants,76,3112,125,3,2
2026-01-01,3,Sants-Montjuïc,18,Sants,76,3112,30,4,1
2026-01-01,3,Sants-Montjuïc,18,Sants,76,3112,31,4,2
2026-01-01,3,Sants-Montjuïc,18,Sants,76,3112,276,5,1
2026-01-01,3,Sants-Montjuïc,18,Sants,76,3112,224,5,2
2026-01-01,3,Sants-Montjuïc,18,Sants,76,3112,..,6,1
2026-01-01,3,Sants-Montjuïc,18,Sants,76,3113,355,1,1
2026-01-01,3,Sants-Montjuïc,18,Sants,76,3113,372,1,2
2026-01-01,3,Sants-Montjuïc,18,Sants,76,3113,86,2,1
2026-01-01,3,Sants-Montjuïc,18,Sants,76,3113,56,2,2
2026-01-01,3,Sants-Montjuïc,18,Sants,76,3113,149,3,1
2026-01-01,3,Sants-Montjuïc,18,Sants,76,3113,98,3,2
2026-01-01,3,Sants-Montjuïc,18,Sants,76,3113,41,4,1
2026-01-01,3,Sants-Montjuïc,18,Sants,76,3113,38,4,2
2026-01-01,3,Sants-Montjuïc,18,Sants,76,3113,206,5,1
2026-01-01,3,Sants-Montjuïc,18,Sants,76,3113,190,5,2
2026-01-01,3,Sants-Montjuïc,18,Sants,76,3113,..,6,1
2026-01-01,3,Sants-Montjuïc,18,Sants,76,3113,..,6,2
2026-01-01,3,Sants-Montjuïc,18,Sants,76,3114,360,1,1
2026-01-01,3,Sants-Montjuïc,18,Sants,76,3114,325,1,2
2026-01-01,3,Sants-Montjuïc,18,Sants,76,3114,85,2,1
2026-01-01,3,Sants-Montjuïc,18,Sants,76,3114,54,2,2
2026-01-01,3,Sants-Montjuïc,18,Sants,76,3114,128,3,1
2026-01-01,3,Sants-Montjuïc,18,Sants,76,3114,84,3,2
2026-01-01,3,Sants-Montjuïc,18,Sants,76,3114,25,4,1
2026-01-01,3,Sants-Montjuïc,18,Sants,76,3114,27,4,2
2026-01-01,3,Sants-Montjuïc,18,Sants,76,3114,194,5,1
2026-01-01,3,Sants-Montjuïc,18,Sants,76,3114,170,5,2
2026-01-01,4,Les Corts,19,les Corts,77,4001,279,1,1
2026-01-01,4,Les Corts,19,les Corts,77,4001,272,1,2
2026-01-01,4,Les Corts,19,les Corts,77,4001,68,2,1
2026-01-01,4,Les Corts,19,les Corts,77,4001,49,2,2
2026-01-01,4,Les Corts,19,les Corts,77,4001,99,3,1
2026-01-01,4,Les Corts,19,les Corts,77,4001,58,3,2
2026-01-01,4,Les Corts,19,les Corts,77,4001,26,4,1
2026-01-01,4,Les Corts,19,les Corts,77,4001,23,4,2
2026-01-01,4,Les Corts,19,les Corts,77,4001,197,5,1
2026-01-01,4,Les Corts,19,les Corts,77,4001,183,5,2
2026-01-01,4,Les Corts,19,les Corts,77,4002,468,1,1
2026-01-01,4,Les Corts,19,les Corts,77,4002,497,1,2
2026-01-01,4,Les Corts,19,les Corts,77,4002,108,2,1
2026-01-01,4,Les Corts,19,les Corts,77,4002,100,2,2
2026-01-01,4,Les Corts,19,les Corts,77,4002,153,3,1
2026-01-01,4,Les Corts,19,les Corts,77,4002,120,3,2
2026-01-01,4,Les Corts,19,les Corts,77,4002,30,4,1
2026-01-01,4,Les Corts,19,les Corts,77,4002,31,4,2
2026-01-01,4,Les Corts,19,les Corts,77,4002,217,5,1
2026-01-01,4,Les Corts,19,les Corts,77,4002,171,5,2
2026-01-01,4,Les Corts,19,les Corts,77,4002,..,6,2
2026-01-01,4,Les Corts,19,les Corts,77,4003,276,1,1
2026-01-01,4,Les Corts,19,les Corts,77,4003,300,1,2
2026-01-01,4,Les Corts,19,les Corts,77,4003,62,2,1
2026-01-01,4,Les Corts,19,les Corts,77,4003,46,2,2
2026-01-01,4,Les Corts,19,les Corts,77,4003,87,3,1
2026-01-01,4,Les Corts,19,les Corts,77,4003,65,3,2
2026-01-01,4,Les Corts,19,les Corts,77,4003,9,4,1
2026-01-01,4,Les Corts,19,les Corts,77,4003,19,4,2
2026-01-01,4,Les Corts,19,les Corts,77,4003,105,5,1
2026-01-01,4,Les Corts,19,les Corts,77,4003,99,5,2
2026-01-01,4,Les Corts,19,les Corts,77,4003,..,6,1
2026-01-01,4,Les Corts,19,les Corts,77,4003,..,6,2
2026-01-01,4,Les Corts,19,les Corts,77,4004,261,1,1
2026-01-01,4,Les Corts,19,les Corts,77,4004,229,1,2
2026-01-01,4,Les Corts,19,les Corts,77,4004,58,2,1
2026-01-01,4,Les Corts,19,les Corts,77,4004,59,2,2
2026-01-01,4,Les Corts,19,les Corts,77,4004,80,3,1
2026-01-01,4,Les Corts,19,les Corts,77,4004,59,3,2
2026-01-01,4,Les Corts,19,les Corts,77,4004,11,4,1
2026-01-01,4,Les Corts,19,les Corts,77,4004,14,4,2
2026-01-01,4,Les Corts,19,les Corts,77,4004,147,5,1
2026-01-01,4,Les Corts,19,les Corts,77,4004,143,5,2
2026-01-01,4,Les Corts,19,les Corts,77,4004,..,6,1
2026-01-01,4,Les Corts,19,les Corts,77,4005,345,1,1
2026-01-01,4,Les Corts,19,les Corts,77,4005,271,1,2
2026-01-01,4,Les Corts,19,les Corts,77,4005,58,2,1
2026-01-01,4,Les Corts,19,les Corts,77,4005,70,2,2
2026-01-01,4,Les Corts,19,les Corts,77,4005,101,3,1
2026-01-01,4,Les Corts,19,les Corts,77,4005,74,3,2
2026-01-01,4,Les Corts,19,les Corts,77,4005,21,4,1
2026-01-01,4,Les Corts,19,les Corts,77,4005,17,4,2
2026-01-01,4,Les Corts,19,les Corts,77,4005,124,5,1
2026-01-01,4,Les Corts,19,les Corts,77,4005,135,5,2
2026-01-01,4,Les Corts,19,les Corts,77,4005,..,6,1
2026-01-01,4,Les Corts,19,les Corts,77,4006,301,1,1
2026-01-01,4,Les Corts,19,les Corts,77,4006,273,1,2
2026-01-01,4,Les Corts,19,les Corts,77,4006,71,2,1
2026-01-01,4,Les Corts,19,les Corts,77,4006,58,2,2
2026-01-01,4,Les Corts,19,les Corts,77,4006,99,3,1
2026-01-01,4,Les Corts,19,les Corts,77,4006,61,3,2
2026-01-01,4,Les Corts,19,les Corts,77,4006,18,4,1
2026-01-01,4,Les Corts,19,les Corts,77,4006,23,4,2
2026-01-01,4,Les Corts,19,les Corts,77,4006,153,5,1
2026-01-01,4,Les Corts,19,les Corts,77,4006,121,5,2
2026-01-01,4,Les Corts,19,les Corts,77,4007,260,1,1
2026-01-01,4,Les Corts,19,les Corts,77,4007,214,1,2
2026-01-01,4,Les Corts,19,les Corts,77,4007,62,2,1
2026-01-01,4,Les Corts,19,les Corts,77,4007,51,2,2
2026-01-01,4,Les Corts,19,les Corts,77,4007,109,3,1
2026-01-01,4,Les Corts,19,les Corts,77,4007,65,3,2
2026-01-01,4,Les Corts,19,les Corts,77,4007,25,4,1
2026-01-01,4,Les Corts,19,les Corts,77,4007,20,4,2
2026-01-01,4,Les Corts,19,les Corts,77,4007,159,5,1
2026-01-01,4,Les Corts,19,les Corts,77,4007,136,5,2
2026-01-01,4,Les Corts,19,les Corts,77,4007,..,6,2
2026-01-01,4,Les Corts,19,les Corts,77,4008,241,1,1
2026-01-01,4,Les Corts,19,les Corts,77,4008,230,1,2
2026-01-01,4,Les Corts,19,les Corts,77,4008,44,2,1
2026-01-01,4,Les Corts,19,les Corts,77,4008,40,2,2
2026-01-01,4,Les Corts,19,les Corts,77,4008,82,3,1
2026-01-01,4,Les Corts,19,les Corts,77,4008,61,3,2
2026-01-01,4,Les Corts,19,les Corts,77,4008,20,4,1
2026-01-01,4,Les Corts,19,les Corts,77,4008,13,4,2
2026-01-01,4,Les Corts,19,les Corts,77,4008,171,5,1
2026-01-01,4,Les Corts,19,les Corts,77,4008,134,5,2
2026-01-01,4,Les Corts,19,les Corts,77,4009,364,1,1
2026-01-01,4,Les Corts,19,les Corts,77,4009,345,1,2
2026-01-01,4,Les Corts,19,les Corts,77,4009,70,2,1
2026-01-01,4,Les Corts,19,les Corts,77,4009,57,2,2
2026-01-01,4,Les Corts,19,les Corts,77,4009,119,3,1
2026-01-01,4,Les Corts,19,les Corts,77,4009,73,3,2
2026-01-01,4,Les Corts,19,les Corts,77,4009,20,4,1
2026-01-01,4,Les Corts,19,les Corts,77,4009,28,4,2
2026-01-01,4,Les Corts,19,les Corts,77,4009,199,5,1
2026-01-01,4,Les Corts,19,les Corts,77,4009,192,5,2
2026-01-01,4,Les Corts,19,les Corts,78,4010,274,1,1
2026-01-01,4,Les Corts,19,les Corts,78,4010,222,1,2
2026-01-01,4,Les Corts,19,les Corts,78,4010,45,2,1
2026-01-01,4,Les Corts,19,les Corts,78,4010,48,2,2
2026-01-01,4,Les Corts,19,les Corts,78,4010,76,3,1
2026-01-01,4,Les Corts,19,les Corts,78,4010,47,3,2
2026-01-01,4,Les Corts,19,les Corts,78,4010,13,4,1
2026-01-01,4,Les Corts,19,les Corts,78,4010,6,4,2
2026-01-01,4,Les Corts,19,les Corts,78,4010,85,5,1
2026-01-01,4,Les Corts,19,les Corts,78,4010,64,5,2
2026-01-01,4,Les Corts,19,les Corts,78,4011,465,1,1
2026-01-01,4,Les Corts,19,les Corts,78,4011,453,1,2
2026-01-01,4,Les Corts,19,les Corts,78,4011,115,2,1
2026-01-01,4,Les Corts,19,les Corts,78,4011,76,2,2
2026-01-01,4,Les Corts,19,les Corts,78,4011,145,3,1
2026-01-01,4,Les Corts,19,les Corts,78,4011,105,3,2
2026-01-01,4,Les Corts,19,les Corts,78,4011,29,4,1
2026-01-01,4,Les Corts,19,les Corts,78,4011,24,4,2
2026-01-01,4,Les Corts,19,les Corts,78,4011,167,5,1
2026-01-01,4,Les Corts,19,les Corts,78,4011,151,5,2
2026-01-01,4,Les Corts,19,les Corts,78,4011,..,6,1
2026-01-01,4,Les Corts,19,les Corts,78,4012,355,1,1
2026-01-01,4,Les Corts,19,les Corts,78,4012,325,1,2
2026-01-01,4,Les Corts,19,les Corts,78,4012,77,2,1
2026-01-01,4,Les Corts,19,les Corts,78,4012,68,2,2
2026-01-01,4,Les Corts,19,les Corts,78,4012,131,3,1
2026-01-01,4,Les Corts,19,les Corts,78,4012,93,3,2
2026-01-01,4,Les Corts,19,les Corts,78,4012,22,4,1
2026-01-01,4,Les Corts,19,les Corts,78,4012,14,4,2
2026-01-01,4,Les Corts,19,les Corts,78,4012,119,5,1
2026-01-01,4,Les Corts,19,les Corts,78,4012,93,5,2
2026-01-01,4,Les Corts,19,les Corts,78,4013,323,1,1
2026-01-01,4,Les Corts,19,les Corts,78,4013,309,1,2
2026-01-01,4,Les Corts,19,les Corts,78,4013,75,2,1
2026-01-01,4,Les Corts,19,les Corts,78,4013,55,2,2
2026-01-01,4,Les Corts,19,les Corts,78,4013,102,3,1
2026-01-01,4,Les Corts,19,les Corts,78,4013,67,3,2
2026-01-01,4,Les Corts,19,les Corts,78,4013,21,4,1
2026-01-01,4,Les Corts,19,les Corts,78,4013,21,4,2
2026-01-01,4,Les Corts,19,les Corts,78,4013,132,5,1
2026-01-01,4,Les Corts,19,les Corts,78,4013,112,5,2
2026-01-01,4,Les Corts,19,les Corts,78,4014,193,1,1
2026-01-01,4,Les Corts,19,les Corts,78,4014,196,1,2
2026-01-01,4,Les Corts,19,les Corts,78,4014,52,2,1
2026-01-01,4,Les Corts,19,les Corts,78,4014,40,2,2
2026-01-01,4,Les Corts,19,les Corts,78,4014,73,3,1
2026-01-01,4,Les Corts,19,les Corts,78,4014,41,3,2
2026-01-01,4,Les Corts,19,les Corts,78,4014,17,4,1
2026-01-01,4,Les Corts,19,les Corts,78,4014,7,4,2
2026-01-01,4,Les Corts,19,les Corts,78,4014,75,5,1
2026-01-01,4,Les Corts,19,les Corts,78,4014,63,5,2
2026-01-01,4,Les Corts,19,les Corts,78,4015,494,1,1
2026-01-01,4,Les Corts,19,les Corts,78,4015,488,1,2
2026-01-01,4,Les Corts,19,les Corts,78,4015,117,2,1
2026-01-01,4,Les Corts,19,les Corts,78,4015,81,2,2
2026-01-01,4,Les Corts,19,les Corts,78,4015,142,3,1
2026-01-01,4,Les Corts,19,les Corts,78,4015,93,3,2
2026-01-01,4,Les Corts,19,les Corts,78,4015,33,4,1
2026-01-01,4,Les Corts,19,les Corts,78,4015,18,4,2
2026-01-01,4,Les Corts,19,les Corts,78,4015,259,5,1
2026-01-01,4,Les Corts,19,les Corts,78,4015,208,5,2
2026-01-01,4,Les Corts,19,les Corts,78,4015,..,6,1
2026-01-01,4,Les Corts,19,les Corts,78,4016,283,1,1
2026-01-01,4,Les Corts,19,les Corts,78,4016,287,1,2
2026-01-01,4,Les Corts,19,les Corts,78,4016,55,2,1
2026-01-01,4,Les Corts,19,les Corts,78,4016,47,2,2
2026-01-01,4,Les Corts,19,les Corts,78,4016,110,3,1
2026-01-01,4,Les Corts,19,les Corts,78,4016,60,3,2
2026-01-01,4,Les Corts,19,les Corts,78,4016,13,4,1
2026-01-01,4,Les Corts,19,les Corts,78,4016,11,4,2
2026-01-01,4,Les Corts,19,les Corts,78,4016,113,5,1
2026-01-01,4,Les Corts,19,les Corts,78,4016,94,5,2
2026-01-01,4,Les Corts,19,les Corts,78,4016,..,6,1
2026-01-01,4,Les Corts,19,les Corts,79,4017,325,1,1
2026-01-01,4,Les Corts,19,les Corts,79,4017,273,1,2
2026-01-01,4,Les Corts,19,les Corts,79,4017,81,2,1
2026-01-01,4,Les Corts,19,les Corts,79,4017,52,2,2
2026-01-01,4,Les Corts,19,les Corts,79,4017,87,3,1
2026-01-01,4,Les Corts,19,les Corts,79,4017,57,3,2
2026-01-01,4,Les Corts,19,les Corts,79,4017,30,4,1
2026-01-01,4,Les Corts,19,les Corts,79,4017,21,4,2
2026-01-01,4,Les Corts,19,les Corts,79,4017,132,5,1
2026-01-01,4,Les Corts,19,les Corts,79,4017,107,5,2
2026-01-01,4,Les Corts,19,les Corts,79,4018,428,1,1
2026-01-01,4,Les Corts,19,les Corts,79,4018,375,1,2
2026-01-01,4,Les Corts,19,les Corts,79,4018,68,2,1
2026-01-01,4,Les Corts,19,les Corts,79,4018,54,2,2
2026-01-01,4,Les Corts,19,les Corts,79,4018,123,3,1
2026-01-01,4,Les Corts,19,les Corts,79,4018,87,3,2
2026-01-01,4,Les Corts,19,les Corts,79,4018,40,4,1
2026-01-01,4,Les Corts,19,les Corts,79,4018,30,4,2
2026-01-01,4,Les Corts,19,les Corts,79,4018,202,5,1
2026-01-01,4,Les Corts,19,les Corts,79,4018,158,5,2
2026-01-01,4,Les Corts,19,les Corts,79,4019,405,1,1
2026-01-01,4,Les Corts,19,les Corts,79,4019,385,1,2
2026-01-01,4,Les Corts,19,les Corts,79,4019,67,2,1
2026-01-01,4,Les Corts,19,les Corts,79,4019,62,2,2
2026-01-01,4,Les Corts,19,les Corts,79,4019,65,3,1
2026-01-01,4,Les Corts,19,les Corts,79,4019,48,3,2
2026-01-01,4,Les Corts,19,les Corts,79,4019,26,4,1
2026-01-01,4,Les Corts,19,les Corts,79,4019,26,4,2
2026-01-01,4,Les Corts,19,les Corts,79,4019,207,5,1
2026-01-01,4,Les Corts,19,les Corts,79,4019,137,5,2
2026-01-01,4,Les Corts,19,les Corts,79,4020,441,1,1
2026-01-01,4,Les Corts,19,les Corts,79,4020,417,1,2
2026-01-01,4,Les Corts,19,les Corts,79,4020,77,2,1
2026-01-01,4,Les Corts,19,les Corts,79,4020,60,2,2
2026-01-01,4,Les Corts,19,les Corts,79,4020,90,3,1
2026-01-01,4,Les Corts,19,les Corts,79,4020,60,3,2
2026-01-01,4,Les Corts,19,les Corts,79,4020,36,4,1
2026-01-01,4,Les Corts,19,les Corts,79,4020,23,4,2
2026-01-01,4,Les Corts,19,les Corts,79,4020,168,5,1
2026-01-01,4,Les Corts,19,les Corts,79,4020,121,5,2
2026-01-01,4,Les Corts,19,les Corts,79,4020,..,6,2
2026-01-01,4,Les Corts,19,les Corts,79,4021,357,1,1
2026-01-01,4,Les Corts,19,les Corts,79,4021,335,1,2
2026-01-01,4,Les Corts,19,les Corts,79,4021,88,2,1
2026-01-01,4,Les Corts,19,les Corts,79,4021,57,2,2
2026-01-01,4,Les Corts,19,les Corts,79,4021,99,3,1
2026-01-01,4,Les Corts,19,les Corts,79,4021,59,3,2
2026-01-01,4,Les Corts,19,les Corts,79,4021,26,4,1
2026-01-01,4,Les Corts,19,les Corts,79,4021,26,4,2
2026-01-01,4,Les Corts,19,les Corts,79,4021,160,5,1
2026-01-01,4,Les Corts,19,les Corts,79,4021,133,5,2
2026-01-01,4,Les Corts,19,les Corts,79,4021,..,6,1
2026-01-01,4,Les Corts,19,les Corts,80,4022,342,1,1
2026-01-01,4,Les Corts,19,les Corts,80,4022,353,1,2
2026-01-01,4,Les Corts,19,les Corts,80,4022,82,2,1
2026-01-01,4,Les Corts,19,les Corts,80,4022,86,2,2
2026-01-01,4,Les Corts,19,les Corts,80,4022,100,3,1
2026-01-01,4,Les Corts,19,les Corts,80,4022,87,3,2
2026-01-01,4,Les Corts,19,les Corts,80,4022,44,4,1
2026-01-01,4,Les Corts,19,les Corts,80,4022,34,4,2
2026-01-01,4,Les Corts,19,les Corts,80,4022,282,5,1
2026-01-01,4,Les Corts,19,les Corts,80,4022,237,5,2
2026-01-01,4,Les Corts,19,les Corts,80,4022,..,6,1
2026-01-01,4,Les Corts,19,les Corts,80,4022,..,6,2
2026-01-01,4,Les Corts,19,les Corts,81,4023,303,1,1
2026-01-01,4,Les Corts,19,les Corts,81,4023,284,1,2
2026-01-01,4,Les Corts,19,les Corts,81,4023,49,2,1
2026-01-01,4,Les Corts,19,les Corts,81,4023,43,2,2
2026-01-01,4,Les Corts,19,les Corts,81,4023,81,3,1
2026-01-01,4,Les Corts,19,les Corts,81,4023,51,3,2
2026-01-01,4,Les Corts,19,les Corts,81,4023,13,4,1
2026-01-01,4,Les Corts,19,les Corts,81,4023,11,4,2
2026-01-01,4,Les Corts,19,les Corts,81,4023,115,5,1
2026-01-01,4,Les Corts,19,les Corts,81,4023,106,5,2
2026-01-01,4,Les Corts,19,les Corts,81,4024,321,1,1
2026-01-01,4,Les Corts,19,les Corts,81,4024,304,1,2
2026-01-01,4,Les Corts,19,les Corts,81,4024,54,2,1
2026-01-01,4,Les Corts,19,les Corts,81,4024,50,2,2
2026-01-01,4,Les Corts,19,les Corts,81,4024,73,3,1
2026-01-01,4,Les Corts,19,les Corts,81,4024,50,3,2
2026-01-01,4,Les Corts,19,les Corts,81,4024,11,4,1
2026-01-01,4,Les Corts,19,les Corts,81,4024,12,4,2
2026-01-01,4,Les Corts,19,les Corts,81,4024,79,5,1
2026-01-01,4,Les Corts,19,les Corts,81,4024,62,5,2
2026-01-01,4,Les Corts,19,les Corts,82,4025,345,1,1
2026-01-01,4,Les Corts,19,les Corts,82,4025,321,1,2
2026-01-01,4,Les Corts,19,les Corts,82,4025,47,2,1
2026-01-01,4,Les Corts,19,les Corts,82,4025,38,2,2
2026-01-01,4,Les Corts,19,les Corts,82,4025,70,3,1
2026-01-01,4,Les Corts,19,les Corts,82,4025,49,3,2
2026-01-01,4,Les Corts,19,les Corts,82,4025,25,4,1
2026-01-01,4,Les Corts,19,les Corts,82,4025,25,4,2
2026-01-01,4,Les Corts,19,les Corts,82,4025,148,5,1
2026-01-01,4,Les Corts,19,les Corts,82,4025,125,5,2
2026-01-01,4,Les Corts,19,les Corts,82,4026,378,1,1
2026-01-01,4,Les Corts,19,les Corts,82,4026,335,1,2
2026-01-01,4,Les Corts,19,les Corts,82,4026,75,2,1
2026-01-01,4,Les Corts,19,les Corts,82,4026,44,2,2
2026-01-01,4,Les Corts,19,les Corts,82,4026,86,3,1
2026-01-01,4,Les Corts,19,les Corts,82,4026,63,3,2
2026-01-01,4,Les Corts,19,les Corts,82,4026,22,4,1
2026-01-01,4,Les Corts,19,les Corts,82,4026,27,4,2
2026-01-01,4,Les Corts,19,les Corts,82,4026,128,5,1
2026-01-01,4,Les Corts,19,les Corts,82,4026,94,5,2
2026-01-01,4,Les Corts,19,les Corts,82,4027,308,1,1
2026-01-01,4,Les Corts,19,les Corts,82,4027,320,1,2
2026-01-01,4,Les Corts,19,les Corts,82,4027,93,2,1
2026-01-01,4,Les Corts,19,les Corts,82,4027,60,2,2
2026-01-01,4,Les Corts,19,les Corts,82,4027,96,3,1
2026-01-01,4,Les Corts,19,les Corts,82,4027,62,3,2
2026-01-01,4,Les Corts,19,les Corts,82,4027,32,4,1
2026-01-01,4,Les Corts,19,les Corts,82,4027,38,4,2
2026-01-01,4,Les Corts,19,les Corts,82,4027,218,5,1
2026-01-01,4,Les Corts,19,les Corts,82,4027,175,5,2
2026-01-01,4,Les Corts,19,les Corts,82,4027,..,6,1
2026-01-01,4,Les Corts,19,les Corts,82,4027,..,6,2
2026-01-01,4,Les Corts,19,les Corts,83,4028,323,1,1
2026-01-01,4,Les Corts,19,les Corts,83,4028,330,1,2
2026-01-01,4,Les Corts,19,les Corts,83,4028,70,2,1
2026-01-01,4,Les Corts,19,les Corts,83,4028,74,2,2
2026-01-01,4,Les Corts,19,les Corts,83,4028,90,3,1
2026-01-01,4,Les Corts,19,les Corts,83,4028,63,3,2
2026-01-01,4,Les Corts,19,les Corts,83,4028,31,4,1
2026-01-01,4,Les Corts,19,les Corts,83,4028,39,4,2
2026-01-01,4,Les Corts,19,les Corts,83,4028,204,5,1
2026-01-01,4,Les Corts,19,les Corts,83,4028,152,5,2
2026-01-01,4,Les Corts,19,les Corts,83,4029,316,1,1
2026-01-01,4,Les Corts,19,les Corts,83,4029,293,1,2
2026-01-01,4,Les Corts,19,les Corts,83,4029,71,2,1
2026-01-01,4,Les Corts,19,les Corts,83,4029,57,2,2
2026-01-01,4,Les Corts,19,les Corts,83,4029,97,3,1
2026-01-01,4,Les Corts,19,les Corts,83,4029,65,3,2
2026-01-01,4,Les Corts,19,les Corts,83,4029,17,4,1
2026-01-01,4,Les Corts,19,les Corts,83,4029,13,4,2
2026-01-01,4,Les Corts,19,les Corts,83,4029,98,5,1
2026-01-01,4,Les Corts,19,les Corts,83,4029,74,5,2
2026-01-01,4,Les Corts,19,les Corts,83,4030,514,1,1
2026-01-01,4,Les Corts,19,les Corts,83,4030,463,1,2
2026-01-01,4,Les Corts,19,les Corts,83,4030,99,2,1
2026-01-01,4,Les Corts,19,les Corts,83,4030,80,2,2
2026-01-01,4,Les Corts,19,les Corts,83,4030,168,3,1
2026-01-01,4,Les Corts,19,les Corts,83,4030,104,3,2
2026-01-01,4,Les Corts,19,les Corts,83,4030,33,4,1
2026-01-01,4,Les Corts,19,les Corts,83,4030,24,4,2
2026-01-01,4,Les Corts,19,les Corts,83,4030,158,5,1
2026-01-01,4,Les Corts,19,les Corts,83,4030,154,5,2
2026-01-01,4,Les Corts,19,les Corts,84,4031,424,1,1
2026-01-01,4,Les Corts,19,les Corts,84,4031,433,1,2
2026-01-01,4,Les Corts,19,les Corts,84,4031,96,2,1
2026-01-01,4,Les Corts,19,les Corts,84,4031,95,2,2
2026-01-01,4,Les Corts,19,les Corts,84,4031,123,3,1
2026-01-01,4,Les Corts,19,les Corts,84,4031,85,3,2
2026-01-01,4,Les Corts,19,les Corts,84,4031,36,4,1
2026-01-01,4,Les Corts,19,les Corts,84,4031,42,4,2
2026-01-01,4,Les Corts,19,les Corts,84,4031,419,5,1
2026-01-01,4,Les Corts,19,les Corts,84,4031,424,5,2
2026-01-01,4,Les Corts,19,les Corts,84,4031,..,6,1
2026-01-01,4,Les Corts,19,les Corts,84,4032,442,1,1
2026-01-01,4,Les Corts,19,les Corts,84,4032,398,1,2
2026-01-01,4,Les Corts,19,les Corts,84,4032,95,2,1
2026-01-01,4,Les Corts,19,les Corts,84,4032,63,2,2
2026-01-01,4,Les Corts,19,les Corts,84,4032,140,3,1
2026-01-01,4,Les Corts,19,les Corts,84,4032,75,3,2
2026-01-01,4,Les Corts,19,les Corts,84,4032,17,4,1
2026-01-01,4,Les Corts,19,les Corts,84,4032,15,4,2
2026-01-01,4,Les Corts,19,les Corts,84,4032,181,5,1
2026-01-01,4,Les Corts,19,les Corts,84,4032,149,5,2
2026-01-01,4,Les Corts,19,les Corts,84,4033,332,1,1
2026-01-01,4,Les Corts,19,les Corts,84,4033,274,1,2
2026-01-01,4,Les Corts,19,les Corts,84,4033,75,2,1
2026-01-01,4,Les Corts,19,les Corts,84,4033,61,2,2
2026-01-01,4,Les Corts,19,les Corts,84,4033,91,3,1
2026-01-01,4,Les Corts,19,les Corts,84,4033,65,3,2
2026-01-01,4,Les Corts,19,les Corts,84,4033,13,4,1
2026-01-01,4,Les Corts,19,les Corts,84,4033,12,4,2
2026-01-01,4,Les Corts,19,les Corts,84,4033,133,5,1
2026-01-01,4,Les Corts,19,les Corts,84,4033,114,5,2
2026-01-01,4,Les Corts,19,les Corts,84,4033,..,6,1
2026-01-01,4,Les Corts,19,les Corts,84,4034,428,1,1
2026-01-01,4,Les Corts,19,les Corts,84,4034,402,1,2
2026-01-01,4,Les Corts,19,les Corts,84,4034,95,2,1
2026-01-01,4,Les Corts,19,les Corts,84,4034,70,2,2
2026-01-01,4,Les Corts,19,les Corts,84,4034,111,3,1
2026-01-01,4,Les Corts,19,les Corts,84,4034,86,3,2
2026-01-01,4,Les Corts,19,les Corts,84,4034,18,4,1
2026-01-01,4,Les Corts,19,les Corts,84,4034,14,4,2
2026-01-01,4,Les Corts,19,les Corts,84,4034,97,5,1
2026-01-01,4,Les Corts,19,les Corts,84,4034,70,5,2
2026-01-01,4,Les Corts,19,les Corts,84,4035,358,1,1
2026-01-01,4,Les Corts,19,les Corts,84,4035,345,1,2
2026-01-01,4,Les Corts,19,les Corts,84,4035,100,2,1
2026-01-01,4,Les Corts,19,les Corts,84,4035,60,2,2
2026-01-01,4,Les Corts,19,les Corts,84,4035,130,3,1
2026-01-01,4,Les Corts,19,les Corts,84,4035,81,3,2
2026-01-01,4,Les Corts,19,les Corts,84,4035,24,4,1
2026-01-01,4,Les Corts,19,les Corts,84,4035,26,4,2
2026-01-01,4,Les Corts,19,les Corts,84,4035,120,5,1
2026-01-01,4,Les Corts,19,les Corts,84,4035,99,5,2
2026-01-01,4,Les Corts,20,la Maternitat i Sant Ramon,85,4036,437,1,1
2026-01-01,4,Les Corts,20,la Maternitat i Sant Ramon,85,4036,403,1,2
2026-01-01,4,Les Corts,20,la Maternitat i Sant Ramon,85,4036,87,2,1
2026-01-01,4,Les Corts,20,la Maternitat i Sant Ramon,85,4036,72,2,2
2026-01-01,4,Les Corts,20,la Maternitat i Sant Ramon,85,4036,141,3,1
2026-01-01,4,Les Corts,20,la Maternitat i Sant Ramon,85,4036,86,3,2
2026-01-01,4,Les Corts,20,la Maternitat i Sant Ramon,85,4036,33,4,1
2026-01-01,4,Les Corts,20,la Maternitat i Sant Ramon,85,4036,15,4,2
2026-01-01,4,Les Corts,20,la Maternitat i Sant Ramon,85,4036,288,5,1
2026-01-01,4,Les Corts,20,la Maternitat i Sant Ramon,85,4036,244,5,2
2026-01-01,4,Les Corts,20,la Maternitat i Sant Ramon,85,4037,609,1,1
2026-01-01,4,Les Corts,20,la Maternitat i Sant Ramon,85,4037,502,1,2
2026-01-01,4,Les Corts,20,la Maternitat i Sant Ramon,85,4037,124,2,1
2026-01-01,4,Les Corts,20,la Maternitat i Sant Ramon,85,4037,92,2,2
2026-01-01,4,Les Corts,20,la Maternitat i Sant Ramon,85,4037,176,3,1
2026-01-01,4,Les Corts,20,la Maternitat i Sant Ramon,85,4037,118,3,2
2026-01-01,4,Les Corts,20,la Maternitat i Sant Ramon,85,4037,17,4,1
2026-01-01,4,Les Corts,20,la Maternitat i Sant Ramon,85,4037,23,4,2
2026-01-01,4,Les Corts,20,la Maternitat i Sant Ramon,85,4037,328,5,1
2026-01-01,4,Les Corts,20,la Maternitat i Sant Ramon,85,4037,267,5,2
2026-01-01,4,Les Corts,20,la Maternitat i Sant Ramon,85,4038,328,1,1
2026-01-01,4,Les Corts,20,la Maternitat i Sant Ramon,85,4038,285,1,2
2026-01-01,4,Les Corts,20,la Maternitat i Sant Ramon,85,4038,66,2,1
2026-01-01,4,Les Corts,20,la Maternitat i Sant Ramon,85,4038,58,2,2
2026-01-01,4,Les Corts,20,la Maternitat i Sant Ramon,85,4038,122,3,1
2026-01-01,4,Les Corts,20,la Maternitat i Sant Ramon,85,4038,88,3,2
2026-01-01,4,Les Corts,20,la Maternitat i Sant Ramon,85,4038,21,4,1
2026-01-01,4,Les Corts,20,la Maternitat i Sant Ramon,85,4038,9,4,2
2026-01-01,4,Les Corts,20,la Maternitat i Sant Ramon,85,4038,133,5,1
2026-01-01,4,Les Corts,20,la Maternitat i Sant Ramon,85,4038,121,5,2
2026-01-01,4,Les Corts,20,la Maternitat i Sant Ramon,85,4039,306,1,1
2026-01-01,4,Les Corts,20,la Maternitat i Sant Ramon,85,4039,274,1,2
2026-01-01,4,Les Corts,20,la Maternitat i Sant Ramon,85,4039,74,2,1
2026-01-01,4,Les Corts,20,la Maternitat i Sant Ramon,85,4039,61,2,2
2026-01-01,4,Les Corts,20,la Maternitat i Sant Ramon,85,4039,87,3,1
2026-01-01,4,Les Corts,20,la Maternitat i Sant Ramon,85,4039,61,3,2
2026-01-01,4,Les Corts,20,la Maternitat i Sant Ramon,85,4039,23,4,1
2026-01-01,4,Les Corts,20,la Maternitat i Sant Ramon,85,4039,16,4,2
2026-01-01,4,Les Corts,20,la Maternitat i Sant Ramon,85,4039,182,5,1
2026-01-01,4,Les Corts,20,la Maternitat i Sant Ramon,85,4039,161,5,2
2026-01-01,4,Les Corts,20,la Maternitat i Sant Ramon,85,4040,353,1,1
2026-01-01,4,Les Corts,20,la Maternitat i Sant Ramon,85,4040,346,1,2
2026-01-01,4,Les Corts,20,la Maternitat i Sant Ramon,85,4040,74,2,1
2026-01-01,4,Les Corts,20,la Maternitat i Sant Ramon,85,4040,58,2,2
2026-01-01,4,Les Corts,20,la Maternitat i Sant Ramon,85,4040,128,3,1
2026-01-01,4,Les Corts,20,la Maternitat i Sant Ramon,85,4040,121,3,2
2026-01-01,4,Les Corts,20,la Maternitat i Sant Ramon,85,4040,27,4,1
2026-01-01,4,Les Corts,20,la Maternitat i Sant Ramon,85,4040,32,4,2
2026-01-01,4,Les Corts,20,la Maternitat i Sant Ramon,85,4040,264,5,1
2026-01-01,4,Les Corts,20,la Maternitat i Sant Ramon,85,4040,283,5,2
2026-01-01,4,Les Corts,20,la Maternitat i Sant Ramon,85,4041,288,1,1
2026-01-01,4,Les Corts,20,la Maternitat i Sant Ramon,85,4041,251,1,2
2026-01-01,4,Les Corts,20,la Maternitat i Sant Ramon,85,4041,69,2,1
2026-01-01,4,Les Corts,20,la Maternitat i Sant Ramon,85,4041,63,2,2
2026-01-01,4,Les Corts,20,la Maternitat i Sant Ramon,85,4041,136,3,1
2026-01-01,4,Les Corts,20,la Maternitat i Sant Ramon,85,4041,88,3,2
2026-01-01,4,Les Corts,20,la Maternitat i Sant Ramon,85,4041,31,4,1
2026-01-01,4,Les Corts,20,la Maternitat i Sant Ramon,85,4041,12,4,2
2026-01-01,4,Les Corts,20,la Maternitat i Sant Ramon,85,4041,210,5,1
2026-01-01,4,Les Corts,20,la Maternitat i Sant Ramon,85,4041,226,5,2
2026-01-01,4,Les Corts,20,la Maternitat i Sant Ramon,85,4041,..,6,2
2026-01-01,4,Les Corts,20,la Maternitat i Sant Ramon,85,4042,330,1,1
2026-01-01,4,Les Corts,20,la Maternitat i Sant Ramon,85,4042,318,1,2
2026-01-01,4,Les Corts,20,la Maternitat i Sant Ramon,85,4042,76,2,1
2026-01-01,4,Les Corts,20,la Maternitat i Sant Ramon,85,4042,73,2,2
2026-01-01,4,Les Corts,20,la Maternitat i Sant Ramon,85,4042,224,3,1
2026-01-01,4,Les Corts,20,la Maternitat i Sant Ramon,85,4042,156,3,2
2026-01-01,4,Les Corts,20,la Maternitat i Sant Ramon,85,4042,25,4,1
2026-01-01,4,Les Corts,20,la Maternitat i Sant Ramon,85,4042,26,4,2
2026-01-01,4,Les Corts,20,la Maternitat i Sant Ramon,85,4042,286,5,1
2026-01-01,4,Les Corts,20,la Maternitat i Sant Ramon,85,4042,246,5,2
2026-01-01,4,Les Corts,20,la Maternitat i Sant Ramon,86,4043,411,1,1
2026-01-01,4,Les Corts,20,la Maternitat i Sant Ramon,86,4043,372,1,2
2026-01-01,4,Les Corts,20,la Maternitat i Sant Ramon,86,4043,120,2,1
2026-01-01,4,Les Corts,20,la Maternitat i Sant Ramon,86,4043,98,2,2
2026-01-01,4,Les Corts,20,la Maternitat i Sant Ramon,86,4043,165,3,1
2026-01-01,4,Les Corts,20,la Maternitat i Sant Ramon,86,4043,138,3,2
2026-01-01,4,Les Corts,20,la Maternitat i Sant Ramon,86,4043,27,4,1
2026-01-01,4,Les Corts,20,la Maternitat i Sant Ramon,86,4043,28,4,2
2026-01-01,4,Les Corts,20,la Maternitat i Sant Ramon,86,4043,113,5,1
2026-01-01,4,Les Corts,20,la Maternitat i Sant Ramon,86,4043,111,5,2
2026-01-01,4,Les Corts,20,la Maternitat i Sant Ramon,86,4044,368,1,1
2026-01-01,4,Les Corts,20,la Maternitat i Sant Ramon,86,4044,359,1,2
2026-01-01,4,Les Corts,20,la Maternitat i Sant Ramon,86,4044,94,2,1
2026-01-01,4,Les Corts,20,la Maternitat i Sant Ramon,86,4044,75,2,2
2026-01-01,4,Les Corts,20,la Maternitat i Sant Ramon,86,4044,148,3,1
2026-01-01,4,Les Corts,20,la Maternitat i Sant Ramon,86,4044,107,3,2
2026-01-01,4,Les Corts,20,la Maternitat i Sant Ramon,86,4044,31,4,1
2026-01-01,4,Les Corts,20,la Maternitat i Sant Ramon,86,4044,32,4,2
2026-01-01,4,Les Corts,20,la Maternitat i Sant Ramon,86,4044,231,5,1
2026-01-01,4,Les Corts,20,la Maternitat i Sant Ramon,86,4044,226,5,2
2026-01-01,4,Les Corts,20,la Maternitat i Sant Ramon,86,4045,319,1,1
2026-01-01,4,Les Corts,20,la Maternitat i Sant Ramon,86,4045,290,1,2
2026-01-01,4,Les Corts,20,la Maternitat i Sant Ramon,86,4045,92,2,1
2026-01-01,4,Les Corts,20,la Maternitat i Sant Ramon,86,4045,78,2,2
2026-01-01,4,Les Corts,20,la Maternitat i Sant Ramon,86,4045,136,3,1
2026-01-01,4,Les Corts,20,la Maternitat i Sant Ramon,86,4045,88,3,2
2026-01-01,4,Les Corts,20,la Maternitat i Sant Ramon,86,4045,19,4,1
2026-01-01,4,Les Corts,20,la Maternitat i Sant Ramon,86,4045,24,4,2
2026-01-01,4,Les Corts,20,la Maternitat i Sant Ramon,86,4045,207,5,1
2026-01-01,4,Les Corts,20,la Maternitat i Sant Ramon,86,4045,155,5,2
2026-01-01,4,Les Corts,20,la Maternitat i Sant Ramon,86,4046,631,1,1
2026-01-01,4,Les Corts,20,la Maternitat i Sant Ramon,86,4046,640,1,2
2026-01-01,4,Les Corts,20,la Maternitat i Sant Ramon,86,4046,163,2,1
2026-01-01,4,Les Corts,20,la Maternitat i Sant Ramon,86,4046,141,2,2
2026-01-01,4,Les Corts,20,la Maternitat i Sant Ramon,86,4046,240,3,1
2026-01-01,4,Les Corts,20,la Maternitat i Sant Ramon,86,4046,176,3,2
2026-01-01,4,Les Corts,20,la Maternitat i Sant Ramon,86,4046,31,4,1
2026-01-01,4,Les Corts,20,la Maternitat i Sant Ramon,86,4046,29,4,2
2026-01-01,4,Les Corts,20,la Maternitat i Sant Ramon,86,4046,179,5,1
2026-01-01,4,Les Corts,20,la Maternitat i Sant Ramon,86,4046,139,5,2
2026-01-01,4,Les Corts,20,la Maternitat i Sant Ramon,86,4046,..,6,2
2026-01-01,4,Les Corts,20,la Maternitat i Sant Ramon,86,4047,469,1,1
2026-01-01,4,Les Corts,20,la Maternitat i Sant Ramon,86,4047,462,1,2
2026-01-01,4,Les Corts,20,la Maternitat i Sant Ramon,86,4047,130,2,1
2026-01-01,4,Les Corts,20,la Maternitat i Sant Ramon,86,4047,141,2,2
2026-01-01,4,Les Corts,20,la Maternitat i Sant Ramon,86,4047,171,3,1
2026-01-01,4,Les Corts,20,la Maternitat i Sant Ramon,86,4047,116,3,2
2026-01-01,4,Les Corts,20,la Maternitat i Sant Ramon,86,4047,30,4,1
2026-01-01,4,Les Corts,20,la Maternitat i Sant Ramon,86,4047,29,4,2
2026-01-01,4,Les Corts,20,la Maternitat i Sant Ramon,86,4047,210,5,1
2026-01-01,4,Les Corts,20,la Maternitat i Sant Ramon,86,4047,171,5,2
2026-01-01,4,Les Corts,20,la Maternitat i Sant Ramon,87,4048,396,1,1
2026-01-01,4,Les Corts,20,la Maternitat i Sant Ramon,87,4048,388,1,2
2026-01-01,4,Les Corts,20,la Maternitat i Sant Ramon,87,4048,92,2,1
2026-01-01,4,Les Corts,20,la Maternitat i Sant Ramon,87,4048,73,2,2
2026-01-01,4,Les Corts,20,la Maternitat i Sant Ramon,87,4048,133,3,1
2026-01-01,4,Les Corts,20,la Maternitat i Sant Ramon,87,4048,88,3,2
2026-01-01,4,Les Corts,20,la Maternitat i Sant Ramon,87,4048,29,4,1
2026-01-01,4,Les Corts,20,la Maternitat i Sant Ramon,87,4048,29,4,2
2026-01-01,4,Les Corts,20,la Maternitat i Sant Ramon,87,4048,166,5,1
2026-01-01,4,Les Corts,20,la Maternitat i Sant Ramon,87,4048,116,5,2
2026-01-01,4,Les Corts,20,la Maternitat i Sant Ramon,87,4049,324,1,1
2026-01-01,4,Les Corts,20,la Maternitat i Sant Ramon,87,4049,285,1,2
2026-01-01,4,Les Corts,20,la Maternitat i Sant Ramon,87,4049,54,2,1
2026-01-01,4,Les Corts,20,la Maternitat i Sant Ramon,87,4049,39,2,2
2026-01-01,4,Les Corts,20,la Maternitat i Sant Ramon,87,4049,79,3,1
2026-01-01,4,Les Corts,20,la Maternitat i Sant Ramon,87,4049,78,3,2
2026-01-01,4,Les Corts,20,la Maternitat i Sant Ramon,87,4049,35,4,1
2026-01-01,4,Les Corts,20,la Maternitat i Sant Ramon,87,4049,34,4,2
2026-01-01,4,Les Corts,20,la Maternitat i Sant Ramon,87,4049,205,5,1
2026-01-01,4,Les Corts,20,la Maternitat i Sant Ramon,87,4049,224,5,2
2026-01-01,4,Les Corts,20,la Maternitat i Sant Ramon,87,4084,421,1,1
2026-01-01,4,Les Corts,20,la Maternitat i Sant Ramon,87,4084,376,1,2
2026-01-01,4,Les Corts,20,la Maternitat i Sant Ramon,87,4084,74,2,1
2026-01-01,4,Les Corts,20,la Maternitat i Sant Ramon,87,4084,68,2,2
2026-01-01,4,Les Corts,20,la Maternitat i Sant Ramon,87,4084,94,3,1
2026-01-01,4,Les Corts,20,la Maternitat i Sant Ramon,87,4084,62,3,2
2026-01-01,4,Les Corts,20,la Maternitat i Sant Ramon,87,4084,27,4,1
2026-01-01,4,Les Corts,20,la Maternitat i Sant Ramon,87,4084,25,4,2
2026-01-01,4,Les Corts,20,la Maternitat i Sant Ramon,87,4084,144,5,1
2026-01-01,4,Les Corts,20,la Maternitat i Sant Ramon,87,4084,144,5,2
2026-01-01,4,Les Corts,21,Pedralbes,88,4050,630,1,1
2026-01-01,4,Les Corts,21,Pedralbes,88,4050,568,1,2
2026-01-01,4,Les Corts,21,Pedralbes,88,4050,108,2,1
2026-01-01,4,Les Corts,21,Pedralbes,88,4050,80,2,2
2026-01-01,4,Les Corts,21,Pedralbes,88,4050,148,3,1
2026-01-01,4,Les Corts,21,Pedralbes,88,4050,148,3,2
2026-01-01,4,Les Corts,21,Pedralbes,88,4050,49,4,1
2026-01-01,4,Les Corts,21,Pedralbes,88,4050,53,4,2
2026-01-01,4,Les Corts,21,Pedralbes,88,4050,169,5,1
2026-01-01,4,Les Corts,21,Pedralbes,88,4050,122,5,2
2026-01-01,4,Les Corts,21,Pedralbes,88,4051,513,1,1
2026-01-01,4,Les Corts,21,Pedralbes,88,4051,479,1,2
2026-01-01,4,Les Corts,21,Pedralbes,88,4051,78,2,1
2026-01-01,4,Les Corts,21,Pedralbes,88,4051,75,2,2
2026-01-01,4,Les Corts,21,Pedralbes,88,4051,107,3,1
2026-01-01,4,Les Corts,21,Pedralbes,88,4051,47,3,2
2026-01-01,4,Les Corts,21,Pedralbes,88,4051,36,4,1
2026-01-01,4,Les Corts,21,Pedralbes,88,4051,29,4,2
2026-01-01,4,Les Corts,21,Pedralbes,88,4051,180,5,1
2026-01-01,4,Les Corts,21,Pedralbes,88,4051,146,5,2
2026-01-01,4,Les Corts,21,Pedralbes,88,4051,..,6,1
2026-01-01,4,Les Corts,21,Pedralbes,88,4051,..,6,2
2026-01-01,4,Les Corts,21,Pedralbes,88,4052,693,1,1
2026-01-01,4,Les Corts,21,Pedralbes,88,4052,587,1,2
2026-01-01,4,Les Corts,21,Pedralbes,88,4052,132,2,1
2026-01-01,4,Les Corts,21,Pedralbes,88,4052,100,2,2
2026-01-01,4,Les Corts,21,Pedralbes,88,4052,141,3,1
2026-01-01,4,Les Corts,21,Pedralbes,88,4052,100,3,2
2026-01-01,4,Les Corts,21,Pedralbes,88,4052,47,4,1
2026-01-01,4,Les Corts,21,Pedralbes,88,4052,42,4,2
2026-01-01,4,Les Corts,21,Pedralbes,88,4052,216,5,1
2026-01-01,4,Les Corts,21,Pedralbes,88,4052,152,5,2
2026-01-01,4,Les Corts,21,Pedralbes,89,4053,330,1,1
2026-01-01,4,Les Corts,21,Pedralbes,89,4053,300,1,2
2026-01-01,4,Les Corts,21,Pedralbes,89,4053,79,2,1
2026-01-01,4,Les Corts,21,Pedralbes,89,4053,83,2,2
2026-01-01,4,Les Corts,21,Pedralbes,89,4053,112,3,1
2026-01-01,4,Les Corts,21,Pedralbes,89,4053,149,3,2
2026-01-01,4,Les Corts,21,Pedralbes,89,4053,55,4,1
2026-01-01,4,Les Corts,21,Pedralbes,89,4053,70,4,2
2026-01-01,4,Les Corts,21,Pedralbes,89,4053,344,5,1
2026-01-01,4,Les Corts,21,Pedralbes,89,4053,288,5,2
2026-01-01,4,Les Corts,21,Pedralbes,89,4053,..,6,1
2026-01-01,4,Les Corts,21,Pedralbes,89,4054,265,1,1
2026-01-01,4,Les Corts,21,Pedralbes,89,4054,273,1,2
2026-01-01,4,Les Corts,21,Pedralbes,89,4054,63,2,1
2026-01-01,4,Les Corts,21,Pedralbes,89,4054,56,2,2
2026-01-01,4,Les Corts,21,Pedralbes,89,4054,80,3,1
2026-01-01,4,Les Corts,21,Pedralbes,89,4054,44,3,2
2026-01-01,4,Les Corts,21,Pedralbes,89,4054,29,4,1
2026-01-01,4,Les Corts,21,Pedralbes,89,4054,24,4,2
2026-01-01,4,Les Corts,21,Pedralbes,89,4054,128,5,1
2026-01-01,4,Les Corts,21,Pedralbes,89,4054,103,5,2
2026-01-01,4,Les Corts,21,Pedralbes,89,4054,..,6,2
2026-01-01,4,Les Corts,21,Pedralbes,90,4055,420,1,1
2026-01-01,4,Les Corts,21,Pedralbes,90,4055,432,1,2
2026-01-01,4,Les Corts,21,Pedralbes,90,4055,79,2,1
2026-01-01,4,Les Corts,21,Pedralbes,90,4055,58,2,2
2026-01-01,4,Les Corts,21,Pedralbes,90,4055,69,3,1
2026-01-01,4,Les Corts,21,Pedralbes,90,4055,63,3,2
2026-01-01,4,Les Corts,21,Pedralbes,90,4055,94,4,1
2026-01-01,4,Les Corts,21,Pedralbes,90,4055,103,4,2
2026-01-01,4,Les Corts,21,Pedralbes,90,4055,187,5,1
2026-01-01,4,Les Corts,21,Pedralbes,90,4055,141,5,2
2026-01-01,4,Les Corts,21,Pedralbes,90,4055,..,6,1
2026-01-01,4,Les Corts,21,Pedralbes,90,4056,417,1,1
2026-01-01,4,Les Corts,21,Pedralbes,90,4056,431,1,2
2026-01-01,4,Les Corts,21,Pedralbes,90,4056,63,2,1
2026-01-01,4,Les Corts,21,Pedralbes,90,4056,70,2,2
2026-01-01,4,Les Corts,21,Pedralbes,90,4056,86,3,1
2026-01-01,4,Les Corts,21,Pedralbes,90,4056,58,3,2
2026-01-01,4,Les Corts,21,Pedralbes,90,4056,101,4,1
2026-01-01,4,Les Corts,21,Pedralbes,90,4056,95,4,2
2026-01-01,4,Les Corts,21,Pedralbes,90,4056,360,5,1
2026-01-01,4,Les Corts,21,Pedralbes,90,4056,296,5,2
2026-01-01,5,Sarrià-Sant Gervasi,22,"Vallvidrera, el Tibidabo i les Planes",91,5001,500,1,1
2026-01-01,5,Sarrià-Sant Gervasi,22,"Vallvidrera, el Tibidabo i les Planes",91,5001,538,1,2
2026-01-01,5,Sarrià-Sant Gervasi,22,"Vallvidrera, el Tibidabo i les Planes",91,5001,88,2,1
2026-01-01,5,Sarrià-Sant Gervasi,22,"Vallvidrera, el Tibidabo i les Planes",91,5001,105,2,2
2026-01-01,5,Sarrià-Sant Gervasi,22,"Vallvidrera, el Tibidabo i les Planes",91,5001,82,3,1
2026-01-01,5,Sarrià-Sant Gervasi,22,"Vallvidrera, el Tibidabo i les Planes",91,5001,83,3,2
2026-01-01,5,Sarrià-Sant Gervasi,22,"Vallvidrera, el Tibidabo i les Planes",91,5001,74,4,1
2026-01-01,5,Sarrià-Sant Gervasi,22,"Vallvidrera, el Tibidabo i les Planes",91,5001,70,4,2
2026-01-01,5,Sarrià-Sant Gervasi,22,"Vallvidrera, el Tibidabo i les Planes",91,5001,194,5,1
2026-01-01,5,Sarrià-Sant Gervasi,22,"Vallvidrera, el Tibidabo i les Planes",91,5001,175,5,2
2026-01-01,5,Sarrià-Sant Gervasi,22,"Vallvidrera, el Tibidabo i les Planes",91,5001,..,6,2
2026-01-01,5,Sarrià-Sant Gervasi,22,"Vallvidrera, el Tibidabo i les Planes",92,5002,490,1,1
2026-01-01,5,Sarrià-Sant Gervasi,22,"Vallvidrera, el Tibidabo i les Planes",92,5002,513,1,2
2026-01-01,5,Sarrià-Sant Gervasi,22,"Vallvidrera, el Tibidabo i les Planes",92,5002,79,2,1
2026-01-01,5,Sarrià-Sant Gervasi,22,"Vallvidrera, el Tibidabo i les Planes",92,5002,61,2,2
2026-01-01,5,Sarrià-Sant Gervasi,22,"Vallvidrera, el Tibidabo i les Planes",92,5002,78,3,1
2026-01-01,5,Sarrià-Sant Gervasi,22,"Vallvidrera, el Tibidabo i les Planes",92,5002,58,3,2
2026-01-01,5,Sarrià-Sant Gervasi,22,"Vallvidrera, el Tibidabo i les Planes",92,5002,58,4,1
2026-01-01,5,Sarrià-Sant Gervasi,22,"Vallvidrera, el Tibidabo i les Planes",92,5002,66,4,2
2026-01-01,5,Sarrià-Sant Gervasi,22,"Vallvidrera, el Tibidabo i les Planes",92,5002,123,5,1
2026-01-01,5,Sarrià-Sant Gervasi,22,"Vallvidrera, el Tibidabo i les Planes",92,5002,128,5,2
2026-01-01,5,Sarrià-Sant Gervasi,22,"Vallvidrera, el Tibidabo i les Planes",92,5003,382,1,1
2026-01-01,5,Sarrià-Sant Gervasi,22,"Vallvidrera, el Tibidabo i les Planes",92,5003,410,1,2
2026-01-01,5,Sarrià-Sant Gervasi,22,"Vallvidrera, el Tibidabo i les Planes",92,5003,69,2,1
2026-01-01,5,Sarrià-Sant Gervasi,22,"Vallvidrera, el Tibidabo i les Planes",92,5003,65,2,2
2026-01-01,5,Sarrià-Sant Gervasi,22,"Vallvidrera, el Tibidabo i les Planes",92,5003,39,3,1
2026-01-01,5,Sarrià-Sant Gervasi,22,"Vallvidrera, el Tibidabo i les Planes",92,5003,39,3,2
2026-01-01,5,Sarrià-Sant Gervasi,22,"Vallvidrera, el Tibidabo i les Planes",92,5003,46,4,1
2026-01-01,5,Sarrià-Sant Gervasi,22,"Vallvidrera, el Tibidabo i les Planes",92,5003,47,4,2
2026-01-01,5,Sarrià-Sant Gervasi,22,"Vallvidrera, el Tibidabo i les Planes",92,5003,122,5,1
2026-01-01,5,Sarrià-Sant Gervasi,22,"Vallvidrera, el Tibidabo i les Planes",92,5003,84,5,2
2026-01-01,5,Sarrià-Sant Gervasi,23,Sarrià,93,5004,281,1,1
2026-01-01,5,Sarrià-Sant Gervasi,23,Sarrià,93,5004,293,1,2
2026-01-01,5,Sarrià-Sant Gervasi,23,Sarrià,93,5004,51,2,1
2026-01-01,5,Sarrià-Sant Gervasi,23,Sarrià,93,5004,41,2,2
2026-01-01,5,Sarrià-Sant Gervasi,23,Sarrià,93,5004,117,3,1
2026-01-01,5,Sarrià-Sant Gervasi,23,Sarrià,93,5004,22,3,2
2026-01-01,5,Sarrià-Sant Gervasi,23,Sarrià,93,5004,39,4,1
2026-01-01,5,Sarrià-Sant Gervasi,23,Sarrià,93,5004,23,4,2
2026-01-01,5,Sarrià-Sant Gervasi,23,Sarrià,93,5004,104,5,1
2026-01-01,5,Sarrià-Sant Gervasi,23,Sarrià,93,5004,81,5,2
2026-01-01,5,Sarrià-Sant Gervasi,23,Sarrià,93,5005,324,1,1
2026-01-01,5,Sarrià-Sant Gervasi,23,Sarrià,93,5005,330,1,2
2026-01-01,5,Sarrià-Sant Gervasi,23,Sarrià,93,5005,61,2,1
2026-01-01,5,Sarrià-Sant Gervasi,23,Sarrià,93,5005,33,2,2
2026-01-01,5,Sarrià-Sant Gervasi,23,Sarrià,93,5005,66,3,1
2026-01-01,5,Sarrià-Sant Gervasi,23,Sarrià,93,5005,46,3,2
2026-01-01,5,Sarrià-Sant Gervasi,23,Sarrià,93,5005,63,4,1
2026-01-01,5,Sarrià-Sant Gervasi,23,Sarrià,93,5005,55,4,2
2026-01-01,5,Sarrià-Sant Gervasi,23,Sarrià,93,5005,148,5,1
2026-01-01,5,Sarrià-Sant Gervasi,23,Sarrià,93,5005,123,5,2
2026-01-01,5,Sarrià-Sant Gervasi,23,Sarrià,93,5005,..,6,1
2026-01-01,5,Sarrià-Sant Gervasi,23,Sarrià,94,5006,535,1,1
2026-01-01,5,Sarrià-Sant Gervasi,23,Sarrià,94,5006,553,1,2
2026-01-01,5,Sarrià-Sant Gervasi,23,Sarrià,94,5006,64,2,1
2026-01-01,5,Sarrià-Sant Gervasi,23,Sarrià,94,5006,67,2,2
2026-01-01,5,Sarrià-Sant Gervasi,23,Sarrià,94,5006,71,3,1
2026-01-01,5,Sarrià-Sant Gervasi,23,Sarrià,94,5006,55,3,2
2026-01-01,5,Sarrià-Sant Gervasi,23,Sarrià,94,5006,83,4,1
2026-01-01,5,Sarrià-Sant Gervasi,23,Sarrià,94,5006,78,4,2
2026-01-01,5,Sarrià-Sant Gervasi,23,Sarrià,94,5006,157,5,1
2026-01-01,5,Sarrià-Sant Gervasi,23,Sarrià,94,5006,143,5,2
2026-01-01,5,Sarrià-Sant Gervasi,23,Sarrià,94,5006,..,6,1
2026-01-01,5,Sarrià-Sant Gervasi,23,Sarrià,95,5007,535,1,1
2026-01-01,5,Sarrià-Sant Gervasi,23,Sarrià,95,5007,467,1,2
2026-01-01,5,Sarrià-Sant Gervasi,23,Sarrià,95,5007,85,2,1
2026-01-01,5,Sarrià-Sant Gervasi,23,Sarrià,95,5007,59,2,2
2026-01-01,5,Sarrià-Sant Gervasi,23,Sarrià,95,5007,85,3,1
2026-01-01,5,Sarrià-Sant Gervasi,23,Sarrià,95,5007,41,3,2
2026-01-01,5,Sarrià-Sant Gervasi,23,Sarrià,95,5007,48,4,1
2026-01-01,5,Sarrià-Sant Gervasi,23,Sarrià,95,5007,61,4,2
2026-01-01,5,Sarrià-Sant Gervasi,23,Sarrià,95,5007,245,5,1
2026-01-01,5,Sarrià-Sant Gervasi,23,Sarrià,95,5007,168,5,2
2026-01-01,5,Sarrià-Sant Gervasi,23,Sarrià,95,5007,..,6,1
2026-01-01,5,Sarrià-Sant Gervasi,23,Sarrià,95,5007,..,6,2
2026-01-01,5,Sarrià-Sant Gervasi,23,Sarrià,95,5008,581,1,1
2026-01-01,5,Sarrià-Sant Gervasi,23,Sarrià,95,5008,489,1,2
2026-01-01,5,Sarrià-Sant Gervasi,23,Sarrià,95,5008,94,2,1
2026-01-01,5,Sarrià-Sant Gervasi,23,Sarrià,95,5008,64,2,2
2026-01-01,5,Sarrià-Sant Gervasi,23,Sarrià,95,5008,66,3,1
2026-01-01,5,Sarrià-Sant Gervasi,23,Sarrià,95,5008,65,3,2
2026-01-01,5,Sarrià-Sant Gervasi,23,Sarrià,95,5008,43,4,1
2026-01-01,5,Sarrià-Sant Gervasi,23,Sarrià,95,5008,44,4,2
2026-01-01,5,Sarrià-Sant Gervasi,23,Sarrià,95,5008,175,5,1
2026-01-01,5,Sarrià-Sant Gervasi,23,Sarrià,95,5008,140,5,2
2026-01-01,5,Sarrià-Sant Gervasi,23,Sarrià,95,5009,503,1,1
2026-01-01,5,Sarrià-Sant Gervasi,23,Sarrià,95,5009,466,1,2
2026-01-01,5,Sarrià-Sant Gervasi,23,Sarrià,95,5009,94,2,1
2026-01-01,5,Sarrià-Sant Gervasi,23,Sarrià,95,5009,72,2,2
2026-01-01,5,Sarrià-Sant Gervasi,23,Sarrià,95,5009,80,3,1
2026-01-01,5,Sarrià-Sant Gervasi,23,Sarrià,95,5009,47,3,2
2026-01-01,5,Sarrià-Sant Gervasi,23,Sarrià,95,5009,40,4,1
2026-01-01,5,Sarrià-Sant Gervasi,23,Sarrià,95,5009,48,4,2
2026-01-01,5,Sarrià-Sant Gervasi,23,Sarrià,95,5009,174,5,1
2026-01-01,5,Sarrià-Sant Gervasi,23,Sarrià,95,5009,89,5,2
2026-01-01,5,Sarrià-Sant Gervasi,23,Sarrià,95,5009,..,6,1
2026-01-01,5,Sarrià-Sant Gervasi,23,Sarrià,95,5010,496,1,1
2026-01-01,5,Sarrià-Sant Gervasi,23,Sarrià,95,5010,450,1,2
2026-01-01,5,Sarrià-Sant Gervasi,23,Sarrià,95,5010,70,2,1
2026-01-01,5,Sarrià-Sant Gervasi,23,Sarrià,95,5010,68,2,2
2026-01-01,5,Sarrià-Sant Gervasi,23,Sarrià,95,5010,68,3,1
2026-01-01,5,Sarrià-Sant Gervasi,23,Sarrià,95,5010,51,3,2
2026-01-01,5,Sarrià-Sant Gervasi,23,Sarrià,95,5010,54,4,1
2026-01-01,5,Sarrià-Sant Gervasi,23,Sarrià,95,5010,51,4,2
2026-01-01,5,Sarrià-Sant Gervasi,23,Sarrià,95,5010,132,5,1
2026-01-01,5,Sarrià-Sant Gervasi,23,Sarrià,95,5010,74,5,2
2026-01-01,5,Sarrià-Sant Gervasi,23,Sarrià,95,5011,457,1,1
2026-01-01,5,Sarrià-Sant Gervasi,23,Sarrià,95,5011,435,1,2
2026-01-01,5,Sarrià-Sant Gervasi,23,Sarrià,95,5011,73,2,1
2026-01-01,5,Sarrià-Sant Gervasi,23,Sarrià,95,5011,62,2,2
2026-01-01,5,Sarrià-Sant Gervasi,23,Sarrià,95,5011,62,3,1
2026-01-01,5,Sarrià-Sant Gervasi,23,Sarrià,95,5011,53,3,2
2026-01-01,5,Sarrià-Sant Gervasi,23,Sarrià,95,5011,28,4,1
2026-01-01,5,Sarrià-Sant Gervasi,23,Sarrià,95,5011,36,4,2
2026-01-01,5,Sarrià-Sant Gervasi,23,Sarrià,95,5011,157,5,1
2026-01-01,5,Sarrià-Sant Gervasi,23,Sarrià,95,5011,116,5,2
2026-01-01,5,Sarrià-Sant Gervasi,23,Sarrià,95,5012,435,1,1
2026-01-01,5,Sarrià-Sant Gervasi,23,Sarrià,95,5012,418,1,2
2026-01-01,5,Sarrià-Sant Gervasi,23,Sarrià,95,5012,62,2,1
2026-01-01,5,Sarrià-Sant Gervasi,23,Sarrià,95,5012,49,2,2
2026-01-01,5,Sarrià-Sant Gervasi,23,Sarrià,95,5012,63,3,1
2026-01-01,5,Sarrià-Sant Gervasi,23,Sarrià,95,5012,50,3,2
2026-01-01,5,Sarrià-Sant Gervasi,23,Sarrià,95,5012,35,4,1
2026-01-01,5,Sarrià-Sant Gervasi,23,Sarrià,95,5012,38,4,2
2026-01-01,5,Sarrià-Sant Gervasi,23,Sarrià,95,5012,139,5,1
2026-01-01,5,Sarrià-Sant Gervasi,23,Sarrià,95,5012,88,5,2
2026-01-01,5,Sarrià-Sant Gervasi,23,Sarrià,95,5012,..,6,1
2026-01-01,5,Sarrià-Sant Gervasi,23,Sarrià,95,5013,536,1,1
2026-01-01,5,Sarrià-Sant Gervasi,23,Sarrià,95,5013,499,1,2
2026-01-01,5,Sarrià-Sant Gervasi,23,Sarrià,95,5013,88,2,1
2026-01-01,5,Sarrià-Sant Gervasi,23,Sarrià,95,5013,57,2,2
2026-01-01,5,Sarrià-Sant Gervasi,23,Sarrià,95,5013,60,3,1
2026-01-01,5,Sarrià-Sant Gervasi,23,Sarrià,95,5013,51,3,2
2026-01-01,5,Sarrià-Sant Gervasi,23,Sarrià,95,5013,39,4,1
2026-01-01,5,Sarrià-Sant Gervasi,23,Sarrià,95,5013,59,4,2
2026-01-01,5,Sarrià-Sant Gervasi,23,Sarrià,95,5013,156,5,1
2026-01-01,5,Sarrià-Sant Gervasi,23,Sarrià,95,5013,120,5,2
2026-01-01,5,Sarrià-Sant Gervasi,23,Sarrià,95,5013,..,6,1
2026-01-01,5,Sarrià-Sant Gervasi,23,Sarrià,95,5013,..,6,2
2026-01-01,5,Sarrià-Sant Gervasi,23,Sarrià,96,5014,449,1,1
2026-01-01,5,Sarrià-Sant Gervasi,23,Sarrià,96,5014,425,1,2
2026-01-01,5,Sarrià-Sant Gervasi,23,Sarrià,96,5014,82,2,1
2026-01-01,5,Sarrià-Sant Gervasi,23,Sarrià,96,5014,68,2,2
2026-01-01,5,Sarrià-Sant Gervasi,23,Sarrià,96,5014,97,3,1
2026-01-01,5,Sarrià-Sant Gervasi,23,Sarrià,96,5014,67,3,2
2026-01-01,5,Sarrià-Sant Gervasi,23,Sarrià,96,5014,60,4,1
2026-01-01,5,Sarrià-Sant Gervasi,23,Sarrià,96,5014,72,4,2
2026-01-01,5,Sarrià-Sant Gervasi,23,Sarrià,96,5014,142,5,1
2026-01-01,5,Sarrià-Sant Gervasi,23,Sarrià,96,5014,111,5,2
2026-01-01,5,Sarrià-Sant Gervasi,23,Sarrià,96,5015,510,1,1
2026-01-01,5,Sarrià-Sant Gervasi,23,Sarrià,96,5015,463,1,2
2026-01-01,5,Sarrià-Sant Gervasi,23,Sarrià,96,5015,67,2,1
2026-01-01,5,Sarrià-Sant Gervasi,23,Sarrià,96,5015,69,2,2
2026-01-01,5,Sarrià-Sant Gervasi,23,Sarrià,96,5015,78,3,1
2026-01-01,5,Sarrià-Sant Gervasi,23,Sarrià,96,5015,47,3,2
2026-01-01,5,Sarrià-Sant Gervasi,23,Sarrià,96,5015,47,4,1
2026-01-01,5,Sarrià-Sant Gervasi,23,Sarrià,96,5015,53,4,2
2026-01-01,5,Sarrià-Sant Gervasi,23,Sarrià,96,5015,150,5,1
2026-01-01,5,Sarrià-Sant Gervasi,23,Sarrià,96,5015,106,5,2
2026-01-01,5,Sarrià-Sant Gervasi,23,Sarrià,96,5015,..,6,1
2026-01-01,5,Sarrià-Sant Gervasi,23,Sarrià,96,5016,600,1,1
2026-01-01,5,Sarrià-Sant Gervasi,23,Sarrià,96,5016,485,1,2
2026-01-01,5,Sarrià-Sant Gervasi,23,Sarrià,96,5016,93,2,1
2026-01-01,5,Sarrià-Sant Gervasi,23,Sarrià,96,5016,86,2,2
2026-01-01,5,Sarrià-Sant Gervasi,23,Sarrià,96,5016,92,3,1
2026-01-01,5,Sarrià-Sant Gervasi,23,Sarrià,96,5016,66,3,2
2026-01-01,5,Sarrià-Sant Gervasi,23,Sarrià,96,5016,63,4,1
2026-01-01,5,Sarrià-Sant Gervasi,23,Sarrià,96,5016,64,4,2
2026-01-01,5,Sarrià-Sant Gervasi,23,Sarrià,96,5016,220,5,1
2026-01-01,5,Sarrià-Sant Gervasi,23,Sarrià,96,5016,160,5,2
2026-01-01,5,Sarrià-Sant Gervasi,23,Sarrià,96,5016,..,6,1
2026-01-01,5,Sarrià-Sant Gervasi,23,Sarrià,96,5017,518,1,1
2026-01-01,5,Sarrià-Sant Gervasi,23,Sarrià,96,5017,464,1,2
2026-01-01,5,Sarrià-Sant Gervasi,23,Sarrià,96,5017,67,2,1
2026-01-01,5,Sarrià-Sant Gervasi,23,Sarrià,96,5017,43,2,2
2026-01-01,5,Sarrià-Sant Gervasi,23,Sarrià,96,5017,91,3,1
2026-01-01,5,Sarrià-Sant Gervasi,23,Sarrià,96,5017,69,3,2
2026-01-01,5,Sarrià-Sant Gervasi,23,Sarrià,96,5017,55,4,1
2026-01-01,5,Sarrià-Sant Gervasi,23,Sarrià,96,5017,51,4,2
2026-01-01,5,Sarrià-Sant Gervasi,23,Sarrià,96,5017,111,5,1
2026-01-01,5,Sarrià-Sant Gervasi,23,Sarrià,96,5017,85,5,2
2026-01-01,5,Sarrià-Sant Gervasi,23,Sarrià,96,5018,379,1,1
2026-01-01,5,Sarrià-Sant Gervasi,23,Sarrià,96,5018,364,1,2
2026-01-01,5,Sarrià-Sant Gervasi,23,Sarrià,96,5018,70,2,1
2026-01-01,5,Sarrià-Sant Gervasi,23,Sarrià,96,5018,44,2,2
2026-01-01,5,Sarrià-Sant Gervasi,23,Sarrià,96,5018,85,3,1
2026-01-01,5,Sarrià-Sant Gervasi,23,Sarrià,96,5018,42,3,2
2026-01-01,5,Sarrià-Sant Gervasi,23,Sarrià,96,5018,30,4,1
2026-01-01,5,Sarrià-Sant Gervasi,23,Sarrià,96,5018,34,4,2
2026-01-01,5,Sarrià-Sant Gervasi,23,Sarrià,96,5018,132,5,1
2026-01-01,5,Sarrià-Sant Gervasi,23,Sarrià,96,5018,124,5,2
2026-01-01,5,Sarrià-Sant Gervasi,23,Sarrià,96,5018,..,6,2
2026-01-01,5,Sarrià-Sant Gervasi,23,Sarrià,96,5019,583,1,1
2026-01-01,5,Sarrià-Sant Gervasi,23,Sarrià,96,5019,535,1,2
2026-01-01,5,Sarrià-Sant Gervasi,23,Sarrià,96,5019,80,2,1
2026-01-01,5,Sarrià-Sant Gervasi,23,Sarrià,96,5019,59,2,2
2026-01-01,5,Sarrià-Sant Gervasi,23,Sarrià,96,5019,82,3,1
2026-01-01,5,Sarrià-Sant Gervasi,23,Sarrià,96,5019,55,3,2
2026-01-01,5,Sarrià-Sant Gervasi,23,Sarrià,96,5019,34,4,1
2026-01-01,5,Sarrià-Sant Gervasi,23,Sarrià,96,5019,23,4,2
2026-01-01,5,Sarrià-Sant Gervasi,23,Sarrià,96,5019,146,5,1
2026-01-01,5,Sarrià-Sant Gervasi,23,Sarrià,96,5019,69,5,2
2026-01-01,5,Sarrià-Sant Gervasi,24,les Tres Torres,97,5020,278,1,1
2026-01-01,5,Sarrià-Sant Gervasi,24,les Tres Torres,97,5020,272,1,2
2026-01-01,5,Sarrià-Sant Gervasi,24,les Tres Torres,97,5020,83,2,1
2026-01-01,5,Sarrià-Sant Gervasi,24,les Tres Torres,97,5020,55,2,2
2026-01-01,5,Sarrià-Sant Gervasi,24,les Tres Torres,97,5020,70,3,1
2026-01-01,5,Sarrià-Sant Gervasi,24,les Tres Torres,97,5020,57,3,2
2026-01-01,5,Sarrià-Sant Gervasi,24,les Tres Torres,97,5020,29,4,1
2026-01-01,5,Sarrià-Sant Gervasi,24,les Tres Torres,97,5020,14,4,2
2026-01-01,5,Sarrià-Sant Gervasi,24,les Tres Torres,97,5020,164,5,1
2026-01-01,5,Sarrià-Sant Gervasi,24,les Tres Torres,97,5020,119,5,2
2026-01-01,5,Sarrià-Sant Gervasi,24,les Tres Torres,97,5021,345,1,1
2026-01-01,5,Sarrià-Sant Gervasi,24,les Tres Torres,97,5021,335,1,2
2026-01-01,5,Sarrià-Sant Gervasi,24,les Tres Torres,97,5021,71,2,1
2026-01-01,5,Sarrià-Sant Gervasi,24,les Tres Torres,97,5021,52,2,2
2026-01-01,5,Sarrià-Sant Gervasi,24,les Tres Torres,97,5021,85,3,1
2026-01-01,5,Sarrià-Sant Gervasi,24,les Tres Torres,97,5021,57,3,2
2026-01-01,5,Sarrià-Sant Gervasi,24,les Tres Torres,97,5021,31,4,1
2026-01-01,5,Sarrià-Sant Gervasi,24,les Tres Torres,97,5021,36,4,2
2026-01-01,5,Sarrià-Sant Gervasi,24,les Tres Torres,97,5021,179,5,1
2026-01-01,5,Sarrià-Sant Gervasi,24,les Tres Torres,97,5021,145,5,2
2026-01-01,5,Sarrià-Sant Gervasi,24,les Tres Torres,98,5022,528,1,1
2026-01-01,5,Sarrià-Sant Gervasi,24,les Tres Torres,98,5022,483,1,2
2026-01-01,5,Sarrià-Sant Gervasi,24,les Tres Torres,98,5022,85,2,1
2026-01-01,5,Sarrià-Sant Gervasi,24,les Tres Torres,98,5022,62,2,2
2026-01-01,5,Sarrià-Sant Gervasi,24,les Tres Torres,98,5022,134,3,1
2026-01-01,5,Sarrià-Sant Gervasi,24,les Tres Torres,98,5022,64,3,2
2026-01-01,5,Sarrià-Sant Gervasi,24,les Tres Torres,98,5022,37,4,1
2026-01-01,5,Sarrià-Sant Gervasi,24,les Tres Torres,98,5022,35,4,2
2026-01-01,5,Sarrià-Sant Gervasi,24,les Tres Torres,98,5022,146,5,1
2026-01-01,5,Sarrià-Sant Gervasi,24,les Tres Torres,98,5022,107,5,2
2026-01-01,5,Sarrià-Sant Gervasi,24,les Tres Torres,98,5023,469,1,1
2026-01-01,5,Sarrià-Sant Gervasi,24,les Tres Torres,98,5023,396,1,2
2026-01-01,5,Sarrià-Sant Gervasi,24,les Tres Torres,98,5023,75,2,1
2026-01-01,5,Sarrià-Sant Gervasi,24,les Tres Torres,98,5023,57,2,2
2026-01-01,5,Sarrià-Sant Gervasi,24,les Tres Torres,98,5023,59,3,1
2026-01-01,5,Sarrià-Sant Gervasi,24,les Tres Torres,98,5023,50,3,2
2026-01-01,5,Sarrià-Sant Gervasi,24,les Tres Torres,98,5023,41,4,1
2026-01-01,5,Sarrià-Sant Gervasi,24,les Tres Torres,98,5023,49,4,2
2026-01-01,5,Sarrià-Sant Gervasi,24,les Tres Torres,98,5023,173,5,1
2026-01-01,5,Sarrià-Sant Gervasi,24,les Tres Torres,98,5023,114,5,2
2026-01-01,5,Sarrià-Sant Gervasi,24,les Tres Torres,98,5024,646,1,1
2026-01-01,5,Sarrià-Sant Gervasi,24,les Tres Torres,98,5024,612,1,2
2026-01-01,5,Sarrià-Sant Gervasi,24,les Tres Torres,98,5024,73,2,1
2026-01-01,5,Sarrià-Sant Gervasi,24,les Tres Torres,98,5024,69,2,2
2026-01-01,5,Sarrià-Sant Gervasi,24,les Tres Torres,98,5024,114,3,1
2026-01-01,5,Sarrià-Sant Gervasi,24,les Tres Torres,98,5024,72,3,2
2026-01-01,5,Sarrià-Sant Gervasi,24,les Tres Torres,98,5024,40,4,1
2026-01-01,5,Sarrià-Sant Gervasi,24,les Tres Torres,98,5024,33,4,2
2026-01-01,5,Sarrià-Sant Gervasi,24,les Tres Torres,98,5024,153,5,1
2026-01-01,5,Sarrià-Sant Gervasi,24,les Tres Torres,98,5024,129,5,2
2026-01-01,5,Sarrià-Sant Gervasi,24,les Tres Torres,99,5025,410,1,1
2026-01-01,5,Sarrià-Sant Gervasi,24,les Tres Torres,99,5025,429,1,2
2026-01-01,5,Sarrià-Sant Gervasi,24,les Tres Torres,99,5025,56,2,1
2026-01-01,5,Sarrià-Sant Gervasi,24,les Tres Torres,99,5025,32,2,2
2026-01-01,5,Sarrià-Sant Gervasi,24,les Tres Torres,99,5025,74,3,1
2026-01-01,5,Sarrià-Sant Gervasi,24,les Tres Torres,99,5025,28,3,2
2026-01-01,5,Sarrià-Sant Gervasi,24,les Tres Torres,99,5025,20,4,1
2026-01-01,5,Sarrià-Sant Gervasi,24,les Tres Torres,99,5025,16,4,2
2026-01-01,5,Sarrià-Sant Gervasi,24,les Tres Torres,99,5025,129,5,1
2026-01-01,5,Sarrià-Sant Gervasi,24,les Tres Torres,99,5025,100,5,2
2026-01-01,5,Sarrià-Sant Gervasi,24,les Tres Torres,99,5026,502,1,1
2026-01-01,5,Sarrià-Sant Gervasi,24,les Tres Torres,99,5026,476,1,2
2026-01-01,5,Sarrià-Sant Gervasi,24,les Tres Torres,99,5026,60,2,1
2026-01-01,5,Sarrià-Sant Gervasi,24,les Tres Torres,99,5026,64,2,2
2026-01-01,5,Sarrià-Sant Gervasi,24,les Tres Torres,99,5026,65,3,1
2026-01-01,5,Sarrià-Sant Gervasi,24,les Tres Torres,99,5026,61,3,2
2026-01-01,5,Sarrià-Sant Gervasi,24,les Tres Torres,99,5026,21,4,1
2026-01-01,5,Sarrià-Sant Gervasi,24,les Tres Torres,99,5026,23,4,2
2026-01-01,5,Sarrià-Sant Gervasi,24,les Tres Torres,99,5026,98,5,1
2026-01-01,5,Sarrià-Sant Gervasi,24,les Tres Torres,99,5026,60,5,2
2026-01-01,5,Sarrià-Sant Gervasi,24,les Tres Torres,99,5027,463,1,1
2026-01-01,5,Sarrià-Sant Gervasi,24,les Tres Torres,99,5027,440,1,2
2026-01-01,5,Sarrià-Sant Gervasi,24,les Tres Torres,99,5027,57,2,1
2026-01-01,5,Sarrià-Sant Gervasi,24,les Tres Torres,99,5027,57,2,2
2026-01-01,5,Sarrià-Sant Gervasi,24,les Tres Torres,99,5027,61,3,1
2026-01-01,5,Sarrià-Sant Gervasi,24,les Tres Torres,99,5027,49,3,2
2026-01-01,5,Sarrià-Sant Gervasi,24,les Tres Torres,99,5027,26,4,1
2026-01-01,5,Sarrià-Sant Gervasi,24,les Tres Torres,99,5027,31,4,2
2026-01-01,5,Sarrià-Sant Gervasi,24,les Tres Torres,99,5027,80,5,1
2026-01-01,5,Sarrià-Sant Gervasi,24,les Tres Torres,99,5027,37,5,2
2026-01-01,5,Sarrià-Sant Gervasi,24,les Tres Torres,99,5028,535,1,1
2026-01-01,5,Sarrià-Sant Gervasi,24,les Tres Torres,99,5028,504,1,2
2026-01-01,5,Sarrià-Sant Gervasi,24,les Tres Torres,99,5028,63,2,1
2026-01-01,5,Sarrià-Sant Gervasi,24,les Tres Torres,99,5028,55,2,2
2026-01-01,5,Sarrià-Sant Gervasi,24,les Tres Torres,99,5028,72,3,1
2026-01-01,5,Sarrià-Sant Gervasi,24,les Tres Torres,99,5028,61,3,2
2026-01-01,5,Sarrià-Sant Gervasi,24,les Tres Torres,99,5028,16,4,1
2026-01-01,5,Sarrià-Sant Gervasi,24,les Tres Torres,99,5028,38,4,2
2026-01-01,5,Sarrià-Sant Gervasi,24,les Tres Torres,99,5028,136,5,1
2026-01-01,5,Sarrià-Sant Gervasi,24,les Tres Torres,99,5028,169,5,2
2026-01-01,5,Sarrià-Sant Gervasi,24,les Tres Torres,99,5029,563,1,1
2026-01-01,5,Sarrià-Sant Gervasi,24,les Tres Torres,99,5029,569,1,2
2026-01-01,5,Sarrià-Sant Gervasi,24,les Tres Torres,99,5029,56,2,1
2026-01-01,5,Sarrià-Sant Gervasi,24,les Tres Torres,99,5029,54,2,2
2026-01-01,5,Sarrià-Sant Gervasi,24,les Tres Torres,99,5029,79,3,1
2026-01-01,5,Sarrià-Sant Gervasi,24,les Tres Torres,99,5029,57,3,2
2026-01-01,5,Sarrià-Sant Gervasi,24,les Tres Torres,99,5029,39,4,1
2026-01-01,5,Sarrià-Sant Gervasi,24,les Tres Torres,99,5029,42,4,2
2026-01-01,5,Sarrià-Sant Gervasi,24,les Tres Torres,99,5029,128,5,1
2026-01-01,5,Sarrià-Sant Gervasi,24,les Tres Torres,99,5029,84,5,2
2026-01-01,5,Sarrià-Sant Gervasi,24,les Tres Torres,99,5030,499,1,1
2026-01-01,5,Sarrià-Sant Gervasi,24,les Tres Torres,99,5030,462,1,2
2026-01-01,5,Sarrià-Sant Gervasi,24,les Tres Torres,99,5030,68,2,1
2026-01-01,5,Sarrià-Sant Gervasi,24,les Tres Torres,99,5030,47,2,2
2026-01-01,5,Sarrià-Sant Gervasi,24,les Tres Torres,99,5030,66,3,1
2026-01-01,5,Sarrià-Sant Gervasi,24,les Tres Torres,99,5030,49,3,2
2026-01-01,5,Sarrià-Sant Gervasi,24,les Tres Torres,99,5030,26,4,1
2026-01-01,5,Sarrià-Sant Gervasi,24,les Tres Torres,99,5030,25,4,2
2026-01-01,5,Sarrià-Sant Gervasi,24,les Tres Torres,99,5030,102,5,1
2026-01-01,5,Sarrià-Sant Gervasi,24,les Tres Torres,99,5030,70,5,2
2026-01-01,5,Sarrià-Sant Gervasi,25,Sant Gervasi - la Bonanova,100,5031,463,1,1
2026-01-01,5,Sarrià-Sant Gervasi,25,Sant Gervasi - la Bonanova,100,5031,482,1,2
2026-01-01,5,Sarrià-Sant Gervasi,25,Sant Gervasi - la Bonanova,100,5031,70,2,1
2026-01-01,5,Sarrià-Sant Gervasi,25,Sant Gervasi - la Bonanova,100,5031,51,2,2
2026-01-01,5,Sarrià-Sant Gervasi,25,Sant Gervasi - la Bonanova,100,5031,91,3,1
2026-01-01,5,Sarrià-Sant Gervasi,25,Sant Gervasi - la Bonanova,100,5031,54,3,2
2026-01-01,5,Sarrià-Sant Gervasi,25,Sant Gervasi - la Bonanova,100,5031,36,4,1
2026-01-01,5,Sarrià-Sant Gervasi,25,Sant Gervasi - la Bonanova,100,5031,37,4,2
2026-01-01,5,Sarrià-Sant Gervasi,25,Sant Gervasi - la Bonanova,100,5031,165,5,1
2026-01-01,5,Sarrià-Sant Gervasi,25,Sant Gervasi - la Bonanova,100,5031,106,5,2
2026-01-01,5,Sarrià-Sant Gervasi,25,Sant Gervasi - la Bonanova,100,5032,521,1,1
2026-01-01,5,Sarrià-Sant Gervasi,25,Sant Gervasi - la Bonanova,100,5032,527,1,2
2026-01-01,5,Sarrià-Sant Gervasi,25,Sant Gervasi - la Bonanova,100,5032,75,2,1
2026-01-01,5,Sarrià-Sant Gervasi,25,Sant Gervasi - la Bonanova,100,5032,75,2,2
2026-01-01,5,Sarrià-Sant Gervasi,25,Sant Gervasi - la Bonanova,100,5032,88,3,1
2026-01-01,5,Sarrià-Sant Gervasi,25,Sant Gervasi - la Bonanova,100,5032,55,3,2
2026-01-01,5,Sarrià-Sant Gervasi,25,Sant Gervasi - la Bonanova,100,5032,58,4,1
2026-01-01,5,Sarrià-Sant Gervasi,25,Sant Gervasi - la Bonanova,100,5032,65,4,2
2026-01-01,5,Sarrià-Sant Gervasi,25,Sant Gervasi - la Bonanova,100,5032,243,5,1
2026-01-01,5,Sarrià-Sant Gervasi,25,Sant Gervasi - la Bonanova,100,5032,184,5,2
2026-01-01,5,Sarrià-Sant Gervasi,25,Sant Gervasi - la Bonanova,100,5032,..,6,1
2026-01-01,5,Sarrià-Sant Gervasi,25,Sant Gervasi - la Bonanova,100,5032,..,6,2
2026-01-01,5,Sarrià-Sant Gervasi,25,Sant Gervasi - la Bonanova,101,5033,421,1,1
2026-01-01,5,Sarrià-Sant Gervasi,25,Sant Gervasi - la Bonanova,101,5033,426,1,2
2026-01-01,5,Sarrià-Sant Gervasi,25,Sant Gervasi - la Bonanova,101,5033,76,2,1
2026-01-01,5,Sarrià-Sant Gervasi,25,Sant Gervasi - la Bonanova,101,5033,60,2,2
2026-01-01,5,Sarrià-Sant Gervasi,25,Sant Gervasi - la Bonanova,101,5033,66,3,1
2026-01-01,5,Sarrià-Sant Gervasi,25,Sant Gervasi - la Bonanova,101,5033,46,3,2
2026-01-01,5,Sarrià-Sant Gervasi,25,Sant Gervasi - la Bonanova,101,5033,42,4,1
2026-01-01,5,Sarrià-Sant Gervasi,25,Sant Gervasi - la Bonanova,101,5033,35,4,2
2026-01-01,5,Sarrià-Sant Gervasi,25,Sant Gervasi - la Bonanova,101,5033,205,5,1
2026-01-01,5,Sarrià-Sant Gervasi,25,Sant Gervasi - la Bonanova,101,5033,147,5,2
2026-01-01,5,Sarrià-Sant Gervasi,25,Sant Gervasi - la Bonanova,101,5034,364,1,1
2026-01-01,5,Sarrià-Sant Gervasi,25,Sant Gervasi - la Bonanova,101,5034,335,1,2
2026-01-01,5,Sarrià-Sant Gervasi,25,Sant Gervasi - la Bonanova,101,5034,61,2,1
2026-01-01,5,Sarrià-Sant Gervasi,25,Sant Gervasi - la Bonanova,101,5034,49,2,2
2026-01-01,5,Sarrià-Sant Gervasi,25,Sant Gervasi - la Bonanova,101,5034,53,3,1
2026-01-01,5,Sarrià-Sant Gervasi,25,Sant Gervasi - la Bonanova,101,5034,43,3,2
2026-01-01,5,Sarrià-Sant Gervasi,25,Sant Gervasi - la Bonanova,101,5034,27,4,1
2026-01-01,5,Sarrià-Sant Gervasi,25,Sant Gervasi - la Bonanova,101,5034,37,4,2
2026-01-01,5,Sarrià-Sant Gervasi,25,Sant Gervasi - la Bonanova,101,5034,129,5,1
2026-01-01,5,Sarrià-Sant Gervasi,25,Sant Gervasi - la Bonanova,101,5034,101,5,2
2026-01-01,5,Sarrià-Sant Gervasi,25,Sant Gervasi - la Bonanova,102,5035,367,1,1
2026-01-01,5,Sarrià-Sant Gervasi,25,Sant Gervasi - la Bonanova,102,5035,380,1,2
2026-01-01,5,Sarrià-Sant Gervasi,25,Sant Gervasi - la Bonanova,102,5035,52,2,1
2026-01-01,5,Sarrià-Sant Gervasi,25,Sant Gervasi - la Bonanova,102,5035,49,2,2
2026-01-01,5,Sarrià-Sant Gervasi,25,Sant Gervasi - la Bonanova,102,5035,59,3,1
2026-01-01,5,Sarrià-Sant Gervasi,25,Sant Gervasi - la Bonanova,102,5035,34,3,2
2026-01-01,5,Sarrià-Sant Gervasi,25,Sant Gervasi - la Bonanova,102,5035,18,4,1
2026-01-01,5,Sarrià-Sant Gervasi,25,Sant Gervasi - la Bonanova,102,5035,17,4,2
2026-01-01,5,Sarrià-Sant Gervasi,25,Sant Gervasi - la Bonanova,102,5035,96,5,1
2026-01-01,5,Sarrià-Sant Gervasi,25,Sant Gervasi - la Bonanova,102,5035,71,5,2
2026-01-01,5,Sarrià-Sant Gervasi,25,Sant Gervasi - la Bonanova,102,5036,586,1,1
2026-01-01,5,Sarrià-Sant Gervasi,25,Sant Gervasi - la Bonanova,102,5036,549,1,2
2026-01-01,5,Sarrià-Sant Gervasi,25,Sant Gervasi - la Bonanova,102,5036,82,2,1
2026-01-01,5,Sarrià-Sant Gervasi,25,Sant Gervasi - la Bonanova,102,5036,48,2,2
2026-01-01,5,Sarrià-Sant Gervasi,25,Sant Gervasi - la Bonanova,102,5036,88,3,1
2026-01-01,5,Sarrià-Sant Gervasi,25,Sant Gervasi - la Bonanova,102,5036,77,3,2
2026-01-01,5,Sarrià-Sant Gervasi,25,Sant Gervasi - la Bonanova,102,5036,46,4,1
2026-01-01,5,Sarrià-Sant Gervasi,25,Sant Gervasi - la Bonanova,102,5036,38,4,2
2026-01-01,5,Sarrià-Sant Gervasi,25,Sant Gervasi - la Bonanova,102,5036,170,5,1
2026-01-01,5,Sarrià-Sant Gervasi,25,Sant Gervasi - la Bonanova,102,5036,132,5,2
2026-01-01,5,Sarrià-Sant Gervasi,25,Sant Gervasi - la Bonanova,102,5036,..,6,1
2026-01-01,5,Sarrià-Sant Gervasi,25,Sant Gervasi - la Bonanova,102,5036,..,6,2
2026-01-01,5,Sarrià-Sant Gervasi,25,Sant Gervasi - la Bonanova,102,5037,505,1,1
2026-01-01,5,Sarrià-Sant Gervasi,25,Sant Gervasi - la Bonanova,102,5037,425,1,2
2026-01-01,5,Sarrià-Sant Gervasi,25,Sant Gervasi - la Bonanova,102,5037,68,2,1
2026-01-01,5,Sarrià-Sant Gervasi,25,Sant Gervasi - la Bonanova,102,5037,48,2,2
2026-01-01,5,Sarrià-Sant Gervasi,25,Sant Gervasi - la Bonanova,102,5037,62,3,1
2026-01-01,5,Sarrià-Sant Gervasi,25,Sant Gervasi - la Bonanova,102,5037,45,3,2
2026-01-01,5,Sarrià-Sant Gervasi,25,Sant Gervasi - la Bonanova,102,5037,33,4,1
2026-01-01,5,Sarrià-Sant Gervasi,25,Sant Gervasi - la Bonanova,102,5037,36,4,2
2026-01-01,5,Sarrià-Sant Gervasi,25,Sant Gervasi - la Bonanova,102,5037,146,5,1
2026-01-01,5,Sarrià-Sant Gervasi,25,Sant Gervasi - la Bonanova,102,5037,122,5,2
2026-01-01,5,Sarrià-Sant Gervasi,25,Sant Gervasi - la Bonanova,102,5038,342,1,1
2026-01-01,5,Sarrià-Sant Gervasi,25,Sant Gervasi - la Bonanova,102,5038,336,1,2
2026-01-01,5,Sarrià-Sant Gervasi,25,Sant Gervasi - la Bonanova,102,5038,54,2,1
2026-01-01,5,Sarrià-Sant Gervasi,25,Sant Gervasi - la Bonanova,102,5038,35,2,2
2026-01-01,5,Sarrià-Sant Gervasi,25,Sant Gervasi - la Bonanova,102,5038,92,3,1
2026-01-01,5,Sarrià-Sant Gervasi,25,Sant Gervasi - la Bonanova,102,5038,60,3,2
2026-01-01,5,Sarrià-Sant Gervasi,25,Sant Gervasi - la Bonanova,102,5038,34,4,1
2026-01-01,5,Sarrià-Sant Gervasi,25,Sant Gervasi - la Bonanova,102,5038,36,4,2
2026-01-01,5,Sarrià-Sant Gervasi,25,Sant Gervasi - la Bonanova,102,5038,255,5,1
2026-01-01,5,Sarrià-Sant Gervasi,25,Sant Gervasi - la Bonanova,102,5038,203,5,2
2026-01-01,5,Sarrià-Sant Gervasi,25,Sant Gervasi - la Bonanova,102,5038,..,6,1
2026-01-01,5,Sarrià-Sant Gervasi,25,Sant Gervasi - la Bonanova,102,5039,518,1,1
2026-01-01,5,Sarrià-Sant Gervasi,25,Sant Gervasi - la Bonanova,102,5039,472,1,2
2026-01-01,5,Sarrià-Sant Gervasi,25,Sant Gervasi - la Bonanova,102,5039,68,2,1
2026-01-01,5,Sarrià-Sant Gervasi,25,Sant Gervasi - la Bonanova,102,5039,76,2,2
2026-01-01,5,Sarrià-Sant Gervasi,25,Sant Gervasi - la Bonanova,102,5039,79,3,1
2026-01-01,5,Sarrià-Sant Gervasi,25,Sant Gervasi - la Bonanova,102,5039,68,3,2
2026-01-01,5,Sarrià-Sant Gervasi,25,Sant Gervasi - la Bonanova,102,5039,33,4,1
2026-01-01,5,Sarrià-Sant Gervasi,25,Sant Gervasi - la Bonanova,102,5039,27,4,2
2026-01-01,5,Sarrià-Sant Gervasi,25,Sant Gervasi - la Bonanova,102,5039,123,5,1
2026-01-01,5,Sarrià-Sant Gervasi,25,Sant Gervasi - la Bonanova,102,5039,97,5,2
2026-01-01,5,Sarrià-Sant Gervasi,25,Sant Gervasi - la Bonanova,102,5039,..,6,1
2026-01-01,5,Sarrià-Sant Gervasi,25,Sant Gervasi - la Bonanova,102,5040,428,1,1
2026-01-01,5,Sarrià-Sant Gervasi,25,Sant Gervasi - la Bonanova,102,5040,391,1,2
2026-01-01,5,Sarrià-Sant Gervasi,25,Sant Gervasi - la Bonanova,102,5040,74,2,1
2026-01-01,5,Sarrià-Sant Gervasi,25,Sant Gervasi - la Bonanova,102,5040,48,2,2
2026-01-01,5,Sarrià-Sant Gervasi,25,Sant Gervasi - la Bonanova,102,5040,68,3,1
2026-01-01,5,Sarrià-Sant Gervasi,25,Sant Gervasi - la Bonanova,102,5040,47,3,2
2026-01-01,5,Sarrià-Sant Gervasi,25,Sant Gervasi - la Bonanova,102,5040,37,4,1
2026-01-01,5,Sarrià-Sant Gervasi,25,Sant Gervasi - la Bonanova,102,5040,26,4,2
2026-01-01,5,Sarrià-Sant Gervasi,25,Sant Gervasi - la Bonanova,102,5040,207,5,1
2026-01-01,5,Sarrià-Sant Gervasi,25,Sant Gervasi - la Bonanova,102,5040,152,5,2
2026-01-01,5,Sarrià-Sant Gervasi,25,Sant Gervasi - la Bonanova,102,5041,510,1,1
2026-01-01,5,Sarrià-Sant Gervasi,25,Sant Gervasi - la Bonanova,102,5041,445,1,2
2026-01-01,5,Sarrià-Sant Gervasi,25,Sant Gervasi - la Bonanova,102,5041,79,2,1
2026-01-01,5,Sarrià-Sant Gervasi,25,Sant Gervasi - la Bonanova,102,5041,73,2,2
2026-01-01,5,Sarrià-Sant Gervasi,25,Sant Gervasi - la Bonanova,102,5041,100,3,1
2026-01-01,5,Sarrià-Sant Gervasi,25,Sant Gervasi - la Bonanova,102,5041,80,3,2
2026-01-01,5,Sarrià-Sant Gervasi,25,Sant Gervasi - la Bonanova,102,5041,49,4,1
2026-01-01,5,Sarrià-Sant Gervasi,25,Sant Gervasi - la Bonanova,102,5041,43,4,2
2026-01-01,5,Sarrià-Sant Gervasi,25,Sant Gervasi - la Bonanova,102,5041,444,5,1
2026-01-01,5,Sarrià-Sant Gervasi,25,Sant Gervasi - la Bonanova,102,5041,368,5,2
2026-01-01,5,Sarrià-Sant Gervasi,25,Sant Gervasi - la Bonanova,103,5042,386,1,1
2026-01-01,5,Sarrià-Sant Gervasi,25,Sant Gervasi - la Bonanova,103,5042,398,1,2
2026-01-01,5,Sarrià-Sant Gervasi,25,Sant Gervasi - la Bonanova,103,5042,60,2,1
2026-01-01,5,Sarrià-Sant Gervasi,25,Sant Gervasi - la Bonanova,103,5042,46,2,2
2026-01-01,5,Sarrià-Sant Gervasi,25,Sant Gervasi - la Bonanova,103,5042,84,3,1
2026-01-01,5,Sarrià-Sant Gervasi,25,Sant Gervasi - la Bonanova,103,5042,53,3,2
2026-01-01,5,Sarrià-Sant Gervasi,25,Sant Gervasi - la Bonanova,103,5042,33,4,1
2026-01-01,5,Sarrià-Sant Gervasi,25,Sant Gervasi - la Bonanova,103,5042,25,4,2
2026-01-01,5,Sarrià-Sant Gervasi,25,Sant Gervasi - la Bonanova,103,5042,164,5,1
2026-01-01,5,Sarrià-Sant Gervasi,25,Sant Gervasi - la Bonanova,103,5042,125,5,2
2026-01-01,5,Sarrià-Sant Gervasi,25,Sant Gervasi - la Bonanova,103,5043,431,1,1
2026-01-01,5,Sarrià-Sant Gervasi,25,Sant Gervasi - la Bonanova,103,5043,380,1,2
2026-01-01,5,Sarrià-Sant Gervasi,25,Sant Gervasi - la Bonanova,103,5043,88,2,1
2026-01-01,5,Sarrià-Sant Gervasi,25,Sant Gervasi - la Bonanova,103,5043,51,2,2
2026-01-01,5,Sarrià-Sant Gervasi,25,Sant Gervasi - la Bonanova,103,5043,89,3,1
2026-01-01,5,Sarrià-Sant Gervasi,25,Sant Gervasi - la Bonanova,103,5043,56,3,2
2026-01-01,5,Sarrià-Sant Gervasi,25,Sant Gervasi - la Bonanova,103,5043,32,4,1
2026-01-01,5,Sarrià-Sant Gervasi,25,Sant Gervasi - la Bonanova,103,5043,35,4,2
2026-01-01,5,Sarrià-Sant Gervasi,25,Sant Gervasi - la Bonanova,103,5043,202,5,1
2026-01-01,5,Sarrià-Sant Gervasi,25,Sant Gervasi - la Bonanova,103,5043,145,5,2
2026-01-01,5,Sarrià-Sant Gervasi,25,Sant Gervasi - la Bonanova,103,5044,421,1,1
2026-01-01,5,Sarrià-Sant Gervasi,25,Sant Gervasi - la Bonanova,103,5044,388,1,2
2026-01-01,5,Sarrià-Sant Gervasi,25,Sant Gervasi - la Bonanova,103,5044,50,2,1
2026-01-01,5,Sarrià-Sant Gervasi,25,Sant Gervasi - la Bonanova,103,5044,36,2,2
2026-01-01,5,Sarrià-Sant Gervasi,25,Sant Gervasi - la Bonanova,103,5044,78,3,1
2026-01-01,5,Sarrià-Sant Gervasi,25,Sant Gervasi - la Bonanova,103,5044,39,3,2
2026-01-01,5,Sarrià-Sant Gervasi,25,Sant Gervasi - la Bonanova,103,5044,23,4,1
2026-01-01,5,Sarrià-Sant Gervasi,25,Sant Gervasi - la Bonanova,103,5044,33,4,2
2026-01-01,5,Sarrià-Sant Gervasi,25,Sant Gervasi - la Bonanova,103,5044,179,5,1
2026-01-01,5,Sarrià-Sant Gervasi,25,Sant Gervasi - la Bonanova,103,5044,120,5,2
2026-01-01,5,Sarrià-Sant Gervasi,25,Sant Gervasi - la Bonanova,103,5045,584,1,1
2026-01-01,5,Sarrià-Sant Gervasi,25,Sant Gervasi - la Bonanova,103,5045,510,1,2
2026-01-01,5,Sarrià-Sant Gervasi,25,Sant Gervasi - la Bonanova,103,5045,62,2,1
2026-01-01,5,Sarrià-Sant Gervasi,25,Sant Gervasi - la Bonanova,103,5045,47,2,2
2026-01-01,5,Sarrià-Sant Gervasi,25,Sant Gervasi - la Bonanova,103,5045,83,3,1
2026-01-01,5,Sarrià-Sant Gervasi,25,Sant Gervasi - la Bonanova,103,5045,55,3,2
2026-01-01,5,Sarrià-Sant Gervasi,25,Sant Gervasi - la Bonanova,103,5045,38,4,1
2026-01-01,5,Sarrià-Sant Gervasi,25,Sant Gervasi - la Bonanova,103,5045,37,4,2
2026-01-01,5,Sarrià-Sant Gervasi,25,Sant Gervasi - la Bonanova,103,5045,113,5,1
2026-01-01,5,Sarrià-Sant Gervasi,25,Sant Gervasi - la Bonanova,103,5045,86,5,2
2026-01-01,5,Sarrià-Sant Gervasi,25,Sant Gervasi - la Bonanova,103,5046,406,1,1
2026-01-01,5,Sarrià-Sant Gervasi,25,Sant Gervasi - la Bonanova,103,5046,337,1,2
2026-01-01,5,Sarrià-Sant Gervasi,25,Sant Gervasi - la Bonanova,103,5046,73,2,1
2026-01-01,5,Sarrià-Sant Gervasi,25,Sant Gervasi - la Bonanova,103,5046,48,2,2
2026-01-01,5,Sarrià-Sant Gervasi,25,Sant Gervasi - la Bonanova,103,5046,91,3,1
2026-01-01,5,Sarrià-Sant Gervasi,25,Sant Gervasi - la Bonanova,103,5046,36,3,2
2026-01-01,5,Sarrià-Sant Gervasi,25,Sant Gervasi - la Bonanova,103,5046,16,4,1
2026-01-01,5,Sarrià-Sant Gervasi,25,Sant Gervasi - la Bonanova,103,5046,16,4,2
2026-01-01,5,Sarrià-Sant Gervasi,25,Sant Gervasi - la Bonanova,103,5046,68,5,1
2026-01-01,5,Sarrià-Sant Gervasi,25,Sant Gervasi - la Bonanova,103,5046,26,5,2
2026-01-01,5,Sarrià-Sant Gervasi,25,Sant Gervasi - la Bonanova,103,5047,467,1,1
2026-01-01,5,Sarrià-Sant Gervasi,25,Sant Gervasi - la Bonanova,103,5047,382,1,2
2026-01-01,5,Sarrià-Sant Gervasi,25,Sant Gervasi - la Bonanova,103,5047,52,2,1
2026-01-01,5,Sarrià-Sant Gervasi,25,Sant Gervasi - la Bonanova,103,5047,33,2,2
2026-01-01,5,Sarrià-Sant Gervasi,25,Sant Gervasi - la Bonanova,103,5047,42,3,1
2026-01-01,5,Sarrià-Sant Gervasi,25,Sant Gervasi - la Bonanova,103,5047,45,3,2
2026-01-01,5,Sarrià-Sant Gervasi,25,Sant Gervasi - la Bonanova,103,5047,34,4,1
2026-01-01,5,Sarrià-Sant Gervasi,25,Sant Gervasi - la Bonanova,103,5047,21,4,2
2026-01-01,5,Sarrià-Sant Gervasi,25,Sant Gervasi - la Bonanova,103,5047,99,5,1
2026-01-01,5,Sarrià-Sant Gervasi,25,Sant Gervasi - la Bonanova,103,5047,58,5,2
2026-01-01,5,Sarrià-Sant Gervasi,25,Sant Gervasi - la Bonanova,103,5048,446,1,1
2026-01-01,5,Sarrià-Sant Gervasi,25,Sant Gervasi - la Bonanova,103,5048,366,1,2
2026-01-01,5,Sarrià-Sant Gervasi,25,Sant Gervasi - la Bonanova,103,5048,54,2,1
2026-01-01,5,Sarrià-Sant Gervasi,25,Sant Gervasi - la Bonanova,103,5048,34,2,2
2026-01-01,5,Sarrià-Sant Gervasi,25,Sant Gervasi - la Bonanova,103,5048,65,3,1
2026-01-01,5,Sarrià-Sant Gervasi,25,Sant Gervasi - la Bonanova,103,5048,42,3,2
2026-01-01,5,Sarrià-Sant Gervasi,25,Sant Gervasi - la Bonanova,103,5048,18,4,1
2026-01-01,5,Sarrià-Sant Gervasi,25,Sant Gervasi - la Bonanova,103,5048,36,4,2
2026-01-01,5,Sarrià-Sant Gervasi,25,Sant Gervasi - la Bonanova,103,5048,128,5,1
2026-01-01,5,Sarrià-Sant Gervasi,25,Sant Gervasi - la Bonanova,103,5048,94,5,2
2026-01-01,5,Sarrià-Sant Gervasi,26,Sant Gervasi - Galvany,104,5049,563,1,1
2026-01-01,5,Sarrià-Sant Gervasi,26,Sant Gervasi - Galvany,104,5049,502,1,2
2026-01-01,5,Sarrià-Sant Gervasi,26,Sant Gervasi - Galvany,104,5049,58,2,1
2026-01-01,5,Sarrià-Sant Gervasi,26,Sant Gervasi - Galvany,104,5049,60,2,2
2026-01-01,5,Sarrià-Sant Gervasi,26,Sant Gervasi - Galvany,104,5049,98,3,1
2026-01-01,5,Sarrià-Sant Gervasi,26,Sant Gervasi - Galvany,104,5049,69,3,2
2026-01-01,5,Sarrià-Sant Gervasi,26,Sant Gervasi - Galvany,104,5049,35,4,1
2026-01-01,5,Sarrià-Sant Gervasi,26,Sant Gervasi - Galvany,104,5049,40,4,2
2026-01-01,5,Sarrià-Sant Gervasi,26,Sant Gervasi - Galvany,104,5049,202,5,1
2026-01-01,5,Sarrià-Sant Gervasi,26,Sant Gervasi - Galvany,104,5049,119,5,2
2026-01-01,5,Sarrià-Sant Gervasi,26,Sant Gervasi - Galvany,104,5050,554,1,1
2026-01-01,5,Sarrià-Sant Gervasi,26,Sant Gervasi - Galvany,104,5050,516,1,2
2026-01-01,5,Sarrià-Sant Gervasi,26,Sant Gervasi - Galvany,104,5050,85,2,1
2026-01-01,5,Sarrià-Sant Gervasi,26,Sant Gervasi - Galvany,104,5050,50,2,2
2026-01-01,5,Sarrià-Sant Gervasi,26,Sant Gervasi - Galvany,104,5050,88,3,1
2026-01-01,5,Sarrià-Sant Gervasi,26,Sant Gervasi - Galvany,104,5050,57,3,2
2026-01-01,5,Sarrià-Sant Gervasi,26,Sant Gervasi - Galvany,104,5050,42,4,1
2026-01-01,5,Sarrià-Sant Gervasi,26,Sant Gervasi - Galvany,104,5050,27,4,2
2026-01-01,5,Sarrià-Sant Gervasi,26,Sant Gervasi - Galvany,104,5050,184,5,1
2026-01-01,5,Sarrià-Sant Gervasi,26,Sant Gervasi - Galvany,104,5050,157,5,2
2026-01-01,5,Sarrià-Sant Gervasi,26,Sant Gervasi - Galvany,104,5050,..,6,2
2026-01-01,5,Sarrià-Sant Gervasi,26,Sant Gervasi - Galvany,104,5051,523,1,1
2026-01-01,5,Sarrià-Sant Gervasi,26,Sant Gervasi - Galvany,104,5051,509,1,2
2026-01-01,5,Sarrià-Sant Gervasi,26,Sant Gervasi - Galvany,104,5051,70,2,1
2026-01-01,5,Sarrià-Sant Gervasi,26,Sant Gervasi - Galvany,104,5051,70,2,2
2026-01-01,5,Sarrià-Sant Gervasi,26,Sant Gervasi - Galvany,104,5051,91,3,1
2026-01-01,5,Sarrià-Sant Gervasi,26,Sant Gervasi - Galvany,104,5051,40,3,2
2026-01-01,5,Sarrià-Sant Gervasi,26,Sant Gervasi - Galvany,104,5051,39,4,1
2026-01-01,5,Sarrià-Sant Gervasi,26,Sant Gervasi - Galvany,104,5051,38,4,2
2026-01-01,5,Sarrià-Sant Gervasi,26,Sant Gervasi - Galvany,104,5051,158,5,1
2026-01-01,5,Sarrià-Sant Gervasi,26,Sant Gervasi - Galvany,104,5051,107,5,2
2026-01-01,5,Sarrià-Sant Gervasi,26,Sant Gervasi - Galvany,104,5052,498,1,1
2026-01-01,5,Sarrià-Sant Gervasi,26,Sant Gervasi - Galvany,104,5052,432,1,2
2026-01-01,5,Sarrià-Sant Gervasi,26,Sant Gervasi - Galvany,104,5052,60,2,1
2026-01-01,5,Sarrià-Sant Gervasi,26,Sant Gervasi - Galvany,104,5052,44,2,2
2026-01-01,5,Sarrià-Sant Gervasi,26,Sant Gervasi - Galvany,104,5052,79,3,1
2026-01-01,5,Sarrià-Sant Gervasi,26,Sant Gervasi - Galvany,104,5052,45,3,2
2026-01-01,5,Sarrià-Sant Gervasi,26,Sant Gervasi - Galvany,104,5052,27,4,1
2026-01-01,5,Sarrià-Sant Gervasi,26,Sant Gervasi - Galvany,104,5052,23,4,2
2026-01-01,5,Sarrià-Sant Gervasi,26,Sant Gervasi - Galvany,104,5052,117,5,1
2026-01-01,5,Sarrià-Sant Gervasi,26,Sant Gervasi - Galvany,104,5052,99,5,2
2026-01-01,5,Sarrià-Sant Gervasi,26,Sant Gervasi - Galvany,105,5053,475,1,1
2026-01-01,5,Sarrià-Sant Gervasi,26,Sant Gervasi - Galvany,105,5053,466,1,2
2026-01-01,5,Sarrià-Sant Gervasi,26,Sant Gervasi - Galvany,105,5053,74,2,1
2026-01-01,5,Sarrià-Sant Gervasi,26,Sant Gervasi - Galvany,105,5053,51,2,2
2026-01-01,5,Sarrià-Sant Gervasi,26,Sant Gervasi - Galvany,105,5053,77,3,1
2026-01-01,5,Sarrià-Sant Gervasi,26,Sant Gervasi - Galvany,105,5053,62,3,2
2026-01-01,5,Sarrià-Sant Gervasi,26,Sant Gervasi - Galvany,105,5053,20,4,1
2026-01-01,5,Sarrià-Sant Gervasi,26,Sant Gervasi - Galvany,105,5053,27,4,2
2026-01-01,5,Sarrià-Sant Gervasi,26,Sant Gervasi - Galvany,105,5053,131,5,1
2026-01-01,5,Sarrià-Sant Gervasi,26,Sant Gervasi - Galvany,105,5053,102,5,2
2026-01-01,5,Sarrià-Sant Gervasi,26,Sant Gervasi - Galvany,105,5054,317,1,1
2026-01-01,5,Sarrià-Sant Gervasi,26,Sant Gervasi - Galvany,105,5054,282,1,2
2026-01-01,5,Sarrià-Sant Gervasi,26,Sant Gervasi - Galvany,105,5054,49,2,1
2026-01-01,5,Sarrià-Sant Gervasi,26,Sant Gervasi - Galvany,105,5054,43,2,2
2026-01-01,5,Sarrià-Sant Gervasi,26,Sant Gervasi - Galvany,105,5054,40,3,1
2026-01-01,5,Sarrià-Sant Gervasi,26,Sant Gervasi - Galvany,105,5054,29,3,2
2026-01-01,5,Sarrià-Sant Gervasi,26,Sant Gervasi - Galvany,105,5054,24,4,1
2026-01-01,5,Sarrià-Sant Gervasi,26,Sant Gervasi - Galvany,105,5054,19,4,2
2026-01-01,5,Sarrià-Sant Gervasi,26,Sant Gervasi - Galvany,105,5054,124,5,1
2026-01-01,5,Sarrià-Sant Gervasi,26,Sant Gervasi - Galvany,105,5054,81,5,2
2026-01-01,5,Sarrià-Sant Gervasi,26,Sant Gervasi - Galvany,105,5055,486,1,1
2026-01-01,5,Sarrià-Sant Gervasi,26,Sant Gervasi - Galvany,105,5055,424,1,2
2026-01-01,5,Sarrià-Sant Gervasi,26,Sant Gervasi - Galvany,105,5055,60,2,1
2026-01-01,5,Sarrià-Sant Gervasi,26,Sant Gervasi - Galvany,105,5055,45,2,2
2026-01-01,5,Sarrià-Sant Gervasi,26,Sant Gervasi - Galvany,105,5055,64,3,1
2026-01-01,5,Sarrià-Sant Gervasi,26,Sant Gervasi - Galvany,105,5055,42,3,2
2026-01-01,5,Sarrià-Sant Gervasi,26,Sant Gervasi - Galvany,105,5055,33,4,1
2026-01-01,5,Sarrià-Sant Gervasi,26,Sant Gervasi - Galvany,105,5055,24,4,2
2026-01-01,5,Sarrià-Sant Gervasi,26,Sant Gervasi - Galvany,105,5055,126,5,1
2026-01-01,5,Sarrià-Sant Gervasi,26,Sant Gervasi - Galvany,105,5055,103,5,2
2026-01-01,5,Sarrià-Sant Gervasi,26,Sant Gervasi - Galvany,106,5056,381,1,1
2026-01-01,5,Sarrià-Sant Gervasi,26,Sant Gervasi - Galvany,106,5056,284,1,2
2026-01-01,5,Sarrià-Sant Gervasi,26,Sant Gervasi - Galvany,106,5056,73,2,1
2026-01-01,5,Sarrià-Sant Gervasi,26,Sant Gervasi - Galvany,106,5056,41,2,2
2026-01-01,5,Sarrià-Sant Gervasi,26,Sant Gervasi - Galvany,106,5056,60,3,1
2026-01-01,5,Sarrià-Sant Gervasi,26,Sant Gervasi - Galvany,106,5056,34,3,2
2026-01-01,5,Sarrià-Sant Gervasi,26,Sant Gervasi - Galvany,106,5056,40,4,1
2026-01-01,5,Sarrià-Sant Gervasi,26,Sant Gervasi - Galvany,106,5056,33,4,2
2026-01-01,5,Sarrià-Sant Gervasi,26,Sant Gervasi - Galvany,106,5056,146,5,1
2026-01-01,5,Sarrià-Sant Gervasi,26,Sant Gervasi - Galvany,106,5056,106,5,2
2026-01-01,5,Sarrià-Sant Gervasi,26,Sant Gervasi - Galvany,106,5057,512,1,1
2026-01-01,5,Sarrià-Sant Gervasi,26,Sant Gervasi - Galvany,106,5057,471,1,2
2026-01-01,5,Sarrià-Sant Gervasi,26,Sant Gervasi - Galvany,106,5057,91,2,1
2026-01-01,5,Sarrià-Sant Gervasi,26,Sant Gervasi - Galvany,106,5057,76,2,2
2026-01-01,5,Sarrià-Sant Gervasi,26,Sant Gervasi - Galvany,106,5057,101,3,1
2026-01-01,5,Sarrià-Sant Gervasi,26,Sant Gervasi - Galvany,106,5057,68,3,2
2026-01-01,5,Sarrià-Sant Gervasi,26,Sant Gervasi - Galvany,106,5057,26,4,1
2026-01-01,5,Sarrià-Sant Gervasi,26,Sant Gervasi - Galvany,106,5057,21,4,2
2026-01-01,5,Sarrià-Sant Gervasi,26,Sant Gervasi - Galvany,106,5057,182,5,1
2026-01-01,5,Sarrià-Sant Gervasi,26,Sant Gervasi - Galvany,106,5057,136,5,2
2026-01-01,5,Sarrià-Sant Gervasi,26,Sant Gervasi - Galvany,106,5058,437,1,1
2026-01-01,5,Sarrià-Sant Gervasi,26,Sant Gervasi - Galvany,106,5058,426,1,2
2026-01-01,5,Sarrià-Sant Gervasi,26,Sant Gervasi - Galvany,106,5058,58,2,1
2026-01-01,5,Sarrià-Sant Gervasi,26,Sant Gervasi - Galvany,106,5058,47,2,2
2026-01-01,5,Sarrià-Sant Gervasi,26,Sant Gervasi - Galvany,106,5058,76,3,1
2026-01-01,5,Sarrià-Sant Gervasi,26,Sant Gervasi - Galvany,106,5058,46,3,2
2026-01-01,5,Sarrià-Sant Gervasi,26,Sant Gervasi - Galvany,106,5058,50,4,1
2026-01-01,5,Sarrià-Sant Gervasi,26,Sant Gervasi - Galvany,106,5058,49,4,2
2026-01-01,5,Sarrià-Sant Gervasi,26,Sant Gervasi - Galvany,106,5058,225,5,1
2026-01-01,5,Sarrià-Sant Gervasi,26,Sant Gervasi - Galvany,106,5058,159,5,2
2026-01-01,5,Sarrià-Sant Gervasi,26,Sant Gervasi - Galvany,106,5059,440,1,1
2026-01-01,5,Sarrià-Sant Gervasi,26,Sant Gervasi - Galvany,106,5059,395,1,2
2026-01-01,5,Sarrià-Sant Gervasi,26,Sant Gervasi - Galvany,106,5059,88,2,1
2026-01-01,5,Sarrià-Sant Gervasi,26,Sant Gervasi - Galvany,106,5059,53,2,2
2026-01-01,5,Sarrià-Sant Gervasi,26,Sant Gervasi - Galvany,106,5059,93,3,1
2026-01-01,5,Sarrià-Sant Gervasi,26,Sant Gervasi - Galvany,106,5059,44,3,2
2026-01-01,5,Sarrià-Sant Gervasi,26,Sant Gervasi - Galvany,106,5059,46,4,1
2026-01-01,5,Sarrià-Sant Gervasi,26,Sant Gervasi - Galvany,106,5059,37,4,2
2026-01-01,5,Sarrià-Sant Gervasi,26,Sant Gervasi - Galvany,106,5059,220,5,1
2026-01-01,5,Sarrià-Sant Gervasi,26,Sant Gervasi - Galvany,106,5059,134,5,2
2026-01-01,5,Sarrià-Sant Gervasi,26,Sant Gervasi - Galvany,106,5059,..,6,1
2026-01-01,5,Sarrià-Sant Gervasi,26,Sant Gervasi - Galvany,106,5060,332,1,1
2026-01-01,5,Sarrià-Sant Gervasi,26,Sant Gervasi - Galvany,106,5060,313,1,2
2026-01-01,5,Sarrià-Sant Gervasi,26,Sant Gervasi - Galvany,106,5060,53,2,1
2026-01-01,5,Sarrià-Sant Gervasi,26,Sant Gervasi - Galvany,106,5060,46,2,2
2026-01-01,5,Sarrià-Sant Gervasi,26,Sant Gervasi - Galvany,106,5060,53,3,1
2026-01-01,5,Sarrià-Sant Gervasi,26,Sant Gervasi - Galvany,106,5060,25,3,2
2026-01-01,5,Sarrià-Sant Gervasi,26,Sant Gervasi - Galvany,106,5060,34,4,1
2026-01-01,5,Sarrià-Sant Gervasi,26,Sant Gervasi - Galvany,106,5060,28,4,2
2026-01-01,5,Sarrià-Sant Gervasi,26,Sant Gervasi - Galvany,106,5060,150,5,1
2026-01-01,5,Sarrià-Sant Gervasi,26,Sant Gervasi - Galvany,106,5060,109,5,2
2026-01-01,5,Sarrià-Sant Gervasi,26,Sant Gervasi - Galvany,107,5061,338,1,1
2026-01-01,5,Sarrià-Sant Gervasi,26,Sant Gervasi - Galvany,107,5061,317,1,2
2026-01-01,5,Sarrià-Sant Gervasi,26,Sant Gervasi - Galvany,107,5061,78,2,1
2026-01-01,5,Sarrià-Sant Gervasi,26,Sant Gervasi - Galvany,107,5061,49,2,2
2026-01-01,5,Sarrià-Sant Gervasi,26,Sant Gervasi - Galvany,107,5061,101,3,1
2026-01-01,5,Sarrià-Sant Gervasi,26,Sant Gervasi - Galvany,107,5061,68,3,2
2026-01-01,5,Sarrià-Sant Gervasi,26,Sant Gervasi - Galvany,107,5061,45,4,1
2026-01-01,5,Sarrià-Sant Gervasi,26,Sant Gervasi - Galvany,107,5061,40,4,2
2026-01-01,5,Sarrià-Sant Gervasi,26,Sant Gervasi - Galvany,107,5061,269,5,1
2026-01-01,5,Sarrià-Sant Gervasi,26,Sant Gervasi - Galvany,107,5061,212,5,2
2026-01-01,5,Sarrià-Sant Gervasi,26,Sant Gervasi - Galvany,107,5061,..,6,2
2026-01-01,5,Sarrià-Sant Gervasi,26,Sant Gervasi - Galvany,107,5062,482,1,1
2026-01-01,5,Sarrià-Sant Gervasi,26,Sant Gervasi - Galvany,107,5062,442,1,2
2026-01-01,5,Sarrià-Sant Gervasi,26,Sant Gervasi - Galvany,107,5062,70,2,1
2026-01-01,5,Sarrià-Sant Gervasi,26,Sant Gervasi - Galvany,107,5062,50,2,2
2026-01-01,5,Sarrià-Sant Gervasi,26,Sant Gervasi - Galvany,107,5062,100,3,1
2026-01-01,5,Sarrià-Sant Gervasi,26,Sant Gervasi - Galvany,107,5062,56,3,2
2026-01-01,5,Sarrià-Sant Gervasi,26,Sant Gervasi - Galvany,107,5062,45,4,1
2026-01-01,5,Sarrià-Sant Gervasi,26,Sant Gervasi - Galvany,107,5062,49,4,2
2026-01-01,5,Sarrià-Sant Gervasi,26,Sant Gervasi - Galvany,107,5062,207,5,1
2026-01-01,5,Sarrià-Sant Gervasi,26,Sant Gervasi - Galvany,107,5062,150,5,2
2026-01-01,5,Sarrià-Sant Gervasi,26,Sant Gervasi - Galvany,107,5063,494,1,1
2026-01-01,5,Sarrià-Sant Gervasi,26,Sant Gervasi - Galvany,107,5063,400,1,2
2026-01-01,5,Sarrià-Sant Gervasi,26,Sant Gervasi - Galvany,107,5063,81,2,1
2026-01-01,5,Sarrià-Sant Gervasi,26,Sant Gervasi - Galvany,107,5063,63,2,2
2026-01-01,5,Sarrià-Sant Gervasi,26,Sant Gervasi - Galvany,107,5063,69,3,1
2026-01-01,5,Sarrià-Sant Gervasi,26,Sant Gervasi - Galvany,107,5063,55,3,2
2026-01-01,5,Sarrià-Sant Gervasi,26,Sant Gervasi - Galvany,107,5063,33,4,1
2026-01-01,5,Sarrià-Sant Gervasi,26,Sant Gervasi - Galvany,107,5063,33,4,2
2026-01-01,5,Sarrià-Sant Gervasi,26,Sant Gervasi - Galvany,107,5063,223,5,1
2026-01-01,5,Sarrià-Sant Gervasi,26,Sant Gervasi - Galvany,107,5063,164,5,2
2026-01-01,5,Sarrià-Sant Gervasi,26,Sant Gervasi - Galvany,107,5064,449,1,1
2026-01-01,5,Sarrià-Sant Gervasi,26,Sant Gervasi - Galvany,107,5064,405,1,2
2026-01-01,5,Sarrià-Sant Gervasi,26,Sant Gervasi - Galvany,107,5064,91,2,1
2026-01-01,5,Sarrià-Sant Gervasi,26,Sant Gervasi - Galvany,107,5064,60,2,2
2026-01-01,5,Sarrià-Sant Gervasi,26,Sant Gervasi - Galvany,107,5064,110,3,1
2026-01-01,5,Sarrià-Sant Gervasi,26,Sant Gervasi - Galvany,107,5064,60,3,2
2026-01-01,5,Sarrià-Sant Gervasi,26,Sant Gervasi - Galvany,107,5064,59,4,1
2026-01-01,5,Sarrià-Sant Gervasi,26,Sant Gervasi - Galvany,107,5064,48,4,2
2026-01-01,5,Sarrià-Sant Gervasi,26,Sant Gervasi - Galvany,107,5064,291,5,1
2026-01-01,5,Sarrià-Sant Gervasi,26,Sant Gervasi - Galvany,107,5064,179,5,2
2026-01-01,5,Sarrià-Sant Gervasi,26,Sant Gervasi - Galvany,107,5064,..,6,1
2026-01-01,5,Sarrià-Sant Gervasi,26,Sant Gervasi - Galvany,107,5065,474,1,1
2026-01-01,5,Sarrià-Sant Gervasi,26,Sant Gervasi - Galvany,107,5065,417,1,2
2026-01-01,5,Sarrià-Sant Gervasi,26,Sant Gervasi - Galvany,107,5065,63,2,1
2026-01-01,5,Sarrià-Sant Gervasi,26,Sant Gervasi - Galvany,107,5065,51,2,2
2026-01-01,5,Sarrià-Sant Gervasi,26,Sant Gervasi - Galvany,107,5065,102,3,1
2026-01-01,5,Sarrià-Sant Gervasi,26,Sant Gervasi - Galvany,107,5065,67,3,2
2026-01-01,5,Sarrià-Sant Gervasi,26,Sant Gervasi - Galvany,107,5065,69,4,1
2026-01-01,5,Sarrià-Sant Gervasi,26,Sant Gervasi - Galvany,107,5065,56,4,2
2026-01-01,5,Sarrià-Sant Gervasi,26,Sant Gervasi - Galvany,107,5065,264,5,1
2026-01-01,5,Sarrià-Sant Gervasi,26,Sant Gervasi - Galvany,107,5065,209,5,2
2026-01-01,5,Sarrià-Sant Gervasi,26,Sant Gervasi - Galvany,108,5066,406,1,1
2026-01-01,5,Sarrià-Sant Gervasi,26,Sant Gervasi - Galvany,108,5066,341,1,2
2026-01-01,5,Sarrià-Sant Gervasi,26,Sant Gervasi - Galvany,108,5066,53,2,1
2026-01-01,5,Sarrià-Sant Gervasi,26,Sant Gervasi - Galvany,108,5066,39,2,2
2026-01-01,5,Sarrià-Sant Gervasi,26,Sant Gervasi - Galvany,108,5066,83,3,1
2026-01-01,5,Sarrià-Sant Gervasi,26,Sant Gervasi - Galvany,108,5066,77,3,2
2026-01-01,5,Sarrià-Sant Gervasi,26,Sant Gervasi - Galvany,108,5066,36,4,1
2026-01-01,5,Sarrià-Sant Gervasi,26,Sant Gervasi - Galvany,108,5066,36,4,2
2026-01-01,5,Sarrià-Sant Gervasi,26,Sant Gervasi - Galvany,108,5066,177,5,1
2026-01-01,5,Sarrià-Sant Gervasi,26,Sant Gervasi - Galvany,108,5066,138,5,2
2026-01-01,5,Sarrià-Sant Gervasi,26,Sant Gervasi - Galvany,108,5067,369,1,1
2026-01-01,5,Sarrià-Sant Gervasi,26,Sant Gervasi - Galvany,108,5067,347,1,2
2026-01-01,5,Sarrià-Sant Gervasi,26,Sant Gervasi - Galvany,108,5067,50,2,1
2026-01-01,5,Sarrià-Sant Gervasi,26,Sant Gervasi - Galvany,108,5067,49,2,2
2026-01-01,5,Sarrià-Sant Gervasi,26,Sant Gervasi - Galvany,108,5067,69,3,1
2026-01-01,5,Sarrià-Sant Gervasi,26,Sant Gervasi - Galvany,108,5067,52,3,2
2026-01-01,5,Sarrià-Sant Gervasi,26,Sant Gervasi - Galvany,108,5067,25,4,1
2026-01-01,5,Sarrià-Sant Gervasi,26,Sant Gervasi - Galvany,108,5067,49,4,2
2026-01-01,5,Sarrià-Sant Gervasi,26,Sant Gervasi - Galvany,108,5067,219,5,1
2026-01-01,5,Sarrià-Sant Gervasi,26,Sant Gervasi - Galvany,108,5067,161,5,2
2026-01-01,5,Sarrià-Sant Gervasi,26,Sant Gervasi - Galvany,108,5068,475,1,1
2026-01-01,5,Sarrià-Sant Gervasi,26,Sant Gervasi - Galvany,108,5068,428,1,2
2026-01-01,5,Sarrià-Sant Gervasi,26,Sant Gervasi - Galvany,108,5068,84,2,1
2026-01-01,5,Sarrià-Sant Gervasi,26,Sant Gervasi - Galvany,108,5068,65,2,2
2026-01-01,5,Sarrià-Sant Gervasi,26,Sant Gervasi - Galvany,108,5068,68,3,1
2026-01-01,5,Sarrià-Sant Gervasi,26,Sant Gervasi - Galvany,108,5068,66,3,2
2026-01-01,5,Sarrià-Sant Gervasi,26,Sant Gervasi - Galvany,108,5068,45,4,1
2026-01-01,5,Sarrià-Sant Gervasi,26,Sant Gervasi - Galvany,108,5068,58,4,2
2026-01-01,5,Sarrià-Sant Gervasi,26,Sant Gervasi - Galvany,108,5068,243,5,1
2026-01-01,5,Sarrià-Sant Gervasi,26,Sant Gervasi - Galvany,108,5068,197,5,2
2026-01-01,5,Sarrià-Sant Gervasi,26,Sant Gervasi - Galvany,108,5068,..,6,2
2026-01-01,5,Sarrià-Sant Gervasi,26,Sant Gervasi - Galvany,108,5069,492,1,1
2026-01-01,5,Sarrià-Sant Gervasi,26,Sant Gervasi - Galvany,108,5069,488,1,2
2026-01-01,5,Sarrià-Sant Gervasi,26,Sant Gervasi - Galvany,108,5069,70,2,1
2026-01-01,5,Sarrià-Sant Gervasi,26,Sant Gervasi - Galvany,108,5069,64,2,2
2026-01-01,5,Sarrià-Sant Gervasi,26,Sant Gervasi - Galvany,108,5069,100,3,1
2026-01-01,5,Sarrià-Sant Gervasi,26,Sant Gervasi - Galvany,108,5069,67,3,2
2026-01-01,5,Sarrià-Sant Gervasi,26,Sant Gervasi - Galvany,108,5069,61,4,1
2026-01-01,5,Sarrià-Sant Gervasi,26,Sant Gervasi - Galvany,108,5069,52,4,2
2026-01-01,5,Sarrià-Sant Gervasi,26,Sant Gervasi - Galvany,108,5069,225,5,1
2026-01-01,5,Sarrià-Sant Gervasi,26,Sant Gervasi - Galvany,108,5069,180,5,2
2026-01-01,5,Sarrià-Sant Gervasi,26,Sant Gervasi - Galvany,108,5069,..,6,1
2026-01-01,5,Sarrià-Sant Gervasi,26,Sant Gervasi - Galvany,109,5070,441,1,1
2026-01-01,5,Sarrià-Sant Gervasi,26,Sant Gervasi - Galvany,109,5070,398,1,2
2026-01-01,5,Sarrià-Sant Gervasi,26,Sant Gervasi - Galvany,109,5070,84,2,1
2026-01-01,5,Sarrià-Sant Gervasi,26,Sant Gervasi - Galvany,109,5070,54,2,2
2026-01-01,5,Sarrià-Sant Gervasi,26,Sant Gervasi - Galvany,109,5070,86,3,1
2026-01-01,5,Sarrià-Sant Gervasi,26,Sant Gervasi - Galvany,109,5070,44,3,2
2026-01-01,5,Sarrià-Sant Gervasi,26,Sant Gervasi - Galvany,109,5070,46,4,1
2026-01-01,5,Sarrià-Sant Gervasi,26,Sant Gervasi - Galvany,109,5070,37,4,2
2026-01-01,5,Sarrià-Sant Gervasi,26,Sant Gervasi - Galvany,109,5070,184,5,1
2026-01-01,5,Sarrià-Sant Gervasi,26,Sant Gervasi - Galvany,109,5070,147,5,2
2026-01-01,5,Sarrià-Sant Gervasi,26,Sant Gervasi - Galvany,109,5071,440,1,1
2026-01-01,5,Sarrià-Sant Gervasi,26,Sant Gervasi - Galvany,109,5071,401,1,2
2026-01-01,5,Sarrià-Sant Gervasi,26,Sant Gervasi - Galvany,109,5071,79,2,1
2026-01-01,5,Sarrià-Sant Gervasi,26,Sant Gervasi - Galvany,109,5071,61,2,2
2026-01-01,5,Sarrià-Sant Gervasi,26,Sant Gervasi - Galvany,109,5071,98,3,1
2026-01-01,5,Sarrià-Sant Gervasi,26,Sant Gervasi - Galvany,109,5071,63,3,2
2026-01-01,5,Sarrià-Sant Gervasi,26,Sant Gervasi - Galvany,109,5071,76,4,1
2026-01-01,5,Sarrià-Sant Gervasi,26,Sant Gervasi - Galvany,109,5071,85,4,2
2026-01-01,5,Sarrià-Sant Gervasi,26,Sant Gervasi - Galvany,109,5071,346,5,1
2026-01-01,5,Sarrià-Sant Gervasi,26,Sant Gervasi - Galvany,109,5071,325,5,2
2026-01-01,5,Sarrià-Sant Gervasi,26,Sant Gervasi - Galvany,109,5071,..,6,1
2026-01-01,5,Sarrià-Sant Gervasi,26,Sant Gervasi - Galvany,109,5072,554,1,1
2026-01-01,5,Sarrià-Sant Gervasi,26,Sant Gervasi - Galvany,109,5072,461,1,2
2026-01-01,5,Sarrià-Sant Gervasi,26,Sant Gervasi - Galvany,109,5072,88,2,1
2026-01-01,5,Sarrià-Sant Gervasi,26,Sant Gervasi - Galvany,109,5072,66,2,2
2026-01-01,5,Sarrià-Sant Gervasi,26,Sant Gervasi - Galvany,109,5072,87,3,1
2026-01-01,5,Sarrià-Sant Gervasi,26,Sant Gervasi - Galvany,109,5072,56,3,2
2026-01-01,5,Sarrià-Sant Gervasi,26,Sant Gervasi - Galvany,109,5072,38,4,1
2026-01-01,5,Sarrià-Sant Gervasi,26,Sant Gervasi - Galvany,109,5072,43,4,2
2026-01-01,5,Sarrià-Sant Gervasi,26,Sant Gervasi - Galvany,109,5072,182,5,1
2026-01-01,5,Sarrià-Sant Gervasi,26,Sant Gervasi - Galvany,109,5072,152,5,2
2026-01-01,5,Sarrià-Sant Gervasi,26,Sant Gervasi - Galvany,109,5073,482,1,1
2026-01-01,5,Sarrià-Sant Gervasi,26,Sant Gervasi - Galvany,109,5073,428,1,2
2026-01-01,5,Sarrià-Sant Gervasi,26,Sant Gervasi - Galvany,109,5073,83,2,1
2026-01-01,5,Sarrià-Sant Gervasi,26,Sant Gervasi - Galvany,109,5073,65,2,2
2026-01-01,5,Sarrià-Sant Gervasi,26,Sant Gervasi - Galvany,109,5073,83,3,1
2026-01-01,5,Sarrià-Sant Gervasi,26,Sant Gervasi - Galvany,109,5073,60,3,2
2026-01-01,5,Sarrià-Sant Gervasi,26,Sant Gervasi - Galvany,109,5073,42,4,1
2026-01-01,5,Sarrià-Sant Gervasi,26,Sant Gervasi - Galvany,109,5073,37,4,2
2026-01-01,5,Sarrià-Sant Gervasi,26,Sant Gervasi - Galvany,109,5073,194,5,1
2026-01-01,5,Sarrià-Sant Gervasi,26,Sant Gervasi - Galvany,109,5073,161,5,2
2026-01-01,5,Sarrià-Sant Gervasi,26,Sant Gervasi - Galvany,109,5073,..,6,1
2026-01-01,5,Sarrià-Sant Gervasi,26,Sant Gervasi - Galvany,109,5074,524,1,1
2026-01-01,5,Sarrià-Sant Gervasi,26,Sant Gervasi - Galvany,109,5074,479,1,2
2026-01-01,5,Sarrià-Sant Gervasi,26,Sant Gervasi - Galvany,109,5074,68,2,1
2026-01-01,5,Sarrià-Sant Gervasi,26,Sant Gervasi - Galvany,109,5074,47,2,2
2026-01-01,5,Sarrià-Sant Gervasi,26,Sant Gervasi - Galvany,109,5074,65,3,1
2026-01-01,5,Sarrià-Sant Gervasi,26,Sant Gervasi - Galvany,109,5074,56,3,2
2026-01-01,5,Sarrià-Sant Gervasi,26,Sant Gervasi - Galvany,109,5074,50,4,1
2026-01-01,5,Sarrià-Sant Gervasi,26,Sant Gervasi - Galvany,109,5074,42,4,2
2026-01-01,5,Sarrià-Sant Gervasi,26,Sant Gervasi - Galvany,109,5074,205,5,1
2026-01-01,5,Sarrià-Sant Gervasi,26,Sant Gervasi - Galvany,109,5074,124,5,2
2026-01-01,5,Sarrià-Sant Gervasi,26,Sant Gervasi - Galvany,109,5074,..,6,1
2026-01-01,5,Sarrià-Sant Gervasi,26,Sant Gervasi - Galvany,110,5075,547,1,1
2026-01-01,5,Sarrià-Sant Gervasi,26,Sant Gervasi - Galvany,110,5075,486,1,2
2026-01-01,5,Sarrià-Sant Gervasi,26,Sant Gervasi - Galvany,110,5075,94,2,1
2026-01-01,5,Sarrià-Sant Gervasi,26,Sant Gervasi - Galvany,110,5075,54,2,2
2026-01-01,5,Sarrià-Sant Gervasi,26,Sant Gervasi - Galvany,110,5075,105,3,1
2026-01-01,5,Sarrià-Sant Gervasi,26,Sant Gervasi - Galvany,110,5075,63,3,2
2026-01-01,5,Sarrià-Sant Gervasi,26,Sant Gervasi - Galvany,110,5075,58,4,1
2026-01-01,5,Sarrià-Sant Gervasi,26,Sant Gervasi - Galvany,110,5075,68,4,2
2026-01-01,5,Sarrià-Sant Gervasi,26,Sant Gervasi - Galvany,110,5075,251,5,1
2026-01-01,5,Sarrià-Sant Gervasi,26,Sant Gervasi - Galvany,110,5075,199,5,2
2026-01-01,5,Sarrià-Sant Gervasi,26,Sant Gervasi - Galvany,110,5075,..,6,1
2026-01-01,5,Sarrià-Sant Gervasi,26,Sant Gervasi - Galvany,110,5076,436,1,1
2026-01-01,5,Sarrià-Sant Gervasi,26,Sant Gervasi - Galvany,110,5076,404,1,2
2026-01-01,5,Sarrià-Sant Gervasi,26,Sant Gervasi - Galvany,110,5076,59,2,1
2026-01-01,5,Sarrià-Sant Gervasi,26,Sant Gervasi - Galvany,110,5076,47,2,2
2026-01-01,5,Sarrià-Sant Gervasi,26,Sant Gervasi - Galvany,110,5076,75,3,1
2026-01-01,5,Sarrià-Sant Gervasi,26,Sant Gervasi - Galvany,110,5076,46,3,2
2026-01-01,5,Sarrià-Sant Gervasi,26,Sant Gervasi - Galvany,110,5076,38,4,1
2026-01-01,5,Sarrià-Sant Gervasi,26,Sant Gervasi - Galvany,110,5076,28,4,2
2026-01-01,5,Sarrià-Sant Gervasi,26,Sant Gervasi - Galvany,110,5076,194,5,1
2026-01-01,5,Sarrià-Sant Gervasi,26,Sant Gervasi - Galvany,110,5076,160,5,2
2026-01-01,5,Sarrià-Sant Gervasi,26,Sant Gervasi - Galvany,110,5077,476,1,1
2026-01-01,5,Sarrià-Sant Gervasi,26,Sant Gervasi - Galvany,110,5077,419,1,2
2026-01-01,5,Sarrià-Sant Gervasi,26,Sant Gervasi - Galvany,110,5077,70,2,1
2026-01-01,5,Sarrià-Sant Gervasi,26,Sant Gervasi - Galvany,110,5077,51,2,2
2026-01-01,5,Sarrià-Sant Gervasi,26,Sant Gervasi - Galvany,110,5077,76,3,1
2026-01-01,5,Sarrià-Sant Gervasi,26,Sant Gervasi - Galvany,110,5077,50,3,2
2026-01-01,5,Sarrià-Sant Gervasi,26,Sant Gervasi - Galvany,110,5077,33,4,1
2026-01-01,5,Sarrià-Sant Gervasi,26,Sant Gervasi - Galvany,110,5077,43,4,2
2026-01-01,5,Sarrià-Sant Gervasi,26,Sant Gervasi - Galvany,110,5077,194,5,1
2026-01-01,5,Sarrià-Sant Gervasi,26,Sant Gervasi - Galvany,110,5077,159,5,2
2026-01-01,5,Sarrià-Sant Gervasi,26,Sant Gervasi - Galvany,110,5078,628,1,1
2026-01-01,5,Sarrià-Sant Gervasi,26,Sant Gervasi - Galvany,110,5078,640,1,2
2026-01-01,5,Sarrià-Sant Gervasi,26,Sant Gervasi - Galvany,110,5078,74,2,1
2026-01-01,5,Sarrià-Sant Gervasi,26,Sant Gervasi - Galvany,110,5078,60,2,2
2026-01-01,5,Sarrià-Sant Gervasi,26,Sant Gervasi - Galvany,110,5078,107,3,1
2026-01-01,5,Sarrià-Sant Gervasi,26,Sant Gervasi - Galvany,110,5078,67,3,2
2026-01-01,5,Sarrià-Sant Gervasi,26,Sant Gervasi - Galvany,110,5078,58,4,1
2026-01-01,5,Sarrià-Sant Gervasi,26,Sant Gervasi - Galvany,110,5078,46,4,2
2026-01-01,5,Sarrià-Sant Gervasi,26,Sant Gervasi - Galvany,110,5078,239,5,1
2026-01-01,5,Sarrià-Sant Gervasi,26,Sant Gervasi - Galvany,110,5078,200,5,2
2026-01-01,5,Sarrià-Sant Gervasi,26,Sant Gervasi - Galvany,110,5078,..,6,1
2026-01-01,5,Sarrià-Sant Gervasi,26,Sant Gervasi - Galvany,110,5078,..,6,2
2026-01-01,5,Sarrià-Sant Gervasi,26,Sant Gervasi - Galvany,110,5079,421,1,1
2026-01-01,5,Sarrià-Sant Gervasi,26,Sant Gervasi - Galvany,110,5079,387,1,2
2026-01-01,5,Sarrià-Sant Gervasi,26,Sant Gervasi - Galvany,110,5079,53,2,1
2026-01-01,5,Sarrià-Sant Gervasi,26,Sant Gervasi - Galvany,110,5079,42,2,2
2026-01-01,5,Sarrià-Sant Gervasi,26,Sant Gervasi - Galvany,110,5079,79,3,1
2026-01-01,5,Sarrià-Sant Gervasi,26,Sant Gervasi - Galvany,110,5079,51,3,2
2026-01-01,5,Sarrià-Sant Gervasi,26,Sant Gervasi - Galvany,110,5079,24,4,1
2026-01-01,5,Sarrià-Sant Gervasi,26,Sant Gervasi - Galvany,110,5079,29,4,2
2026-01-01,5,Sarrià-Sant Gervasi,26,Sant Gervasi - Galvany,110,5079,148,5,1
2026-01-01,5,Sarrià-Sant Gervasi,26,Sant Gervasi - Galvany,110,5079,99,5,2
2026-01-01,5,Sarrià-Sant Gervasi,27,el Putxet i el Farró,111,5080,384,1,1
2026-01-01,5,Sarrià-Sant Gervasi,27,el Putxet i el Farró,111,5080,351,1,2
2026-01-01,5,Sarrià-Sant Gervasi,27,el Putxet i el Farró,111,5080,62,2,1
2026-01-01,5,Sarrià-Sant Gervasi,27,el Putxet i el Farró,111,5080,47,2,2
2026-01-01,5,Sarrià-Sant Gervasi,27,el Putxet i el Farró,111,5080,76,3,1
2026-01-01,5,Sarrià-Sant Gervasi,27,el Putxet i el Farró,111,5080,40,3,2
2026-01-01,5,Sarrià-Sant Gervasi,27,el Putxet i el Farró,111,5080,51,4,1
2026-01-01,5,Sarrià-Sant Gervasi,27,el Putxet i el Farró,111,5080,36,4,2
2026-01-01,5,Sarrià-Sant Gervasi,27,el Putxet i el Farró,111,5080,187,5,1
2026-01-01,5,Sarrià-Sant Gervasi,27,el Putxet i el Farró,111,5080,157,5,2
2026-01-01,5,Sarrià-Sant Gervasi,27,el Putxet i el Farró,111,5081,464,1,1
2026-01-01,5,Sarrià-Sant Gervasi,27,el Putxet i el Farró,111,5081,422,1,2
2026-01-01,5,Sarrià-Sant Gervasi,27,el Putxet i el Farró,111,5081,99,2,1
2026-01-01,5,Sarrià-Sant Gervasi,27,el Putxet i el Farró,111,5081,66,2,2
2026-01-01,5,Sarrià-Sant Gervasi,27,el Putxet i el Farró,111,5081,87,3,1
2026-01-01,5,Sarrià-Sant Gervasi,27,el Putxet i el Farró,111,5081,57,3,2
2026-01-01,5,Sarrià-Sant Gervasi,27,el Putxet i el Farró,111,5081,50,4,1
2026-01-01,5,Sarrià-Sant Gervasi,27,el Putxet i el Farró,111,5081,43,4,2
2026-01-01,5,Sarrià-Sant Gervasi,27,el Putxet i el Farró,111,5081,200,5,1
2026-01-01,5,Sarrià-Sant Gervasi,27,el Putxet i el Farró,111,5081,133,5,2
2026-01-01,5,Sarrià-Sant Gervasi,27,el Putxet i el Farró,111,5082,451,1,1
2026-01-01,5,Sarrià-Sant Gervasi,27,el Putxet i el Farró,111,5082,407,1,2
2026-01-01,5,Sarrià-Sant Gervasi,27,el Putxet i el Farró,111,5082,81,2,1
2026-01-01,5,Sarrià-Sant Gervasi,27,el Putxet i el Farró,111,5082,64,2,2
2026-01-01,5,Sarrià-Sant Gervasi,27,el Putxet i el Farró,111,5082,87,3,1
2026-01-01,5,Sarrià-Sant Gervasi,27,el Putxet i el Farró,111,5082,71,3,2
2026-01-01,5,Sarrià-Sant Gervasi,27,el Putxet i el Farró,111,5082,50,4,1
2026-01-01,5,Sarrià-Sant Gervasi,27,el Putxet i el Farró,111,5082,62,4,2
2026-01-01,5,Sarrià-Sant Gervasi,27,el Putxet i el Farró,111,5082,236,5,1
2026-01-01,5,Sarrià-Sant Gervasi,27,el Putxet i el Farró,111,5082,192,5,2
2026-01-01,5,Sarrià-Sant Gervasi,27,el Putxet i el Farró,111,5083,359,1,1
2026-01-01,5,Sarrià-Sant Gervasi,27,el Putxet i el Farró,111,5083,344,1,2
2026-01-01,5,Sarrià-Sant Gervasi,27,el Putxet i el Farró,111,5083,71,2,1
2026-01-01,5,Sarrià-Sant Gervasi,27,el Putxet i el Farró,111,5083,51,2,2
2026-01-01,5,Sarrià-Sant Gervasi,27,el Putxet i el Farró,111,5083,76,3,1
2026-01-01,5,Sarrià-Sant Gervasi,27,el Putxet i el Farró,111,5083,59,3,2
2026-01-01,5,Sarrià-Sant Gervasi,27,el Putxet i el Farró,111,5083,50,4,1
2026-01-01,5,Sarrià-Sant Gervasi,27,el Putxet i el Farró,111,5083,23,4,2
2026-01-01,5,Sarrià-Sant Gervasi,27,el Putxet i el Farró,111,5083,136,5,1
2026-01-01,5,Sarrià-Sant Gervasi,27,el Putxet i el Farró,111,5083,106,5,2
2026-01-01,5,Sarrià-Sant Gervasi,27,el Putxet i el Farró,111,5084,403,1,1
2026-01-01,5,Sarrià-Sant Gervasi,27,el Putxet i el Farró,111,5084,343,1,2
2026-01-01,5,Sarrià-Sant Gervasi,27,el Putxet i el Farró,111,5084,71,2,1
2026-01-01,5,Sarrià-Sant Gervasi,27,el Putxet i el Farró,111,5084,53,2,2
2026-01-01,5,Sarrià-Sant Gervasi,27,el Putxet i el Farró,111,5084,74,3,1
2026-01-01,5,Sarrià-Sant Gervasi,27,el Putxet i el Farró,111,5084,44,3,2
2026-01-01,5,Sarrià-Sant Gervasi,27,el Putxet i el Farró,111,5084,36,4,1
2026-01-01,5,Sarrià-Sant Gervasi,27,el Putxet i el Farró,111,5084,39,4,2
2026-01-01,5,Sarrià-Sant Gervasi,27,el Putxet i el Farró,111,5084,184,5,1
2026-01-01,5,Sarrià-Sant Gervasi,27,el Putxet i el Farró,111,5084,149,5,2
2026-01-01,5,Sarrià-Sant Gervasi,27,el Putxet i el Farró,111,5085,387,1,1
2026-01-01,5,Sarrià-Sant Gervasi,27,el Putxet i el Farró,111,5085,321,1,2
2026-01-01,5,Sarrià-Sant Gervasi,27,el Putxet i el Farró,111,5085,46,2,1
2026-01-01,5,Sarrià-Sant Gervasi,27,el Putxet i el Farró,111,5085,48,2,2
2026-01-01,5,Sarrià-Sant Gervasi,27,el Putxet i el Farró,111,5085,70,3,1
2026-01-01,5,Sarrià-Sant Gervasi,27,el Putxet i el Farró,111,5085,54,3,2
2026-01-01,5,Sarrià-Sant Gervasi,27,el Putxet i el Farró,111,5085,48,4,1
2026-01-01,5,Sarrià-Sant Gervasi,27,el Putxet i el Farró,111,5085,42,4,2
2026-01-01,5,Sarrià-Sant Gervasi,27,el Putxet i el Farró,111,5085,188,5,1
2026-01-01,5,Sarrià-Sant Gervasi,27,el Putxet i el Farró,111,5085,151,5,2
2026-01-01,5,Sarrià-Sant Gervasi,27,el Putxet i el Farró,111,5086,372,1,1
2026-01-01,5,Sarrià-Sant Gervasi,27,el Putxet i el Farró,111,5086,387,1,2
2026-01-01,5,Sarrià-Sant Gervasi,27,el Putxet i el Farró,111,5086,77,2,1
2026-01-01,5,Sarrià-Sant Gervasi,27,el Putxet i el Farró,111,5086,39,2,2
2026-01-01,5,Sarrià-Sant Gervasi,27,el Putxet i el Farró,111,5086,72,3,1
2026-01-01,5,Sarrià-Sant Gervasi,27,el Putxet i el Farró,111,5086,42,3,2
2026-01-01,5,Sarrià-Sant Gervasi,27,el Putxet i el Farró,111,5086,43,4,1
2026-01-01,5,Sarrià-Sant Gervasi,27,el Putxet i el Farró,111,5086,45,4,2
2026-01-01,5,Sarrià-Sant Gervasi,27,el Putxet i el Farró,111,5086,179,5,1
2026-01-01,5,Sarrià-Sant Gervasi,27,el Putxet i el Farró,111,5086,119,5,2
2026-01-01,5,Sarrià-Sant Gervasi,27,el Putxet i el Farró,111,5087,478,1,1
2026-01-01,5,Sarrià-Sant Gervasi,27,el Putxet i el Farró,111,5087,419,1,2
2026-01-01,5,Sarrià-Sant Gervasi,27,el Putxet i el Farró,111,5087,70,2,1
2026-01-01,5,Sarrià-Sant Gervasi,27,el Putxet i el Farró,111,5087,64,2,2
2026-01-01,5,Sarrià-Sant Gervasi,27,el Putxet i el Farró,111,5087,78,3,1
2026-01-01,5,Sarrià-Sant Gervasi,27,el Putxet i el Farró,111,5087,53,3,2
2026-01-01,5,Sarrià-Sant Gervasi,27,el Putxet i el Farró,111,5087,41,4,1
2026-01-01,5,Sarrià-Sant Gervasi,27,el Putxet i el Farró,111,5087,42,4,2
2026-01-01,5,Sarrià-Sant Gervasi,27,el Putxet i el Farró,111,5087,238,5,1
2026-01-01,5,Sarrià-Sant Gervasi,27,el Putxet i el Farró,111,5087,203,5,2
2026-01-01,5,Sarrià-Sant Gervasi,27,el Putxet i el Farró,112,5088,500,1,1
2026-01-01,5,Sarrià-Sant Gervasi,27,el Putxet i el Farró,112,5088,476,1,2
2026-01-01,5,Sarrià-Sant Gervasi,27,el Putxet i el Farró,112,5088,66,2,1
2026-01-01,5,Sarrià-Sant Gervasi,27,el Putxet i el Farró,112,5088,58,2,2
2026-01-01,5,Sarrià-Sant Gervasi,27,el Putxet i el Farró,112,5088,96,3,1
2026-01-01,5,Sarrià-Sant Gervasi,27,el Putxet i el Farró,112,5088,63,3,2
2026-01-01,5,Sarrià-Sant Gervasi,27,el Putxet i el Farró,112,5088,39,4,1
2026-01-01,5,Sarrià-Sant Gervasi,27,el Putxet i el Farró,112,5088,38,4,2
2026-01-01,5,Sarrià-Sant Gervasi,27,el Putxet i el Farró,112,5088,195,5,1
2026-01-01,5,Sarrià-Sant Gervasi,27,el Putxet i el Farró,112,5088,193,5,2
2026-01-01,5,Sarrià-Sant Gervasi,27,el Putxet i el Farró,112,5089,534,1,1
2026-01-01,5,Sarrià-Sant Gervasi,27,el Putxet i el Farró,112,5089,494,1,2
2026-01-01,5,Sarrià-Sant Gervasi,27,el Putxet i el Farró,112,5089,96,2,1
2026-01-01,5,Sarrià-Sant Gervasi,27,el Putxet i el Farró,112,5089,84,2,2
2026-01-01,5,Sarrià-Sant Gervasi,27,el Putxet i el Farró,112,5089,87,3,1
2026-01-01,5,Sarrià-Sant Gervasi,27,el Putxet i el Farró,112,5089,61,3,2
2026-01-01,5,Sarrià-Sant Gervasi,27,el Putxet i el Farró,112,5089,52,4,1
2026-01-01,5,Sarrià-Sant Gervasi,27,el Putxet i el Farró,112,5089,48,4,2
2026-01-01,5,Sarrià-Sant Gervasi,27,el Putxet i el Farró,112,5089,195,5,1
2026-01-01,5,Sarrià-Sant Gervasi,27,el Putxet i el Farró,112,5089,172,5,2
2026-01-01,5,Sarrià-Sant Gervasi,27,el Putxet i el Farró,112,5090,487,1,1
2026-01-01,5,Sarrià-Sant Gervasi,27,el Putxet i el Farró,112,5090,472,1,2
2026-01-01,5,Sarrià-Sant Gervasi,27,el Putxet i el Farró,112,5090,88,2,1
2026-01-01,5,Sarrià-Sant Gervasi,27,el Putxet i el Farró,112,5090,68,2,2
2026-01-01,5,Sarrià-Sant Gervasi,27,el Putxet i el Farró,112,5090,116,3,1
2026-01-01,5,Sarrià-Sant Gervasi,27,el Putxet i el Farró,112,5090,82,3,2
2026-01-01,5,Sarrià-Sant Gervasi,27,el Putxet i el Farró,112,5090,74,4,1
2026-01-01,5,Sarrià-Sant Gervasi,27,el Putxet i el Farró,112,5090,62,4,2
2026-01-01,5,Sarrià-Sant Gervasi,27,el Putxet i el Farró,112,5090,267,5,1
2026-01-01,5,Sarrià-Sant Gervasi,27,el Putxet i el Farró,112,5090,239,5,2
2026-01-01,5,Sarrià-Sant Gervasi,27,el Putxet i el Farró,112,5090,..,6,2
2026-01-01,5,Sarrià-Sant Gervasi,27,el Putxet i el Farró,112,5091,464,1,1
2026-01-01,5,Sarrià-Sant Gervasi,27,el Putxet i el Farró,112,5091,404,1,2
2026-01-01,5,Sarrià-Sant Gervasi,27,el Putxet i el Farró,112,5091,77,2,1
2026-01-01,5,Sarrià-Sant Gervasi,27,el Putxet i el Farró,112,5091,64,2,2
2026-01-01,5,Sarrià-Sant Gervasi,27,el Putxet i el Farró,112,5091,93,3,1
2026-01-01,5,Sarrià-Sant Gervasi,27,el Putxet i el Farró,112,5091,50,3,2
2026-01-01,5,Sarrià-Sant Gervasi,27,el Putxet i el Farró,112,5091,34,4,1
2026-01-01,5,Sarrià-Sant Gervasi,27,el Putxet i el Farró,112,5091,36,4,2
2026-01-01,5,Sarrià-Sant Gervasi,27,el Putxet i el Farró,112,5091,185,5,1
2026-01-01,5,Sarrià-Sant Gervasi,27,el Putxet i el Farró,112,5091,147,5,2
2026-01-01,5,Sarrià-Sant Gervasi,27,el Putxet i el Farró,112,5091,..,6,1
2026-01-01,5,Sarrià-Sant Gervasi,27,el Putxet i el Farró,112,5092,511,1,1
2026-01-01,5,Sarrià-Sant Gervasi,27,el Putxet i el Farró,112,5092,456,1,2
2026-01-01,5,Sarrià-Sant Gervasi,27,el Putxet i el Farró,112,5092,83,2,1
2026-01-01,5,Sarrià-Sant Gervasi,27,el Putxet i el Farró,112,5092,46,2,2
2026-01-01,5,Sarrià-Sant Gervasi,27,el Putxet i el Farró,112,5092,104,3,1
2026-01-01,5,Sarrià-Sant Gervasi,27,el Putxet i el Farró,112,5092,59,3,2
2026-01-01,5,Sarrià-Sant Gervasi,27,el Putxet i el Farró,112,5092,38,4,1
2026-01-01,5,Sarrià-Sant Gervasi,27,el Putxet i el Farró,112,5092,41,4,2
2026-01-01,5,Sarrià-Sant Gervasi,27,el Putxet i el Farró,112,5092,180,5,1
2026-01-01,5,Sarrià-Sant Gervasi,27,el Putxet i el Farró,112,5092,125,5,2
2026-01-01,5,Sarrià-Sant Gervasi,27,el Putxet i el Farró,113,5093,382,1,1
2026-01-01,5,Sarrià-Sant Gervasi,27,el Putxet i el Farró,113,5093,326,1,2
2026-01-01,5,Sarrià-Sant Gervasi,27,el Putxet i el Farró,113,5093,49,2,1
2026-01-01,5,Sarrià-Sant Gervasi,27,el Putxet i el Farró,113,5093,40,2,2
2026-01-01,5,Sarrià-Sant Gervasi,27,el Putxet i el Farró,113,5093,36,3,1
2026-01-01,5,Sarrià-Sant Gervasi,27,el Putxet i el Farró,113,5093,26,3,2
2026-01-01,5,Sarrià-Sant Gervasi,27,el Putxet i el Farró,113,5093,26,4,1
2026-01-01,5,Sarrià-Sant Gervasi,27,el Putxet i el Farró,113,5093,36,4,2
2026-01-01,5,Sarrià-Sant Gervasi,27,el Putxet i el Farró,113,5093,187,5,1
2026-01-01,5,Sarrià-Sant Gervasi,27,el Putxet i el Farró,113,5093,118,5,2
2026-01-01,5,Sarrià-Sant Gervasi,27,el Putxet i el Farró,113,5094,910,1,1
2026-01-01,5,Sarrià-Sant Gervasi,27,el Putxet i el Farró,113,5094,768,1,2
2026-01-01,5,Sarrià-Sant Gervasi,27,el Putxet i el Farró,113,5094,139,2,1
2026-01-01,5,Sarrià-Sant Gervasi,27,el Putxet i el Farró,113,5094,89,2,2
2026-01-01,5,Sarrià-Sant Gervasi,27,el Putxet i el Farró,113,5094,136,3,1
2026-01-01,5,Sarrià-Sant Gervasi,27,el Putxet i el Farró,113,5094,101,3,2
2026-01-01,5,Sarrià-Sant Gervasi,27,el Putxet i el Farró,113,5094,66,4,1
2026-01-01,5,Sarrià-Sant Gervasi,27,el Putxet i el Farró,113,5094,60,4,2
2026-01-01,5,Sarrià-Sant Gervasi,27,el Putxet i el Farró,113,5094,320,5,1
2026-01-01,5,Sarrià-Sant Gervasi,27,el Putxet i el Farró,113,5094,238,5,2
2026-01-01,5,Sarrià-Sant Gervasi,27,el Putxet i el Farró,113,5095,494,1,1
2026-01-01,5,Sarrià-Sant Gervasi,27,el Putxet i el Farró,113,5095,435,1,2
2026-01-01,5,Sarrià-Sant Gervasi,27,el Putxet i el Farró,113,5095,80,2,1
2026-01-01,5,Sarrià-Sant Gervasi,27,el Putxet i el Farró,113,5095,57,2,2
2026-01-01,5,Sarrià-Sant Gervasi,27,el Putxet i el Farró,113,5095,96,3,1
2026-01-01,5,Sarrià-Sant Gervasi,27,el Putxet i el Farró,113,5095,57,3,2
2026-01-01,5,Sarrià-Sant Gervasi,27,el Putxet i el Farró,113,5095,30,4,1
2026-01-01,5,Sarrià-Sant Gervasi,27,el Putxet i el Farró,113,5095,34,4,2
2026-01-01,5,Sarrià-Sant Gervasi,27,el Putxet i el Farró,113,5095,289,5,1
2026-01-01,5,Sarrià-Sant Gervasi,27,el Putxet i el Farró,113,5095,197,5,2
2026-01-01,5,Sarrià-Sant Gervasi,27,el Putxet i el Farró,113,5096,337,1,1
2026-01-01,5,Sarrià-Sant Gervasi,27,el Putxet i el Farró,113,5096,303,1,2
2026-01-01,5,Sarrià-Sant Gervasi,27,el Putxet i el Farró,113,5096,52,2,1
2026-01-01,5,Sarrià-Sant Gervasi,27,el Putxet i el Farró,113,5096,36,2,2
2026-01-01,5,Sarrià-Sant Gervasi,27,el Putxet i el Farró,113,5096,84,3,1
2026-01-01,5,Sarrià-Sant Gervasi,27,el Putxet i el Farró,113,5096,50,3,2
2026-01-01,5,Sarrià-Sant Gervasi,27,el Putxet i el Farró,113,5096,31,4,1
2026-01-01,5,Sarrià-Sant Gervasi,27,el Putxet i el Farró,113,5096,21,4,2
2026-01-01,5,Sarrià-Sant Gervasi,27,el Putxet i el Farró,113,5096,135,5,1
2026-01-01,5,Sarrià-Sant Gervasi,27,el Putxet i el Farró,113,5096,117,5,2
2026-01-01,5,Sarrià-Sant Gervasi,27,el Putxet i el Farró,113,5097,483,1,1
2026-01-01,5,Sarrià-Sant Gervasi,27,el Putxet i el Farró,113,5097,488,1,2
2026-01-01,5,Sarrià-Sant Gervasi,27,el Putxet i el Farró,113,5097,75,2,1
2026-01-01,5,Sarrià-Sant Gervasi,27,el Putxet i el Farró,113,5097,52,2,2
2026-01-01,5,Sarrià-Sant Gervasi,27,el Putxet i el Farró,113,5097,74,3,1
2026-01-01,5,Sarrià-Sant Gervasi,27,el Putxet i el Farró,113,5097,53,3,2
2026-01-01,5,Sarrià-Sant Gervasi,27,el Putxet i el Farró,113,5097,50,4,1
2026-01-01,5,Sarrià-Sant Gervasi,27,el Putxet i el Farró,113,5097,46,4,2
2026-01-01,5,Sarrià-Sant Gervasi,27,el Putxet i el Farró,113,5097,213,5,1
2026-01-01,5,Sarrià-Sant Gervasi,27,el Putxet i el Farró,113,5097,179,5,2
2026-01-01,5,Sarrià-Sant Gervasi,27,el Putxet i el Farró,113,5097,..,6,1
2026-01-01,5,Sarrià-Sant Gervasi,27,el Putxet i el Farró,113,5097,..,6,2
2026-01-01,5,Sarrià-Sant Gervasi,27,el Putxet i el Farró,113,5098,399,1,1
2026-01-01,5,Sarrià-Sant Gervasi,27,el Putxet i el Farró,113,5098,387,1,2
2026-01-01,5,Sarrià-Sant Gervasi,27,el Putxet i el Farró,113,5098,78,2,1
2026-01-01,5,Sarrià-Sant Gervasi,27,el Putxet i el Farró,113,5098,67,2,2
2026-01-01,5,Sarrià-Sant Gervasi,27,el Putxet i el Farró,113,5098,87,3,1
2026-01-01,5,Sarrià-Sant Gervasi,27,el Putxet i el Farró,113,5098,52,3,2
2026-01-01,5,Sarrià-Sant Gervasi,27,el Putxet i el Farró,113,5098,45,4,1
2026-01-01,5,Sarrià-Sant Gervasi,27,el Putxet i el Farró,113,5098,39,4,2
2026-01-01,5,Sarrià-Sant Gervasi,27,el Putxet i el Farró,113,5098,252,5,1
2026-01-01,5,Sarrià-Sant Gervasi,27,el Putxet i el Farró,113,5098,182,5,2
2026-01-01,6,Gràcia,28,Vallcarca i els Penitents,114,6001,307,1,1
2026-01-01,6,Gràcia,28,Vallcarca i els Penitents,114,6001,267,1,2
2026-01-01,6,Gràcia,28,Vallcarca i els Penitents,114,6001,70,2,1
2026-01-01,6,Gràcia,28,Vallcarca i els Penitents,114,6001,39,2,2
2026-01-01,6,Gràcia,28,Vallcarca i els Penitents,114,6001,90,3,1
2026-01-01,6,Gràcia,28,Vallcarca i els Penitents,114,6001,52,3,2
2026-01-01,6,Gràcia,28,Vallcarca i els Penitents,114,6001,33,4,1
2026-01-01,6,Gràcia,28,Vallcarca i els Penitents,114,6001,44,4,2
2026-01-01,6,Gràcia,28,Vallcarca i els Penitents,114,6001,224,5,1
2026-01-01,6,Gràcia,28,Vallcarca i els Penitents,114,6001,182,5,2
2026-01-01,6,Gràcia,28,Vallcarca i els Penitents,114,6001,..,6,1
2026-01-01,6,Gràcia,28,Vallcarca i els Penitents,114,6002,348,1,1
2026-01-01,6,Gràcia,28,Vallcarca i els Penitents,114,6002,348,1,2
2026-01-01,6,Gràcia,28,Vallcarca i els Penitents,114,6002,79,2,1
2026-01-01,6,Gràcia,28,Vallcarca i els Penitents,114,6002,60,2,2
2026-01-01,6,Gràcia,28,Vallcarca i els Penitents,114,6002,123,3,1
2026-01-01,6,Gràcia,28,Vallcarca i els Penitents,114,6002,74,3,2
2026-01-01,6,Gràcia,28,Vallcarca i els Penitents,114,6002,43,4,1
2026-01-01,6,Gràcia,28,Vallcarca i els Penitents,114,6002,33,4,2
2026-01-01,6,Gràcia,28,Vallcarca i els Penitents,114,6002,270,5,1
2026-01-01,6,Gràcia,28,Vallcarca i els Penitents,114,6002,216,5,2
2026-01-01,6,Gràcia,28,Vallcarca i els Penitents,114,6002,..,6,2
2026-01-01,6,Gràcia,28,Vallcarca i els Penitents,114,6003,573,1,1
2026-01-01,6,Gràcia,28,Vallcarca i els Penitents,114,6003,580,1,2
2026-01-01,6,Gràcia,28,Vallcarca i els Penitents,114,6003,95,2,1
2026-01-01,6,Gràcia,28,Vallcarca i els Penitents,114,6003,78,2,2
2026-01-01,6,Gràcia,28,Vallcarca i els Penitents,114,6003,193,3,1
2026-01-01,6,Gràcia,28,Vallcarca i els Penitents,114,6003,139,3,2
2026-01-01,6,Gràcia,28,Vallcarca i els Penitents,114,6003,88,4,1
2026-01-01,6,Gràcia,28,Vallcarca i els Penitents,114,6003,75,4,2
2026-01-01,6,Gràcia,28,Vallcarca i els Penitents,114,6003,337,5,1
2026-01-01,6,Gràcia,28,Vallcarca i els Penitents,114,6003,302,5,2
2026-01-01,6,Gràcia,28,Vallcarca i els Penitents,114,6004,364,1,1
2026-01-01,6,Gràcia,28,Vallcarca i els Penitents,114,6004,370,1,2
2026-01-01,6,Gràcia,28,Vallcarca i els Penitents,114,6004,52,2,1
2026-01-01,6,Gràcia,28,Vallcarca i els Penitents,114,6004,42,2,2
2026-01-01,6,Gràcia,28,Vallcarca i els Penitents,114,6004,110,3,1
2026-01-01,6,Gràcia,28,Vallcarca i els Penitents,114,6004,64,3,2
2026-01-01,6,Gràcia,28,Vallcarca i els Penitents,114,6004,52,4,1
2026-01-01,6,Gràcia,28,Vallcarca i els Penitents,114,6004,54,4,2
2026-01-01,6,Gràcia,28,Vallcarca i els Penitents,114,6004,145,5,1
2026-01-01,6,Gràcia,28,Vallcarca i els Penitents,114,6004,148,5,2
2026-01-01,6,Gràcia,28,Vallcarca i els Penitents,115,6006,312,1,1
2026-01-01,6,Gràcia,28,Vallcarca i els Penitents,115,6006,307,1,2
2026-01-01,6,Gràcia,28,Vallcarca i els Penitents,115,6006,46,2,1
2026-01-01,6,Gràcia,28,Vallcarca i els Penitents,115,6006,48,2,2
2026-01-01,6,Gràcia,28,Vallcarca i els Penitents,115,6006,77,3,1
2026-01-01,6,Gràcia,28,Vallcarca i els Penitents,115,6006,57,3,2
2026-01-01,6,Gràcia,28,Vallcarca i els Penitents,115,6006,18,4,1
2026-01-01,6,Gràcia,28,Vallcarca i els Penitents,115,6006,23,4,2
2026-01-01,6,Gràcia,28,Vallcarca i els Penitents,115,6006,98,5,1
2026-01-01,6,Gràcia,28,Vallcarca i els Penitents,115,6006,88,5,2
2026-01-01,6,Gràcia,28,Vallcarca i els Penitents,115,6007,545,1,1
2026-01-01,6,Gràcia,28,Vallcarca i els Penitents,115,6007,523,1,2
2026-01-01,6,Gràcia,28,Vallcarca i els Penitents,115,6007,88,2,1
2026-01-01,6,Gràcia,28,Vallcarca i els Penitents,115,6007,70,2,2
2026-01-01,6,Gràcia,28,Vallcarca i els Penitents,115,6007,123,3,1
2026-01-01,6,Gràcia,28,Vallcarca i els Penitents,115,6007,73,3,2
2026-01-01,6,Gràcia,28,Vallcarca i els Penitents,115,6007,33,4,1
2026-01-01,6,Gràcia,28,Vallcarca i els Penitents,115,6007,36,4,2
2026-01-01,6,Gràcia,28,Vallcarca i els Penitents,115,6007,273,5,1
2026-01-01,6,Gràcia,28,Vallcarca i els Penitents,115,6007,248,5,2
2026-01-01,6,Gràcia,28,Vallcarca i els Penitents,115,6008,504,1,1
2026-01-01,6,Gràcia,28,Vallcarca i els Penitents,115,6008,449,1,2
2026-01-01,6,Gràcia,28,Vallcarca i els Penitents,115,6008,88,2,1
2026-01-01,6,Gràcia,28,Vallcarca i els Penitents,115,6008,95,2,2
2026-01-01,6,Gràcia,28,Vallcarca i els Penitents,115,6008,128,3,1
2026-01-01,6,Gràcia,28,Vallcarca i els Penitents,115,6008,69,3,2
2026-01-01,6,Gràcia,28,Vallcarca i els Penitents,115,6008,42,4,1
2026-01-01,6,Gràcia,28,Vallcarca i els Penitents,115,6008,49,4,2
2026-01-01,6,Gràcia,28,Vallcarca i els Penitents,115,6008,356,5,1
2026-01-01,6,Gràcia,28,Vallcarca i els Penitents,115,6008,342,5,2
2026-01-01,6,Gràcia,28,Vallcarca i els Penitents,115,6008,..,6,2
2026-01-01,6,Gràcia,28,Vallcarca i els Penitents,116,6009,411,1,1
2026-01-01,6,Gràcia,28,Vallcarca i els Penitents,116,6009,395,1,2
2026-01-01,6,Gràcia,28,Vallcarca i els Penitents,116,6009,71,2,1
2026-01-01,6,Gràcia,28,Vallcarca i els Penitents,116,6009,55,2,2
2026-01-01,6,Gràcia,28,Vallcarca i els Penitents,116,6009,92,3,1
2026-01-01,6,Gràcia,28,Vallcarca i els Penitents,116,6009,56,3,2
2026-01-01,6,Gràcia,28,Vallcarca i els Penitents,116,6009,34,4,1
2026-01-01,6,Gràcia,28,Vallcarca i els Penitents,116,6009,31,4,2
2026-01-01,6,Gràcia,28,Vallcarca i els Penitents,116,6009,133,5,1
2026-01-01,6,Gràcia,28,Vallcarca i els Penitents,116,6009,110,5,2
2026-01-01,6,Gràcia,28,Vallcarca i els Penitents,116,6009,..,6,2
2026-01-01,6,Gràcia,28,Vallcarca i els Penitents,116,6010,283,1,1
2026-01-01,6,Gràcia,28,Vallcarca i els Penitents,116,6010,252,1,2
2026-01-01,6,Gràcia,28,Vallcarca i els Penitents,116,6010,32,2,1
2026-01-01,6,Gràcia,28,Vallcarca i els Penitents,116,6010,33,2,2
2026-01-01,6,Gràcia,28,Vallcarca i els Penitents,116,6010,95,3,1
2026-01-01,6,Gràcia,28,Vallcarca i els Penitents,116,6010,68,3,2
2026-01-01,6,Gràcia,28,Vallcarca i els Penitents,116,6010,17,4,1
2026-01-01,6,Gràcia,28,Vallcarca i els Penitents,116,6010,24,4,2
2026-01-01,6,Gràcia,28,Vallcarca i els Penitents,116,6010,143,5,1
2026-01-01,6,Gràcia,28,Vallcarca i els Penitents,116,6010,134,5,2
2026-01-01,6,Gràcia,28,Vallcarca i els Penitents,117,6011,370,1,1
2026-01-01,6,Gràcia,28,Vallcarca i els Penitents,117,6011,413,1,2
2026-01-01,6,Gràcia,28,Vallcarca i els Penitents,117,6011,62,2,1
2026-01-01,6,Gràcia,28,Vallcarca i els Penitents,117,6011,43,2,2
2026-01-01,6,Gràcia,28,Vallcarca i els Penitents,117,6011,86,3,1
2026-01-01,6,Gràcia,28,Vallcarca i els Penitents,117,6011,59,3,2
2026-01-01,6,Gràcia,28,Vallcarca i els Penitents,117,6011,25,4,1
2026-01-01,6,Gràcia,28,Vallcarca i els Penitents,117,6011,25,4,2
2026-01-01,6,Gràcia,28,Vallcarca i els Penitents,117,6011,127,5,1
2026-01-01,6,Gràcia,28,Vallcarca i els Penitents,117,6011,103,5,2
2026-01-01,6,Gràcia,28,Vallcarca i els Penitents,117,6012,336,1,1
2026-01-01,6,Gràcia,28,Vallcarca i els Penitents,117,6012,331,1,2
2026-01-01,6,Gràcia,28,Vallcarca i els Penitents,117,6012,46,2,1
2026-01-01,6,Gràcia,28,Vallcarca i els Penitents,117,6012,32,2,2
2026-01-01,6,Gràcia,28,Vallcarca i els Penitents,117,6012,84,3,1
2026-01-01,6,Gràcia,28,Vallcarca i els Penitents,117,6012,41,3,2
2026-01-01,6,Gràcia,28,Vallcarca i els Penitents,117,6012,38,4,1
2026-01-01,6,Gràcia,28,Vallcarca i els Penitents,117,6012,28,4,2
2026-01-01,6,Gràcia,28,Vallcarca i els Penitents,117,6012,127,5,1
2026-01-01,6,Gràcia,28,Vallcarca i els Penitents,117,6012,108,5,2
2026-01-01,6,Gràcia,29,el Coll,118,6013,456,1,1
2026-01-01,6,Gràcia,29,el Coll,118,6013,463,1,2
2026-01-01,6,Gràcia,29,el Coll,118,6013,73,2,1
2026-01-01,6,Gràcia,29,el Coll,118,6013,60,2,2
2026-01-01,6,Gràcia,29,el Coll,118,6013,114,3,1
2026-01-01,6,Gràcia,29,el Coll,118,6013,81,3,2
2026-01-01,6,Gràcia,29,el Coll,118,6013,58,4,1
2026-01-01,6,Gràcia,29,el Coll,118,6013,48,4,2
2026-01-01,6,Gràcia,29,el Coll,118,6013,305,5,1
2026-01-01,6,Gràcia,29,el Coll,118,6013,264,5,2
2026-01-01,6,Gràcia,29,el Coll,118,6014,366,1,1
2026-01-01,6,Gràcia,29,el Coll,118,6014,352,1,2
2026-01-01,6,Gràcia,29,el Coll,118,6014,53,2,1
2026-01-01,6,Gràcia,29,el Coll,118,6014,50,2,2
2026-01-01,6,Gràcia,29,el Coll,118,6014,153,3,1
2026-01-01,6,Gràcia,29,el Coll,118,6014,96,3,2
2026-01-01,6,Gràcia,29,el Coll,118,6014,44,4,1
2026-01-01,6,Gràcia,29,el Coll,118,6014,29,4,2
2026-01-01,6,Gràcia,29,el Coll,118,6014,202,5,1
2026-01-01,6,Gràcia,29,el Coll,118,6014,142,5,2
2026-01-01,6,Gràcia,29,el Coll,118,6014,..,6,1
2026-01-01,6,Gràcia,29,el Coll,118,6015,324,1,1
2026-01-01,6,Gràcia,29,el Coll,118,6015,350,1,2
2026-01-01,6,Gràcia,29,el Coll,118,6015,37,2,1
2026-01-01,6,Gràcia,29,el Coll,118,6015,45,2,2
2026-01-01,6,Gràcia,29,el Coll,118,6015,123,3,1
2026-01-01,6,Gràcia,29,el Coll,118,6015,83,3,2
2026-01-01,6,Gràcia,29,el Coll,118,6015,37,4,1
2026-01-01,6,Gràcia,29,el Coll,118,6015,39,4,2
2026-01-01,6,Gràcia,29,el Coll,118,6015,234,5,1
2026-01-01,6,Gràcia,29,el Coll,118,6015,192,5,2
2026-01-01,6,Gràcia,29,el Coll,118,6016,398,1,1
2026-01-01,6,Gràcia,29,el Coll,118,6016,383,1,2
2026-01-01,6,Gràcia,29,el Coll,118,6016,56,2,1
2026-01-01,6,Gràcia,29,el Coll,118,6016,36,2,2
2026-01-01,6,Gràcia,29,el Coll,118,6016,141,3,1
2026-01-01,6,Gràcia,29,el Coll,118,6016,89,3,2
2026-01-01,6,Gràcia,29,el Coll,118,6016,39,4,1
2026-01-01,6,Gràcia,29,el Coll,118,6016,27,4,2
2026-01-01,6,Gràcia,29,el Coll,118,6016,282,5,1
2026-01-01,6,Gràcia,29,el Coll,118,6016,234,5,2
2026-01-01,6,Gràcia,29,el Coll,118,6017,366,1,1
2026-01-01,6,Gràcia,29,el Coll,118,6017,374,1,2
2026-01-01,6,Gràcia,29,el Coll,118,6017,58,2,1
2026-01-01,6,Gràcia,29,el Coll,118,6017,47,2,2
2026-01-01,6,Gràcia,29,el Coll,118,6017,120,3,1
2026-01-01,6,Gràcia,29,el Coll,118,6017,83,3,2
2026-01-01,6,Gràcia,29,el Coll,118,6017,37,4,1
2026-01-01,6,Gràcia,29,el Coll,118,6017,35,4,2
2026-01-01,6,Gràcia,29,el Coll,118,6017,213,5,1
2026-01-01,6,Gràcia,29,el Coll,118,6017,164,5,2
2026-01-01,6,Gràcia,30,la Salut,119,6018,325,1,1
2026-01-01,6,Gràcia,30,la Salut,119,6018,302,1,2
2026-01-01,6,Gràcia,30,la Salut,119,6018,45,2,1
2026-01-01,6,Gràcia,30,la Salut,119,6018,43,2,2
2026-01-01,6,Gràcia,30,la Salut,119,6018,99,3,1
2026-01-01,6,Gràcia,30,la Salut,119,6018,73,3,2
2026-01-01,6,Gràcia,30,la Salut,119,6018,68,4,1
2026-01-01,6,Gràcia,30,la Salut,119,6018,64,4,2
2026-01-01,6,Gràcia,30,la Salut,119,6018,198,5,1
2026-01-01,6,Gràcia,30,la Salut,119,6018,183,5,2
2026-01-01,6,Gràcia,30,la Salut,119,6018,..,6,1
2026-01-01,6,Gràcia,30,la Salut,119,6019,401,1,1
2026-01-01,6,Gràcia,30,la Salut,119,6019,358,1,2
2026-01-01,6,Gràcia,30,la Salut,119,6019,64,2,1
2026-01-01,6,Gràcia,30,la Salut,119,6019,66,2,2
2026-01-01,6,Gràcia,30,la Salut,119,6019,105,3,1
2026-01-01,6,Gràcia,30,la Salut,119,6019,64,3,2
2026-01-01,6,Gràcia,30,la Salut,119,6019,49,4,1
2026-01-01,6,Gràcia,30,la Salut,119,6019,50,4,2
2026-01-01,6,Gràcia,30,la Salut,119,6019,210,5,1
2026-01-01,6,Gràcia,30,la Salut,119,6019,216,5,2
2026-01-01,6,Gràcia,30,la Salut,119,6020,288,1,1
2026-01-01,6,Gràcia,30,la Salut,119,6020,268,1,2
2026-01-01,6,Gràcia,30,la Salut,119,6020,43,2,1
2026-01-01,6,Gràcia,30,la Salut,119,6020,37,2,2
2026-01-01,6,Gràcia,30,la Salut,119,6020,82,3,1
2026-01-01,6,Gràcia,30,la Salut,119,6020,66,3,2
2026-01-01,6,Gràcia,30,la Salut,119,6020,40,4,1
2026-01-01,6,Gràcia,30,la Salut,119,6020,37,4,2
2026-01-01,6,Gràcia,30,la Salut,119,6020,234,5,1
2026-01-01,6,Gràcia,30,la Salut,119,6020,160,5,2
2026-01-01,6,Gràcia,30,la Salut,119,6021,357,1,1
2026-01-01,6,Gràcia,30,la Salut,119,6021,331,1,2
2026-01-01,6,Gràcia,30,la Salut,119,6021,66,2,1
2026-01-01,6,Gràcia,30,la Salut,119,6021,55,2,2
2026-01-01,6,Gràcia,30,la Salut,119,6021,126,3,1
2026-01-01,6,Gràcia,30,la Salut,119,6021,70,3,2
2026-01-01,6,Gràcia,30,la Salut,119,6021,23,4,1
2026-01-01,6,Gràcia,30,la Salut,119,6021,33,4,2
2026-01-01,6,Gràcia,30,la Salut,119,6021,185,5,1
2026-01-01,6,Gràcia,30,la Salut,119,6021,157,5,2
2026-01-01,6,Gràcia,30,la Salut,120,6022,320,1,1
2026-01-01,6,Gràcia,30,la Salut,120,6022,351,1,2
2026-01-01,6,Gràcia,30,la Salut,120,6022,64,2,1
2026-01-01,6,Gràcia,30,la Salut,120,6022,48,2,2
2026-01-01,6,Gràcia,30,la Salut,120,6022,108,3,1
2026-01-01,6,Gràcia,30,la Salut,120,6022,76,3,2
2026-01-01,6,Gràcia,30,la Salut,120,6022,52,4,1
2026-01-01,6,Gràcia,30,la Salut,120,6022,38,4,2
2026-01-01,6,Gràcia,30,la Salut,120,6022,157,5,1
2026-01-01,6,Gràcia,30,la Salut,120,6022,188,5,2
2026-01-01,6,Gràcia,30,la Salut,120,6023,401,1,1
2026-01-01,6,Gràcia,30,la Salut,120,6023,394,1,2
2026-01-01,6,Gràcia,30,la Salut,120,6023,77,2,1
2026-01-01,6,Gràcia,30,la Salut,120,6023,54,2,2
2026-01-01,6,Gràcia,30,la Salut,120,6023,122,3,1
2026-01-01,6,Gràcia,30,la Salut,120,6023,85,3,2
2026-01-01,6,Gràcia,30,la Salut,120,6023,23,4,1
2026-01-01,6,Gràcia,30,la Salut,120,6023,12,4,2
2026-01-01,6,Gràcia,30,la Salut,120,6023,62,5,1
2026-01-01,6,Gràcia,30,la Salut,120,6023,49,5,2
2026-01-01,6,Gràcia,30,la Salut,120,6024,496,1,1
2026-01-01,6,Gràcia,30,la Salut,120,6024,443,1,2
2026-01-01,6,Gràcia,30,la Salut,120,6024,83,2,1
2026-01-01,6,Gràcia,30,la Salut,120,6024,64,2,2
2026-01-01,6,Gràcia,30,la Salut,120,6024,116,3,1
2026-01-01,6,Gràcia,30,la Salut,120,6024,72,3,2
2026-01-01,6,Gràcia,30,la Salut,120,6024,39,4,1
2026-01-01,6,Gràcia,30,la Salut,120,6024,35,4,2
2026-01-01,6,Gràcia,30,la Salut,120,6024,222,5,1
2026-01-01,6,Gràcia,30,la Salut,120,6024,181,5,2
2026-01-01,6,Gràcia,30,la Salut,120,6024,..,6,2
2026-01-01,6,Gràcia,30,la Salut,120,6025,497,1,1
2026-01-01,6,Gràcia,30,la Salut,120,6025,411,1,2
2026-01-01,6,Gràcia,30,la Salut,120,6025,82,2,1
2026-01-01,6,Gràcia,30,la Salut,120,6025,61,2,2
2026-01-01,6,Gràcia,30,la Salut,120,6025,81,3,1
2026-01-01,6,Gràcia,30,la Salut,120,6025,55,3,2
2026-01-01,6,Gràcia,30,la Salut,120,6025,24,4,1
2026-01-01,6,Gràcia,30,la Salut,120,6025,20,4,2
2026-01-01,6,Gràcia,30,la Salut,120,6025,126,5,1
2026-01-01,6,Gràcia,30,la Salut,120,6025,113,5,2
2026-01-01,6,Gràcia,30,la Salut,120,6025,..,6,1
2026-01-01,6,Gràcia,30,la Salut,120,6026,297,1,1
2026-01-01,6,Gràcia,30,la Salut,120,6026,256,1,2
2026-01-01,6,Gràcia,30,la Salut,120,6026,56,2,1
2026-01-01,6,Gràcia,30,la Salut,120,6026,36,2,2
2026-01-01,6,Gràcia,30,la Salut,120,6026,94,3,1
2026-01-01,6,Gràcia,30,la Salut,120,6026,36,3,2
2026-01-01,6,Gràcia,30,la Salut,120,6026,29,4,1
2026-01-01,6,Gràcia,30,la Salut,120,6026,28,4,2
2026-01-01,6,Gràcia,30,la Salut,120,6026,162,5,1
2026-01-01,6,Gràcia,30,la Salut,120,6026,155,5,2
2026-01-01,6,Gràcia,30,la Salut,120,6027,348,1,1
2026-01-01,6,Gràcia,30,la Salut,120,6027,299,1,2
2026-01-01,6,Gràcia,30,la Salut,120,6027,65,2,1
2026-01-01,6,Gràcia,30,la Salut,120,6027,47,2,2
2026-01-01,6,Gràcia,30,la Salut,120,6027,88,3,1
2026-01-01,6,Gràcia,30,la Salut,120,6027,43,3,2
2026-01-01,6,Gràcia,30,la Salut,120,6027,32,4,1
2026-01-01,6,Gràcia,30,la Salut,120,6027,24,4,2
2026-01-01,6,Gràcia,30,la Salut,120,6027,169,5,1
2026-01-01,6,Gràcia,30,la Salut,120,6027,136,5,2
2026-01-01,6,Gràcia,31,la Vila de Gràcia,121,6028,303,1,1
2026-01-01,6,Gràcia,31,la Vila de Gràcia,121,6028,338,1,2
2026-01-01,6,Gràcia,31,la Vila de Gràcia,121,6028,54,2,1
2026-01-01,6,Gràcia,31,la Vila de Gràcia,121,6028,52,2,2
2026-01-01,6,Gràcia,31,la Vila de Gràcia,121,6028,83,3,1
2026-01-01,6,Gràcia,31,la Vila de Gràcia,121,6028,50,3,2
2026-01-01,6,Gràcia,31,la Vila de Gràcia,121,6028,41,4,1
2026-01-01,6,Gràcia,31,la Vila de Gràcia,121,6028,36,4,2
2026-01-01,6,Gràcia,31,la Vila de Gràcia,121,6028,199,5,1
2026-01-01,6,Gràcia,31,la Vila de Gràcia,121,6028,183,5,2
2026-01-01,6,Gràcia,31,la Vila de Gràcia,121,6029,344,1,1
2026-01-01,6,Gràcia,31,la Vila de Gràcia,121,6029,344,1,2
2026-01-01,6,Gràcia,31,la Vila de Gràcia,121,6029,70,2,1
2026-01-01,6,Gràcia,31,la Vila de Gràcia,121,6029,62,2,2
2026-01-01,6,Gràcia,31,la Vila de Gràcia,121,6029,134,3,1
2026-01-01,6,Gràcia,31,la Vila de Gràcia,121,6029,69,3,2
2026-01-01,6,Gràcia,31,la Vila de Gràcia,121,6029,66,4,1
2026-01-01,6,Gràcia,31,la Vila de Gràcia,121,6029,39,4,2
2026-01-01,6,Gràcia,31,la Vila de Gràcia,121,6029,163,5,1
2026-01-01,6,Gràcia,31,la Vila de Gràcia,121,6029,146,5,2
2026-01-01,6,Gràcia,31,la Vila de Gràcia,121,6029,..,6,1
2026-01-01,6,Gràcia,31,la Vila de Gràcia,121,6029,..,6,2
2026-01-01,6,Gràcia,31,la Vila de Gràcia,121,6030,306,1,1
2026-01-01,6,Gràcia,31,la Vila de Gràcia,121,6030,279,1,2
2026-01-01,6,Gràcia,31,la Vila de Gràcia,121,6030,72,2,1
2026-01-01,6,Gràcia,31,la Vila de Gràcia,121,6030,61,2,2
2026-01-01,6,Gràcia,31,la Vila de Gràcia,121,6030,84,3,1
2026-01-01,6,Gràcia,31,la Vila de Gràcia,121,6030,53,3,2
2026-01-01,6,Gràcia,31,la Vila de Gràcia,121,6030,69,4,1
2026-01-01,6,Gràcia,31,la Vila de Gràcia,121,6030,68,4,2
2026-01-01,6,Gràcia,31,la Vila de Gràcia,121,6030,199,5,1
2026-01-01,6,Gràcia,31,la Vila de Gràcia,121,6030,181,5,2
2026-01-01,6,Gràcia,31,la Vila de Gràcia,121,6030,..,6,2
2026-01-01,6,Gràcia,31,la Vila de Gràcia,121,6031,273,1,1
2026-01-01,6,Gràcia,31,la Vila de Gràcia,121,6031,250,1,2
2026-01-01,6,Gràcia,31,la Vila de Gràcia,121,6031,64,2,1
2026-01-01,6,Gràcia,31,la Vila de Gràcia,121,6031,49,2,2
2026-01-01,6,Gràcia,31,la Vila de Gràcia,121,6031,79,3,1
2026-01-01,6,Gràcia,31,la Vila de Gràcia,121,6031,49,3,2
2026-01-01,6,Gràcia,31,la Vila de Gràcia,121,6031,60,4,1
2026-01-01,6,Gràcia,31,la Vila de Gràcia,121,6031,45,4,2
2026-01-01,6,Gràcia,31,la Vila de Gràcia,121,6031,140,5,1
2026-01-01,6,Gràcia,31,la Vila de Gràcia,121,6031,127,5,2
2026-01-01,6,Gràcia,31,la Vila de Gràcia,121,6032,306,1,1
2026-01-01,6,Gràcia,31,la Vila de Gràcia,121,6032,284,1,2
2026-01-01,6,Gràcia,31,la Vila de Gràcia,121,6032,62,2,1
2026-01-01,6,Gràcia,31,la Vila de Gràcia,121,6032,41,2,2
2026-01-01,6,Gràcia,31,la Vila de Gràcia,121,6032,79,3,1
2026-01-01,6,Gràcia,31,la Vila de Gràcia,121,6032,52,3,2
2026-01-01,6,Gràcia,31,la Vila de Gràcia,121,6032,33,4,1
2026-01-01,6,Gràcia,31,la Vila de Gràcia,121,6032,32,4,2
2026-01-01,6,Gràcia,31,la Vila de Gràcia,121,6032,164,5,1
2026-01-01,6,Gràcia,31,la Vila de Gràcia,121,6032,116,5,2
2026-01-01,6,Gràcia,31,la Vila de Gràcia,122,6033,318,1,1
2026-01-01,6,Gràcia,31,la Vila de Gràcia,122,6033,317,1,2
2026-01-01,6,Gràcia,31,la Vila de Gràcia,122,6033,66,2,1
2026-01-01,6,Gràcia,31,la Vila de Gràcia,122,6033,47,2,2
2026-01-01,6,Gràcia,31,la Vila de Gràcia,122,6033,91,3,1
2026-01-01,6,Gràcia,31,la Vila de Gràcia,122,6033,45,3,2
2026-01-01,6,Gràcia,31,la Vila de Gràcia,122,6033,55,4,1
2026-01-01,6,Gràcia,31,la Vila de Gràcia,122,6033,60,4,2
2026-01-01,6,Gràcia,31,la Vila de Gràcia,122,6033,210,5,1
2026-01-01,6,Gràcia,31,la Vila de Gràcia,122,6033,135,5,2
2026-01-01,6,Gràcia,31,la Vila de Gràcia,122,6033,..,6,1
2026-01-01,6,Gràcia,31,la Vila de Gràcia,122,6033,..,6,2
2026-01-01,6,Gràcia,31,la Vila de Gràcia,122,6034,302,1,1
2026-01-01,6,Gràcia,31,la Vila de Gràcia,122,6034,282,1,2
2026-01-01,6,Gràcia,31,la Vila de Gràcia,122,6034,59,2,1
2026-01-01,6,Gràcia,31,la Vila de Gràcia,122,6034,34,2,2
2026-01-01,6,Gràcia,31,la Vila de Gràcia,122,6034,97,3,1
2026-01-01,6,Gràcia,31,la Vila de Gràcia,122,6034,49,3,2
2026-01-01,6,Gràcia,31,la Vila de Gràcia,122,6034,40,4,1
2026-01-01,6,Gràcia,31,la Vila de Gràcia,122,6034,56,4,2
2026-01-01,6,Gràcia,31,la Vila de Gràcia,122,6034,172,5,1
2026-01-01,6,Gràcia,31,la Vila de Gràcia,122,6034,124,5,2
2026-01-01,6,Gràcia,31,la Vila de Gràcia,122,6035,300,1,1
2026-01-01,6,Gràcia,31,la Vila de Gràcia,122,6035,284,1,2
2026-01-01,6,Gràcia,31,la Vila de Gràcia,122,6035,47,2,1
2026-01-01,6,Gràcia,31,la Vila de Gràcia,122,6035,46,2,2
2026-01-01,6,Gràcia,31,la Vila de Gràcia,122,6035,64,3,1
2026-01-01,6,Gràcia,31,la Vila de Gràcia,122,6035,48,3,2
2026-01-01,6,Gràcia,31,la Vila de Gràcia,122,6035,34,4,1
2026-01-01,6,Gràcia,31,la Vila de Gràcia,122,6035,24,4,2
2026-01-01,6,Gràcia,31,la Vila de Gràcia,122,6035,112,5,1
2026-01-01,6,Gràcia,31,la Vila de Gràcia,122,6035,136,5,2
2026-01-01,6,Gràcia,31,la Vila de Gràcia,122,6035,..,6,2
2026-01-01,6,Gràcia,31,la Vila de Gràcia,122,6036,377,1,1
2026-01-01,6,Gràcia,31,la Vila de Gràcia,122,6036,349,1,2
2026-01-01,6,Gràcia,31,la Vila de Gràcia,122,6036,75,2,1
2026-01-01,6,Gràcia,31,la Vila de Gràcia,122,6036,43,2,2
2026-01-01,6,Gràcia,31,la Vila de Gràcia,122,6036,125,3,1
2026-01-01,6,Gràcia,31,la Vila de Gràcia,122,6036,51,3,2
2026-01-01,6,Gràcia,31,la Vila de Gràcia,122,6036,56,4,1
2026-01-01,6,Gràcia,31,la Vila de Gràcia,122,6036,49,4,2
2026-01-01,6,Gràcia,31,la Vila de Gràcia,122,6036,205,5,1
2026-01-01,6,Gràcia,31,la Vila de Gràcia,122,6036,170,5,2
2026-01-01,6,Gràcia,31,la Vila de Gràcia,122,6036,..,6,1
2026-01-01,6,Gràcia,31,la Vila de Gràcia,123,6037,279,1,1
2026-01-01,6,Gràcia,31,la Vila de Gràcia,123,6037,276,1,2
2026-01-01,6,Gràcia,31,la Vila de Gràcia,123,6037,52,2,1
2026-01-01,6,Gràcia,31,la Vila de Gràcia,123,6037,36,2,2
2026-01-01,6,Gràcia,31,la Vila de Gràcia,123,6037,81,3,1
2026-01-01,6,Gràcia,31,la Vila de Gràcia,123,6037,51,3,2
2026-01-01,6,Gràcia,31,la Vila de Gràcia,123,6037,38,4,1
2026-01-01,6,Gràcia,31,la Vila de Gràcia,123,6037,36,4,2
2026-01-01,6,Gràcia,31,la Vila de Gràcia,123,6037,142,5,1
2026-01-01,6,Gràcia,31,la Vila de Gràcia,123,6037,120,5,2
2026-01-01,6,Gràcia,31,la Vila de Gràcia,123,6037,..,6,2
2026-01-01,6,Gràcia,31,la Vila de Gràcia,123,6038,420,1,1
2026-01-01,6,Gràcia,31,la Vila de Gràcia,123,6038,313,1,2
2026-01-01,6,Gràcia,31,la Vila de Gràcia,123,6038,86,2,1
2026-01-01,6,Gràcia,31,la Vila de Gràcia,123,6038,46,2,2
2026-01-01,6,Gràcia,31,la Vila de Gràcia,123,6038,106,3,1
2026-01-01,6,Gràcia,31,la Vila de Gràcia,123,6038,60,3,2
2026-01-01,6,Gràcia,31,la Vila de Gràcia,123,6038,74,4,1
2026-01-01,6,Gràcia,31,la Vila de Gràcia,123,6038,70,4,2
2026-01-01,6,Gràcia,31,la Vila de Gràcia,123,6038,221,5,1
2026-01-01,6,Gràcia,31,la Vila de Gràcia,123,6038,174,5,2
2026-01-01,6,Gràcia,31,la Vila de Gràcia,123,6038,..,6,1
2026-01-01,6,Gràcia,31,la Vila de Gràcia,123,6038,..,6,2
2026-01-01,6,Gràcia,31,la Vila de Gràcia,123,6039,318,1,1
2026-01-01,6,Gràcia,31,la Vila de Gràcia,123,6039,307,1,2
2026-01-01,6,Gràcia,31,la Vila de Gràcia,123,6039,77,2,1
2026-01-01,6,Gràcia,31,la Vila de Gràcia,123,6039,67,2,2
2026-01-01,6,Gràcia,31,la Vila de Gràcia,123,6039,99,3,1
2026-01-01,6,Gràcia,31,la Vila de Gràcia,123,6039,69,3,2
2026-01-01,6,Gràcia,31,la Vila de Gràcia,123,6039,97,4,1
2026-01-01,6,Gràcia,31,la Vila de Gràcia,123,6039,67,4,2
2026-01-01,6,Gràcia,31,la Vila de Gràcia,123,6039,312,5,1
2026-01-01,6,Gràcia,31,la Vila de Gràcia,123,6039,221,5,2
2026-01-01,6,Gràcia,31,la Vila de Gràcia,123,6039,..,6,1
2026-01-01,6,Gràcia,31,la Vila de Gràcia,124,6040,427,1,1
2026-01-01,6,Gràcia,31,la Vila de Gràcia,124,6040,343,1,2
2026-01-01,6,Gràcia,31,la Vila de Gràcia,124,6040,89,2,1
2026-01-01,6,Gràcia,31,la Vila de Gràcia,124,6040,67,2,2
2026-01-01,6,Gràcia,31,la Vila de Gràcia,124,6040,134,3,1
2026-01-01,6,Gràcia,31,la Vila de Gràcia,124,6040,74,3,2
2026-01-01,6,Gràcia,31,la Vila de Gràcia,124,6040,83,4,1
2026-01-01,6,Gràcia,31,la Vila de Gràcia,124,6040,59,4,2
2026-01-01,6,Gràcia,31,la Vila de Gràcia,124,6040,274,5,1
2026-01-01,6,Gràcia,31,la Vila de Gràcia,124,6040,229,5,2
2026-01-01,6,Gràcia,31,la Vila de Gràcia,124,6041,493,1,1
2026-01-01,6,Gràcia,31,la Vila de Gràcia,124,6041,430,1,2
2026-01-01,6,Gràcia,31,la Vila de Gràcia,124,6041,73,2,1
2026-01-01,6,Gràcia,31,la Vila de Gràcia,124,6041,60,2,2
2026-01-01,6,Gràcia,31,la Vila de Gràcia,124,6041,86,3,1
2026-01-01,6,Gràcia,31,la Vila de Gràcia,124,6041,80,3,2
2026-01-01,6,Gràcia,31,la Vila de Gràcia,124,6041,66,4,1
2026-01-01,6,Gràcia,31,la Vila de Gràcia,124,6041,60,4,2
2026-01-01,6,Gràcia,31,la Vila de Gràcia,124,6041,283,5,1
2026-01-01,6,Gràcia,31,la Vila de Gràcia,124,6041,227,5,2
2026-01-01,6,Gràcia,31,la Vila de Gràcia,124,6042,447,1,1
2026-01-01,6,Gràcia,31,la Vila de Gràcia,124,6042,407,1,2
2026-01-01,6,Gràcia,31,la Vila de Gràcia,124,6042,67,2,1
2026-01-01,6,Gràcia,31,la Vila de Gràcia,124,6042,65,2,2
2026-01-01,6,Gràcia,31,la Vila de Gràcia,124,6042,86,3,1
2026-01-01,6,Gràcia,31,la Vila de Gràcia,124,6042,60,3,2
2026-01-01,6,Gràcia,31,la Vila de Gràcia,124,6042,66,4,1
2026-01-01,6,Gràcia,31,la Vila de Gràcia,124,6042,57,4,2
2026-01-01,6,Gràcia,31,la Vila de Gràcia,124,6042,260,5,1
2026-01-01,6,Gràcia,31,la Vila de Gràcia,124,6042,240,5,2
2026-01-01,6,Gràcia,31,la Vila de Gràcia,124,6042,..,6,2
2026-01-01,6,Gràcia,31,la Vila de Gràcia,125,6043,277,1,1
2026-01-01,6,Gràcia,31,la Vila de Gràcia,125,6043,274,1,2
2026-01-01,6,Gràcia,31,la Vila de Gràcia,125,6043,59,2,1
2026-01-01,6,Gràcia,31,la Vila de Gràcia,125,6043,45,2,2
2026-01-01,6,Gràcia,31,la Vila de Gràcia,125,6043,67,3,1
2026-01-01,6,Gràcia,31,la Vila de Gràcia,125,6043,41,3,2
2026-01-01,6,Gràcia,31,la Vila de Gràcia,125,6043,61,4,1
2026-01-01,6,Gràcia,31,la Vila de Gràcia,125,6043,50,4,2
2026-01-01,6,Gràcia,31,la Vila de Gràcia,125,6043,240,5,1
2026-01-01,6,Gràcia,31,la Vila de Gràcia,125,6043,229,5,2
2026-01-01,6,Gràcia,31,la Vila de Gràcia,125,6043,..,6,1
2026-01-01,6,Gràcia,31,la Vila de Gràcia,125,6044,375,1,1
2026-01-01,6,Gràcia,31,la Vila de Gràcia,125,6044,333,1,2
2026-01-01,6,Gràcia,31,la Vila de Gràcia,125,6044,69,2,1
2026-01-01,6,Gràcia,31,la Vila de Gràcia,125,6044,73,2,2
2026-01-01,6,Gràcia,31,la Vila de Gràcia,125,6044,79,3,1
2026-01-01,6,Gràcia,31,la Vila de Gràcia,125,6044,74,3,2
2026-01-01,6,Gràcia,31,la Vila de Gràcia,125,6044,89,4,1
2026-01-01,6,Gràcia,31,la Vila de Gràcia,125,6044,85,4,2
2026-01-01,6,Gràcia,31,la Vila de Gràcia,125,6044,273,5,1
2026-01-01,6,Gràcia,31,la Vila de Gràcia,125,6044,239,5,2
2026-01-01,6,Gràcia,31,la Vila de Gràcia,125,6044,..,6,1
2026-01-01,6,Gràcia,31,la Vila de Gràcia,126,6045,280,1,1
2026-01-01,6,Gràcia,31,la Vila de Gràcia,126,6045,229,1,2
2026-01-01,6,Gràcia,31,la Vila de Gràcia,126,6045,46,2,1
2026-01-01,6,Gràcia,31,la Vila de Gràcia,126,6045,40,2,2
2026-01-01,6,Gràcia,31,la Vila de Gràcia,126,6045,74,3,1
2026-01-01,6,Gràcia,31,la Vila de Gràcia,126,6045,55,3,2
2026-01-01,6,Gràcia,31,la Vila de Gràcia,126,6045,78,4,1
2026-01-01,6,Gràcia,31,la Vila de Gràcia,126,6045,62,4,2
2026-01-01,6,Gràcia,31,la Vila de Gràcia,126,6045,193,5,1
2026-01-01,6,Gràcia,31,la Vila de Gràcia,126,6045,182,5,2
2026-01-01,6,Gràcia,31,la Vila de Gràcia,126,6046,252,1,1
2026-01-01,6,Gràcia,31,la Vila de Gràcia,126,6046,220,1,2
2026-01-01,6,Gràcia,31,la Vila de Gràcia,126,6046,57,2,1
2026-01-01,6,Gràcia,31,la Vila de Gràcia,126,6046,44,2,2
2026-01-01,6,Gràcia,31,la Vila de Gràcia,126,6046,86,3,1
2026-01-01,6,Gràcia,31,la Vila de Gràcia,126,6046,53,3,2
2026-01-01,6,Gràcia,31,la Vila de Gràcia,126,6046,63,4,1
2026-01-01,6,Gràcia,31,la Vila de Gràcia,126,6046,49,4,2
2026-01-01,6,Gràcia,31,la Vila de Gràcia,126,6046,162,5,1
2026-01-01,6,Gràcia,31,la Vila de Gràcia,126,6046,183,5,2
2026-01-01,6,Gràcia,31,la Vila de Gràcia,126,6046,..,6,1
2026-01-01,6,Gràcia,31,la Vila de Gràcia,126,6046,..,6,2
2026-01-01,6,Gràcia,31,la Vila de Gràcia,126,6047,262,1,1
2026-01-01,6,Gràcia,31,la Vila de Gràcia,126,6047,214,1,2
2026-01-01,6,Gràcia,31,la Vila de Gràcia,126,6047,58,2,1
2026-01-01,6,Gràcia,31,la Vila de Gràcia,126,6047,46,2,2
2026-01-01,6,Gràcia,31,la Vila de Gràcia,126,6047,77,3,1
2026-01-01,6,Gràcia,31,la Vila de Gràcia,126,6047,58,3,2
2026-01-01,6,Gràcia,31,la Vila de Gràcia,126,6047,85,4,1
2026-01-01,6,Gràcia,31,la Vila de Gràcia,126,6047,64,4,2
2026-01-01,6,Gràcia,31,la Vila de Gràcia,126,6047,225,5,1
2026-01-01,6,Gràcia,31,la Vila de Gràcia,126,6047,181,5,2
2026-01-01,6,Gràcia,31,la Vila de Gràcia,126,6047,..,6,1
2026-01-01,6,Gràcia,31,la Vila de Gràcia,126,6048,274,1,1
2026-01-01,6,Gràcia,31,la Vila de Gràcia,126,6048,232,1,2
2026-01-01,6,Gràcia,31,la Vila de Gràcia,126,6048,52,2,1
2026-01-01,6,Gràcia,31,la Vila de Gràcia,126,6048,62,2,2
2026-01-01,6,Gràcia,31,la Vila de Gràcia,126,6048,74,3,1
2026-01-01,6,Gràcia,31,la Vila de Gràcia,126,6048,67,3,2
2026-01-01,6,Gràcia,31,la Vila de Gràcia,126,6048,71,4,1
2026-01-01,6,Gràcia,31,la Vila de Gràcia,126,6048,74,4,2
2026-01-01,6,Gràcia,31,la Vila de Gràcia,126,6048,247,5,1
2026-01-01,6,Gràcia,31,la Vila de Gràcia,126,6048,249,5,2
2026-01-01,6,Gràcia,31,la Vila de Gràcia,127,6049,264,1,1
2026-01-01,6,Gràcia,31,la Vila de Gràcia,127,6049,237,1,2
2026-01-01,6,Gràcia,31,la Vila de Gràcia,127,6049,59,2,1
2026-01-01,6,Gràcia,31,la Vila de Gràcia,127,6049,27,2,2
2026-01-01,6,Gràcia,31,la Vila de Gràcia,127,6049,57,3,1
2026-01-01,6,Gràcia,31,la Vila de Gràcia,127,6049,46,3,2
2026-01-01,6,Gràcia,31,la Vila de Gràcia,127,6049,58,4,1
2026-01-01,6,Gràcia,31,la Vila de Gràcia,127,6049,51,4,2
2026-01-01,6,Gràcia,31,la Vila de Gràcia,127,6049,189,5,1
2026-01-01,6,Gràcia,31,la Vila de Gràcia,127,6049,147,5,2
2026-01-01,6,Gràcia,31,la Vila de Gràcia,127,6050,245,1,1
2026-01-01,6,Gràcia,31,la Vila de Gràcia,127,6050,234,1,2
2026-01-01,6,Gràcia,31,la Vila de Gràcia,127,6050,58,2,1
2026-01-01,6,Gràcia,31,la Vila de Gràcia,127,6050,50,2,2
2026-01-01,6,Gràcia,31,la Vila de Gràcia,127,6050,91,3,1
2026-01-01,6,Gràcia,31,la Vila de Gràcia,127,6050,55,3,2
2026-01-01,6,Gràcia,31,la Vila de Gràcia,127,6050,68,4,1
2026-01-01,6,Gràcia,31,la Vila de Gràcia,127,6050,66,4,2
2026-01-01,6,Gràcia,31,la Vila de Gràcia,127,6050,215,5,1
2026-01-01,6,Gràcia,31,la Vila de Gràcia,127,6050,191,5,2
2026-01-01,6,Gràcia,31,la Vila de Gràcia,127,6050,..,6,1
2026-01-01,6,Gràcia,31,la Vila de Gràcia,127,6051,276,1,1
2026-01-01,6,Gràcia,31,la Vila de Gràcia,127,6051,263,1,2
2026-01-01,6,Gràcia,31,la Vila de Gràcia,127,6051,70,2,1
2026-01-01,6,Gràcia,31,la Vila de Gràcia,127,6051,48,2,2
2026-01-01,6,Gràcia,31,la Vila de Gràcia,127,6051,89,3,1
2026-01-01,6,Gràcia,31,la Vila de Gràcia,127,6051,32,3,2
2026-01-01,6,Gràcia,31,la Vila de Gràcia,127,6051,66,4,1
2026-01-01,6,Gràcia,31,la Vila de Gràcia,127,6051,38,4,2
2026-01-01,6,Gràcia,31,la Vila de Gràcia,127,6051,217,5,1
2026-01-01,6,Gràcia,31,la Vila de Gràcia,127,6051,177,5,2
2026-01-01,6,Gràcia,31,la Vila de Gràcia,127,6051,..,6,1
2026-01-01,6,Gràcia,31,la Vila de Gràcia,128,6052,370,1,1
2026-01-01,6,Gràcia,31,la Vila de Gràcia,128,6052,315,1,2
2026-01-01,6,Gràcia,31,la Vila de Gràcia,128,6052,79,2,1
2026-01-01,6,Gràcia,31,la Vila de Gràcia,128,6052,58,2,2
2026-01-01,6,Gràcia,31,la Vila de Gràcia,128,6052,73,3,1
2026-01-01,6,Gràcia,31,la Vila de Gràcia,128,6052,68,3,2
2026-01-01,6,Gràcia,31,la Vila de Gràcia,128,6052,80,4,1
2026-01-01,6,Gràcia,31,la Vila de Gràcia,128,6052,66,4,2
2026-01-01,6,Gràcia,31,la Vila de Gràcia,128,6052,206,5,1
2026-01-01,6,Gràcia,31,la Vila de Gràcia,128,6052,167,5,2
2026-01-01,6,Gràcia,31,la Vila de Gràcia,128,6052,..,6,1
2026-01-01,6,Gràcia,31,la Vila de Gràcia,128,6053,350,1,1
2026-01-01,6,Gràcia,31,la Vila de Gràcia,128,6053,316,1,2
2026-01-01,6,Gràcia,31,la Vila de Gràcia,128,6053,67,2,1
2026-01-01,6,Gràcia,31,la Vila de Gràcia,128,6053,66,2,2
2026-01-01,6,Gràcia,31,la Vila de Gràcia,128,6053,91,3,1
2026-01-01,6,Gràcia,31,la Vila de Gràcia,128,6053,54,3,2
2026-01-01,6,Gràcia,31,la Vila de Gràcia,128,6053,91,4,1
2026-01-01,6,Gràcia,31,la Vila de Gràcia,128,6053,82,4,2
2026-01-01,6,Gràcia,31,la Vila de Gràcia,128,6053,229,5,1
2026-01-01,6,Gràcia,31,la Vila de Gràcia,128,6053,199,5,2
2026-01-01,6,Gràcia,31,la Vila de Gràcia,128,6053,..,6,1
2026-01-01,6,Gràcia,31,la Vila de Gràcia,128,6053,..,6,2
2026-01-01,6,Gràcia,31,la Vila de Gràcia,128,6054,334,1,1
2026-01-01,6,Gràcia,31,la Vila de Gràcia,128,6054,395,1,2
2026-01-01,6,Gràcia,31,la Vila de Gràcia,128,6054,81,2,1
2026-01-01,6,Gràcia,31,la Vila de Gràcia,128,6054,51,2,2
2026-01-01,6,Gràcia,31,la Vila de Gràcia,128,6054,102,3,1
2026-01-01,6,Gràcia,31,la Vila de Gràcia,128,6054,48,3,2
2026-01-01,6,Gràcia,31,la Vila de Gràcia,128,6054,80,4,1
2026-01-01,6,Gràcia,31,la Vila de Gràcia,128,6054,68,4,2
2026-01-01,6,Gràcia,31,la Vila de Gràcia,128,6054,218,5,1
2026-01-01,6,Gràcia,31,la Vila de Gràcia,128,6054,194,5,2
2026-01-01,6,Gràcia,31,la Vila de Gràcia,128,6054,..,6,1
2026-01-01,6,Gràcia,31,la Vila de Gràcia,128,6054,..,6,2
2026-01-01,6,Gràcia,31,la Vila de Gràcia,129,6055,336,1,1
2026-01-01,6,Gràcia,31,la Vila de Gràcia,129,6055,295,1,2
2026-01-01,6,Gràcia,31,la Vila de Gràcia,129,6055,69,2,1
2026-01-01,6,Gràcia,31,la Vila de Gràcia,129,6055,50,2,2
2026-01-01,6,Gràcia,31,la Vila de Gràcia,129,6055,103,3,1
2026-01-01,6,Gràcia,31,la Vila de Gràcia,129,6055,63,3,2
2026-01-01,6,Gràcia,31,la Vila de Gràcia,129,6055,65,4,1
2026-01-01,6,Gràcia,31,la Vila de Gràcia,129,6055,42,4,2
2026-01-01,6,Gràcia,31,la Vila de Gràcia,129,6055,199,5,1
2026-01-01,6,Gràcia,31,la Vila de Gràcia,129,6055,151,5,2
2026-01-01,6,Gràcia,31,la Vila de Gràcia,129,6055,..,6,1
2026-01-01,6,Gràcia,31,la Vila de Gràcia,129,6056,344,1,1
2026-01-01,6,Gràcia,31,la Vila de Gràcia,129,6056,309,1,2
2026-01-01,6,Gràcia,31,la Vila de Gràcia,129,6056,70,2,1
2026-01-01,6,Gràcia,31,la Vila de Gràcia,129,6056,55,2,2
2026-01-01,6,Gràcia,31,la Vila de Gràcia,129,6056,87,3,1
2026-01-01,6,Gràcia,31,la Vila de Gràcia,129,6056,69,3,2
2026-01-01,6,Gràcia,31,la Vila de Gràcia,129,6056,89,4,1
2026-01-01,6,Gràcia,31,la Vila de Gràcia,129,6056,63,4,2
2026-01-01,6,Gràcia,31,la Vila de Gràcia,129,6056,320,5,1
2026-01-01,6,Gràcia,31,la Vila de Gràcia,129,6056,296,5,2
2026-01-01,6,Gràcia,31,la Vila de Gràcia,129,6057,338,1,1
2026-01-01,6,Gràcia,31,la Vila de Gràcia,129,6057,302,1,2
2026-01-01,6,Gràcia,31,la Vila de Gràcia,129,6057,75,2,1
2026-01-01,6,Gràcia,31,la Vila de Gràcia,129,6057,42,2,2
2026-01-01,6,Gràcia,31,la Vila de Gràcia,129,6057,114,3,1
2026-01-01,6,Gràcia,31,la Vila de Gràcia,129,6057,67,3,2
2026-01-01,6,Gràcia,31,la Vila de Gràcia,129,6057,77,4,1
2026-01-01,6,Gràcia,31,la Vila de Gràcia,129,6057,82,4,2
2026-01-01,6,Gràcia,31,la Vila de Gràcia,129,6057,221,5,1
2026-01-01,6,Gràcia,31,la Vila de Gràcia,129,6057,213,5,2
2026-01-01,6,Gràcia,31,la Vila de Gràcia,129,6057,..,6,2
2026-01-01,6,Gràcia,31,la Vila de Gràcia,129,6058,398,1,1
2026-01-01,6,Gràcia,31,la Vila de Gràcia,129,6058,318,1,2
2026-01-01,6,Gràcia,31,la Vila de Gràcia,129,6058,77,2,1
2026-01-01,6,Gràcia,31,la Vila de Gràcia,129,6058,74,2,2
2026-01-01,6,Gràcia,31,la Vila de Gràcia,129,6058,117,3,1
2026-01-01,6,Gràcia,31,la Vila de Gràcia,129,6058,73,3,2
2026-01-01,6,Gràcia,31,la Vila de Gràcia,129,6058,88,4,1
2026-01-01,6,Gràcia,31,la Vila de Gràcia,129,6058,66,4,2
2026-01-01,6,Gràcia,31,la Vila de Gràcia,129,6058,303,5,1
2026-01-01,6,Gràcia,31,la Vila de Gràcia,129,6058,228,5,2
2026-01-01,6,Gràcia,31,la Vila de Gràcia,129,6058,..,6,2
2026-01-01,6,Gràcia,31,la Vila de Gràcia,129,6059,354,1,1
2026-01-01,6,Gràcia,31,la Vila de Gràcia,129,6059,343,1,2
2026-01-01,6,Gràcia,31,la Vila de Gràcia,129,6059,93,2,1
2026-01-01,6,Gràcia,31,la Vila de Gràcia,129,6059,51,2,2
2026-01-01,6,Gràcia,31,la Vila de Gràcia,129,6059,106,3,1
2026-01-01,6,Gràcia,31,la Vila de Gràcia,129,6059,69,3,2
2026-01-01,6,Gràcia,31,la Vila de Gràcia,129,6059,67,4,1
2026-01-01,6,Gràcia,31,la Vila de Gràcia,129,6059,51,4,2
2026-01-01,6,Gràcia,31,la Vila de Gràcia,129,6059,208,5,1
2026-01-01,6,Gràcia,31,la Vila de Gràcia,129,6059,166,5,2
2026-01-01,6,Gràcia,31,la Vila de Gràcia,129,6059,..,6,1
2026-01-01,6,Gràcia,31,la Vila de Gràcia,129,6059,..,6,2
2026-01-01,6,Gràcia,31,la Vila de Gràcia,130,6060,424,1,1
2026-01-01,6,Gràcia,31,la Vila de Gràcia,130,6060,390,1,2
2026-01-01,6,Gràcia,31,la Vila de Gràcia,130,6060,77,2,1
2026-01-01,6,Gràcia,31,la Vila de Gràcia,130,6060,65,2,2
2026-01-01,6,Gràcia,31,la Vila de Gràcia,130,6060,113,3,1
2026-01-01,6,Gràcia,31,la Vila de Gràcia,130,6060,83,3,2
2026-01-01,6,Gràcia,31,la Vila de Gràcia,130,6060,67,4,1
2026-01-01,6,Gràcia,31,la Vila de Gràcia,130,6060,65,4,2
2026-01-01,6,Gràcia,31,la Vila de Gràcia,130,6060,272,5,1
2026-01-01,6,Gràcia,31,la Vila de Gràcia,130,6060,219,5,2
2026-01-01,6,Gràcia,31,la Vila de Gràcia,130,6061,330,1,1
2026-01-01,6,Gràcia,31,la Vila de Gràcia,130,6061,314,1,2
2026-01-01,6,Gràcia,31,la Vila de Gràcia,130,6061,56,2,1
2026-01-01,6,Gràcia,31,la Vila de Gràcia,130,6061,39,2,2
2026-01-01,6,Gràcia,31,la Vila de Gràcia,130,6061,64,3,1
2026-01-01,6,Gràcia,31,la Vila de Gràcia,130,6061,60,3,2
2026-01-01,6,Gràcia,31,la Vila de Gràcia,130,6061,57,4,1
2026-01-01,6,Gràcia,31,la Vila de Gràcia,130,6061,50,4,2
2026-01-01,6,Gràcia,31,la Vila de Gràcia,130,6061,208,5,1
2026-01-01,6,Gràcia,31,la Vila de Gràcia,130,6061,199,5,2
2026-01-01,6,Gràcia,31,la Vila de Gràcia,130,6062,310,1,1
2026-01-01,6,Gràcia,31,la Vila de Gràcia,130,6062,299,1,2
2026-01-01,6,Gràcia,31,la Vila de Gràcia,130,6062,67,2,1
2026-01-01,6,Gràcia,31,la Vila de Gràcia,130,6062,39,2,2
2026-01-01,6,Gràcia,31,la Vila de Gràcia,130,6062,96,3,1
2026-01-01,6,Gràcia,31,la Vila de Gràcia,130,6062,56,3,2
2026-01-01,6,Gràcia,31,la Vila de Gràcia,130,6062,39,4,1
2026-01-01,6,Gràcia,31,la Vila de Gràcia,130,6062,40,4,2
2026-01-01,6,Gràcia,31,la Vila de Gràcia,130,6062,139,5,1
2026-01-01,6,Gràcia,31,la Vila de Gràcia,130,6062,145,5,2
2026-01-01,6,Gràcia,31,la Vila de Gràcia,130,6062,..,6,1
2026-01-01,6,Gràcia,31,la Vila de Gràcia,130,6063,366,1,1
2026-01-01,6,Gràcia,31,la Vila de Gràcia,130,6063,331,1,2
2026-01-01,6,Gràcia,31,la Vila de Gràcia,130,6063,76,2,1
2026-01-01,6,Gràcia,31,la Vila de Gràcia,130,6063,58,2,2
2026-01-01,6,Gràcia,31,la Vila de Gràcia,130,6063,94,3,1
2026-01-01,6,Gràcia,31,la Vila de Gràcia,130,6063,58,3,2
2026-01-01,6,Gràcia,31,la Vila de Gràcia,130,6063,58,4,1
2026-01-01,6,Gràcia,31,la Vila de Gràcia,130,6063,61,4,2
2026-01-01,6,Gràcia,31,la Vila de Gràcia,130,6063,227,5,1
2026-01-01,6,Gràcia,31,la Vila de Gràcia,130,6063,164,5,2
2026-01-01,6,Gràcia,31,la Vila de Gràcia,130,6063,..,6,1
2026-01-01,6,Gràcia,32,el Camp d'en Grassot i Gràcia Nova,131,6064,528,1,1
2026-01-01,6,Gràcia,32,el Camp d'en Grassot i Gràcia Nova,131,6064,465,1,2
2026-01-01,6,Gràcia,32,el Camp d'en Grassot i Gràcia Nova,131,6064,76,2,1
2026-01-01,6,Gràcia,32,el Camp d'en Grassot i Gràcia Nova,131,6064,73,2,2
2026-01-01,6,Gràcia,32,el Camp d'en Grassot i Gràcia Nova,131,6064,126,3,1
2026-01-01,6,Gràcia,32,el Camp d'en Grassot i Gràcia Nova,131,6064,77,3,2
2026-01-01,6,Gràcia,32,el Camp d'en Grassot i Gràcia Nova,131,6064,51,4,1
2026-01-01,6,Gràcia,32,el Camp d'en Grassot i Gràcia Nova,131,6064,66,4,2
2026-01-01,6,Gràcia,32,el Camp d'en Grassot i Gràcia Nova,131,6064,253,5,1
2026-01-01,6,Gràcia,32,el Camp d'en Grassot i Gràcia Nova,131,6064,211,5,2
2026-01-01,6,Gràcia,32,el Camp d'en Grassot i Gràcia Nova,131,6065,301,1,1
2026-01-01,6,Gràcia,32,el Camp d'en Grassot i Gràcia Nova,131,6065,284,1,2
2026-01-01,6,Gràcia,32,el Camp d'en Grassot i Gràcia Nova,131,6065,66,2,1
2026-01-01,6,Gràcia,32,el Camp d'en Grassot i Gràcia Nova,131,6065,33,2,2
2026-01-01,6,Gràcia,32,el Camp d'en Grassot i Gràcia Nova,131,6065,86,3,1
2026-01-01,6,Gràcia,32,el Camp d'en Grassot i Gràcia Nova,131,6065,74,3,2
2026-01-01,6,Gràcia,32,el Camp d'en Grassot i Gràcia Nova,131,6065,41,4,1
2026-01-01,6,Gràcia,32,el Camp d'en Grassot i Gràcia Nova,131,6065,34,4,2
2026-01-01,6,Gràcia,32,el Camp d'en Grassot i Gràcia Nova,131,6065,135,5,1
2026-01-01,6,Gràcia,32,el Camp d'en Grassot i Gràcia Nova,131,6065,99,5,2
2026-01-01,6,Gràcia,32,el Camp d'en Grassot i Gràcia Nova,131,6066,258,1,1
2026-01-01,6,Gràcia,32,el Camp d'en Grassot i Gràcia Nova,131,6066,203,1,2
2026-01-01,6,Gràcia,32,el Camp d'en Grassot i Gràcia Nova,131,6066,52,2,1
2026-01-01,6,Gràcia,32,el Camp d'en Grassot i Gràcia Nova,131,6066,35,2,2
2026-01-01,6,Gràcia,32,el Camp d'en Grassot i Gràcia Nova,131,6066,77,3,1
2026-01-01,6,Gràcia,32,el Camp d'en Grassot i Gràcia Nova,131,6066,44,3,2
2026-01-01,6,Gràcia,32,el Camp d'en Grassot i Gràcia Nova,131,6066,23,4,1
2026-01-01,6,Gràcia,32,el Camp d'en Grassot i Gràcia Nova,131,6066,29,4,2
2026-01-01,6,Gràcia,32,el Camp d'en Grassot i Gràcia Nova,131,6066,152,5,1
2026-01-01,6,Gràcia,32,el Camp d'en Grassot i Gràcia Nova,131,6066,133,5,2
2026-01-01,6,Gràcia,32,el Camp d'en Grassot i Gràcia Nova,131,6067,441,1,1
2026-01-01,6,Gràcia,32,el Camp d'en Grassot i Gràcia Nova,131,6067,397,1,2
2026-01-01,6,Gràcia,32,el Camp d'en Grassot i Gràcia Nova,131,6067,83,2,1
2026-01-01,6,Gràcia,32,el Camp d'en Grassot i Gràcia Nova,131,6067,68,2,2
2026-01-01,6,Gràcia,32,el Camp d'en Grassot i Gràcia Nova,131,6067,118,3,1
2026-01-01,6,Gràcia,32,el Camp d'en Grassot i Gràcia Nova,131,6067,93,3,2
2026-01-01,6,Gràcia,32,el Camp d'en Grassot i Gràcia Nova,131,6067,76,4,1
2026-01-01,6,Gràcia,32,el Camp d'en Grassot i Gràcia Nova,131,6067,81,4,2
2026-01-01,6,Gràcia,32,el Camp d'en Grassot i Gràcia Nova,131,6067,279,5,1
2026-01-01,6,Gràcia,32,el Camp d'en Grassot i Gràcia Nova,131,6067,256,5,2
2026-01-01,6,Gràcia,32,el Camp d'en Grassot i Gràcia Nova,131,6067,..,6,1
2026-01-01,6,Gràcia,32,el Camp d'en Grassot i Gràcia Nova,131,6068,415,1,1
2026-01-01,6,Gràcia,32,el Camp d'en Grassot i Gràcia Nova,131,6068,337,1,2
2026-01-01,6,Gràcia,32,el Camp d'en Grassot i Gràcia Nova,131,6068,89,2,1
2026-01-01,6,Gràcia,32,el Camp d'en Grassot i Gràcia Nova,131,6068,58,2,2
2026-01-01,6,Gràcia,32,el Camp d'en Grassot i Gràcia Nova,131,6068,95,3,1
2026-01-01,6,Gràcia,32,el Camp d'en Grassot i Gràcia Nova,131,6068,85,3,2
2026-01-01,6,Gràcia,32,el Camp d'en Grassot i Gràcia Nova,131,6068,45,4,1
2026-01-01,6,Gràcia,32,el Camp d'en Grassot i Gràcia Nova,131,6068,70,4,2
2026-01-01,6,Gràcia,32,el Camp d'en Grassot i Gràcia Nova,131,6068,209,5,1
2026-01-01,6,Gràcia,32,el Camp d'en Grassot i Gràcia Nova,131,6068,186,5,2
2026-01-01,6,Gràcia,32,el Camp d'en Grassot i Gràcia Nova,131,6068,..,6,1
2026-01-01,6,Gràcia,32,el Camp d'en Grassot i Gràcia Nova,131,6068,..,6,2
2026-01-01,6,Gràcia,32,el Camp d'en Grassot i Gràcia Nova,131,6069,258,1,1
2026-01-01,6,Gràcia,32,el Camp d'en Grassot i Gràcia Nova,131,6069,236,1,2
2026-01-01,6,Gràcia,32,el Camp d'en Grassot i Gràcia Nova,131,6069,64,2,1
2026-01-01,6,Gràcia,32,el Camp d'en Grassot i Gràcia Nova,131,6069,39,2,2
2026-01-01,6,Gràcia,32,el Camp d'en Grassot i Gràcia Nova,131,6069,60,3,1
2026-01-01,6,Gràcia,32,el Camp d'en Grassot i Gràcia Nova,131,6069,46,3,2
2026-01-01,6,Gràcia,32,el Camp d'en Grassot i Gràcia Nova,131,6069,40,4,1
2026-01-01,6,Gràcia,32,el Camp d'en Grassot i Gràcia Nova,131,6069,37,4,2
2026-01-01,6,Gràcia,32,el Camp d'en Grassot i Gràcia Nova,131,6069,181,5,1
2026-01-01,6,Gràcia,32,el Camp d'en Grassot i Gràcia Nova,131,6069,147,5,2
2026-01-01,6,Gràcia,32,el Camp d'en Grassot i Gràcia Nova,131,6070,434,1,1
2026-01-01,6,Gràcia,32,el Camp d'en Grassot i Gràcia Nova,131,6070,353,1,2
2026-01-01,6,Gràcia,32,el Camp d'en Grassot i Gràcia Nova,131,6070,94,2,1
2026-01-01,6,Gràcia,32,el Camp d'en Grassot i Gràcia Nova,131,6070,66,2,2
2026-01-01,6,Gràcia,32,el Camp d'en Grassot i Gràcia Nova,131,6070,124,3,1
2026-01-01,6,Gràcia,32,el Camp d'en Grassot i Gràcia Nova,131,6070,98,3,2
2026-01-01,6,Gràcia,32,el Camp d'en Grassot i Gràcia Nova,131,6070,64,4,1
2026-01-01,6,Gràcia,32,el Camp d'en Grassot i Gràcia Nova,131,6070,55,4,2
2026-01-01,6,Gràcia,32,el Camp d'en Grassot i Gràcia Nova,131,6070,358,5,1
2026-01-01,6,Gràcia,32,el Camp d'en Grassot i Gràcia Nova,131,6070,276,5,2
2026-01-01,6,Gràcia,32,el Camp d'en Grassot i Gràcia Nova,132,6071,280,1,1
2026-01-01,6,Gràcia,32,el Camp d'en Grassot i Gràcia Nova,132,6071,254,1,2
2026-01-01,6,Gràcia,32,el Camp d'en Grassot i Gràcia Nova,132,6071,56,2,1
2026-01-01,6,Gràcia,32,el Camp d'en Grassot i Gràcia Nova,132,6071,52,2,2
2026-01-01,6,Gràcia,32,el Camp d'en Grassot i Gràcia Nova,132,6071,66,3,1
2026-01-01,6,Gràcia,32,el Camp d'en Grassot i Gràcia Nova,132,6071,49,3,2
2026-01-01,6,Gràcia,32,el Camp d'en Grassot i Gràcia Nova,132,6071,21,4,1
2026-01-01,6,Gràcia,32,el Camp d'en Grassot i Gràcia Nova,132,6071,18,4,2
2026-01-01,6,Gràcia,32,el Camp d'en Grassot i Gràcia Nova,132,6071,177,5,1
2026-01-01,6,Gràcia,32,el Camp d'en Grassot i Gràcia Nova,132,6071,127,5,2
2026-01-01,6,Gràcia,32,el Camp d'en Grassot i Gràcia Nova,132,6072,457,1,1
2026-01-01,6,Gràcia,32,el Camp d'en Grassot i Gràcia Nova,132,6072,404,1,2
2026-01-01,6,Gràcia,32,el Camp d'en Grassot i Gràcia Nova,132,6072,79,2,1
2026-01-01,6,Gràcia,32,el Camp d'en Grassot i Gràcia Nova,132,6072,78,2,2
2026-01-01,6,Gràcia,32,el Camp d'en Grassot i Gràcia Nova,132,6072,130,3,1
2026-01-01,6,Gràcia,32,el Camp d'en Grassot i Gràcia Nova,132,6072,93,3,2
2026-01-01,6,Gràcia,32,el Camp d'en Grassot i Gràcia Nova,132,6072,40,4,1
2026-01-01,6,Gràcia,32,el Camp d'en Grassot i Gràcia Nova,132,6072,38,4,2
2026-01-01,6,Gràcia,32,el Camp d'en Grassot i Gràcia Nova,132,6072,199,5,1
2026-01-01,6,Gràcia,32,el Camp d'en Grassot i Gràcia Nova,132,6072,171,5,2
2026-01-01,6,Gràcia,32,el Camp d'en Grassot i Gràcia Nova,132,6073,325,1,1
2026-01-01,6,Gràcia,32,el Camp d'en Grassot i Gràcia Nova,132,6073,299,1,2
2026-01-01,6,Gràcia,32,el Camp d'en Grassot i Gràcia Nova,132,6073,45,2,1
2026-01-01,6,Gràcia,32,el Camp d'en Grassot i Gràcia Nova,132,6073,43,2,2
2026-01-01,6,Gràcia,32,el Camp d'en Grassot i Gràcia Nova,132,6073,102,3,1
2026-01-01,6,Gràcia,32,el Camp d'en Grassot i Gràcia Nova,132,6073,74,3,2
2026-01-01,6,Gràcia,32,el Camp d'en Grassot i Gràcia Nova,132,6073,45,4,1
2026-01-01,6,Gràcia,32,el Camp d'en Grassot i Gràcia Nova,132,6073,28,4,2
2026-01-01,6,Gràcia,32,el Camp d'en Grassot i Gràcia Nova,132,6073,192,5,1
2026-01-01,6,Gràcia,32,el Camp d'en Grassot i Gràcia Nova,132,6073,172,5,2
2026-01-01,6,Gràcia,32,el Camp d'en Grassot i Gràcia Nova,132,6074,298,1,1
2026-01-01,6,Gràcia,32,el Camp d'en Grassot i Gràcia Nova,132,6074,292,1,2
2026-01-01,6,Gràcia,32,el Camp d'en Grassot i Gràcia Nova,132,6074,45,2,1
2026-01-01,6,Gràcia,32,el Camp d'en Grassot i Gràcia Nova,132,6074,34,2,2
2026-01-01,6,Gràcia,32,el Camp d'en Grassot i Gràcia Nova,132,6074,62,3,1
2026-01-01,6,Gràcia,32,el Camp d'en Grassot i Gràcia Nova,132,6074,42,3,2
2026-01-01,6,Gràcia,32,el Camp d'en Grassot i Gràcia Nova,132,6074,33,4,1
2026-01-01,6,Gràcia,32,el Camp d'en Grassot i Gràcia Nova,132,6074,27,4,2
2026-01-01,6,Gràcia,32,el Camp d'en Grassot i Gràcia Nova,132,6074,180,5,1
2026-01-01,6,Gràcia,32,el Camp d'en Grassot i Gràcia Nova,132,6074,145,5,2
2026-01-01,6,Gràcia,32,el Camp d'en Grassot i Gràcia Nova,132,6075,348,1,1
2026-01-01,6,Gràcia,32,el Camp d'en Grassot i Gràcia Nova,132,6075,302,1,2
2026-01-01,6,Gràcia,32,el Camp d'en Grassot i Gràcia Nova,132,6075,45,2,1
2026-01-01,6,Gràcia,32,el Camp d'en Grassot i Gràcia Nova,132,6075,43,2,2
2026-01-01,6,Gràcia,32,el Camp d'en Grassot i Gràcia Nova,132,6075,72,3,1
2026-01-01,6,Gràcia,32,el Camp d'en Grassot i Gràcia Nova,132,6075,51,3,2
2026-01-01,6,Gràcia,32,el Camp d'en Grassot i Gràcia Nova,132,6075,20,4,1
2026-01-01,6,Gràcia,32,el Camp d'en Grassot i Gràcia Nova,132,6075,29,4,2
2026-01-01,6,Gràcia,32,el Camp d'en Grassot i Gràcia Nova,132,6075,112,5,1
2026-01-01,6,Gràcia,32,el Camp d'en Grassot i Gràcia Nova,132,6075,97,5,2
2026-01-01,6,Gràcia,32,el Camp d'en Grassot i Gràcia Nova,132,6075,..,6,1
2026-01-01,6,Gràcia,32,el Camp d'en Grassot i Gràcia Nova,132,6076,356,1,1
2026-01-01,6,Gràcia,32,el Camp d'en Grassot i Gràcia Nova,132,6076,337,1,2
2026-01-01,6,Gràcia,32,el Camp d'en Grassot i Gràcia Nova,132,6076,56,2,1
2026-01-01,6,Gràcia,32,el Camp d'en Grassot i Gràcia Nova,132,6076,63,2,2
2026-01-01,6,Gràcia,32,el Camp d'en Grassot i Gràcia Nova,132,6076,81,3,1
2026-01-01,6,Gràcia,32,el Camp d'en Grassot i Gràcia Nova,132,6076,51,3,2
2026-01-01,6,Gràcia,32,el Camp d'en Grassot i Gràcia Nova,132,6076,22,4,1
2026-01-01,6,Gràcia,32,el Camp d'en Grassot i Gràcia Nova,132,6076,23,4,2
2026-01-01,6,Gràcia,32,el Camp d'en Grassot i Gràcia Nova,132,6076,138,5,1
2026-01-01,6,Gràcia,32,el Camp d'en Grassot i Gràcia Nova,132,6076,119,5,2
2026-01-01,6,Gràcia,32,el Camp d'en Grassot i Gràcia Nova,133,6077,311,1,1
2026-01-01,6,Gràcia,32,el Camp d'en Grassot i Gràcia Nova,133,6077,245,1,2
2026-01-01,6,Gràcia,32,el Camp d'en Grassot i Gràcia Nova,133,6077,51,2,1
2026-01-01,6,Gràcia,32,el Camp d'en Grassot i Gràcia Nova,133,6077,57,2,2
2026-01-01,6,Gràcia,32,el Camp d'en Grassot i Gràcia Nova,133,6077,81,3,1
2026-01-01,6,Gràcia,32,el Camp d'en Grassot i Gràcia Nova,133,6077,56,3,2
2026-01-01,6,Gràcia,32,el Camp d'en Grassot i Gràcia Nova,133,6077,34,4,1
2026-01-01,6,Gràcia,32,el Camp d'en Grassot i Gràcia Nova,133,6077,30,4,2
2026-01-01,6,Gràcia,32,el Camp d'en Grassot i Gràcia Nova,133,6077,190,5,1
2026-01-01,6,Gràcia,32,el Camp d'en Grassot i Gràcia Nova,133,6077,158,5,2
2026-01-01,6,Gràcia,32,el Camp d'en Grassot i Gràcia Nova,133,6078,291,1,1
2026-01-01,6,Gràcia,32,el Camp d'en Grassot i Gràcia Nova,133,6078,295,1,2
2026-01-01,6,Gràcia,32,el Camp d'en Grassot i Gràcia Nova,133,6078,68,2,1
2026-01-01,6,Gràcia,32,el Camp d'en Grassot i Gràcia Nova,133,6078,46,2,2
2026-01-01,6,Gràcia,32,el Camp d'en Grassot i Gràcia Nova,133,6078,76,3,1
2026-01-01,6,Gràcia,32,el Camp d'en Grassot i Gràcia Nova,133,6078,56,3,2
2026-01-01,6,Gràcia,32,el Camp d'en Grassot i Gràcia Nova,133,6078,56,4,1
2026-01-01,6,Gràcia,32,el Camp d'en Grassot i Gràcia Nova,133,6078,66,4,2
2026-01-01,6,Gràcia,32,el Camp d'en Grassot i Gràcia Nova,133,6078,210,5,1
2026-01-01,6,Gràcia,32,el Camp d'en Grassot i Gràcia Nova,133,6078,183,5,2
2026-01-01,6,Gràcia,32,el Camp d'en Grassot i Gràcia Nova,133,6079,313,1,1
2026-01-01,6,Gràcia,32,el Camp d'en Grassot i Gràcia Nova,133,6079,285,1,2
2026-01-01,6,Gràcia,32,el Camp d'en Grassot i Gràcia Nova,133,6079,62,2,1
2026-01-01,6,Gràcia,32,el Camp d'en Grassot i Gràcia Nova,133,6079,37,2,2
2026-01-01,6,Gràcia,32,el Camp d'en Grassot i Gràcia Nova,133,6079,91,3,1
2026-01-01,6,Gràcia,32,el Camp d'en Grassot i Gràcia Nova,133,6079,61,3,2
2026-01-01,6,Gràcia,32,el Camp d'en Grassot i Gràcia Nova,133,6079,28,4,1
2026-01-01,6,Gràcia,32,el Camp d'en Grassot i Gràcia Nova,133,6079,30,4,2
2026-01-01,6,Gràcia,32,el Camp d'en Grassot i Gràcia Nova,133,6079,157,5,1
2026-01-01,6,Gràcia,32,el Camp d'en Grassot i Gràcia Nova,133,6079,114,5,2
2026-01-01,6,Gràcia,32,el Camp d'en Grassot i Gràcia Nova,133,6079,..,6,1
2026-01-01,6,Gràcia,32,el Camp d'en Grassot i Gràcia Nova,133,6080,320,1,1
2026-01-01,6,Gràcia,32,el Camp d'en Grassot i Gràcia Nova,133,6080,305,1,2
2026-01-01,6,Gràcia,32,el Camp d'en Grassot i Gràcia Nova,133,6080,43,2,1
2026-01-01,6,Gràcia,32,el Camp d'en Grassot i Gràcia Nova,133,6080,27,2,2
2026-01-01,6,Gràcia,32,el Camp d'en Grassot i Gràcia Nova,133,6080,90,3,1
2026-01-01,6,Gràcia,32,el Camp d'en Grassot i Gràcia Nova,133,6080,61,3,2
2026-01-01,6,Gràcia,32,el Camp d'en Grassot i Gràcia Nova,133,6080,20,4,1
2026-01-01,6,Gràcia,32,el Camp d'en Grassot i Gràcia Nova,133,6080,23,4,2
2026-01-01,6,Gràcia,32,el Camp d'en Grassot i Gràcia Nova,133,6080,127,5,1
2026-01-01,6,Gràcia,32,el Camp d'en Grassot i Gràcia Nova,133,6080,116,5,2
2026-01-01,6,Gràcia,32,el Camp d'en Grassot i Gràcia Nova,133,6081,315,1,1
2026-01-01,6,Gràcia,32,el Camp d'en Grassot i Gràcia Nova,133,6081,326,1,2
2026-01-01,6,Gràcia,32,el Camp d'en Grassot i Gràcia Nova,133,6081,53,2,1
2026-01-01,6,Gràcia,32,el Camp d'en Grassot i Gràcia Nova,133,6081,53,2,2
2026-01-01,6,Gràcia,32,el Camp d'en Grassot i Gràcia Nova,133,6081,100,3,1
2026-01-01,6,Gràcia,32,el Camp d'en Grassot i Gràcia Nova,133,6081,55,3,2
2026-01-01,6,Gràcia,32,el Camp d'en Grassot i Gràcia Nova,133,6081,50,4,1
2026-01-01,6,Gràcia,32,el Camp d'en Grassot i Gràcia Nova,133,6081,43,4,2
2026-01-01,6,Gràcia,32,el Camp d'en Grassot i Gràcia Nova,133,6081,198,5,1
2026-01-01,6,Gràcia,32,el Camp d'en Grassot i Gràcia Nova,133,6081,149,5,2
2026-01-01,6,Gràcia,32,el Camp d'en Grassot i Gràcia Nova,134,6082,607,1,1
2026-01-01,6,Gràcia,32,el Camp d'en Grassot i Gràcia Nova,134,6082,528,1,2
2026-01-01,6,Gràcia,32,el Camp d'en Grassot i Gràcia Nova,134,6082,113,2,1
2026-01-01,6,Gràcia,32,el Camp d'en Grassot i Gràcia Nova,134,6082,82,2,2
2026-01-01,6,Gràcia,32,el Camp d'en Grassot i Gràcia Nova,134,6082,132,3,1
2026-01-01,6,Gràcia,32,el Camp d'en Grassot i Gràcia Nova,134,6082,119,3,2
2026-01-01,6,Gràcia,32,el Camp d'en Grassot i Gràcia Nova,134,6082,97,4,1
2026-01-01,6,Gràcia,32,el Camp d'en Grassot i Gràcia Nova,134,6082,99,4,2
2026-01-01,6,Gràcia,32,el Camp d'en Grassot i Gràcia Nova,134,6082,661,5,1
2026-01-01,6,Gràcia,32,el Camp d'en Grassot i Gràcia Nova,134,6082,891,5,2
2026-01-01,6,Gràcia,32,el Camp d'en Grassot i Gràcia Nova,134,6082,..,6,1
2026-01-01,6,Gràcia,32,el Camp d'en Grassot i Gràcia Nova,134,6083,470,1,1
2026-01-01,6,Gràcia,32,el Camp d'en Grassot i Gràcia Nova,134,6083,476,1,2
2026-01-01,6,Gràcia,32,el Camp d'en Grassot i Gràcia Nova,134,6083,93,2,1
2026-01-01,6,Gràcia,32,el Camp d'en Grassot i Gràcia Nova,134,6083,47,2,2
2026-01-01,6,Gràcia,32,el Camp d'en Grassot i Gràcia Nova,134,6083,142,3,1
2026-01-01,6,Gràcia,32,el Camp d'en Grassot i Gràcia Nova,134,6083,81,3,2
2026-01-01,6,Gràcia,32,el Camp d'en Grassot i Gràcia Nova,134,6083,44,4,1
2026-01-01,6,Gràcia,32,el Camp d'en Grassot i Gràcia Nova,134,6083,45,4,2
2026-01-01,6,Gràcia,32,el Camp d'en Grassot i Gràcia Nova,134,6083,163,5,1
2026-01-01,6,Gràcia,32,el Camp d'en Grassot i Gràcia Nova,134,6083,120,5,2
2026-01-01,6,Gràcia,32,el Camp d'en Grassot i Gràcia Nova,134,6084,415,1,1
2026-01-01,6,Gràcia,32,el Camp d'en Grassot i Gràcia Nova,134,6084,361,1,2
2026-01-01,6,Gràcia,32,el Camp d'en Grassot i Gràcia Nova,134,6084,74,2,1
2026-01-01,6,Gràcia,32,el Camp d'en Grassot i Gràcia Nova,134,6084,52,2,2
2026-01-01,6,Gràcia,32,el Camp d'en Grassot i Gràcia Nova,134,6084,114,3,1
2026-01-01,6,Gràcia,32,el Camp d'en Grassot i Gràcia Nova,134,6084,60,3,2
2026-01-01,6,Gràcia,32,el Camp d'en Grassot i Gràcia Nova,134,6084,53,4,1
2026-01-01,6,Gràcia,32,el Camp d'en Grassot i Gràcia Nova,134,6084,40,4,2
2026-01-01,6,Gràcia,32,el Camp d'en Grassot i Gràcia Nova,134,6084,172,5,1
2026-01-01,6,Gràcia,32,el Camp d'en Grassot i Gràcia Nova,134,6084,156,5,2
2026-01-01,6,Gràcia,32,el Camp d'en Grassot i Gràcia Nova,134,6084,..,6,1
2026-01-01,6,Gràcia,32,el Camp d'en Grassot i Gràcia Nova,134,6084,..,6,2
2026-01-01,6,Gràcia,32,el Camp d'en Grassot i Gràcia Nova,134,6085,399,1,1
2026-01-01,6,Gràcia,32,el Camp d'en Grassot i Gràcia Nova,134,6085,344,1,2
2026-01-01,6,Gràcia,32,el Camp d'en Grassot i Gràcia Nova,134,6085,75,2,1
2026-01-01,6,Gràcia,32,el Camp d'en Grassot i Gràcia Nova,134,6085,48,2,2
2026-01-01,6,Gràcia,32,el Camp d'en Grassot i Gràcia Nova,134,6085,84,3,1
2026-01-01,6,Gràcia,32,el Camp d'en Grassot i Gràcia Nova,134,6085,55,3,2
2026-01-01,6,Gràcia,32,el Camp d'en Grassot i Gràcia Nova,134,6085,45,4,1
2026-01-01,6,Gràcia,32,el Camp d'en Grassot i Gràcia Nova,134,6085,40,4,2
2026-01-01,6,Gràcia,32,el Camp d'en Grassot i Gràcia Nova,134,6085,149,5,1
2026-01-01,6,Gràcia,32,el Camp d'en Grassot i Gràcia Nova,134,6085,117,5,2
2026-01-01,6,Gràcia,32,el Camp d'en Grassot i Gràcia Nova,134,6085,..,6,1
2026-01-01,6,Gràcia,32,el Camp d'en Grassot i Gràcia Nova,134,6086,318,1,1
2026-01-01,6,Gràcia,32,el Camp d'en Grassot i Gràcia Nova,134,6086,297,1,2
2026-01-01,6,Gràcia,32,el Camp d'en Grassot i Gràcia Nova,134,6086,56,2,1
2026-01-01,6,Gràcia,32,el Camp d'en Grassot i Gràcia Nova,134,6086,40,2,2
2026-01-01,6,Gràcia,32,el Camp d'en Grassot i Gràcia Nova,134,6086,63,3,1
2026-01-01,6,Gràcia,32,el Camp d'en Grassot i Gràcia Nova,134,6086,38,3,2
2026-01-01,6,Gràcia,32,el Camp d'en Grassot i Gràcia Nova,134,6086,33,4,1
2026-01-01,6,Gràcia,32,el Camp d'en Grassot i Gràcia Nova,134,6086,25,4,2
2026-01-01,6,Gràcia,32,el Camp d'en Grassot i Gràcia Nova,134,6086,84,5,1
2026-01-01,6,Gràcia,32,el Camp d'en Grassot i Gràcia Nova,134,6086,55,5,2
2026-01-01,6,Gràcia,32,el Camp d'en Grassot i Gràcia Nova,134,6087,547,1,1
2026-01-01,6,Gràcia,32,el Camp d'en Grassot i Gràcia Nova,134,6087,499,1,2
2026-01-01,6,Gràcia,32,el Camp d'en Grassot i Gràcia Nova,134,6087,100,2,1
2026-01-01,6,Gràcia,32,el Camp d'en Grassot i Gràcia Nova,134,6087,89,2,2
2026-01-01,6,Gràcia,32,el Camp d'en Grassot i Gràcia Nova,134,6087,166,3,1
2026-01-01,6,Gràcia,32,el Camp d'en Grassot i Gràcia Nova,134,6087,102,3,2
2026-01-01,6,Gràcia,32,el Camp d'en Grassot i Gràcia Nova,134,6087,30,4,1
2026-01-01,6,Gràcia,32,el Camp d'en Grassot i Gràcia Nova,134,6087,23,4,2
2026-01-01,6,Gràcia,32,el Camp d'en Grassot i Gràcia Nova,134,6087,149,5,1
2026-01-01,6,Gràcia,32,el Camp d'en Grassot i Gràcia Nova,134,6087,104,5,2
2026-01-01,6,Gràcia,32,el Camp d'en Grassot i Gràcia Nova,134,6088,386,1,1
2026-01-01,6,Gràcia,32,el Camp d'en Grassot i Gràcia Nova,134,6088,338,1,2
2026-01-01,6,Gràcia,32,el Camp d'en Grassot i Gràcia Nova,134,6088,64,2,1
2026-01-01,6,Gràcia,32,el Camp d'en Grassot i Gràcia Nova,134,6088,43,2,2
2026-01-01,6,Gràcia,32,el Camp d'en Grassot i Gràcia Nova,134,6088,94,3,1
2026-01-01,6,Gràcia,32,el Camp d'en Grassot i Gràcia Nova,134,6088,54,3,2
2026-01-01,6,Gràcia,32,el Camp d'en Grassot i Gràcia Nova,134,6088,27,4,1
2026-01-01,6,Gràcia,32,el Camp d'en Grassot i Gràcia Nova,134,6088,27,4,2
2026-01-01,6,Gràcia,32,el Camp d'en Grassot i Gràcia Nova,134,6088,137,5,1
2026-01-01,6,Gràcia,32,el Camp d'en Grassot i Gràcia Nova,134,6088,115,5,2
2026-01-01,7,Horta-Guinardó,33,el Baix Guinardó,135,7001,461,1,1
2026-01-01,7,Horta-Guinardó,33,el Baix Guinardó,135,7001,392,1,2
2026-01-01,7,Horta-Guinardó,33,el Baix Guinardó,135,7001,73,2,1
2026-01-01,7,Horta-Guinardó,33,el Baix Guinardó,135,7001,55,2,2
2026-01-01,7,Horta-Guinardó,33,el Baix Guinardó,135,7001,134,3,1
2026-01-01,7,Horta-Guinardó,33,el Baix Guinardó,135,7001,80,3,2
2026-01-01,7,Horta-Guinardó,33,el Baix Guinardó,135,7001,21,4,1
2026-01-01,7,Horta-Guinardó,33,el Baix Guinardó,135,7001,24,4,2
2026-01-01,7,Horta-Guinardó,33,el Baix Guinardó,135,7001,186,5,1
2026-01-01,7,Horta-Guinardó,33,el Baix Guinardó,135,7001,138,5,2
2026-01-01,7,Horta-Guinardó,33,el Baix Guinardó,135,7002,295,1,1
2026-01-01,7,Horta-Guinardó,33,el Baix Guinardó,135,7002,274,1,2
2026-01-01,7,Horta-Guinardó,33,el Baix Guinardó,135,7002,66,2,1
2026-01-01,7,Horta-Guinardó,33,el Baix Guinardó,135,7002,32,2,2
2026-01-01,7,Horta-Guinardó,33,el Baix Guinardó,135,7002,93,3,1
2026-01-01,7,Horta-Guinardó,33,el Baix Guinardó,135,7002,61,3,2
2026-01-01,7,Horta-Guinardó,33,el Baix Guinardó,135,7002,26,4,1
2026-01-01,7,Horta-Guinardó,33,el Baix Guinardó,135,7002,19,4,2
2026-01-01,7,Horta-Guinardó,33,el Baix Guinardó,135,7002,144,5,1
2026-01-01,7,Horta-Guinardó,33,el Baix Guinardó,135,7002,90,5,2
2026-01-01,7,Horta-Guinardó,33,el Baix Guinardó,135,7003,346,1,1
2026-01-01,7,Horta-Guinardó,33,el Baix Guinardó,135,7003,300,1,2
2026-01-01,7,Horta-Guinardó,33,el Baix Guinardó,135,7003,56,2,1
2026-01-01,7,Horta-Guinardó,33,el Baix Guinardó,135,7003,55,2,2
2026-01-01,7,Horta-Guinardó,33,el Baix Guinardó,135,7003,67,3,1
2026-01-01,7,Horta-Guinardó,33,el Baix Guinardó,135,7003,58,3,2
2026-01-01,7,Horta-Guinardó,33,el Baix Guinardó,135,7003,35,4,1
2026-01-01,7,Horta-Guinardó,33,el Baix Guinardó,135,7003,37,4,2
2026-01-01,7,Horta-Guinardó,33,el Baix Guinardó,135,7003,218,5,1
2026-01-01,7,Horta-Guinardó,33,el Baix Guinardó,135,7003,170,5,2
2026-01-01,7,Horta-Guinardó,33,el Baix Guinardó,135,7003,..,6,1
2026-01-01,7,Horta-Guinardó,33,el Baix Guinardó,135,7004,337,1,1
2026-01-01,7,Horta-Guinardó,33,el Baix Guinardó,135,7004,313,1,2
2026-01-01,7,Horta-Guinardó,33,el Baix Guinardó,135,7004,57,2,1
2026-01-01,7,Horta-Guinardó,33,el Baix Guinardó,135,7004,46,2,2
2026-01-01,7,Horta-Guinardó,33,el Baix Guinardó,135,7004,122,3,1
2026-01-01,7,Horta-Guinardó,33,el Baix Guinardó,135,7004,72,3,2
2026-01-01,7,Horta-Guinardó,33,el Baix Guinardó,135,7004,38,4,1
2026-01-01,7,Horta-Guinardó,33,el Baix Guinardó,135,7004,42,4,2
2026-01-01,7,Horta-Guinardó,33,el Baix Guinardó,135,7004,291,5,1
2026-01-01,7,Horta-Guinardó,33,el Baix Guinardó,135,7004,268,5,2
2026-01-01,7,Horta-Guinardó,33,el Baix Guinardó,135,7004,..,6,1
2026-01-01,7,Horta-Guinardó,33,el Baix Guinardó,135,7005,332,1,1
2026-01-01,7,Horta-Guinardó,33,el Baix Guinardó,135,7005,330,1,2
2026-01-01,7,Horta-Guinardó,33,el Baix Guinardó,135,7005,57,2,1
2026-01-01,7,Horta-Guinardó,33,el Baix Guinardó,135,7005,50,2,2
2026-01-01,7,Horta-Guinardó,33,el Baix Guinardó,135,7005,131,3,1
2026-01-01,7,Horta-Guinardó,33,el Baix Guinardó,135,7005,77,3,2
2026-01-01,7,Horta-Guinardó,33,el Baix Guinardó,135,7005,37,4,1
2026-01-01,7,Horta-Guinardó,33,el Baix Guinardó,135,7005,41,4,2
2026-01-01,7,Horta-Guinardó,33,el Baix Guinardó,135,7005,221,5,1
2026-01-01,7,Horta-Guinardó,33,el Baix Guinardó,135,7005,177,5,2
2026-01-01,7,Horta-Guinardó,33,el Baix Guinardó,135,7006,266,1,1
2026-01-01,7,Horta-Guinardó,33,el Baix Guinardó,135,7006,253,1,2
2026-01-01,7,Horta-Guinardó,33,el Baix Guinardó,135,7006,38,2,1
2026-01-01,7,Horta-Guinardó,33,el Baix Guinardó,135,7006,30,2,2
2026-01-01,7,Horta-Guinardó,33,el Baix Guinardó,135,7006,90,3,1
2026-01-01,7,Horta-Guinardó,33,el Baix Guinardó,135,7006,55,3,2
2026-01-01,7,Horta-Guinardó,33,el Baix Guinardó,135,7006,17,4,1
2026-01-01,7,Horta-Guinardó,33,el Baix Guinardó,135,7006,15,4,2
2026-01-01,7,Horta-Guinardó,33,el Baix Guinardó,135,7006,96,5,1
2026-01-01,7,Horta-Guinardó,33,el Baix Guinardó,135,7006,96,5,2
2026-01-01,7,Horta-Guinardó,33,el Baix Guinardó,135,7007,384,1,1
2026-01-01,7,Horta-Guinardó,33,el Baix Guinardó,135,7007,329,1,2
2026-01-01,7,Horta-Guinardó,33,el Baix Guinardó,135,7007,59,2,1
2026-01-01,7,Horta-Guinardó,33,el Baix Guinardó,135,7007,39,2,2
2026-01-01,7,Horta-Guinardó,33,el Baix Guinardó,135,7007,107,3,1
2026-01-01,7,Horta-Guinardó,33,el Baix Guinardó,135,7007,59,3,2
2026-01-01,7,Horta-Guinardó,33,el Baix Guinardó,135,7007,18,4,1
2026-01-01,7,Horta-Guinardó,33,el Baix Guinardó,135,7007,29,4,2
2026-01-01,7,Horta-Guinardó,33,el Baix Guinardó,135,7007,196,5,1
2026-01-01,7,Horta-Guinardó,33,el Baix Guinardó,135,7007,178,5,2
2026-01-01,7,Horta-Guinardó,33,el Baix Guinardó,135,7008,370,1,1
2026-01-01,7,Horta-Guinardó,33,el Baix Guinardó,135,7008,389,1,2
2026-01-01,7,Horta-Guinardó,33,el Baix Guinardó,135,7008,61,2,1
2026-01-01,7,Horta-Guinardó,33,el Baix Guinardó,135,7008,44,2,2
2026-01-01,7,Horta-Guinardó,33,el Baix Guinardó,135,7008,109,3,1
2026-01-01,7,Horta-Guinardó,33,el Baix Guinardó,135,7008,82,3,2
2026-01-01,7,Horta-Guinardó,33,el Baix Guinardó,135,7008,29,4,1
2026-01-01,7,Horta-Guinardó,33,el Baix Guinardó,135,7008,25,4,2
2026-01-01,7,Horta-Guinardó,33,el Baix Guinardó,135,7008,152,5,1
2026-01-01,7,Horta-Guinardó,33,el Baix Guinardó,135,7008,138,5,2
2026-01-01,7,Horta-Guinardó,33,el Baix Guinardó,136,7009,263,1,1
2026-01-01,7,Horta-Guinardó,33,el Baix Guinardó,136,7009,230,1,2
2026-01-01,7,Horta-Guinardó,33,el Baix Guinardó,136,7009,42,2,1
2026-01-01,7,Horta-Guinardó,33,el Baix Guinardó,136,7009,47,2,2
2026-01-01,7,Horta-Guinardó,33,el Baix Guinardó,136,7009,113,3,1
2026-01-01,7,Horta-Guinardó,33,el Baix Guinardó,136,7009,47,3,2
2026-01-01,7,Horta-Guinardó,33,el Baix Guinardó,136,7009,47,4,1
2026-01-01,7,Horta-Guinardó,33,el Baix Guinardó,136,7009,30,4,2
2026-01-01,7,Horta-Guinardó,33,el Baix Guinardó,136,7009,263,5,1
2026-01-01,7,Horta-Guinardó,33,el Baix Guinardó,136,7009,235,5,2
2026-01-01,7,Horta-Guinardó,33,el Baix Guinardó,136,7010,327,1,1
2026-01-01,7,Horta-Guinardó,33,el Baix Guinardó,136,7010,334,1,2
2026-01-01,7,Horta-Guinardó,33,el Baix Guinardó,136,7010,57,2,1
2026-01-01,7,Horta-Guinardó,33,el Baix Guinardó,136,7010,26,2,2
2026-01-01,7,Horta-Guinardó,33,el Baix Guinardó,136,7010,83,3,1
2026-01-01,7,Horta-Guinardó,33,el Baix Guinardó,136,7010,60,3,2
2026-01-01,7,Horta-Guinardó,33,el Baix Guinardó,136,7010,28,4,1
2026-01-01,7,Horta-Guinardó,33,el Baix Guinardó,136,7010,30,4,2
2026-01-01,7,Horta-Guinardó,33,el Baix Guinardó,136,7010,218,5,1
2026-01-01,7,Horta-Guinardó,33,el Baix Guinardó,136,7010,162,5,2
2026-01-01,7,Horta-Guinardó,33,el Baix Guinardó,136,7011,220,1,1
2026-01-01,7,Horta-Guinardó,33,el Baix Guinardó,136,7011,227,1,2
2026-01-01,7,Horta-Guinardó,33,el Baix Guinardó,136,7011,55,2,1
2026-01-01,7,Horta-Guinardó,33,el Baix Guinardó,136,7011,29,2,2
2026-01-01,7,Horta-Guinardó,33,el Baix Guinardó,136,7011,93,3,1
2026-01-01,7,Horta-Guinardó,33,el Baix Guinardó,136,7011,57,3,2
2026-01-01,7,Horta-Guinardó,33,el Baix Guinardó,136,7011,36,4,1
2026-01-01,7,Horta-Guinardó,33,el Baix Guinardó,136,7011,30,4,2
2026-01-01,7,Horta-Guinardó,33,el Baix Guinardó,136,7011,198,5,1
2026-01-01,7,Horta-Guinardó,33,el Baix Guinardó,136,7011,209,5,2
2026-01-01,7,Horta-Guinardó,33,el Baix Guinardó,136,7011,..,6,1
2026-01-01,7,Horta-Guinardó,33,el Baix Guinardó,136,7012,349,1,1
2026-01-01,7,Horta-Guinardó,33,el Baix Guinardó,136,7012,356,1,2
2026-01-01,7,Horta-Guinardó,33,el Baix Guinardó,136,7012,60,2,1
2026-01-01,7,Horta-Guinardó,33,el Baix Guinardó,136,7012,50,2,2
2026-01-01,7,Horta-Guinardó,33,el Baix Guinardó,136,7012,141,3,1
2026-01-01,7,Horta-Guinardó,33,el Baix Guinardó,136,7012,103,3,2
2026-01-01,7,Horta-Guinardó,33,el Baix Guinardó,136,7012,38,4,1
2026-01-01,7,Horta-Guinardó,33,el Baix Guinardó,136,7012,28,4,2
2026-01-01,7,Horta-Guinardó,33,el Baix Guinardó,136,7012,266,5,1
2026-01-01,7,Horta-Guinardó,33,el Baix Guinardó,136,7012,207,5,2
2026-01-01,7,Horta-Guinardó,33,el Baix Guinardó,136,7012,..,6,2
2026-01-01,7,Horta-Guinardó,33,el Baix Guinardó,136,7013,311,1,1
2026-01-01,7,Horta-Guinardó,33,el Baix Guinardó,136,7013,315,1,2
2026-01-01,7,Horta-Guinardó,33,el Baix Guinardó,136,7013,62,2,1
2026-01-01,7,Horta-Guinardó,33,el Baix Guinardó,136,7013,43,2,2
2026-01-01,7,Horta-Guinardó,33,el Baix Guinardó,136,7013,114,3,1
2026-01-01,7,Horta-Guinardó,33,el Baix Guinardó,136,7013,73,3,2
2026-01-01,7,Horta-Guinardó,33,el Baix Guinardó,136,7013,22,4,1
2026-01-01,7,Horta-Guinardó,33,el Baix Guinardó,136,7013,22,4,2
2026-01-01,7,Horta-Guinardó,33,el Baix Guinardó,136,7013,140,5,1
2026-01-01,7,Horta-Guinardó,33,el Baix Guinardó,136,7013,130,5,2
2026-01-01,7,Horta-Guinardó,33,el Baix Guinardó,137,7014,206,1,1
2026-01-01,7,Horta-Guinardó,33,el Baix Guinardó,137,7014,203,1,2
2026-01-01,7,Horta-Guinardó,33,el Baix Guinardó,137,7014,24,2,1
2026-01-01,7,Horta-Guinardó,33,el Baix Guinardó,137,7014,32,2,2
2026-01-01,7,Horta-Guinardó,33,el Baix Guinardó,137,7014,83,3,1
2026-01-01,7,Horta-Guinardó,33,el Baix Guinardó,137,7014,48,3,2
2026-01-01,7,Horta-Guinardó,33,el Baix Guinardó,137,7014,17,4,1
2026-01-01,7,Horta-Guinardó,33,el Baix Guinardó,137,7014,13,4,2
2026-01-01,7,Horta-Guinardó,33,el Baix Guinardó,137,7014,149,5,1
2026-01-01,7,Horta-Guinardó,33,el Baix Guinardó,137,7014,132,5,2
2026-01-01,7,Horta-Guinardó,33,el Baix Guinardó,137,7015,343,1,1
2026-01-01,7,Horta-Guinardó,33,el Baix Guinardó,137,7015,343,1,2
2026-01-01,7,Horta-Guinardó,33,el Baix Guinardó,137,7015,49,2,1
2026-01-01,7,Horta-Guinardó,33,el Baix Guinardó,137,7015,41,2,2
2026-01-01,7,Horta-Guinardó,33,el Baix Guinardó,137,7015,123,3,1
2026-01-01,7,Horta-Guinardó,33,el Baix Guinardó,137,7015,76,3,2
2026-01-01,7,Horta-Guinardó,33,el Baix Guinardó,137,7015,31,4,1
2026-01-01,7,Horta-Guinardó,33,el Baix Guinardó,137,7015,23,4,2
2026-01-01,7,Horta-Guinardó,33,el Baix Guinardó,137,7015,210,5,1
2026-01-01,7,Horta-Guinardó,33,el Baix Guinardó,137,7015,183,5,2
2026-01-01,7,Horta-Guinardó,33,el Baix Guinardó,137,7016,357,1,1
2026-01-01,7,Horta-Guinardó,33,el Baix Guinardó,137,7016,365,1,2
2026-01-01,7,Horta-Guinardó,33,el Baix Guinardó,137,7016,43,2,1
2026-01-01,7,Horta-Guinardó,33,el Baix Guinardó,137,7016,48,2,2
2026-01-01,7,Horta-Guinardó,33,el Baix Guinardó,137,7016,139,3,1
2026-01-01,7,Horta-Guinardó,33,el Baix Guinardó,137,7016,87,3,2
2026-01-01,7,Horta-Guinardó,33,el Baix Guinardó,137,7016,26,4,1
2026-01-01,7,Horta-Guinardó,33,el Baix Guinardó,137,7016,34,4,2
2026-01-01,7,Horta-Guinardó,33,el Baix Guinardó,137,7016,119,5,1
2026-01-01,7,Horta-Guinardó,33,el Baix Guinardó,137,7016,125,5,2
2026-01-01,7,Horta-Guinardó,33,el Baix Guinardó,137,7017,490,1,1
2026-01-01,7,Horta-Guinardó,33,el Baix Guinardó,137,7017,461,1,2
2026-01-01,7,Horta-Guinardó,33,el Baix Guinardó,137,7017,80,2,1
2026-01-01,7,Horta-Guinardó,33,el Baix Guinardó,137,7017,48,2,2
2026-01-01,7,Horta-Guinardó,33,el Baix Guinardó,137,7017,126,3,1
2026-01-01,7,Horta-Guinardó,33,el Baix Guinardó,137,7017,77,3,2
2026-01-01,7,Horta-Guinardó,33,el Baix Guinardó,137,7017,37,4,1
2026-01-01,7,Horta-Guinardó,33,el Baix Guinardó,137,7017,30,4,2
2026-01-01,7,Horta-Guinardó,33,el Baix Guinardó,137,7017,256,5,1
2026-01-01,7,Horta-Guinardó,33,el Baix Guinardó,137,7017,200,5,2
2026-01-01,7,Horta-Guinardó,33,el Baix Guinardó,137,7018,418,1,1
2026-01-01,7,Horta-Guinardó,33,el Baix Guinardó,137,7018,413,1,2
2026-01-01,7,Horta-Guinardó,33,el Baix Guinardó,137,7018,82,2,1
2026-01-01,7,Horta-Guinardó,33,el Baix Guinardó,137,7018,49,2,2
2026-01-01,7,Horta-Guinardó,33,el Baix Guinardó,137,7018,107,3,1
2026-01-01,7,Horta-Guinardó,33,el Baix Guinardó,137,7018,61,3,2
2026-01-01,7,Horta-Guinardó,33,el Baix Guinardó,137,7018,29,4,1
2026-01-01,7,Horta-Guinardó,33,el Baix Guinardó,137,7018,36,4,2
2026-01-01,7,Horta-Guinardó,33,el Baix Guinardó,137,7018,282,5,1
2026-01-01,7,Horta-Guinardó,33,el Baix Guinardó,137,7018,237,5,2
2026-01-01,7,Horta-Guinardó,33,el Baix Guinardó,137,7018,..,6,1
2026-01-01,7,Horta-Guinardó,33,el Baix Guinardó,137,7019,430,1,1
2026-01-01,7,Horta-Guinardó,33,el Baix Guinardó,137,7019,437,1,2
2026-01-01,7,Horta-Guinardó,33,el Baix Guinardó,137,7019,74,2,1
2026-01-01,7,Horta-Guinardó,33,el Baix Guinardó,137,7019,56,2,2
2026-01-01,7,Horta-Guinardó,33,el Baix Guinardó,137,7019,103,3,1
2026-01-01,7,Horta-Guinardó,33,el Baix Guinardó,137,7019,68,3,2
2026-01-01,7,Horta-Guinardó,33,el Baix Guinardó,137,7019,33,4,1
2026-01-01,7,Horta-Guinardó,33,el Baix Guinardó,137,7019,34,4,2
2026-01-01,7,Horta-Guinardó,33,el Baix Guinardó,137,7019,231,5,1
2026-01-01,7,Horta-Guinardó,33,el Baix Guinardó,137,7019,191,5,2
2026-01-01,7,Horta-Guinardó,34,Can Baró,138,7020,437,1,1
2026-01-01,7,Horta-Guinardó,34,Can Baró,138,7020,388,1,2
2026-01-01,7,Horta-Guinardó,34,Can Baró,138,7020,60,2,1
2026-01-01,7,Horta-Guinardó,34,Can Baró,138,7020,44,2,2
2026-01-01,7,Horta-Guinardó,34,Can Baró,138,7020,106,3,1
2026-01-01,7,Horta-Guinardó,34,Can Baró,138,7020,85,3,2
2026-01-01,7,Horta-Guinardó,34,Can Baró,138,7020,28,4,1
2026-01-01,7,Horta-Guinardó,34,Can Baró,138,7020,37,4,2
2026-01-01,7,Horta-Guinardó,34,Can Baró,138,7020,284,5,1
2026-01-01,7,Horta-Guinardó,34,Can Baró,138,7020,256,5,2
2026-01-01,7,Horta-Guinardó,34,Can Baró,138,7021,290,1,1
2026-01-01,7,Horta-Guinardó,34,Can Baró,138,7021,299,1,2
2026-01-01,7,Horta-Guinardó,34,Can Baró,138,7021,36,2,1
2026-01-01,7,Horta-Guinardó,34,Can Baró,138,7021,37,2,2
2026-01-01,7,Horta-Guinardó,34,Can Baró,138,7021,112,3,1
2026-01-01,7,Horta-Guinardó,34,Can Baró,138,7021,96,3,2
2026-01-01,7,Horta-Guinardó,34,Can Baró,138,7021,20,4,1
2026-01-01,7,Horta-Guinardó,34,Can Baró,138,7021,17,4,2
2026-01-01,7,Horta-Guinardó,34,Can Baró,138,7021,114,5,1
2026-01-01,7,Horta-Guinardó,34,Can Baró,138,7021,73,5,2
2026-01-01,7,Horta-Guinardó,34,Can Baró,138,7022,319,1,1
2026-01-01,7,Horta-Guinardó,34,Can Baró,138,7022,337,1,2
2026-01-01,7,Horta-Guinardó,34,Can Baró,138,7022,50,2,1
2026-01-01,7,Horta-Guinardó,34,Can Baró,138,7022,31,2,2
2026-01-01,7,Horta-Guinardó,34,Can Baró,138,7022,117,3,1
2026-01-01,7,Horta-Guinardó,34,Can Baró,138,7022,62,3,2
2026-01-01,7,Horta-Guinardó,34,Can Baró,138,7022,14,4,1
2026-01-01,7,Horta-Guinardó,34,Can Baró,138,7022,11,4,2
2026-01-01,7,Horta-Guinardó,34,Can Baró,138,7022,122,5,1
2026-01-01,7,Horta-Guinardó,34,Can Baró,138,7022,127,5,2
2026-01-01,7,Horta-Guinardó,34,Can Baró,138,7023,303,1,1
2026-01-01,7,Horta-Guinardó,34,Can Baró,138,7023,329,1,2
2026-01-01,7,Horta-Guinardó,34,Can Baró,138,7023,29,2,1
2026-01-01,7,Horta-Guinardó,34,Can Baró,138,7023,38,2,2
2026-01-01,7,Horta-Guinardó,34,Can Baró,138,7023,121,3,1
2026-01-01,7,Horta-Guinardó,34,Can Baró,138,7023,82,3,2
2026-01-01,7,Horta-Guinardó,34,Can Baró,138,7023,37,4,1
2026-01-01,7,Horta-Guinardó,34,Can Baró,138,7023,40,4,2
2026-01-01,7,Horta-Guinardó,34,Can Baró,138,7023,223,5,1
2026-01-01,7,Horta-Guinardó,34,Can Baró,138,7023,202,5,2
2026-01-01,7,Horta-Guinardó,34,Can Baró,138,7024,385,1,1
2026-01-01,7,Horta-Guinardó,34,Can Baró,138,7024,390,1,2
2026-01-01,7,Horta-Guinardó,34,Can Baró,138,7024,54,2,1
2026-01-01,7,Horta-Guinardó,34,Can Baró,138,7024,57,2,2
2026-01-01,7,Horta-Guinardó,34,Can Baró,138,7024,136,3,1
2026-01-01,7,Horta-Guinardó,34,Can Baró,138,7024,80,3,2
2026-01-01,7,Horta-Guinardó,34,Can Baró,138,7024,49,4,1
2026-01-01,7,Horta-Guinardó,34,Can Baró,138,7024,38,4,2
2026-01-01,7,Horta-Guinardó,34,Can Baró,138,7024,211,5,1
2026-01-01,7,Horta-Guinardó,34,Can Baró,138,7024,174,5,2
2026-01-01,7,Horta-Guinardó,34,Can Baró,138,7025,387,1,1
2026-01-01,7,Horta-Guinardó,34,Can Baró,138,7025,361,1,2
2026-01-01,7,Horta-Guinardó,34,Can Baró,138,7025,36,2,1
2026-01-01,7,Horta-Guinardó,34,Can Baró,138,7025,44,2,2
2026-01-01,7,Horta-Guinardó,34,Can Baró,138,7025,121,3,1
2026-01-01,7,Horta-Guinardó,34,Can Baró,138,7025,71,3,2
2026-01-01,7,Horta-Guinardó,34,Can Baró,138,7025,39,4,1
2026-01-01,7,Horta-Guinardó,34,Can Baró,138,7025,40,4,2
2026-01-01,7,Horta-Guinardó,34,Can Baró,138,7025,237,5,1
2026-01-01,7,Horta-Guinardó,34,Can Baró,138,7025,200,5,2
2026-01-01,7,Horta-Guinardó,34,Can Baró,138,7026,307,1,1
2026-01-01,7,Horta-Guinardó,34,Can Baró,138,7026,312,1,2
2026-01-01,7,Horta-Guinardó,34,Can Baró,138,7026,38,2,1
2026-01-01,7,Horta-Guinardó,34,Can Baró,138,7026,33,2,2
2026-01-01,7,Horta-Guinardó,34,Can Baró,138,7026,99,3,1
2026-01-01,7,Horta-Guinardó,34,Can Baró,138,7026,59,3,2
2026-01-01,7,Horta-Guinardó,34,Can Baró,138,7026,15,4,1
2026-01-01,7,Horta-Guinardó,34,Can Baró,138,7026,22,4,2
2026-01-01,7,Horta-Guinardó,34,Can Baró,138,7026,124,5,1
2026-01-01,7,Horta-Guinardó,34,Can Baró,138,7026,113,5,2
2026-01-01,7,Horta-Guinardó,35,el Guinardó,139,7027,499,1,1
2026-01-01,7,Horta-Guinardó,35,el Guinardó,139,7027,514,1,2
2026-01-01,7,Horta-Guinardó,35,el Guinardó,139,7027,91,2,1
2026-01-01,7,Horta-Guinardó,35,el Guinardó,139,7027,77,2,2
2026-01-01,7,Horta-Guinardó,35,el Guinardó,139,7027,139,3,1
2026-01-01,7,Horta-Guinardó,35,el Guinardó,139,7027,93,3,2
2026-01-01,7,Horta-Guinardó,35,el Guinardó,139,7027,47,4,1
2026-01-01,7,Horta-Guinardó,35,el Guinardó,139,7027,44,4,2
2026-01-01,7,Horta-Guinardó,35,el Guinardó,139,7027,356,5,1
2026-01-01,7,Horta-Guinardó,35,el Guinardó,139,7027,307,5,2
2026-01-01,7,Horta-Guinardó,35,el Guinardó,139,7028,362,1,1
2026-01-01,7,Horta-Guinardó,35,el Guinardó,139,7028,355,1,2
2026-01-01,7,Horta-Guinardó,35,el Guinardó,139,7028,40,2,1
2026-01-01,7,Horta-Guinardó,35,el Guinardó,139,7028,38,2,2
2026-01-01,7,Horta-Guinardó,35,el Guinardó,139,7028,96,3,1
2026-01-01,7,Horta-Guinardó,35,el Guinardó,139,7028,85,3,2
2026-01-01,7,Horta-Guinardó,35,el Guinardó,139,7028,37,4,1
2026-01-01,7,Horta-Guinardó,35,el Guinardó,139,7028,47,4,2
2026-01-01,7,Horta-Guinardó,35,el Guinardó,139,7028,243,5,1
2026-01-01,7,Horta-Guinardó,35,el Guinardó,139,7028,228,5,2
2026-01-01,7,Horta-Guinardó,35,el Guinardó,139,7028,..,6,1
2026-01-01,7,Horta-Guinardó,35,el Guinardó,139,7029,330,1,1
2026-01-01,7,Horta-Guinardó,35,el Guinardó,139,7029,328,1,2
2026-01-01,7,Horta-Guinardó,35,el Guinardó,139,7029,60,2,1
2026-01-01,7,Horta-Guinardó,35,el Guinardó,139,7029,42,2,2
2026-01-01,7,Horta-Guinardó,35,el Guinardó,139,7029,93,3,1
2026-01-01,7,Horta-Guinardó,35,el Guinardó,139,7029,75,3,2
2026-01-01,7,Horta-Guinardó,35,el Guinardó,139,7029,28,4,1
2026-01-01,7,Horta-Guinardó,35,el Guinardó,139,7029,22,4,2
2026-01-01,7,Horta-Guinardó,35,el Guinardó,139,7029,191,5,1
2026-01-01,7,Horta-Guinardó,35,el Guinardó,139,7029,139,5,2
2026-01-01,7,Horta-Guinardó,35,el Guinardó,139,7029,..,6,1
2026-01-01,7,Horta-Guinardó,35,el Guinardó,139,7030,379,1,1
2026-01-01,7,Horta-Guinardó,35,el Guinardó,139,7030,336,1,2
2026-01-01,7,Horta-Guinardó,35,el Guinardó,139,7030,52,2,1
2026-01-01,7,Horta-Guinardó,35,el Guinardó,139,7030,44,2,2
2026-01-01,7,Horta-Guinardó,35,el Guinardó,139,7030,114,3,1
2026-01-01,7,Horta-Guinardó,35,el Guinardó,139,7030,80,3,2
2026-01-01,7,Horta-Guinardó,35,el Guinardó,139,7030,22,4,1
2026-01-01,7,Horta-Guinardó,35,el Guinardó,139,7030,24,4,2
2026-01-01,7,Horta-Guinardó,35,el Guinardó,139,7030,244,5,1
2026-01-01,7,Horta-Guinardó,35,el Guinardó,139,7030,225,5,2
2026-01-01,7,Horta-Guinardó,35,el Guinardó,140,7031,323,1,1
2026-01-01,7,Horta-Guinardó,35,el Guinardó,140,7031,379,1,2
2026-01-01,7,Horta-Guinardó,35,el Guinardó,140,7031,68,2,1
2026-01-01,7,Horta-Guinardó,35,el Guinardó,140,7031,35,2,2
2026-01-01,7,Horta-Guinardó,35,el Guinardó,140,7031,116,3,1
2026-01-01,7,Horta-Guinardó,35,el Guinardó,140,7031,79,3,2
2026-01-01,7,Horta-Guinardó,35,el Guinardó,140,7031,27,4,1
2026-01-01,7,Horta-Guinardó,35,el Guinardó,140,7031,33,4,2
2026-01-01,7,Horta-Guinardó,35,el Guinardó,140,7031,318,5,1
2026-01-01,7,Horta-Guinardó,35,el Guinardó,140,7031,240,5,2
2026-01-01,7,Horta-Guinardó,35,el Guinardó,140,7032,372,1,1
2026-01-01,7,Horta-Guinardó,35,el Guinardó,140,7032,381,1,2
2026-01-01,7,Horta-Guinardó,35,el Guinardó,140,7032,54,2,1
2026-01-01,7,Horta-Guinardó,35,el Guinardó,140,7032,42,2,2
2026-01-01,7,Horta-Guinardó,35,el Guinardó,140,7032,124,3,1
2026-01-01,7,Horta-Guinardó,35,el Guinardó,140,7032,79,3,2
2026-01-01,7,Horta-Guinardó,35,el Guinardó,140,7032,23,4,1
2026-01-01,7,Horta-Guinardó,35,el Guinardó,140,7032,29,4,2
2026-01-01,7,Horta-Guinardó,35,el Guinardó,140,7032,224,5,1
2026-01-01,7,Horta-Guinardó,35,el Guinardó,140,7032,186,5,2
2026-01-01,7,Horta-Guinardó,35,el Guinardó,140,7033,394,1,1
2026-01-01,7,Horta-Guinardó,35,el Guinardó,140,7033,372,1,2
2026-01-01,7,Horta-Guinardó,35,el Guinardó,140,7033,62,2,1
2026-01-01,7,Horta-Guinardó,35,el Guinardó,140,7033,44,2,2
2026-01-01,7,Horta-Guinardó,35,el Guinardó,140,7033,107,3,1
2026-01-01,7,Horta-Guinardó,35,el Guinardó,140,7033,78,3,2
2026-01-01,7,Horta-Guinardó,35,el Guinardó,140,7033,34,4,1
2026-01-01,7,Horta-Guinardó,35,el Guinardó,140,7033,27,4,2
2026-01-01,7,Horta-Guinardó,35,el Guinardó,140,7033,204,5,1
2026-01-01,7,Horta-Guinardó,35,el Guinardó,140,7033,171,5,2
2026-01-01,7,Horta-Guinardó,35,el Guinardó,140,7034,552,1,1
2026-01-01,7,Horta-Guinardó,35,el Guinardó,140,7034,498,1,2
2026-01-01,7,Horta-Guinardó,35,el Guinardó,140,7034,66,2,1
2026-01-01,7,Horta-Guinardó,35,el Guinardó,140,7034,51,2,2
2026-01-01,7,Horta-Guinardó,35,el Guinardó,140,7034,112,3,1
2026-01-01,7,Horta-Guinardó,35,el Guinardó,140,7034,77,3,2
2026-01-01,7,Horta-Guinardó,35,el Guinardó,140,7034,29,4,1
2026-01-01,7,Horta-Guinardó,35,el Guinardó,140,7034,34,4,2
2026-01-01,7,Horta-Guinardó,35,el Guinardó,140,7034,284,5,1
2026-01-01,7,Horta-Guinardó,35,el Guinardó,140,7034,218,5,2
2026-01-01,7,Horta-Guinardó,35,el Guinardó,140,7035,527,1,1
2026-01-01,7,Horta-Guinardó,35,el Guinardó,140,7035,454,1,2
2026-01-01,7,Horta-Guinardó,35,el Guinardó,140,7035,88,2,1
2026-01-01,7,Horta-Guinardó,35,el Guinardó,140,7035,65,2,2
2026-01-01,7,Horta-Guinardó,35,el Guinardó,140,7035,118,3,1
2026-01-01,7,Horta-Guinardó,35,el Guinardó,140,7035,104,3,2
2026-01-01,7,Horta-Guinardó,35,el Guinardó,140,7035,27,4,1
2026-01-01,7,Horta-Guinardó,35,el Guinardó,140,7035,35,4,2
2026-01-01,7,Horta-Guinardó,35,el Guinardó,140,7035,230,5,1
2026-01-01,7,Horta-Guinardó,35,el Guinardó,140,7035,207,5,2
2026-01-01,7,Horta-Guinardó,35,el Guinardó,140,7036,429,1,1
2026-01-01,7,Horta-Guinardó,35,el Guinardó,140,7036,369,1,2
2026-01-01,7,Horta-Guinardó,35,el Guinardó,140,7036,47,2,1
2026-01-01,7,Horta-Guinardó,35,el Guinardó,140,7036,49,2,2
2026-01-01,7,Horta-Guinardó,35,el Guinardó,140,7036,106,3,1
2026-01-01,7,Horta-Guinardó,35,el Guinardó,140,7036,64,3,2
2026-01-01,7,Horta-Guinardó,35,el Guinardó,140,7036,34,4,1
2026-01-01,7,Horta-Guinardó,35,el Guinardó,140,7036,21,4,2
2026-01-01,7,Horta-Guinardó,35,el Guinardó,140,7036,197,5,1
2026-01-01,7,Horta-Guinardó,35,el Guinardó,140,7036,181,5,2
2026-01-01,7,Horta-Guinardó,35,el Guinardó,140,7037,384,1,1
2026-01-01,7,Horta-Guinardó,35,el Guinardó,140,7037,372,1,2
2026-01-01,7,Horta-Guinardó,35,el Guinardó,140,7037,51,2,1
2026-01-01,7,Horta-Guinardó,35,el Guinardó,140,7037,50,2,2
2026-01-01,7,Horta-Guinardó,35,el Guinardó,140,7037,121,3,1
2026-01-01,7,Horta-Guinardó,35,el Guinardó,140,7037,85,3,2
2026-01-01,7,Horta-Guinardó,35,el Guinardó,140,7037,29,4,1
2026-01-01,7,Horta-Guinardó,35,el Guinardó,140,7037,27,4,2
2026-01-01,7,Horta-Guinardó,35,el Guinardó,140,7037,232,5,1
2026-01-01,7,Horta-Guinardó,35,el Guinardó,140,7037,213,5,2
2026-01-01,7,Horta-Guinardó,35,el Guinardó,140,7038,316,1,1
2026-01-01,7,Horta-Guinardó,35,el Guinardó,140,7038,308,1,2
2026-01-01,7,Horta-Guinardó,35,el Guinardó,140,7038,44,2,1
2026-01-01,7,Horta-Guinardó,35,el Guinardó,140,7038,41,2,2
2026-01-01,7,Horta-Guinardó,35,el Guinardó,140,7038,116,3,1
2026-01-01,7,Horta-Guinardó,35,el Guinardó,140,7038,86,3,2
2026-01-01,7,Horta-Guinardó,35,el Guinardó,140,7038,18,4,1
2026-01-01,7,Horta-Guinardó,35,el Guinardó,140,7038,29,4,2
2026-01-01,7,Horta-Guinardó,35,el Guinardó,140,7038,203,5,1
2026-01-01,7,Horta-Guinardó,35,el Guinardó,140,7038,175,5,2
2026-01-01,7,Horta-Guinardó,35,el Guinardó,140,7038,..,6,1
2026-01-01,7,Horta-Guinardó,35,el Guinardó,140,7038,..,6,2
2026-01-01,7,Horta-Guinardó,35,el Guinardó,141,7039,390,1,1
2026-01-01,7,Horta-Guinardó,35,el Guinardó,141,7039,379,1,2
2026-01-01,7,Horta-Guinardó,35,el Guinardó,141,7039,65,2,1
2026-01-01,7,Horta-Guinardó,35,el Guinardó,141,7039,66,2,2
2026-01-01,7,Horta-Guinardó,35,el Guinardó,141,7039,117,3,1
2026-01-01,7,Horta-Guinardó,35,el Guinardó,141,7039,62,3,2
2026-01-01,7,Horta-Guinardó,35,el Guinardó,141,7039,40,4,1
2026-01-01,7,Horta-Guinardó,35,el Guinardó,141,7039,33,4,2
2026-01-01,7,Horta-Guinardó,35,el Guinardó,141,7039,279,5,1
2026-01-01,7,Horta-Guinardó,35,el Guinardó,141,7039,219,5,2
2026-01-01,7,Horta-Guinardó,35,el Guinardó,141,7040,400,1,1
2026-01-01,7,Horta-Guinardó,35,el Guinardó,141,7040,342,1,2
2026-01-01,7,Horta-Guinardó,35,el Guinardó,141,7040,56,2,1
2026-01-01,7,Horta-Guinardó,35,el Guinardó,141,7040,59,2,2
2026-01-01,7,Horta-Guinardó,35,el Guinardó,141,7040,114,3,1
2026-01-01,7,Horta-Guinardó,35,el Guinardó,141,7040,83,3,2
2026-01-01,7,Horta-Guinardó,35,el Guinardó,141,7040,46,4,1
2026-01-01,7,Horta-Guinardó,35,el Guinardó,141,7040,38,4,2
2026-01-01,7,Horta-Guinardó,35,el Guinardó,141,7040,249,5,1
2026-01-01,7,Horta-Guinardó,35,el Guinardó,141,7040,199,5,2
2026-01-01,7,Horta-Guinardó,35,el Guinardó,141,7041,333,1,1
2026-01-01,7,Horta-Guinardó,35,el Guinardó,141,7041,298,1,2
2026-01-01,7,Horta-Guinardó,35,el Guinardó,141,7041,47,2,1
2026-01-01,7,Horta-Guinardó,35,el Guinardó,141,7041,43,2,2
2026-01-01,7,Horta-Guinardó,35,el Guinardó,141,7041,103,3,1
2026-01-01,7,Horta-Guinardó,35,el Guinardó,141,7041,51,3,2
2026-01-01,7,Horta-Guinardó,35,el Guinardó,141,7041,31,4,1
2026-01-01,7,Horta-Guinardó,35,el Guinardó,141,7041,40,4,2
2026-01-01,7,Horta-Guinardó,35,el Guinardó,141,7041,293,5,1
2026-01-01,7,Horta-Guinardó,35,el Guinardó,141,7041,233,5,2
2026-01-01,7,Horta-Guinardó,35,el Guinardó,142,7042,447,1,1
2026-01-01,7,Horta-Guinardó,35,el Guinardó,142,7042,383,1,2
2026-01-01,7,Horta-Guinardó,35,el Guinardó,142,7042,60,2,1
2026-01-01,7,Horta-Guinardó,35,el Guinardó,142,7042,65,2,2
2026-01-01,7,Horta-Guinardó,35,el Guinardó,142,7042,127,3,1
2026-01-01,7,Horta-Guinardó,35,el Guinardó,142,7042,79,3,2
2026-01-01,7,Horta-Guinardó,35,el Guinardó,142,7042,19,4,1
2026-01-01,7,Horta-Guinardó,35,el Guinardó,142,7042,25,4,2
2026-01-01,7,Horta-Guinardó,35,el Guinardó,142,7042,249,5,1
2026-01-01,7,Horta-Guinardó,35,el Guinardó,142,7042,201,5,2
2026-01-01,7,Horta-Guinardó,35,el Guinardó,142,7043,406,1,1
2026-01-01,7,Horta-Guinardó,35,el Guinardó,142,7043,376,1,2
2026-01-01,7,Horta-Guinardó,35,el Guinardó,142,7043,46,2,1
2026-01-01,7,Horta-Guinardó,35,el Guinardó,142,7043,57,2,2
2026-01-01,7,Horta-Guinardó,35,el Guinardó,142,7043,92,3,1
2026-01-01,7,Horta-Guinardó,35,el Guinardó,142,7043,66,3,2
2026-01-01,7,Horta-Guinardó,35,el Guinardó,142,7043,41,4,1
2026-01-01,7,Horta-Guinardó,35,el Guinardó,142,7043,23,4,2
2026-01-01,7,Horta-Guinardó,35,el Guinardó,142,7043,209,5,1
2026-01-01,7,Horta-Guinardó,35,el Guinardó,142,7043,174,5,2
2026-01-01,7,Horta-Guinardó,35,el Guinardó,142,7044,391,1,1
2026-01-01,7,Horta-Guinardó,35,el Guinardó,142,7044,332,1,2
2026-01-01,7,Horta-Guinardó,35,el Guinardó,142,7044,39,2,1
2026-01-01,7,Horta-Guinardó,35,el Guinardó,142,7044,35,2,2
2026-01-01,7,Horta-Guinardó,35,el Guinardó,142,7044,117,3,1
2026-01-01,7,Horta-Guinardó,35,el Guinardó,142,7044,88,3,2
2026-01-01,7,Horta-Guinardó,35,el Guinardó,142,7044,21,4,1
2026-01-01,7,Horta-Guinardó,35,el Guinardó,142,7044,32,4,2
2026-01-01,7,Horta-Guinardó,35,el Guinardó,142,7044,173,5,1
2026-01-01,7,Horta-Guinardó,35,el Guinardó,142,7044,137,5,2
2026-01-01,7,Horta-Guinardó,35,el Guinardó,142,7045,422,1,1
2026-01-01,7,Horta-Guinardó,35,el Guinardó,142,7045,410,1,2
2026-01-01,7,Horta-Guinardó,35,el Guinardó,142,7045,56,2,1
2026-01-01,7,Horta-Guinardó,35,el Guinardó,142,7045,58,2,2
2026-01-01,7,Horta-Guinardó,35,el Guinardó,142,7045,104,3,1
2026-01-01,7,Horta-Guinardó,35,el Guinardó,142,7045,83,3,2
2026-01-01,7,Horta-Guinardó,35,el Guinardó,142,7045,27,4,1
2026-01-01,7,Horta-Guinardó,35,el Guinardó,142,7045,27,4,2
2026-01-01,7,Horta-Guinardó,35,el Guinardó,142,7045,282,5,1
2026-01-01,7,Horta-Guinardó,35,el Guinardó,142,7045,253,5,2
2026-01-01,7,Horta-Guinardó,35,el Guinardó,142,7045,..,6,1
2026-01-01,7,Horta-Guinardó,35,el Guinardó,142,7046,333,1,1
2026-01-01,7,Horta-Guinardó,35,el Guinardó,142,7046,296,1,2
2026-01-01,7,Horta-Guinardó,35,el Guinardó,142,7046,57,2,1
2026-01-01,7,Horta-Guinardó,35,el Guinardó,142,7046,41,2,2
2026-01-01,7,Horta-Guinardó,35,el Guinardó,142,7046,109,3,1
2026-01-01,7,Horta-Guinardó,35,el Guinardó,142,7046,93,3,2
2026-01-01,7,Horta-Guinardó,35,el Guinardó,142,7046,29,4,1
2026-01-01,7,Horta-Guinardó,35,el Guinardó,142,7046,34,4,2
2026-01-01,7,Horta-Guinardó,35,el Guinardó,142,7046,231,5,1
2026-01-01,7,Horta-Guinardó,35,el Guinardó,142,7046,182,5,2
2026-01-01,7,Horta-Guinardó,35,el Guinardó,143,7047,385,1,1
2026-01-01,7,Horta-Guinardó,35,el Guinardó,143,7047,379,1,2
2026-01-01,7,Horta-Guinardó,35,el Guinardó,143,7047,51,2,1
2026-01-01,7,Horta-Guinardó,35,el Guinardó,143,7047,56,2,2
2026-01-01,7,Horta-Guinardó,35,el Guinardó,143,7047,115,3,1
2026-01-01,7,Horta-Guinardó,35,el Guinardó,143,7047,66,3,2
2026-01-01,7,Horta-Guinardó,35,el Guinardó,143,7047,25,4,1
2026-01-01,7,Horta-Guinardó,35,el Guinardó,143,7047,25,4,2
2026-01-01,7,Horta-Guinardó,35,el Guinardó,143,7047,256,5,1
2026-01-01,7,Horta-Guinardó,35,el Guinardó,143,7047,209,5,2
2026-01-01,7,Horta-Guinardó,35,el Guinardó,143,7048,368,1,1
2026-01-01,7,Horta-Guinardó,35,el Guinardó,143,7048,329,1,2
2026-01-01,7,Horta-Guinardó,35,el Guinardó,143,7048,49,2,1
2026-01-01,7,Horta-Guinardó,35,el Guinardó,143,7048,35,2,2
2026-01-01,7,Horta-Guinardó,35,el Guinardó,143,7048,97,3,1
2026-01-01,7,Horta-Guinardó,35,el Guinardó,143,7048,68,3,2
2026-01-01,7,Horta-Guinardó,35,el Guinardó,143,7048,20,4,1
2026-01-01,7,Horta-Guinardó,35,el Guinardó,143,7048,34,4,2
2026-01-01,7,Horta-Guinardó,35,el Guinardó,143,7048,206,5,1
2026-01-01,7,Horta-Guinardó,35,el Guinardó,143,7048,165,5,2
2026-01-01,7,Horta-Guinardó,35,el Guinardó,143,7049,329,1,1
2026-01-01,7,Horta-Guinardó,35,el Guinardó,143,7049,302,1,2
2026-01-01,7,Horta-Guinardó,35,el Guinardó,143,7049,32,2,1
2026-01-01,7,Horta-Guinardó,35,el Guinardó,143,7049,30,2,2
2026-01-01,7,Horta-Guinardó,35,el Guinardó,143,7049,111,3,1
2026-01-01,7,Horta-Guinardó,35,el Guinardó,143,7049,70,3,2
2026-01-01,7,Horta-Guinardó,35,el Guinardó,143,7049,20,4,1
2026-01-01,7,Horta-Guinardó,35,el Guinardó,143,7049,21,4,2
2026-01-01,7,Horta-Guinardó,35,el Guinardó,143,7049,154,5,1
2026-01-01,7,Horta-Guinardó,35,el Guinardó,143,7049,139,5,2
2026-01-01,7,Horta-Guinardó,35,el Guinardó,143,7050,309,1,1
2026-01-01,7,Horta-Guinardó,35,el Guinardó,143,7050,313,1,2
2026-01-01,7,Horta-Guinardó,35,el Guinardó,143,7050,37,2,1
2026-01-01,7,Horta-Guinardó,35,el Guinardó,143,7050,34,2,2
2026-01-01,7,Horta-Guinardó,35,el Guinardó,143,7050,71,3,1
2026-01-01,7,Horta-Guinardó,35,el Guinardó,143,7050,47,3,2
2026-01-01,7,Horta-Guinardó,35,el Guinardó,143,7050,27,4,1
2026-01-01,7,Horta-Guinardó,35,el Guinardó,143,7050,25,4,2
2026-01-01,7,Horta-Guinardó,35,el Guinardó,143,7050,282,5,1
2026-01-01,7,Horta-Guinardó,35,el Guinardó,143,7050,240,5,2
2026-01-01,7,Horta-Guinardó,35,el Guinardó,143,7051,506,1,1
2026-01-01,7,Horta-Guinardó,35,el Guinardó,143,7051,452,1,2
2026-01-01,7,Horta-Guinardó,35,el Guinardó,143,7051,80,2,1
2026-01-01,7,Horta-Guinardó,35,el Guinardó,143,7051,54,2,2
2026-01-01,7,Horta-Guinardó,35,el Guinardó,143,7051,136,3,1
2026-01-01,7,Horta-Guinardó,35,el Guinardó,143,7051,72,3,2
2026-01-01,7,Horta-Guinardó,35,el Guinardó,143,7051,31,4,1
2026-01-01,7,Horta-Guinardó,35,el Guinardó,143,7051,36,4,2
2026-01-01,7,Horta-Guinardó,35,el Guinardó,143,7051,304,5,1
2026-01-01,7,Horta-Guinardó,35,el Guinardó,143,7051,268,5,2
2026-01-01,7,Horta-Guinardó,36,la Font d'en Fargues,144,7052,454,1,1
2026-01-01,7,Horta-Guinardó,36,la Font d'en Fargues,144,7052,428,1,2
2026-01-01,7,Horta-Guinardó,36,la Font d'en Fargues,144,7052,49,2,1
2026-01-01,7,Horta-Guinardó,36,la Font d'en Fargues,144,7052,52,2,2
2026-01-01,7,Horta-Guinardó,36,la Font d'en Fargues,144,7052,82,3,1
2026-01-01,7,Horta-Guinardó,36,la Font d'en Fargues,144,7052,61,3,2
2026-01-01,7,Horta-Guinardó,36,la Font d'en Fargues,144,7052,27,4,1
2026-01-01,7,Horta-Guinardó,36,la Font d'en Fargues,144,7052,38,4,2
2026-01-01,7,Horta-Guinardó,36,la Font d'en Fargues,144,7052,85,5,1
2026-01-01,7,Horta-Guinardó,36,la Font d'en Fargues,144,7052,71,5,2
2026-01-01,7,Horta-Guinardó,36,la Font d'en Fargues,144,7053,421,1,1
2026-01-01,7,Horta-Guinardó,36,la Font d'en Fargues,144,7053,460,1,2
2026-01-01,7,Horta-Guinardó,36,la Font d'en Fargues,144,7053,64,2,1
2026-01-01,7,Horta-Guinardó,36,la Font d'en Fargues,144,7053,43,2,2
2026-01-01,7,Horta-Guinardó,36,la Font d'en Fargues,144,7053,127,3,1
2026-01-01,7,Horta-Guinardó,36,la Font d'en Fargues,144,7053,84,3,2
2026-01-01,7,Horta-Guinardó,36,la Font d'en Fargues,144,7053,20,4,1
2026-01-01,7,Horta-Guinardó,36,la Font d'en Fargues,144,7053,12,4,2
2026-01-01,7,Horta-Guinardó,36,la Font d'en Fargues,144,7053,118,5,1
2026-01-01,7,Horta-Guinardó,36,la Font d'en Fargues,144,7053,100,5,2
2026-01-01,7,Horta-Guinardó,36,la Font d'en Fargues,144,7054,523,1,1
2026-01-01,7,Horta-Guinardó,36,la Font d'en Fargues,144,7054,549,1,2
2026-01-01,7,Horta-Guinardó,36,la Font d'en Fargues,144,7054,66,2,1
2026-01-01,7,Horta-Guinardó,36,la Font d'en Fargues,144,7054,55,2,2
2026-01-01,7,Horta-Guinardó,36,la Font d'en Fargues,144,7054,119,3,1
2026-01-01,7,Horta-Guinardó,36,la Font d'en Fargues,144,7054,72,3,2
2026-01-01,7,Horta-Guinardó,36,la Font d'en Fargues,144,7054,21,4,1
2026-01-01,7,Horta-Guinardó,36,la Font d'en Fargues,144,7054,15,4,2
2026-01-01,7,Horta-Guinardó,36,la Font d'en Fargues,144,7054,147,5,1
2026-01-01,7,Horta-Guinardó,36,la Font d'en Fargues,144,7054,121,5,2
2026-01-01,7,Horta-Guinardó,36,la Font d'en Fargues,145,7055,449,1,1
2026-01-01,7,Horta-Guinardó,36,la Font d'en Fargues,145,7055,396,1,2
2026-01-01,7,Horta-Guinardó,36,la Font d'en Fargues,145,7055,51,2,1
2026-01-01,7,Horta-Guinardó,36,la Font d'en Fargues,145,7055,41,2,2
2026-01-01,7,Horta-Guinardó,36,la Font d'en Fargues,145,7055,92,3,1
2026-01-01,7,Horta-Guinardó,36,la Font d'en Fargues,145,7055,52,3,2
2026-01-01,7,Horta-Guinardó,36,la Font d'en Fargues,145,7055,12,4,1
2026-01-01,7,Horta-Guinardó,36,la Font d'en Fargues,145,7055,17,4,2
2026-01-01,7,Horta-Guinardó,36,la Font d'en Fargues,145,7055,70,5,1
2026-01-01,7,Horta-Guinardó,36,la Font d'en Fargues,145,7055,46,5,2
2026-01-01,7,Horta-Guinardó,36,la Font d'en Fargues,145,7056,359,1,1
2026-01-01,7,Horta-Guinardó,36,la Font d'en Fargues,145,7056,378,1,2
2026-01-01,7,Horta-Guinardó,36,la Font d'en Fargues,145,7056,46,2,1
2026-01-01,7,Horta-Guinardó,36,la Font d'en Fargues,145,7056,36,2,2
2026-01-01,7,Horta-Guinardó,36,la Font d'en Fargues,145,7056,91,3,1
2026-01-01,7,Horta-Guinardó,36,la Font d'en Fargues,145,7056,75,3,2
2026-01-01,7,Horta-Guinardó,36,la Font d'en Fargues,145,7056,20,4,1
2026-01-01,7,Horta-Guinardó,36,la Font d'en Fargues,145,7056,19,4,2
2026-01-01,7,Horta-Guinardó,36,la Font d'en Fargues,145,7056,121,5,1
2026-01-01,7,Horta-Guinardó,36,la Font d'en Fargues,145,7056,115,5,2
2026-01-01,7,Horta-Guinardó,36,la Font d'en Fargues,145,7057,467,1,1
2026-01-01,7,Horta-Guinardó,36,la Font d'en Fargues,145,7057,436,1,2
2026-01-01,7,Horta-Guinardó,36,la Font d'en Fargues,145,7057,45,2,1
2026-01-01,7,Horta-Guinardó,36,la Font d'en Fargues,145,7057,54,2,2
2026-01-01,7,Horta-Guinardó,36,la Font d'en Fargues,145,7057,130,3,1
2026-01-01,7,Horta-Guinardó,36,la Font d'en Fargues,145,7057,89,3,2
2026-01-01,7,Horta-Guinardó,36,la Font d'en Fargues,145,7057,12,4,1
2026-01-01,7,Horta-Guinardó,36,la Font d'en Fargues,145,7057,17,4,2
2026-01-01,7,Horta-Guinardó,36,la Font d'en Fargues,145,7057,130,5,1
2026-01-01,7,Horta-Guinardó,36,la Font d'en Fargues,145,7057,110,5,2
2026-01-01,7,Horta-Guinardó,36,la Font d'en Fargues,145,7058,431,1,1
2026-01-01,7,Horta-Guinardó,36,la Font d'en Fargues,145,7058,412,1,2
2026-01-01,7,Horta-Guinardó,36,la Font d'en Fargues,145,7058,33,2,1
2026-01-01,7,Horta-Guinardó,36,la Font d'en Fargues,145,7058,44,2,2
2026-01-01,7,Horta-Guinardó,36,la Font d'en Fargues,145,7058,139,3,1
2026-01-01,7,Horta-Guinardó,36,la Font d'en Fargues,145,7058,101,3,2
2026-01-01,7,Horta-Guinardó,36,la Font d'en Fargues,145,7058,15,4,1
2026-01-01,7,Horta-Guinardó,36,la Font d'en Fargues,145,7058,19,4,2
2026-01-01,7,Horta-Guinardó,36,la Font d'en Fargues,145,7058,106,5,1
2026-01-01,7,Horta-Guinardó,36,la Font d'en Fargues,145,7058,85,5,2
2026-01-01,7,Horta-Guinardó,37,el Carmel,146,7059,321,1,1
2026-01-01,7,Horta-Guinardó,37,el Carmel,146,7059,334,1,2
2026-01-01,7,Horta-Guinardó,37,el Carmel,146,7059,35,2,1
2026-01-01,7,Horta-Guinardó,37,el Carmel,146,7059,35,2,2
2026-01-01,7,Horta-Guinardó,37,el Carmel,146,7059,146,3,1
2026-01-01,7,Horta-Guinardó,37,el Carmel,146,7059,112,3,2
2026-01-01,7,Horta-Guinardó,37,el Carmel,146,7059,38,4,1
2026-01-01,7,Horta-Guinardó,37,el Carmel,146,7059,51,4,2
2026-01-01,7,Horta-Guinardó,37,el Carmel,146,7059,166,5,1
2026-01-01,7,Horta-Guinardó,37,el Carmel,146,7059,188,5,2
2026-01-01,7,Horta-Guinardó,37,el Carmel,146,7060,439,1,1
2026-01-01,7,Horta-Guinardó,37,el Carmel,146,7060,448,1,2
2026-01-01,7,Horta-Guinardó,37,el Carmel,146,7060,45,2,1
2026-01-01,7,Horta-Guinardó,37,el Carmel,146,7060,43,2,2
2026-01-01,7,Horta-Guinardó,37,el Carmel,146,7060,212,3,1
2026-01-01,7,Horta-Guinardó,37,el Carmel,146,7060,143,3,2
2026-01-01,7,Horta-Guinardó,37,el Carmel,146,7060,45,4,1
2026-01-01,7,Horta-Guinardó,37,el Carmel,146,7060,44,4,2
2026-01-01,7,Horta-Guinardó,37,el Carmel,146,7060,249,5,1
2026-01-01,7,Horta-Guinardó,37,el Carmel,146,7060,232,5,2
2026-01-01,7,Horta-Guinardó,37,el Carmel,147,7061,320,1,1
2026-01-01,7,Horta-Guinardó,37,el Carmel,147,7061,360,1,2
2026-01-01,7,Horta-Guinardó,37,el Carmel,147,7061,21,2,1
2026-01-01,7,Horta-Guinardó,37,el Carmel,147,7061,26,2,2
2026-01-01,7,Horta-Guinardó,37,el Carmel,147,7061,148,3,1
2026-01-01,7,Horta-Guinardó,37,el Carmel,147,7061,122,3,2
2026-01-01,7,Horta-Guinardó,37,el Carmel,147,7061,17,4,1
2026-01-01,7,Horta-Guinardó,37,el Carmel,147,7061,15,4,2
2026-01-01,7,Horta-Guinardó,37,el Carmel,147,7061,220,5,1
2026-01-01,7,Horta-Guinardó,37,el Carmel,147,7061,154,5,2
2026-01-01,7,Horta-Guinardó,37,el Carmel,147,7062,340,1,1
2026-01-01,7,Horta-Guinardó,37,el Carmel,147,7062,330,1,2
2026-01-01,7,Horta-Guinardó,37,el Carmel,147,7062,24,2,1
2026-01-01,7,Horta-Guinardó,37,el Carmel,147,7062,38,2,2
2026-01-01,7,Horta-Guinardó,37,el Carmel,147,7062,140,3,1
2026-01-01,7,Horta-Guinardó,37,el Carmel,147,7062,107,3,2
2026-01-01,7,Horta-Guinardó,37,el Carmel,147,7062,21,4,1
2026-01-01,7,Horta-Guinardó,37,el Carmel,147,7062,21,4,2
2026-01-01,7,Horta-Guinardó,37,el Carmel,147,7062,164,5,1
2026-01-01,7,Horta-Guinardó,37,el Carmel,147,7062,170,5,2
2026-01-01,7,Horta-Guinardó,37,el Carmel,147,7063,348,1,1
2026-01-01,7,Horta-Guinardó,37,el Carmel,147,7063,359,1,2
2026-01-01,7,Horta-Guinardó,37,el Carmel,147,7063,23,2,1
2026-01-01,7,Horta-Guinardó,37,el Carmel,147,7063,26,2,2
2026-01-01,7,Horta-Guinardó,37,el Carmel,147,7063,177,3,1
2026-01-01,7,Horta-Guinardó,37,el Carmel,147,7063,134,3,2
2026-01-01,7,Horta-Guinardó,37,el Carmel,147,7063,15,4,1
2026-01-01,7,Horta-Guinardó,37,el Carmel,147,7063,8,4,2
2026-01-01,7,Horta-Guinardó,37,el Carmel,147,7063,195,5,1
2026-01-01,7,Horta-Guinardó,37,el Carmel,147,7063,177,5,2
2026-01-01,7,Horta-Guinardó,37,el Carmel,147,7064,386,1,1
2026-01-01,7,Horta-Guinardó,37,el Carmel,147,7064,401,1,2
2026-01-01,7,Horta-Guinardó,37,el Carmel,147,7064,28,2,1
2026-01-01,7,Horta-Guinardó,37,el Carmel,147,7064,32,2,2
2026-01-01,7,Horta-Guinardó,37,el Carmel,147,7064,212,3,1
2026-01-01,7,Horta-Guinardó,37,el Carmel,147,7064,114,3,2
2026-01-01,7,Horta-Guinardó,37,el Carmel,147,7064,21,4,1
2026-01-01,7,Horta-Guinardó,37,el Carmel,147,7064,12,4,2
2026-01-01,7,Horta-Guinardó,37,el Carmel,147,7064,245,5,1
2026-01-01,7,Horta-Guinardó,37,el Carmel,147,7064,234,5,2
2026-01-01,7,Horta-Guinardó,37,el Carmel,147,7065,347,1,1
2026-01-01,7,Horta-Guinardó,37,el Carmel,147,7065,320,1,2
2026-01-01,7,Horta-Guinardó,37,el Carmel,147,7065,40,2,1
2026-01-01,7,Horta-Guinardó,37,el Carmel,147,7065,27,2,2
2026-01-01,7,Horta-Guinardó,37,el Carmel,147,7065,184,3,1
2026-01-01,7,Horta-Guinardó,37,el Carmel,147,7065,125,3,2
2026-01-01,7,Horta-Guinardó,37,el Carmel,147,7065,29,4,1
2026-01-01,7,Horta-Guinardó,37,el Carmel,147,7065,28,4,2
2026-01-01,7,Horta-Guinardó,37,el Carmel,147,7065,404,5,1
2026-01-01,7,Horta-Guinardó,37,el Carmel,147,7065,352,5,2
2026-01-01,7,Horta-Guinardó,37,el Carmel,147,7066,378,1,1
2026-01-01,7,Horta-Guinardó,37,el Carmel,147,7066,374,1,2
2026-01-01,7,Horta-Guinardó,37,el Carmel,147,7066,31,2,1
2026-01-01,7,Horta-Guinardó,37,el Carmel,147,7066,30,2,2
2026-01-01,7,Horta-Guinardó,37,el Carmel,147,7066,208,3,1
2026-01-01,7,Horta-Guinardó,37,el Carmel,147,7066,153,3,2
2026-01-01,7,Horta-Guinardó,37,el Carmel,147,7066,21,4,1
2026-01-01,7,Horta-Guinardó,37,el Carmel,147,7066,29,4,2
2026-01-01,7,Horta-Guinardó,37,el Carmel,147,7066,384,5,1
2026-01-01,7,Horta-Guinardó,37,el Carmel,147,7066,310,5,2
2026-01-01,7,Horta-Guinardó,37,el Carmel,147,7067,328,1,1
2026-01-01,7,Horta-Guinardó,37,el Carmel,147,7067,335,1,2
2026-01-01,7,Horta-Guinardó,37,el Carmel,147,7067,38,2,1
2026-01-01,7,Horta-Guinardó,37,el Carmel,147,7067,34,2,2
2026-01-01,7,Horta-Guinardó,37,el Carmel,147,7067,146,3,1
2026-01-01,7,Horta-Guinardó,37,el Carmel,147,7067,109,3,2
2026-01-01,7,Horta-Guinardó,37,el Carmel,147,7067,33,4,1
2026-01-01,7,Horta-Guinardó,37,el Carmel,147,7067,26,4,2
2026-01-01,7,Horta-Guinardó,37,el Carmel,147,7067,322,5,1
2026-01-01,7,Horta-Guinardó,37,el Carmel,147,7067,283,5,2
2026-01-01,7,Horta-Guinardó,37,el Carmel,147,7068,283,1,1
2026-01-01,7,Horta-Guinardó,37,el Carmel,147,7068,243,1,2
2026-01-01,7,Horta-Guinardó,37,el Carmel,147,7068,21,2,1
2026-01-01,7,Horta-Guinardó,37,el Carmel,147,7068,24,2,2
2026-01-01,7,Horta-Guinardó,37,el Carmel,147,7068,136,3,1
2026-01-01,7,Horta-Guinardó,37,el Carmel,147,7068,107,3,2
2026-01-01,7,Horta-Guinardó,37,el Carmel,147,7068,16,4,1
2026-01-01,7,Horta-Guinardó,37,el Carmel,147,7068,23,4,2
2026-01-01,7,Horta-Guinardó,37,el Carmel,147,7068,289,5,1
2026-01-01,7,Horta-Guinardó,37,el Carmel,147,7068,243,5,2
2026-01-01,7,Horta-Guinardó,37,el Carmel,147,7069,284,1,1
2026-01-01,7,Horta-Guinardó,37,el Carmel,147,7069,256,1,2
2026-01-01,7,Horta-Guinardó,37,el Carmel,147,7069,25,2,1
2026-01-01,7,Horta-Guinardó,37,el Carmel,147,7069,29,2,2
2026-01-01,7,Horta-Guinardó,37,el Carmel,147,7069,173,3,1
2026-01-01,7,Horta-Guinardó,37,el Carmel,147,7069,132,3,2
2026-01-01,7,Horta-Guinardó,37,el Carmel,147,7069,25,4,1
2026-01-01,7,Horta-Guinardó,37,el Carmel,147,7069,25,4,2
2026-01-01,7,Horta-Guinardó,37,el Carmel,147,7069,300,5,1
2026-01-01,7,Horta-Guinardó,37,el Carmel,147,7069,291,5,2
2026-01-01,7,Horta-Guinardó,37,el Carmel,147,7069,..,6,1
2026-01-01,7,Horta-Guinardó,37,el Carmel,147,7070,341,1,1
2026-01-01,7,Horta-Guinardó,37,el Carmel,147,7070,303,1,2
2026-01-01,7,Horta-Guinardó,37,el Carmel,147,7070,30,2,1
2026-01-01,7,Horta-Guinardó,37,el Carmel,147,7070,32,2,2
2026-01-01,7,Horta-Guinardó,37,el Carmel,147,7070,155,3,1
2026-01-01,7,Horta-Guinardó,37,el Carmel,147,7070,94,3,2
2026-01-01,7,Horta-Guinardó,37,el Carmel,147,7070,11,4,1
2026-01-01,7,Horta-Guinardó,37,el Carmel,147,7070,12,4,2
2026-01-01,7,Horta-Guinardó,37,el Carmel,147,7070,270,5,1
2026-01-01,7,Horta-Guinardó,37,el Carmel,147,7070,235,5,2
2026-01-01,7,Horta-Guinardó,37,el Carmel,148,7071,315,1,1
2026-01-01,7,Horta-Guinardó,37,el Carmel,148,7071,302,1,2
2026-01-01,7,Horta-Guinardó,37,el Carmel,148,7071,29,2,1
2026-01-01,7,Horta-Guinardó,37,el Carmel,148,7071,33,2,2
2026-01-01,7,Horta-Guinardó,37,el Carmel,148,7071,178,3,1
2026-01-01,7,Horta-Guinardó,37,el Carmel,148,7071,129,3,2
2026-01-01,7,Horta-Guinardó,37,el Carmel,148,7071,15,4,1
2026-01-01,7,Horta-Guinardó,37,el Carmel,148,7071,15,4,2
2026-01-01,7,Horta-Guinardó,37,el Carmel,148,7071,193,5,1
2026-01-01,7,Horta-Guinardó,37,el Carmel,148,7071,147,5,2
2026-01-01,7,Horta-Guinardó,37,el Carmel,148,7072,341,1,1
2026-01-01,7,Horta-Guinardó,37,el Carmel,148,7072,327,1,2
2026-01-01,7,Horta-Guinardó,37,el Carmel,148,7072,38,2,1
2026-01-01,7,Horta-Guinardó,37,el Carmel,148,7072,25,2,2
2026-01-01,7,Horta-Guinardó,37,el Carmel,148,7072,148,3,1
2026-01-01,7,Horta-Guinardó,37,el Carmel,148,7072,106,3,2
2026-01-01,7,Horta-Guinardó,37,el Carmel,148,7072,21,4,1
2026-01-01,7,Horta-Guinardó,37,el Carmel,148,7072,18,4,2
2026-01-01,7,Horta-Guinardó,37,el Carmel,148,7072,249,5,1
2026-01-01,7,Horta-Guinardó,37,el Carmel,148,7072,198,5,2
2026-01-01,7,Horta-Guinardó,37,el Carmel,148,7072,..,6,2
2026-01-01,7,Horta-Guinardó,37,el Carmel,148,7073,238,1,1
2026-01-01,7,Horta-Guinardó,37,el Carmel,148,7073,245,1,2
2026-01-01,7,Horta-Guinardó,37,el Carmel,148,7073,17,2,1
2026-01-01,7,Horta-Guinardó,37,el Carmel,148,7073,29,2,2
2026-01-01,7,Horta-Guinardó,37,el Carmel,148,7073,171,3,1
2026-01-01,7,Horta-Guinardó,37,el Carmel,148,7073,108,3,2
2026-01-01,7,Horta-Guinardó,37,el Carmel,148,7073,12,4,1
2026-01-01,7,Horta-Guinardó,37,el Carmel,148,7073,11,4,2
2026-01-01,7,Horta-Guinardó,37,el Carmel,148,7073,194,5,1
2026-01-01,7,Horta-Guinardó,37,el Carmel,148,7073,156,5,2
2026-01-01,7,Horta-Guinardó,37,el Carmel,148,7073,..,6,1
2026-01-01,7,Horta-Guinardó,37,el Carmel,148,7074,400,1,1
2026-01-01,7,Horta-Guinardó,37,el Carmel,148,7074,438,1,2
2026-01-01,7,Horta-Guinardó,37,el Carmel,148,7074,38,2,1
2026-01-01,7,Horta-Guinardó,37,el Carmel,148,7074,26,2,2
2026-01-01,7,Horta-Guinardó,37,el Carmel,148,7074,172,3,1
2026-01-01,7,Horta-Guinardó,37,el Carmel,148,7074,118,3,2
2026-01-01,7,Horta-Guinardó,37,el Carmel,148,7074,18,4,1
2026-01-01,7,Horta-Guinardó,37,el Carmel,148,7074,23,4,2
2026-01-01,7,Horta-Guinardó,37,el Carmel,148,7074,292,5,1
2026-01-01,7,Horta-Guinardó,37,el Carmel,148,7074,236,5,2
2026-01-01,7,Horta-Guinardó,37,el Carmel,148,7075,226,1,1
2026-01-01,7,Horta-Guinardó,37,el Carmel,148,7075,253,1,2
2026-01-01,7,Horta-Guinardó,37,el Carmel,148,7075,23,2,1
2026-01-01,7,Horta-Guinardó,37,el Carmel,148,7075,31,2,2
2026-01-01,7,Horta-Guinardó,37,el Carmel,148,7075,142,3,1
2026-01-01,7,Horta-Guinardó,37,el Carmel,148,7075,97,3,2
2026-01-01,7,Horta-Guinardó,37,el Carmel,148,7075,13,4,1
2026-01-01,7,Horta-Guinardó,37,el Carmel,148,7075,16,4,2
2026-01-01,7,Horta-Guinardó,37,el Carmel,148,7075,248,5,1
2026-01-01,7,Horta-Guinardó,37,el Carmel,148,7075,233,5,2
2026-01-01,7,Horta-Guinardó,37,el Carmel,148,7076,307,1,1
2026-01-01,7,Horta-Guinardó,37,el Carmel,148,7076,283,1,2
2026-01-01,7,Horta-Guinardó,37,el Carmel,148,7076,26,2,1
2026-01-01,7,Horta-Guinardó,37,el Carmel,148,7076,32,2,2
2026-01-01,7,Horta-Guinardó,37,el Carmel,148,7076,172,3,1
2026-01-01,7,Horta-Guinardó,37,el Carmel,148,7076,124,3,2
2026-01-01,7,Horta-Guinardó,37,el Carmel,148,7076,14,4,1
2026-01-01,7,Horta-Guinardó,37,el Carmel,148,7076,11,4,2
2026-01-01,7,Horta-Guinardó,37,el Carmel,148,7076,279,5,1
2026-01-01,7,Horta-Guinardó,37,el Carmel,148,7076,247,5,2
2026-01-01,7,Horta-Guinardó,37,el Carmel,148,7077,262,1,1
2026-01-01,7,Horta-Guinardó,37,el Carmel,148,7077,294,1,2
2026-01-01,7,Horta-Guinardó,37,el Carmel,148,7077,16,2,1
2026-01-01,7,Horta-Guinardó,37,el Carmel,148,7077,26,2,2
2026-01-01,7,Horta-Guinardó,37,el Carmel,148,7077,140,3,1
2026-01-01,7,Horta-Guinardó,37,el Carmel,148,7077,107,3,2
2026-01-01,7,Horta-Guinardó,37,el Carmel,148,7077,19,4,1
2026-01-01,7,Horta-Guinardó,37,el Carmel,148,7077,13,4,2
2026-01-01,7,Horta-Guinardó,37,el Carmel,148,7077,234,5,1
2026-01-01,7,Horta-Guinardó,37,el Carmel,148,7077,212,5,2
2026-01-01,7,Horta-Guinardó,37,el Carmel,148,7077,..,6,1
2026-01-01,7,Horta-Guinardó,37,el Carmel,148,7078,336,1,1
2026-01-01,7,Horta-Guinardó,37,el Carmel,148,7078,335,1,2
2026-01-01,7,Horta-Guinardó,37,el Carmel,148,7078,21,2,1
2026-01-01,7,Horta-Guinardó,37,el Carmel,148,7078,34,2,2
2026-01-01,7,Horta-Guinardó,37,el Carmel,148,7078,136,3,1
2026-01-01,7,Horta-Guinardó,37,el Carmel,148,7078,129,3,2
2026-01-01,7,Horta-Guinardó,37,el Carmel,148,7078,19,4,1
2026-01-01,7,Horta-Guinardó,37,el Carmel,148,7078,25,4,2
2026-01-01,7,Horta-Guinardó,37,el Carmel,148,7078,239,5,1
2026-01-01,7,Horta-Guinardó,37,el Carmel,148,7078,241,5,2
2026-01-01,7,Horta-Guinardó,37,el Carmel,148,7078,..,6,1
2026-01-01,7,Horta-Guinardó,37,el Carmel,148,7079,298,1,1
2026-01-01,7,Horta-Guinardó,37,el Carmel,148,7079,329,1,2
2026-01-01,7,Horta-Guinardó,37,el Carmel,148,7079,31,2,1
2026-01-01,7,Horta-Guinardó,37,el Carmel,148,7079,20,2,2
2026-01-01,7,Horta-Guinardó,37,el Carmel,148,7079,203,3,1
2026-01-01,7,Horta-Guinardó,37,el Carmel,148,7079,136,3,2
2026-01-01,7,Horta-Guinardó,37,el Carmel,148,7079,13,4,1
2026-01-01,7,Horta-Guinardó,37,el Carmel,148,7079,18,4,2
2026-01-01,7,Horta-Guinardó,37,el Carmel,148,7079,278,5,1
2026-01-01,7,Horta-Guinardó,37,el Carmel,148,7079,247,5,2
2026-01-01,7,Horta-Guinardó,37,el Carmel,148,7080,466,1,1
2026-01-01,7,Horta-Guinardó,37,el Carmel,148,7080,438,1,2
2026-01-01,7,Horta-Guinardó,37,el Carmel,148,7080,41,2,1
2026-01-01,7,Horta-Guinardó,37,el Carmel,148,7080,48,2,2
2026-01-01,7,Horta-Guinardó,37,el Carmel,148,7080,184,3,1
2026-01-01,7,Horta-Guinardó,37,el Carmel,148,7080,138,3,2
2026-01-01,7,Horta-Guinardó,37,el Carmel,148,7080,25,4,1
2026-01-01,7,Horta-Guinardó,37,el Carmel,148,7080,14,4,2
2026-01-01,7,Horta-Guinardó,37,el Carmel,148,7080,215,5,1
2026-01-01,7,Horta-Guinardó,37,el Carmel,148,7080,201,5,2
2026-01-01,7,Horta-Guinardó,38,la Teixonera,149,7081,419,1,1
2026-01-01,7,Horta-Guinardó,38,la Teixonera,149,7081,460,1,2
2026-01-01,7,Horta-Guinardó,38,la Teixonera,149,7081,48,2,1
2026-01-01,7,Horta-Guinardó,38,la Teixonera,149,7081,34,2,2
2026-01-01,7,Horta-Guinardó,38,la Teixonera,149,7081,248,3,1
2026-01-01,7,Horta-Guinardó,38,la Teixonera,149,7081,174,3,2
2026-01-01,7,Horta-Guinardó,38,la Teixonera,149,7081,23,4,1
2026-01-01,7,Horta-Guinardó,38,la Teixonera,149,7081,29,4,2
2026-01-01,7,Horta-Guinardó,38,la Teixonera,149,7081,272,5,1
2026-01-01,7,Horta-Guinardó,38,la Teixonera,149,7081,241,5,2
2026-01-01,7,Horta-Guinardó,38,la Teixonera,149,7082,304,1,1
2026-01-01,7,Horta-Guinardó,38,la Teixonera,149,7082,315,1,2
2026-01-01,7,Horta-Guinardó,38,la Teixonera,149,7082,29,2,1
2026-01-01,7,Horta-Guinardó,38,la Teixonera,149,7082,26,2,2
2026-01-01,7,Horta-Guinardó,38,la Teixonera,149,7082,116,3,1
2026-01-01,7,Horta-Guinardó,38,la Teixonera,149,7082,78,3,2
2026-01-01,7,Horta-Guinardó,38,la Teixonera,149,7082,25,4,1
2026-01-01,7,Horta-Guinardó,38,la Teixonera,149,7082,18,4,2
2026-01-01,7,Horta-Guinardó,38,la Teixonera,149,7082,242,5,1
2026-01-01,7,Horta-Guinardó,38,la Teixonera,149,7082,222,5,2
2026-01-01,7,Horta-Guinardó,38,la Teixonera,149,7083,291,1,1
2026-01-01,7,Horta-Guinardó,38,la Teixonera,149,7083,334,1,2
2026-01-01,7,Horta-Guinardó,38,la Teixonera,149,7083,30,2,1
2026-01-01,7,Horta-Guinardó,38,la Teixonera,149,7083,37,2,2
2026-01-01,7,Horta-Guinardó,38,la Teixonera,149,7083,154,3,1
2026-01-01,7,Horta-Guinardó,38,la Teixonera,149,7083,98,3,2
2026-01-01,7,Horta-Guinardó,38,la Teixonera,149,7083,21,4,1
2026-01-01,7,Horta-Guinardó,38,la Teixonera,149,7083,10,4,2
2026-01-01,7,Horta-Guinardó,38,la Teixonera,149,7083,232,5,1
2026-01-01,7,Horta-Guinardó,38,la Teixonera,149,7083,209,5,2
2026-01-01,7,Horta-Guinardó,38,la Teixonera,149,7084,267,1,1
2026-01-01,7,Horta-Guinardó,38,la Teixonera,149,7084,330,1,2
2026-01-01,7,Horta-Guinardó,38,la Teixonera,149,7084,42,2,1
2026-01-01,7,Horta-Guinardó,38,la Teixonera,149,7084,29,2,2
2026-01-01,7,Horta-Guinardó,38,la Teixonera,149,7084,168,3,1
2026-01-01,7,Horta-Guinardó,38,la Teixonera,149,7084,95,3,2
2026-01-01,7,Horta-Guinardó,38,la Teixonera,149,7084,24,4,1
2026-01-01,7,Horta-Guinardó,38,la Teixonera,149,7084,23,4,2
2026-01-01,7,Horta-Guinardó,38,la Teixonera,149,7084,227,5,1
2026-01-01,7,Horta-Guinardó,38,la Teixonera,149,7084,234,5,2
2026-01-01,7,Horta-Guinardó,38,la Teixonera,149,7085,308,1,1
2026-01-01,7,Horta-Guinardó,38,la Teixonera,149,7085,335,1,2
2026-01-01,7,Horta-Guinardó,38,la Teixonera,149,7085,27,2,1
2026-01-01,7,Horta-Guinardó,38,la Teixonera,149,7085,27,2,2
2026-01-01,7,Horta-Guinardó,38,la Teixonera,149,7085,135,3,1
2026-01-01,7,Horta-Guinardó,38,la Teixonera,149,7085,98,3,2
2026-01-01,7,Horta-Guinardó,38,la Teixonera,149,7085,23,4,1
2026-01-01,7,Horta-Guinardó,38,la Teixonera,149,7085,22,4,2
2026-01-01,7,Horta-Guinardó,38,la Teixonera,149,7085,186,5,1
2026-01-01,7,Horta-Guinardó,38,la Teixonera,149,7085,165,5,2
2026-01-01,7,Horta-Guinardó,38,la Teixonera,149,7086,301,1,1
2026-01-01,7,Horta-Guinardó,38,la Teixonera,149,7086,316,1,2
2026-01-01,7,Horta-Guinardó,38,la Teixonera,149,7086,38,2,1
2026-01-01,7,Horta-Guinardó,38,la Teixonera,149,7086,44,2,2
2026-01-01,7,Horta-Guinardó,38,la Teixonera,149,7086,140,3,1
2026-01-01,7,Horta-Guinardó,38,la Teixonera,149,7086,86,3,2
2026-01-01,7,Horta-Guinardó,38,la Teixonera,149,7086,22,4,1
2026-01-01,7,Horta-Guinardó,38,la Teixonera,149,7086,27,4,2
2026-01-01,7,Horta-Guinardó,38,la Teixonera,149,7086,333,5,1
2026-01-01,7,Horta-Guinardó,38,la Teixonera,149,7086,295,5,2
2026-01-01,7,Horta-Guinardó,38,la Teixonera,149,7087,375,1,1
2026-01-01,7,Horta-Guinardó,38,la Teixonera,149,7087,381,1,2
2026-01-01,7,Horta-Guinardó,38,la Teixonera,149,7087,39,2,1
2026-01-01,7,Horta-Guinardó,38,la Teixonera,149,7087,42,2,2
2026-01-01,7,Horta-Guinardó,38,la Teixonera,149,7087,199,3,1
2026-01-01,7,Horta-Guinardó,38,la Teixonera,149,7087,137,3,2
2026-01-01,7,Horta-Guinardó,38,la Teixonera,149,7087,31,4,1
2026-01-01,7,Horta-Guinardó,38,la Teixonera,149,7087,25,4,2
2026-01-01,7,Horta-Guinardó,38,la Teixonera,149,7087,292,5,1
2026-01-01,7,Horta-Guinardó,38,la Teixonera,149,7087,263,5,2
2026-01-01,7,Horta-Guinardó,38,la Teixonera,149,7088,458,1,1
2026-01-01,7,Horta-Guinardó,38,la Teixonera,149,7088,416,1,2
2026-01-01,7,Horta-Guinardó,38,la Teixonera,149,7088,41,2,1
2026-01-01,7,Horta-Guinardó,38,la Teixonera,149,7088,41,2,2
2026-01-01,7,Horta-Guinardó,38,la Teixonera,149,7088,148,3,1
2026-01-01,7,Horta-Guinardó,38,la Teixonera,149,7088,84,3,2
2026-01-01,7,Horta-Guinardó,38,la Teixonera,149,7088,26,4,1
2026-01-01,7,Horta-Guinardó,38,la Teixonera,149,7088,25,4,2
2026-01-01,7,Horta-Guinardó,38,la Teixonera,149,7088,318,5,1
2026-01-01,7,Horta-Guinardó,38,la Teixonera,149,7088,280,5,2
2026-01-01,7,Horta-Guinardó,39,Sant Genís dels Agudells,150,7089,327,1,1
2026-01-01,7,Horta-Guinardó,39,Sant Genís dels Agudells,150,7089,306,1,2
2026-01-01,7,Horta-Guinardó,39,Sant Genís dels Agudells,150,7089,45,2,1
2026-01-01,7,Horta-Guinardó,39,Sant Genís dels Agudells,150,7089,36,2,2
2026-01-01,7,Horta-Guinardó,39,Sant Genís dels Agudells,150,7089,155,3,1
2026-01-01,7,Horta-Guinardó,39,Sant Genís dels Agudells,150,7089,85,3,2
2026-01-01,7,Horta-Guinardó,39,Sant Genís dels Agudells,150,7089,25,4,1
2026-01-01,7,Horta-Guinardó,39,Sant Genís dels Agudells,150,7089,17,4,2
2026-01-01,7,Horta-Guinardó,39,Sant Genís dels Agudells,150,7089,249,5,1
2026-01-01,7,Horta-Guinardó,39,Sant Genís dels Agudells,150,7089,187,5,2
2026-01-01,7,Horta-Guinardó,39,Sant Genís dels Agudells,150,7089,..,6,1
2026-01-01,7,Horta-Guinardó,39,Sant Genís dels Agudells,150,7090,411,1,1
2026-01-01,7,Horta-Guinardó,39,Sant Genís dels Agudells,150,7090,416,1,2
2026-01-01,7,Horta-Guinardó,39,Sant Genís dels Agudells,150,7090,49,2,1
2026-01-01,7,Horta-Guinardó,39,Sant Genís dels Agudells,150,7090,45,2,2
2026-01-01,7,Horta-Guinardó,39,Sant Genís dels Agudells,150,7090,157,3,1
2026-01-01,7,Horta-Guinardó,39,Sant Genís dels Agudells,150,7090,99,3,2
2026-01-01,7,Horta-Guinardó,39,Sant Genís dels Agudells,150,7090,29,4,1
2026-01-01,7,Horta-Guinardó,39,Sant Genís dels Agudells,150,7090,36,4,2
2026-01-01,7,Horta-Guinardó,39,Sant Genís dels Agudells,150,7090,214,5,1
2026-01-01,7,Horta-Guinardó,39,Sant Genís dels Agudells,150,7090,187,5,2
2026-01-01,7,Horta-Guinardó,39,Sant Genís dels Agudells,150,7090,..,6,1
2026-01-01,7,Horta-Guinardó,39,Sant Genís dels Agudells,150,7091,308,1,1
2026-01-01,7,Horta-Guinardó,39,Sant Genís dels Agudells,150,7091,296,1,2
2026-01-01,7,Horta-Guinardó,39,Sant Genís dels Agudells,150,7091,48,2,1
2026-01-01,7,Horta-Guinardó,39,Sant Genís dels Agudells,150,7091,31,2,2
2026-01-01,7,Horta-Guinardó,39,Sant Genís dels Agudells,150,7091,136,3,1
2026-01-01,7,Horta-Guinardó,39,Sant Genís dels Agudells,150,7091,82,3,2
2026-01-01,7,Horta-Guinardó,39,Sant Genís dels Agudells,150,7091,22,4,1
2026-01-01,7,Horta-Guinardó,39,Sant Genís dels Agudells,150,7091,25,4,2
2026-01-01,7,Horta-Guinardó,39,Sant Genís dels Agudells,150,7091,229,5,1
2026-01-01,7,Horta-Guinardó,39,Sant Genís dels Agudells,150,7091,157,5,2
2026-01-01,7,Horta-Guinardó,39,Sant Genís dels Agudells,150,7092,276,1,1
2026-01-01,7,Horta-Guinardó,39,Sant Genís dels Agudells,150,7092,255,1,2
2026-01-01,7,Horta-Guinardó,39,Sant Genís dels Agudells,150,7092,37,2,1
2026-01-01,7,Horta-Guinardó,39,Sant Genís dels Agudells,150,7092,29,2,2
2026-01-01,7,Horta-Guinardó,39,Sant Genís dels Agudells,150,7092,119,3,1
2026-01-01,7,Horta-Guinardó,39,Sant Genís dels Agudells,150,7092,73,3,2
2026-01-01,7,Horta-Guinardó,39,Sant Genís dels Agudells,150,7092,12,4,1
2026-01-01,7,Horta-Guinardó,39,Sant Genís dels Agudells,150,7092,15,4,2
2026-01-01,7,Horta-Guinardó,39,Sant Genís dels Agudells,150,7092,425,5,1
2026-01-01,7,Horta-Guinardó,39,Sant Genís dels Agudells,150,7092,386,5,2
2026-01-01,7,Horta-Guinardó,39,Sant Genís dels Agudells,150,7093,359,1,1
2026-01-01,7,Horta-Guinardó,39,Sant Genís dels Agudells,150,7093,369,1,2
2026-01-01,7,Horta-Guinardó,39,Sant Genís dels Agudells,150,7093,54,2,1
2026-01-01,7,Horta-Guinardó,39,Sant Genís dels Agudells,150,7093,55,2,2
2026-01-01,7,Horta-Guinardó,39,Sant Genís dels Agudells,150,7093,176,3,1
2026-01-01,7,Horta-Guinardó,39,Sant Genís dels Agudells,150,7093,123,3,2
2026-01-01,7,Horta-Guinardó,39,Sant Genís dels Agudells,150,7093,16,4,1
2026-01-01,7,Horta-Guinardó,39,Sant Genís dels Agudells,150,7093,30,4,2
2026-01-01,7,Horta-Guinardó,39,Sant Genís dels Agudells,150,7093,316,5,1
2026-01-01,7,Horta-Guinardó,39,Sant Genís dels Agudells,150,7093,353,5,2
2026-01-01,7,Horta-Guinardó,39,Sant Genís dels Agudells,150,7093,..,6,2
2026-01-01,7,Horta-Guinardó,40,Montbau,151,7094,319,1,1
2026-01-01,7,Horta-Guinardó,40,Montbau,151,7094,287,1,2
2026-01-01,7,Horta-Guinardó,40,Montbau,151,7094,47,2,1
2026-01-01,7,Horta-Guinardó,40,Montbau,151,7094,50,2,2
2026-01-01,7,Horta-Guinardó,40,Montbau,151,7094,146,3,1
2026-01-01,7,Horta-Guinardó,40,Montbau,151,7094,74,3,2
2026-01-01,7,Horta-Guinardó,40,Montbau,151,7094,18,4,1
2026-01-01,7,Horta-Guinardó,40,Montbau,151,7094,11,4,2
2026-01-01,7,Horta-Guinardó,40,Montbau,151,7094,204,5,1
2026-01-01,7,Horta-Guinardó,40,Montbau,151,7094,175,5,2
2026-01-01,7,Horta-Guinardó,40,Montbau,151,7094,..,6,2
2026-01-01,7,Horta-Guinardó,40,Montbau,151,7095,414,1,1
2026-01-01,7,Horta-Guinardó,40,Montbau,151,7095,425,1,2
2026-01-01,7,Horta-Guinardó,40,Montbau,151,7095,44,2,1
2026-01-01,7,Horta-Guinardó,40,Montbau,151,7095,43,2,2
2026-01-01,7,Horta-Guinardó,40,Montbau,151,7095,114,3,1
2026-01-01,7,Horta-Guinardó,40,Montbau,151,7095,87,3,2
2026-01-01,7,Horta-Guinardó,40,Montbau,151,7095,24,4,1
2026-01-01,7,Horta-Guinardó,40,Montbau,151,7095,27,4,2
2026-01-01,7,Horta-Guinardó,40,Montbau,151,7095,240,5,1
2026-01-01,7,Horta-Guinardó,40,Montbau,151,7095,218,5,2
2026-01-01,7,Horta-Guinardó,40,Montbau,151,7096,374,1,1
2026-01-01,7,Horta-Guinardó,40,Montbau,151,7096,367,1,2
2026-01-01,7,Horta-Guinardó,40,Montbau,151,7096,44,2,1
2026-01-01,7,Horta-Guinardó,40,Montbau,151,7096,37,2,2
2026-01-01,7,Horta-Guinardó,40,Montbau,151,7096,115,3,1
2026-01-01,7,Horta-Guinardó,40,Montbau,151,7096,72,3,2
2026-01-01,7,Horta-Guinardó,40,Montbau,151,7096,14,4,1
2026-01-01,7,Horta-Guinardó,40,Montbau,151,7096,10,4,2
2026-01-01,7,Horta-Guinardó,40,Montbau,151,7096,275,5,1
2026-01-01,7,Horta-Guinardó,40,Montbau,151,7096,201,5,2
2026-01-01,7,Horta-Guinardó,40,Montbau,151,7097,208,1,1
2026-01-01,7,Horta-Guinardó,40,Montbau,151,7097,197,1,2
2026-01-01,7,Horta-Guinardó,40,Montbau,151,7097,44,2,1
2026-01-01,7,Horta-Guinardó,40,Montbau,151,7097,29,2,2
2026-01-01,7,Horta-Guinardó,40,Montbau,151,7097,121,3,1
2026-01-01,7,Horta-Guinardó,40,Montbau,151,7097,52,3,2
2026-01-01,7,Horta-Guinardó,40,Montbau,151,7097,8,4,1
2026-01-01,7,Horta-Guinardó,40,Montbau,151,7097,11,4,2
2026-01-01,7,Horta-Guinardó,40,Montbau,151,7097,108,5,1
2026-01-01,7,Horta-Guinardó,40,Montbau,151,7097,98,5,2
2026-01-01,7,Horta-Guinardó,41,la Vall d'Hebron,152,7098,632,1,1
2026-01-01,7,Horta-Guinardó,41,la Vall d'Hebron,152,7098,649,1,2
2026-01-01,7,Horta-Guinardó,41,la Vall d'Hebron,152,7098,95,2,1
2026-01-01,7,Horta-Guinardó,41,la Vall d'Hebron,152,7098,76,2,2
2026-01-01,7,Horta-Guinardó,41,la Vall d'Hebron,152,7098,227,3,1
2026-01-01,7,Horta-Guinardó,41,la Vall d'Hebron,152,7098,152,3,2
2026-01-01,7,Horta-Guinardó,41,la Vall d'Hebron,152,7098,20,4,1
2026-01-01,7,Horta-Guinardó,41,la Vall d'Hebron,152,7098,21,4,2
2026-01-01,7,Horta-Guinardó,41,la Vall d'Hebron,152,7098,198,5,1
2026-01-01,7,Horta-Guinardó,41,la Vall d'Hebron,152,7098,156,5,2
2026-01-01,7,Horta-Guinardó,41,la Vall d'Hebron,152,7099,301,1,1
2026-01-01,7,Horta-Guinardó,41,la Vall d'Hebron,152,7099,285,1,2
2026-01-01,7,Horta-Guinardó,41,la Vall d'Hebron,152,7099,26,2,1
2026-01-01,7,Horta-Guinardó,41,la Vall d'Hebron,152,7099,30,2,2
2026-01-01,7,Horta-Guinardó,41,la Vall d'Hebron,152,7099,113,3,1
2026-01-01,7,Horta-Guinardó,41,la Vall d'Hebron,152,7099,95,3,2
2026-01-01,7,Horta-Guinardó,41,la Vall d'Hebron,152,7099,9,4,1
2026-01-01,7,Horta-Guinardó,41,la Vall d'Hebron,152,7099,13,4,2
2026-01-01,7,Horta-Guinardó,41,la Vall d'Hebron,152,7099,92,5,1
2026-01-01,7,Horta-Guinardó,41,la Vall d'Hebron,152,7099,74,5,2
2026-01-01,7,Horta-Guinardó,41,la Vall d'Hebron,152,7100,262,1,1
2026-01-01,7,Horta-Guinardó,41,la Vall d'Hebron,152,7100,263,1,2
2026-01-01,7,Horta-Guinardó,41,la Vall d'Hebron,152,7100,55,2,1
2026-01-01,7,Horta-Guinardó,41,la Vall d'Hebron,152,7100,45,2,2
2026-01-01,7,Horta-Guinardó,41,la Vall d'Hebron,152,7100,159,3,1
2026-01-01,7,Horta-Guinardó,41,la Vall d'Hebron,152,7100,131,3,2
2026-01-01,7,Horta-Guinardó,41,la Vall d'Hebron,152,7100,23,4,1
2026-01-01,7,Horta-Guinardó,41,la Vall d'Hebron,152,7100,10,4,2
2026-01-01,7,Horta-Guinardó,41,la Vall d'Hebron,152,7100,157,5,1
2026-01-01,7,Horta-Guinardó,41,la Vall d'Hebron,152,7100,131,5,2
2026-01-01,7,Horta-Guinardó,41,la Vall d'Hebron,152,7101,355,1,1
2026-01-01,7,Horta-Guinardó,41,la Vall d'Hebron,152,7101,286,1,2
2026-01-01,7,Horta-Guinardó,41,la Vall d'Hebron,152,7101,35,2,1
2026-01-01,7,Horta-Guinardó,41,la Vall d'Hebron,152,7101,47,2,2
2026-01-01,7,Horta-Guinardó,41,la Vall d'Hebron,152,7101,227,3,1
2026-01-01,7,Horta-Guinardó,41,la Vall d'Hebron,152,7101,159,3,2
2026-01-01,7,Horta-Guinardó,41,la Vall d'Hebron,152,7101,27,4,1
2026-01-01,7,Horta-Guinardó,41,la Vall d'Hebron,152,7101,23,4,2
2026-01-01,7,Horta-Guinardó,41,la Vall d'Hebron,152,7101,212,5,1
2026-01-01,7,Horta-Guinardó,41,la Vall d'Hebron,152,7101,216,5,2
2026-01-01,7,Horta-Guinardó,42,la Clota,153,7102,341,1,1
2026-01-01,7,Horta-Guinardó,42,la Clota,153,7102,337,1,2
2026-01-01,7,Horta-Guinardó,42,la Clota,153,7102,32,2,1
2026-01-01,7,Horta-Guinardó,42,la Clota,153,7102,36,2,2
2026-01-01,7,Horta-Guinardó,42,la Clota,153,7102,61,3,1
2026-01-01,7,Horta-Guinardó,42,la Clota,153,7102,56,3,2
2026-01-01,7,Horta-Guinardó,42,la Clota,153,7102,16,4,1
2026-01-01,7,Horta-Guinardó,42,la Clota,153,7102,16,4,2
2026-01-01,7,Horta-Guinardó,42,la Clota,153,7102,111,5,1
2026-01-01,7,Horta-Guinardó,42,la Clota,153,7102,117,5,2
2026-01-01,7,Horta-Guinardó,43,Horta,154,7103,354,1,1
2026-01-01,7,Horta-Guinardó,43,Horta,154,7103,350,1,2
2026-01-01,7,Horta-Guinardó,43,Horta,154,7103,43,2,1
2026-01-01,7,Horta-Guinardó,43,Horta,154,7103,36,2,2
2026-01-01,7,Horta-Guinardó,43,Horta,154,7103,140,3,1
2026-01-01,7,Horta-Guinardó,43,Horta,154,7103,106,3,2
2026-01-01,7,Horta-Guinardó,43,Horta,154,7103,22,4,1
2026-01-01,7,Horta-Guinardó,43,Horta,154,7103,20,4,2
2026-01-01,7,Horta-Guinardó,43,Horta,154,7103,293,5,1
2026-01-01,7,Horta-Guinardó,43,Horta,154,7103,288,5,2
2026-01-01,7,Horta-Guinardó,43,Horta,154,7104,429,1,1
2026-01-01,7,Horta-Guinardó,43,Horta,154,7104,422,1,2
2026-01-01,7,Horta-Guinardó,43,Horta,154,7104,57,2,1
2026-01-01,7,Horta-Guinardó,43,Horta,154,7104,58,2,2
2026-01-01,7,Horta-Guinardó,43,Horta,154,7104,168,3,1
2026-01-01,7,Horta-Guinardó,43,Horta,154,7104,110,3,2
2026-01-01,7,Horta-Guinardó,43,Horta,154,7104,13,4,1
2026-01-01,7,Horta-Guinardó,43,Horta,154,7104,17,4,2
2026-01-01,7,Horta-Guinardó,43,Horta,154,7104,201,5,1
2026-01-01,7,Horta-Guinardó,43,Horta,154,7104,169,5,2
2026-01-01,7,Horta-Guinardó,43,Horta,154,7105,339,1,1
2026-01-01,7,Horta-Guinardó,43,Horta,154,7105,349,1,2
2026-01-01,7,Horta-Guinardó,43,Horta,154,7105,39,2,1
2026-01-01,7,Horta-Guinardó,43,Horta,154,7105,34,2,2
2026-01-01,7,Horta-Guinardó,43,Horta,154,7105,128,3,1
2026-01-01,7,Horta-Guinardó,43,Horta,154,7105,74,3,2
2026-01-01,7,Horta-Guinardó,43,Horta,154,7105,11,4,1
2026-01-01,7,Horta-Guinardó,43,Horta,154,7105,11,4,2
2026-01-01,7,Horta-Guinardó,43,Horta,154,7105,95,5,1
2026-01-01,7,Horta-Guinardó,43,Horta,154,7105,68,5,2
2026-01-01,7,Horta-Guinardó,43,Horta,154,7106,373,1,1
2026-01-01,7,Horta-Guinardó,43,Horta,154,7106,362,1,2
2026-01-01,7,Horta-Guinardó,43,Horta,154,7106,56,2,1
2026-01-01,7,Horta-Guinardó,43,Horta,154,7106,35,2,2
2026-01-01,7,Horta-Guinardó,43,Horta,154,7106,110,3,1
2026-01-01,7,Horta-Guinardó,43,Horta,154,7106,74,3,2
2026-01-01,7,Horta-Guinardó,43,Horta,154,7106,5,4,1
2026-01-01,7,Horta-Guinardó,43,Horta,154,7106,10,4,2
2026-01-01,7,Horta-Guinardó,43,Horta,154,7106,117,5,1
2026-01-01,7,Horta-Guinardó,43,Horta,154,7106,92,5,2
2026-01-01,7,Horta-Guinardó,43,Horta,154,7107,345,1,1
2026-01-01,7,Horta-Guinardó,43,Horta,154,7107,371,1,2
2026-01-01,7,Horta-Guinardó,43,Horta,154,7107,46,2,1
2026-01-01,7,Horta-Guinardó,43,Horta,154,7107,39,2,2
2026-01-01,7,Horta-Guinardó,43,Horta,154,7107,119,3,1
2026-01-01,7,Horta-Guinardó,43,Horta,154,7107,70,3,2
2026-01-01,7,Horta-Guinardó,43,Horta,154,7107,12,4,1
2026-01-01,7,Horta-Guinardó,43,Horta,154,7107,8,4,2
2026-01-01,7,Horta-Guinardó,43,Horta,154,7107,101,5,1
2026-01-01,7,Horta-Guinardó,43,Horta,154,7107,60,5,2
2026-01-01,7,Horta-Guinardó,43,Horta,154,7108,373,1,1
2026-01-01,7,Horta-Guinardó,43,Horta,154,7108,351,1,2
2026-01-01,7,Horta-Guinardó,43,Horta,154,7108,38,2,1
2026-01-01,7,Horta-Guinardó,43,Horta,154,7108,36,2,2
2026-01-01,7,Horta-Guinardó,43,Horta,154,7108,134,3,1
2026-01-01,7,Horta-Guinardó,43,Horta,154,7108,91,3,2
2026-01-01,7,Horta-Guinardó,43,Horta,154,7108,16,4,1
2026-01-01,7,Horta-Guinardó,43,Horta,154,7108,10,4,2
2026-01-01,7,Horta-Guinardó,43,Horta,154,7108,115,5,1
2026-01-01,7,Horta-Guinardó,43,Horta,154,7108,101,5,2
2026-01-01,7,Horta-Guinardó,43,Horta,154,7109,402,1,1
2026-01-01,7,Horta-Guinardó,43,Horta,154,7109,409,1,2
2026-01-01,7,Horta-Guinardó,43,Horta,154,7109,52,2,1
2026-01-01,7,Horta-Guinardó,43,Horta,154,7109,46,2,2
2026-01-01,7,Horta-Guinardó,43,Horta,154,7109,168,3,1
2026-01-01,7,Horta-Guinardó,43,Horta,154,7109,126,3,2
2026-01-01,7,Horta-Guinardó,43,Horta,154,7109,23,4,1
2026-01-01,7,Horta-Guinardó,43,Horta,154,7109,9,4,2
2026-01-01,7,Horta-Guinardó,43,Horta,154,7109,249,5,1
2026-01-01,7,Horta-Guinardó,43,Horta,154,7109,207,5,2
2026-01-01,7,Horta-Guinardó,43,Horta,154,7110,322,1,1
2026-01-01,7,Horta-Guinardó,43,Horta,154,7110,301,1,2
2026-01-01,7,Horta-Guinardó,43,Horta,154,7110,29,2,1
2026-01-01,7,Horta-Guinardó,43,Horta,154,7110,25,2,2
2026-01-01,7,Horta-Guinardó,43,Horta,154,7110,137,3,1
2026-01-01,7,Horta-Guinardó,43,Horta,154,7110,60,3,2
2026-01-01,7,Horta-Guinardó,43,Horta,154,7110,10,4,1
2026-01-01,7,Horta-Guinardó,43,Horta,154,7110,7,4,2
2026-01-01,7,Horta-Guinardó,43,Horta,154,7110,98,5,1
2026-01-01,7,Horta-Guinardó,43,Horta,154,7110,67,5,2
2026-01-01,7,Horta-Guinardó,43,Horta,154,7111,296,1,1
2026-01-01,7,Horta-Guinardó,43,Horta,154,7111,256,1,2
2026-01-01,7,Horta-Guinardó,43,Horta,154,7111,40,2,1
2026-01-01,7,Horta-Guinardó,43,Horta,154,7111,25,2,2
2026-01-01,7,Horta-Guinardó,43,Horta,154,7111,99,3,1
2026-01-01,7,Horta-Guinardó,43,Horta,154,7111,74,3,2
2026-01-01,7,Horta-Guinardó,43,Horta,154,7111,11,4,1
2026-01-01,7,Horta-Guinardó,43,Horta,154,7111,10,4,2
2026-01-01,7,Horta-Guinardó,43,Horta,154,7111,70,5,1
2026-01-01,7,Horta-Guinardó,43,Horta,154,7111,63,5,2
2026-01-01,7,Horta-Guinardó,43,Horta,155,7112,404,1,1
2026-01-01,7,Horta-Guinardó,43,Horta,155,7112,356,1,2
2026-01-01,7,Horta-Guinardó,43,Horta,155,7112,33,2,1
2026-01-01,7,Horta-Guinardó,43,Horta,155,7112,38,2,2
2026-01-01,7,Horta-Guinardó,43,Horta,155,7112,114,3,1
2026-01-01,7,Horta-Guinardó,43,Horta,155,7112,101,3,2
2026-01-01,7,Horta-Guinardó,43,Horta,155,7112,11,4,1
2026-01-01,7,Horta-Guinardó,43,Horta,155,7112,18,4,2
2026-01-01,7,Horta-Guinardó,43,Horta,155,7112,130,5,1
2026-01-01,7,Horta-Guinardó,43,Horta,155,7112,136,5,2
2026-01-01,7,Horta-Guinardó,43,Horta,155,7113,359,1,1
2026-01-01,7,Horta-Guinardó,43,Horta,155,7113,332,1,2
2026-01-01,7,Horta-Guinardó,43,Horta,155,7113,39,2,1
2026-01-01,7,Horta-Guinardó,43,Horta,155,7113,44,2,2
2026-01-01,7,Horta-Guinardó,43,Horta,155,7113,108,3,1
2026-01-01,7,Horta-Guinardó,43,Horta,155,7113,61,3,2
2026-01-01,7,Horta-Guinardó,43,Horta,155,7113,7,4,1
2026-01-01,7,Horta-Guinardó,43,Horta,155,7113,13,4,2
2026-01-01,7,Horta-Guinardó,43,Horta,155,7113,169,5,1
2026-01-01,7,Horta-Guinardó,43,Horta,155,7113,159,5,2
2026-01-01,7,Horta-Guinardó,43,Horta,155,7114,401,1,1
2026-01-01,7,Horta-Guinardó,43,Horta,155,7114,374,1,2
2026-01-01,7,Horta-Guinardó,43,Horta,155,7114,44,2,1
2026-01-01,7,Horta-Guinardó,43,Horta,155,7114,50,2,2
2026-01-01,7,Horta-Guinardó,43,Horta,155,7114,84,3,1
2026-01-01,7,Horta-Guinardó,43,Horta,155,7114,65,3,2
2026-01-01,7,Horta-Guinardó,43,Horta,155,7114,23,4,1
2026-01-01,7,Horta-Guinardó,43,Horta,155,7114,11,4,2
2026-01-01,7,Horta-Guinardó,43,Horta,155,7114,111,5,1
2026-01-01,7,Horta-Guinardó,43,Horta,155,7114,108,5,2
2026-01-01,7,Horta-Guinardó,43,Horta,155,7115,392,1,1
2026-01-01,7,Horta-Guinardó,43,Horta,155,7115,367,1,2
2026-01-01,7,Horta-Guinardó,43,Horta,155,7115,38,2,1
2026-01-01,7,Horta-Guinardó,43,Horta,155,7115,26,2,2
2026-01-01,7,Horta-Guinardó,43,Horta,155,7115,71,3,1
2026-01-01,7,Horta-Guinardó,43,Horta,155,7115,43,3,2
2026-01-01,7,Horta-Guinardó,43,Horta,155,7115,19,4,1
2026-01-01,7,Horta-Guinardó,43,Horta,155,7115,19,4,2
2026-01-01,7,Horta-Guinardó,43,Horta,155,7115,76,5,1
2026-01-01,7,Horta-Guinardó,43,Horta,155,7115,47,5,2
2026-01-01,7,Horta-Guinardó,43,Horta,155,7116,494,1,1
2026-01-01,7,Horta-Guinardó,43,Horta,155,7116,439,1,2
2026-01-01,7,Horta-Guinardó,43,Horta,155,7116,50,2,1
2026-01-01,7,Horta-Guinardó,43,Horta,155,7116,36,2,2
2026-01-01,7,Horta-Guinardó,43,Horta,155,7116,142,3,1
2026-01-01,7,Horta-Guinardó,43,Horta,155,7116,93,3,2
2026-01-01,7,Horta-Guinardó,43,Horta,155,7116,25,4,1
2026-01-01,7,Horta-Guinardó,43,Horta,155,7116,11,4,2
2026-01-01,7,Horta-Guinardó,43,Horta,155,7116,155,5,1
2026-01-01,7,Horta-Guinardó,43,Horta,155,7116,114,5,2
2026-01-01,7,Horta-Guinardó,43,Horta,155,7117,437,1,1
2026-01-01,7,Horta-Guinardó,43,Horta,155,7117,464,1,2
2026-01-01,7,Horta-Guinardó,43,Horta,155,7117,64,2,1
2026-01-01,7,Horta-Guinardó,43,Horta,155,7117,68,2,2
2026-01-01,7,Horta-Guinardó,43,Horta,155,7117,135,3,1
2026-01-01,7,Horta-Guinardó,43,Horta,155,7117,129,3,2
2026-01-01,7,Horta-Guinardó,43,Horta,155,7117,39,4,1
2026-01-01,7,Horta-Guinardó,43,Horta,155,7117,46,4,2
2026-01-01,7,Horta-Guinardó,43,Horta,155,7117,1410,5,1
2026-01-01,7,Horta-Guinardó,43,Horta,155,7117,1788,5,2
2026-01-01,7,Horta-Guinardó,43,Horta,155,7118,362,1,1
2026-01-01,7,Horta-Guinardó,43,Horta,155,7118,344,1,2
2026-01-01,7,Horta-Guinardó,43,Horta,155,7118,55,2,1
2026-01-01,7,Horta-Guinardó,43,Horta,155,7118,38,2,2
2026-01-01,7,Horta-Guinardó,43,Horta,155,7118,98,3,1
2026-01-01,7,Horta-Guinardó,43,Horta,155,7118,78,3,2
2026-01-01,7,Horta-Guinardó,43,Horta,155,7118,18,4,1
2026-01-01,7,Horta-Guinardó,43,Horta,155,7118,16,4,2
2026-01-01,7,Horta-Guinardó,43,Horta,155,7118,154,5,1
2026-01-01,7,Horta-Guinardó,43,Horta,155,7118,151,5,2
2026-01-01,7,Horta-Guinardó,43,Horta,156,7119,364,1,1
2026-01-01,7,Horta-Guinardó,43,Horta,156,7119,325,1,2
2026-01-01,7,Horta-Guinardó,43,Horta,156,7119,45,2,1
2026-01-01,7,Horta-Guinardó,43,Horta,156,7119,36,2,2
2026-01-01,7,Horta-Guinardó,43,Horta,156,7119,111,3,1
2026-01-01,7,Horta-Guinardó,43,Horta,156,7119,67,3,2
2026-01-01,7,Horta-Guinardó,43,Horta,156,7119,14,4,1
2026-01-01,7,Horta-Guinardó,43,Horta,156,7119,15,4,2
2026-01-01,7,Horta-Guinardó,43,Horta,156,7119,216,5,1
2026-01-01,7,Horta-Guinardó,43,Horta,156,7119,211,5,2
2026-01-01,7,Horta-Guinardó,43,Horta,156,7120,307,1,1
2026-01-01,7,Horta-Guinardó,43,Horta,156,7120,306,1,2
2026-01-01,7,Horta-Guinardó,43,Horta,156,7120,36,2,1
2026-01-01,7,Horta-Guinardó,43,Horta,156,7120,27,2,2
2026-01-01,7,Horta-Guinardó,43,Horta,156,7120,143,3,1
2026-01-01,7,Horta-Guinardó,43,Horta,156,7120,84,3,2
2026-01-01,7,Horta-Guinardó,43,Horta,156,7120,11,4,1
2026-01-01,7,Horta-Guinardó,43,Horta,156,7120,13,4,2
2026-01-01,7,Horta-Guinardó,43,Horta,156,7120,198,5,1
2026-01-01,7,Horta-Guinardó,43,Horta,156,7120,141,5,2
2026-01-01,7,Horta-Guinardó,43,Horta,156,7121,277,1,1
2026-01-01,7,Horta-Guinardó,43,Horta,156,7121,251,1,2
2026-01-01,7,Horta-Guinardó,43,Horta,156,7121,32,2,1
2026-01-01,7,Horta-Guinardó,43,Horta,156,7121,28,2,2
2026-01-01,7,Horta-Guinardó,43,Horta,156,7121,114,3,1
2026-01-01,7,Horta-Guinardó,43,Horta,156,7121,76,3,2
2026-01-01,7,Horta-Guinardó,43,Horta,156,7121,13,4,1
2026-01-01,7,Horta-Guinardó,43,Horta,156,7121,15,4,2
2026-01-01,7,Horta-Guinardó,43,Horta,156,7121,265,5,1
2026-01-01,7,Horta-Guinardó,43,Horta,156,7121,197,5,2
2026-01-01,7,Horta-Guinardó,43,Horta,156,7122,381,1,1
2026-01-01,7,Horta-Guinardó,43,Horta,156,7122,362,1,2
2026-01-01,7,Horta-Guinardó,43,Horta,156,7122,54,2,1
2026-01-01,7,Horta-Guinardó,43,Horta,156,7122,47,2,2
2026-01-01,7,Horta-Guinardó,43,Horta,156,7122,132,3,1
2026-01-01,7,Horta-Guinardó,43,Horta,156,7122,91,3,2
2026-01-01,7,Horta-Guinardó,43,Horta,156,7122,14,4,1
2026-01-01,7,Horta-Guinardó,43,Horta,156,7122,22,4,2
2026-01-01,7,Horta-Guinardó,43,Horta,156,7122,179,5,1
2026-01-01,7,Horta-Guinardó,43,Horta,156,7122,149,5,2
2026-01-01,7,Horta-Guinardó,43,Horta,156,7123,448,1,1
2026-01-01,7,Horta-Guinardó,43,Horta,156,7123,406,1,2
2026-01-01,7,Horta-Guinardó,43,Horta,156,7123,46,2,1
2026-01-01,7,Horta-Guinardó,43,Horta,156,7123,47,2,2
2026-01-01,7,Horta-Guinardó,43,Horta,156,7123,125,3,1
2026-01-01,7,Horta-Guinardó,43,Horta,156,7123,98,3,2
2026-01-01,7,Horta-Guinardó,43,Horta,156,7123,20,4,1
2026-01-01,7,Horta-Guinardó,43,Horta,156,7123,16,4,2
2026-01-01,7,Horta-Guinardó,43,Horta,156,7123,139,5,1
2026-01-01,7,Horta-Guinardó,43,Horta,156,7123,143,5,2
2026-01-01,8,Nou Barris,44,Vilapicina i la Torre Llobeta,157,8001,306,1,1
2026-01-01,8,Nou Barris,44,Vilapicina i la Torre Llobeta,157,8001,298,1,2
2026-01-01,8,Nou Barris,44,Vilapicina i la Torre Llobeta,157,8001,32,2,1
2026-01-01,8,Nou Barris,44,Vilapicina i la Torre Llobeta,157,8001,30,2,2
2026-01-01,8,Nou Barris,44,Vilapicina i la Torre Llobeta,157,8001,177,3,1
2026-01-01,8,Nou Barris,44,Vilapicina i la Torre Llobeta,157,8001,124,3,2
2026-01-01,8,Nou Barris,44,Vilapicina i la Torre Llobeta,157,8001,10,4,1
2026-01-01,8,Nou Barris,44,Vilapicina i la Torre Llobeta,157,8001,7,4,2
2026-01-01,8,Nou Barris,44,Vilapicina i la Torre Llobeta,157,8001,144,5,1
2026-01-01,8,Nou Barris,44,Vilapicina i la Torre Llobeta,157,8001,136,5,2
2026-01-01,8,Nou Barris,44,Vilapicina i la Torre Llobeta,157,8002,389,1,1
2026-01-01,8,Nou Barris,44,Vilapicina i la Torre Llobeta,157,8002,352,1,2
2026-01-01,8,Nou Barris,44,Vilapicina i la Torre Llobeta,157,8002,33,2,1
2026-01-01,8,Nou Barris,44,Vilapicina i la Torre Llobeta,157,8002,34,2,2
2026-01-01,8,Nou Barris,44,Vilapicina i la Torre Llobeta,157,8002,122,3,1
2026-01-01,8,Nou Barris,44,Vilapicina i la Torre Llobeta,157,8002,94,3,2
2026-01-01,8,Nou Barris,44,Vilapicina i la Torre Llobeta,157,8002,23,4,1
2026-01-01,8,Nou Barris,44,Vilapicina i la Torre Llobeta,157,8002,17,4,2
2026-01-01,8,Nou Barris,44,Vilapicina i la Torre Llobeta,157,8002,142,5,1
2026-01-01,8,Nou Barris,44,Vilapicina i la Torre Llobeta,157,8002,145,5,2
2026-01-01,8,Nou Barris,44,Vilapicina i la Torre Llobeta,157,8002,..,6,1
2026-01-01,8,Nou Barris,44,Vilapicina i la Torre Llobeta,157,8003,320,1,1
2026-01-01,8,Nou Barris,44,Vilapicina i la Torre Llobeta,157,8003,310,1,2
2026-01-01,8,Nou Barris,44,Vilapicina i la Torre Llobeta,157,8003,31,2,1
2026-01-01,8,Nou Barris,44,Vilapicina i la Torre Llobeta,157,8003,40,2,2
2026-01-01,8,Nou Barris,44,Vilapicina i la Torre Llobeta,157,8003,132,3,1
2026-01-01,8,Nou Barris,44,Vilapicina i la Torre Llobeta,157,8003,92,3,2
2026-01-01,8,Nou Barris,44,Vilapicina i la Torre Llobeta,157,8003,14,4,1
2026-01-01,8,Nou Barris,44,Vilapicina i la Torre Llobeta,157,8003,9,4,2
2026-01-01,8,Nou Barris,44,Vilapicina i la Torre Llobeta,157,8003,200,5,1
2026-01-01,8,Nou Barris,44,Vilapicina i la Torre Llobeta,157,8003,139,5,2
2026-01-01,8,Nou Barris,44,Vilapicina i la Torre Llobeta,157,8004,354,1,1
2026-01-01,8,Nou Barris,44,Vilapicina i la Torre Llobeta,157,8004,292,1,2
2026-01-01,8,Nou Barris,44,Vilapicina i la Torre Llobeta,157,8004,37,2,1
2026-01-01,8,Nou Barris,44,Vilapicina i la Torre Llobeta,157,8004,41,2,2
2026-01-01,8,Nou Barris,44,Vilapicina i la Torre Llobeta,157,8004,151,3,1
2026-01-01,8,Nou Barris,44,Vilapicina i la Torre Llobeta,157,8004,102,3,2
2026-01-01,8,Nou Barris,44,Vilapicina i la Torre Llobeta,157,8004,14,4,1
2026-01-01,8,Nou Barris,44,Vilapicina i la Torre Llobeta,157,8004,17,4,2
2026-01-01,8,Nou Barris,44,Vilapicina i la Torre Llobeta,157,8004,290,5,1
2026-01-01,8,Nou Barris,44,Vilapicina i la Torre Llobeta,157,8004,239,5,2
2026-01-01,8,Nou Barris,44,Vilapicina i la Torre Llobeta,157,8004,..,6,2
2026-01-01,8,Nou Barris,44,Vilapicina i la Torre Llobeta,157,8005,276,1,1
2026-01-01,8,Nou Barris,44,Vilapicina i la Torre Llobeta,157,8005,281,1,2
2026-01-01,8,Nou Barris,44,Vilapicina i la Torre Llobeta,157,8005,32,2,1
2026-01-01,8,Nou Barris,44,Vilapicina i la Torre Llobeta,157,8005,28,2,2
2026-01-01,8,Nou Barris,44,Vilapicina i la Torre Llobeta,157,8005,132,3,1
2026-01-01,8,Nou Barris,44,Vilapicina i la Torre Llobeta,157,8005,90,3,2
2026-01-01,8,Nou Barris,44,Vilapicina i la Torre Llobeta,157,8005,13,4,1
2026-01-01,8,Nou Barris,44,Vilapicina i la Torre Llobeta,157,8005,5,4,2
2026-01-01,8,Nou Barris,44,Vilapicina i la Torre Llobeta,157,8005,162,5,1
2026-01-01,8,Nou Barris,44,Vilapicina i la Torre Llobeta,157,8005,119,5,2
2026-01-01,8,Nou Barris,44,Vilapicina i la Torre Llobeta,157,8006,414,1,1
2026-01-01,8,Nou Barris,44,Vilapicina i la Torre Llobeta,157,8006,421,1,2
2026-01-01,8,Nou Barris,44,Vilapicina i la Torre Llobeta,157,8006,61,2,1
2026-01-01,8,Nou Barris,44,Vilapicina i la Torre Llobeta,157,8006,41,2,2
2026-01-01,8,Nou Barris,44,Vilapicina i la Torre Llobeta,157,8006,122,3,1
2026-01-01,8,Nou Barris,44,Vilapicina i la Torre Llobeta,157,8006,85,3,2
2026-01-01,8,Nou Barris,44,Vilapicina i la Torre Llobeta,157,8006,33,4,1
2026-01-01,8,Nou Barris,44,Vilapicina i la Torre Llobeta,157,8006,15,4,2
2026-01-01,8,Nou Barris,44,Vilapicina i la Torre Llobeta,157,8006,288,5,1
2026-01-01,8,Nou Barris,44,Vilapicina i la Torre Llobeta,157,8006,229,5,2
2026-01-01,8,Nou Barris,44,Vilapicina i la Torre Llobeta,157,8007,298,1,1
2026-01-01,8,Nou Barris,44,Vilapicina i la Torre Llobeta,157,8007,292,1,2
2026-01-01,8,Nou Barris,44,Vilapicina i la Torre Llobeta,157,8007,54,2,1
2026-01-01,8,Nou Barris,44,Vilapicina i la Torre Llobeta,157,8007,43,2,2
2026-01-01,8,Nou Barris,44,Vilapicina i la Torre Llobeta,157,8007,157,3,1
2026-01-01,8,Nou Barris,44,Vilapicina i la Torre Llobeta,157,8007,93,3,2
2026-01-01,8,Nou Barris,44,Vilapicina i la Torre Llobeta,157,8007,12,4,1
2026-01-01,8,Nou Barris,44,Vilapicina i la Torre Llobeta,157,8007,10,4,2
2026-01-01,8,Nou Barris,44,Vilapicina i la Torre Llobeta,157,8007,129,5,1
2026-01-01,8,Nou Barris,44,Vilapicina i la Torre Llobeta,157,8007,113,5,2
2026-01-01,8,Nou Barris,44,Vilapicina i la Torre Llobeta,157,8008,378,1,1
2026-01-01,8,Nou Barris,44,Vilapicina i la Torre Llobeta,157,8008,402,1,2
2026-01-01,8,Nou Barris,44,Vilapicina i la Torre Llobeta,157,8008,50,2,1
2026-01-01,8,Nou Barris,44,Vilapicina i la Torre Llobeta,157,8008,39,2,2
2026-01-01,8,Nou Barris,44,Vilapicina i la Torre Llobeta,157,8008,164,3,1
2026-01-01,8,Nou Barris,44,Vilapicina i la Torre Llobeta,157,8008,120,3,2
2026-01-01,8,Nou Barris,44,Vilapicina i la Torre Llobeta,157,8008,18,4,1
2026-01-01,8,Nou Barris,44,Vilapicina i la Torre Llobeta,157,8008,20,4,2
2026-01-01,8,Nou Barris,44,Vilapicina i la Torre Llobeta,157,8008,242,5,1
2026-01-01,8,Nou Barris,44,Vilapicina i la Torre Llobeta,157,8008,207,5,2
2026-01-01,8,Nou Barris,44,Vilapicina i la Torre Llobeta,158,8009,463,1,1
2026-01-01,8,Nou Barris,44,Vilapicina i la Torre Llobeta,158,8009,432,1,2
2026-01-01,8,Nou Barris,44,Vilapicina i la Torre Llobeta,158,8009,63,2,1
2026-01-01,8,Nou Barris,44,Vilapicina i la Torre Llobeta,158,8009,46,2,2
2026-01-01,8,Nou Barris,44,Vilapicina i la Torre Llobeta,158,8009,119,3,1
2026-01-01,8,Nou Barris,44,Vilapicina i la Torre Llobeta,158,8009,91,3,2
2026-01-01,8,Nou Barris,44,Vilapicina i la Torre Llobeta,158,8009,26,4,1
2026-01-01,8,Nou Barris,44,Vilapicina i la Torre Llobeta,158,8009,24,4,2
2026-01-01,8,Nou Barris,44,Vilapicina i la Torre Llobeta,158,8009,279,5,1
2026-01-01,8,Nou Barris,44,Vilapicina i la Torre Llobeta,158,8009,254,5,2
2026-01-01,8,Nou Barris,44,Vilapicina i la Torre Llobeta,159,8010,292,1,1
2026-01-01,8,Nou Barris,44,Vilapicina i la Torre Llobeta,159,8010,288,1,2
2026-01-01,8,Nou Barris,44,Vilapicina i la Torre Llobeta,159,8010,36,2,1
2026-01-01,8,Nou Barris,44,Vilapicina i la Torre Llobeta,159,8010,34,2,2
2026-01-01,8,Nou Barris,44,Vilapicina i la Torre Llobeta,159,8010,126,3,1
2026-01-01,8,Nou Barris,44,Vilapicina i la Torre Llobeta,159,8010,93,3,2
2026-01-01,8,Nou Barris,44,Vilapicina i la Torre Llobeta,159,8010,11,4,1
2026-01-01,8,Nou Barris,44,Vilapicina i la Torre Llobeta,159,8010,5,4,2
2026-01-01,8,Nou Barris,44,Vilapicina i la Torre Llobeta,159,8010,144,5,1
2026-01-01,8,Nou Barris,44,Vilapicina i la Torre Llobeta,159,8010,112,5,2
2026-01-01,8,Nou Barris,44,Vilapicina i la Torre Llobeta,159,8011,339,1,1
2026-01-01,8,Nou Barris,44,Vilapicina i la Torre Llobeta,159,8011,325,1,2
2026-01-01,8,Nou Barris,44,Vilapicina i la Torre Llobeta,159,8011,31,2,1
2026-01-01,8,Nou Barris,44,Vilapicina i la Torre Llobeta,159,8011,24,2,2
2026-01-01,8,Nou Barris,44,Vilapicina i la Torre Llobeta,159,8011,117,3,1
2026-01-01,8,Nou Barris,44,Vilapicina i la Torre Llobeta,159,8011,72,3,2
2026-01-01,8,Nou Barris,44,Vilapicina i la Torre Llobeta,159,8011,10,4,1
2026-01-01,8,Nou Barris,44,Vilapicina i la Torre Llobeta,159,8011,14,4,2
2026-01-01,8,Nou Barris,44,Vilapicina i la Torre Llobeta,159,8011,153,5,1
2026-01-01,8,Nou Barris,44,Vilapicina i la Torre Llobeta,159,8011,122,5,2
2026-01-01,8,Nou Barris,44,Vilapicina i la Torre Llobeta,159,8012,334,1,1
2026-01-01,8,Nou Barris,44,Vilapicina i la Torre Llobeta,159,8012,298,1,2
2026-01-01,8,Nou Barris,44,Vilapicina i la Torre Llobeta,159,8012,43,2,1
2026-01-01,8,Nou Barris,44,Vilapicina i la Torre Llobeta,159,8012,32,2,2
2026-01-01,8,Nou Barris,44,Vilapicina i la Torre Llobeta,159,8012,130,3,1
2026-01-01,8,Nou Barris,44,Vilapicina i la Torre Llobeta,159,8012,87,3,2
2026-01-01,8,Nou Barris,44,Vilapicina i la Torre Llobeta,159,8012,27,4,1
2026-01-01,8,Nou Barris,44,Vilapicina i la Torre Llobeta,159,8012,11,4,2
2026-01-01,8,Nou Barris,44,Vilapicina i la Torre Llobeta,159,8012,186,5,1
2026-01-01,8,Nou Barris,44,Vilapicina i la Torre Llobeta,159,8012,151,5,2
2026-01-01,8,Nou Barris,44,Vilapicina i la Torre Llobeta,159,8013,305,1,1
2026-01-01,8,Nou Barris,44,Vilapicina i la Torre Llobeta,159,8013,270,1,2
2026-01-01,8,Nou Barris,44,Vilapicina i la Torre Llobeta,159,8013,50,2,1
2026-01-01,8,Nou Barris,44,Vilapicina i la Torre Llobeta,159,8013,45,2,2
2026-01-01,8,Nou Barris,44,Vilapicina i la Torre Llobeta,159,8013,106,3,1
2026-01-01,8,Nou Barris,44,Vilapicina i la Torre Llobeta,159,8013,57,3,2
2026-01-01,8,Nou Barris,44,Vilapicina i la Torre Llobeta,159,8013,13,4,1
2026-01-01,8,Nou Barris,44,Vilapicina i la Torre Llobeta,159,8013,9,4,2
2026-01-01,8,Nou Barris,44,Vilapicina i la Torre Llobeta,159,8013,192,5,1
2026-01-01,8,Nou Barris,44,Vilapicina i la Torre Llobeta,159,8013,174,5,2
2026-01-01,8,Nou Barris,44,Vilapicina i la Torre Llobeta,159,8014,312,1,1
2026-01-01,8,Nou Barris,44,Vilapicina i la Torre Llobeta,159,8014,278,1,2
2026-01-01,8,Nou Barris,44,Vilapicina i la Torre Llobeta,159,8014,38,2,1
2026-01-01,8,Nou Barris,44,Vilapicina i la Torre Llobeta,159,8014,29,2,2
2026-01-01,8,Nou Barris,44,Vilapicina i la Torre Llobeta,159,8014,90,3,1
2026-01-01,8,Nou Barris,44,Vilapicina i la Torre Llobeta,159,8014,62,3,2
2026-01-01,8,Nou Barris,44,Vilapicina i la Torre Llobeta,159,8014,14,4,1
2026-01-01,8,Nou Barris,44,Vilapicina i la Torre Llobeta,159,8014,15,4,2
2026-01-01,8,Nou Barris,44,Vilapicina i la Torre Llobeta,159,8014,236,5,1
2026-01-01,8,Nou Barris,44,Vilapicina i la Torre Llobeta,159,8014,205,5,2
2026-01-01,8,Nou Barris,44,Vilapicina i la Torre Llobeta,160,8015,351,1,1
2026-01-01,8,Nou Barris,44,Vilapicina i la Torre Llobeta,160,8015,284,1,2
2026-01-01,8,Nou Barris,44,Vilapicina i la Torre Llobeta,160,8015,48,2,1
2026-01-01,8,Nou Barris,44,Vilapicina i la Torre Llobeta,160,8015,38,2,2
2026-01-01,8,Nou Barris,44,Vilapicina i la Torre Llobeta,160,8015,121,3,1
2026-01-01,8,Nou Barris,44,Vilapicina i la Torre Llobeta,160,8015,79,3,2
2026-01-01,8,Nou Barris,44,Vilapicina i la Torre Llobeta,160,8015,18,4,1
2026-01-01,8,Nou Barris,44,Vilapicina i la Torre Llobeta,160,8015,17,4,2
2026-01-01,8,Nou Barris,44,Vilapicina i la Torre Llobeta,160,8015,313,5,1
2026-01-01,8,Nou Barris,44,Vilapicina i la Torre Llobeta,160,8015,262,5,2
2026-01-01,8,Nou Barris,44,Vilapicina i la Torre Llobeta,160,8016,297,1,1
2026-01-01,8,Nou Barris,44,Vilapicina i la Torre Llobeta,160,8016,273,1,2
2026-01-01,8,Nou Barris,44,Vilapicina i la Torre Llobeta,160,8016,50,2,1
2026-01-01,8,Nou Barris,44,Vilapicina i la Torre Llobeta,160,8016,29,2,2
2026-01-01,8,Nou Barris,44,Vilapicina i la Torre Llobeta,160,8016,114,3,1
2026-01-01,8,Nou Barris,44,Vilapicina i la Torre Llobeta,160,8016,71,3,2
2026-01-01,8,Nou Barris,44,Vilapicina i la Torre Llobeta,160,8016,16,4,1
2026-01-01,8,Nou Barris,44,Vilapicina i la Torre Llobeta,160,8016,9,4,2
2026-01-01,8,Nou Barris,44,Vilapicina i la Torre Llobeta,160,8016,207,5,1
2026-01-01,8,Nou Barris,44,Vilapicina i la Torre Llobeta,160,8016,149,5,2
2026-01-01,8,Nou Barris,44,Vilapicina i la Torre Llobeta,160,8017,327,1,1
2026-01-01,8,Nou Barris,44,Vilapicina i la Torre Llobeta,160,8017,317,1,2
2026-01-01,8,Nou Barris,44,Vilapicina i la Torre Llobeta,160,8017,42,2,1
2026-01-01,8,Nou Barris,44,Vilapicina i la Torre Llobeta,160,8017,52,2,2
2026-01-01,8,Nou Barris,44,Vilapicina i la Torre Llobeta,160,8017,158,3,1
2026-01-01,8,Nou Barris,44,Vilapicina i la Torre Llobeta,160,8017,91,3,2
2026-01-01,8,Nou Barris,44,Vilapicina i la Torre Llobeta,160,8017,13,4,1
2026-01-01,8,Nou Barris,44,Vilapicina i la Torre Llobeta,160,8017,13,4,2
2026-01-01,8,Nou Barris,44,Vilapicina i la Torre Llobeta,160,8017,172,5,1
2026-01-01,8,Nou Barris,44,Vilapicina i la Torre Llobeta,160,8017,153,5,2
2026-01-01,8,Nou Barris,44,Vilapicina i la Torre Llobeta,160,8018,373,1,1
2026-01-01,8,Nou Barris,44,Vilapicina i la Torre Llobeta,160,8018,333,1,2
2026-01-01,8,Nou Barris,44,Vilapicina i la Torre Llobeta,160,8018,48,2,1
2026-01-01,8,Nou Barris,44,Vilapicina i la Torre Llobeta,160,8018,52,2,2
2026-01-01,8,Nou Barris,44,Vilapicina i la Torre Llobeta,160,8018,153,3,1
2026-01-01,8,Nou Barris,44,Vilapicina i la Torre Llobeta,160,8018,98,3,2
2026-01-01,8,Nou Barris,44,Vilapicina i la Torre Llobeta,160,8018,9,4,1
2026-01-01,8,Nou Barris,44,Vilapicina i la Torre Llobeta,160,8018,10,4,2
2026-01-01,8,Nou Barris,44,Vilapicina i la Torre Llobeta,160,8018,229,5,1
2026-01-01,8,Nou Barris,44,Vilapicina i la Torre Llobeta,160,8018,188,5,2
2026-01-01,8,Nou Barris,44,Vilapicina i la Torre Llobeta,160,8019,382,1,1
2026-01-01,8,Nou Barris,44,Vilapicina i la Torre Llobeta,160,8019,344,1,2
2026-01-01,8,Nou Barris,44,Vilapicina i la Torre Llobeta,160,8019,72,2,1
2026-01-01,8,Nou Barris,44,Vilapicina i la Torre Llobeta,160,8019,46,2,2
2026-01-01,8,Nou Barris,44,Vilapicina i la Torre Llobeta,160,8019,162,3,1
2026-01-01,8,Nou Barris,44,Vilapicina i la Torre Llobeta,160,8019,118,3,2
2026-01-01,8,Nou Barris,44,Vilapicina i la Torre Llobeta,160,8019,30,4,1
2026-01-01,8,Nou Barris,44,Vilapicina i la Torre Llobeta,160,8019,23,4,2
2026-01-01,8,Nou Barris,44,Vilapicina i la Torre Llobeta,160,8019,353,5,1
2026-01-01,8,Nou Barris,44,Vilapicina i la Torre Llobeta,160,8019,298,5,2
2026-01-01,8,Nou Barris,45,Porta,161,8020,331,1,1
2026-01-01,8,Nou Barris,45,Porta,161,8020,333,1,2
2026-01-01,8,Nou Barris,45,Porta,161,8020,51,2,1
2026-01-01,8,Nou Barris,45,Porta,161,8020,36,2,2
2026-01-01,8,Nou Barris,45,Porta,161,8020,106,3,1
2026-01-01,8,Nou Barris,45,Porta,161,8020,85,3,2
2026-01-01,8,Nou Barris,45,Porta,161,8020,11,4,1
2026-01-01,8,Nou Barris,45,Porta,161,8020,12,4,2
2026-01-01,8,Nou Barris,45,Porta,161,8020,277,5,1
2026-01-01,8,Nou Barris,45,Porta,161,8020,235,5,2
2026-01-01,8,Nou Barris,45,Porta,161,8021,352,1,1
2026-01-01,8,Nou Barris,45,Porta,161,8021,339,1,2
2026-01-01,8,Nou Barris,45,Porta,161,8021,53,2,1
2026-01-01,8,Nou Barris,45,Porta,161,8021,30,2,2
2026-01-01,8,Nou Barris,45,Porta,161,8021,162,3,1
2026-01-01,8,Nou Barris,45,Porta,161,8021,116,3,2
2026-01-01,8,Nou Barris,45,Porta,161,8021,16,4,1
2026-01-01,8,Nou Barris,45,Porta,161,8021,21,4,2
2026-01-01,8,Nou Barris,45,Porta,161,8021,210,5,1
2026-01-01,8,Nou Barris,45,Porta,161,8021,177,5,2
2026-01-01,8,Nou Barris,45,Porta,161,8022,320,1,1
2026-01-01,8,Nou Barris,45,Porta,161,8022,291,1,2
2026-01-01,8,Nou Barris,45,Porta,161,8022,30,2,1
2026-01-01,8,Nou Barris,45,Porta,161,8022,33,2,2
2026-01-01,8,Nou Barris,45,Porta,161,8022,131,3,1
2026-01-01,8,Nou Barris,45,Porta,161,8022,105,3,2
2026-01-01,8,Nou Barris,45,Porta,161,8022,9,4,1
2026-01-01,8,Nou Barris,45,Porta,161,8022,12,4,2
2026-01-01,8,Nou Barris,45,Porta,161,8022,164,5,1
2026-01-01,8,Nou Barris,45,Porta,161,8022,151,5,2
2026-01-01,8,Nou Barris,45,Porta,161,8023,329,1,1
2026-01-01,8,Nou Barris,45,Porta,161,8023,348,1,2
2026-01-01,8,Nou Barris,45,Porta,161,8023,37,2,1
2026-01-01,8,Nou Barris,45,Porta,161,8023,37,2,2
2026-01-01,8,Nou Barris,45,Porta,161,8023,106,3,1
2026-01-01,8,Nou Barris,45,Porta,161,8023,68,3,2
2026-01-01,8,Nou Barris,45,Porta,161,8023,14,4,1
2026-01-01,8,Nou Barris,45,Porta,161,8023,17,4,2
2026-01-01,8,Nou Barris,45,Porta,161,8023,285,5,1
2026-01-01,8,Nou Barris,45,Porta,161,8023,236,5,2
2026-01-01,8,Nou Barris,45,Porta,161,8024,324,1,1
2026-01-01,8,Nou Barris,45,Porta,161,8024,321,1,2
2026-01-01,8,Nou Barris,45,Porta,161,8024,42,2,1
2026-01-01,8,Nou Barris,45,Porta,161,8024,41,2,2
2026-01-01,8,Nou Barris,45,Porta,161,8024,134,3,1
2026-01-01,8,Nou Barris,45,Porta,161,8024,84,3,2
2026-01-01,8,Nou Barris,45,Porta,161,8024,9,4,1
2026-01-01,8,Nou Barris,45,Porta,161,8024,14,4,2
2026-01-01,8,Nou Barris,45,Porta,161,8024,250,5,1
2026-01-01,8,Nou Barris,45,Porta,161,8024,184,5,2
2026-01-01,8,Nou Barris,45,Porta,161,8025,312,1,1
2026-01-01,8,Nou Barris,45,Porta,161,8025,246,1,2
2026-01-01,8,Nou Barris,45,Porta,161,8025,30,2,1
2026-01-01,8,Nou Barris,45,Porta,161,8025,38,2,2
2026-01-01,8,Nou Barris,45,Porta,161,8025,111,3,1
2026-01-01,8,Nou Barris,45,Porta,161,8025,65,3,2
2026-01-01,8,Nou Barris,45,Porta,161,8025,16,4,1
2026-01-01,8,Nou Barris,45,Porta,161,8025,16,4,2
2026-01-01,8,Nou Barris,45,Porta,161,8025,278,5,1
2026-01-01,8,Nou Barris,45,Porta,161,8025,217,5,2
2026-01-01,8,Nou Barris,45,Porta,161,8026,338,1,1
2026-01-01,8,Nou Barris,45,Porta,161,8026,316,1,2
2026-01-01,8,Nou Barris,45,Porta,161,8026,34,2,1
2026-01-01,8,Nou Barris,45,Porta,161,8026,39,2,2
2026-01-01,8,Nou Barris,45,Porta,161,8026,147,3,1
2026-01-01,8,Nou Barris,45,Porta,161,8026,102,3,2
2026-01-01,8,Nou Barris,45,Porta,161,8026,18,4,1
2026-01-01,8,Nou Barris,45,Porta,161,8026,16,4,2
2026-01-01,8,Nou Barris,45,Porta,161,8026,257,5,1
2026-01-01,8,Nou Barris,45,Porta,161,8026,199,5,2
2026-01-01,8,Nou Barris,45,Porta,162,8027,372,1,1
2026-01-01,8,Nou Barris,45,Porta,162,8027,396,1,2
2026-01-01,8,Nou Barris,45,Porta,162,8027,38,2,1
2026-01-01,8,Nou Barris,45,Porta,162,8027,49,2,2
2026-01-01,8,Nou Barris,45,Porta,162,8027,175,3,1
2026-01-01,8,Nou Barris,45,Porta,162,8027,132,3,2
2026-01-01,8,Nou Barris,45,Porta,162,8027,20,4,1
2026-01-01,8,Nou Barris,45,Porta,162,8027,16,4,2
2026-01-01,8,Nou Barris,45,Porta,162,8027,152,5,1
2026-01-01,8,Nou Barris,45,Porta,162,8027,116,5,2
2026-01-01,8,Nou Barris,45,Porta,162,8028,247,1,1
2026-01-01,8,Nou Barris,45,Porta,162,8028,236,1,2
2026-01-01,8,Nou Barris,45,Porta,162,8028,28,2,1
2026-01-01,8,Nou Barris,45,Porta,162,8028,30,2,2
2026-01-01,8,Nou Barris,45,Porta,162,8028,163,3,1
2026-01-01,8,Nou Barris,45,Porta,162,8028,104,3,2
2026-01-01,8,Nou Barris,45,Porta,162,8028,11,4,1
2026-01-01,8,Nou Barris,45,Porta,162,8028,12,4,2
2026-01-01,8,Nou Barris,45,Porta,162,8028,140,5,1
2026-01-01,8,Nou Barris,45,Porta,162,8028,108,5,2
2026-01-01,8,Nou Barris,45,Porta,162,8029,440,1,1
2026-01-01,8,Nou Barris,45,Porta,162,8029,390,1,2
2026-01-01,8,Nou Barris,45,Porta,162,8029,44,2,1
2026-01-01,8,Nou Barris,45,Porta,162,8029,44,2,2
2026-01-01,8,Nou Barris,45,Porta,162,8029,135,3,1
2026-01-01,8,Nou Barris,45,Porta,162,8029,100,3,2
2026-01-01,8,Nou Barris,45,Porta,162,8029,15,4,1
2026-01-01,8,Nou Barris,45,Porta,162,8029,10,4,2
2026-01-01,8,Nou Barris,45,Porta,162,8029,175,5,1
2026-01-01,8,Nou Barris,45,Porta,162,8029,158,5,2
2026-01-01,8,Nou Barris,45,Porta,162,8030,377,1,1
2026-01-01,8,Nou Barris,45,Porta,162,8030,337,1,2
2026-01-01,8,Nou Barris,45,Porta,162,8030,38,2,1
2026-01-01,8,Nou Barris,45,Porta,162,8030,37,2,2
2026-01-01,8,Nou Barris,45,Porta,162,8030,153,3,1
2026-01-01,8,Nou Barris,45,Porta,162,8030,124,3,2
2026-01-01,8,Nou Barris,45,Porta,162,8030,11,4,1
2026-01-01,8,Nou Barris,45,Porta,162,8030,13,4,2
2026-01-01,8,Nou Barris,45,Porta,162,8030,208,5,1
2026-01-01,8,Nou Barris,45,Porta,162,8030,194,5,2
2026-01-01,8,Nou Barris,45,Porta,163,8031,340,1,1
2026-01-01,8,Nou Barris,45,Porta,163,8031,320,1,2
2026-01-01,8,Nou Barris,45,Porta,163,8031,40,2,1
2026-01-01,8,Nou Barris,45,Porta,163,8031,31,2,2
2026-01-01,8,Nou Barris,45,Porta,163,8031,137,3,1
2026-01-01,8,Nou Barris,45,Porta,163,8031,104,3,2
2026-01-01,8,Nou Barris,45,Porta,163,8031,..,4,1
2026-01-01,8,Nou Barris,45,Porta,163,8031,7,4,2
2026-01-01,8,Nou Barris,45,Porta,163,8031,174,5,1
2026-01-01,8,Nou Barris,45,Porta,163,8031,142,5,2
2026-01-01,8,Nou Barris,45,Porta,163,8032,303,1,1
2026-01-01,8,Nou Barris,45,Porta,163,8032,296,1,2
2026-01-01,8,Nou Barris,45,Porta,163,8032,33,2,1
2026-01-01,8,Nou Barris,45,Porta,163,8032,31,2,2
2026-01-01,8,Nou Barris,45,Porta,163,8032,176,3,1
2026-01-01,8,Nou Barris,45,Porta,163,8032,114,3,2
2026-01-01,8,Nou Barris,45,Porta,163,8032,9,4,1
2026-01-01,8,Nou Barris,45,Porta,163,8032,9,4,2
2026-01-01,8,Nou Barris,45,Porta,163,8032,175,5,1
2026-01-01,8,Nou Barris,45,Porta,163,8032,141,5,2
2026-01-01,8,Nou Barris,45,Porta,163,8033,306,1,1
2026-01-01,8,Nou Barris,45,Porta,163,8033,296,1,2
2026-01-01,8,Nou Barris,45,Porta,163,8033,36,2,1
2026-01-01,8,Nou Barris,45,Porta,163,8033,23,2,2
2026-01-01,8,Nou Barris,45,Porta,163,8033,137,3,1
2026-01-01,8,Nou Barris,45,Porta,163,8033,99,3,2
2026-01-01,8,Nou Barris,45,Porta,163,8033,11,4,1
2026-01-01,8,Nou Barris,45,Porta,163,8033,11,4,2
2026-01-01,8,Nou Barris,45,Porta,163,8033,314,5,1
2026-01-01,8,Nou Barris,45,Porta,163,8033,285,5,2
2026-01-01,8,Nou Barris,45,Porta,163,8034,253,1,1
2026-01-01,8,Nou Barris,45,Porta,163,8034,216,1,2
2026-01-01,8,Nou Barris,45,Porta,163,8034,27,2,1
2026-01-01,8,Nou Barris,45,Porta,163,8034,26,2,2
2026-01-01,8,Nou Barris,45,Porta,163,8034,135,3,1
2026-01-01,8,Nou Barris,45,Porta,163,8034,64,3,2
2026-01-01,8,Nou Barris,45,Porta,163,8034,13,4,1
2026-01-01,8,Nou Barris,45,Porta,163,8034,8,4,2
2026-01-01,8,Nou Barris,45,Porta,163,8034,300,5,1
2026-01-01,8,Nou Barris,45,Porta,163,8034,292,5,2
2026-01-01,8,Nou Barris,45,Porta,163,8035,564,1,1
2026-01-01,8,Nou Barris,45,Porta,163,8035,644,1,2
2026-01-01,8,Nou Barris,45,Porta,163,8035,94,2,1
2026-01-01,8,Nou Barris,45,Porta,163,8035,102,2,2
2026-01-01,8,Nou Barris,45,Porta,163,8035,222,3,1
2026-01-01,8,Nou Barris,45,Porta,163,8035,210,3,2
2026-01-01,8,Nou Barris,45,Porta,163,8035,48,4,1
2026-01-01,8,Nou Barris,45,Porta,163,8035,62,4,2
2026-01-01,8,Nou Barris,45,Porta,163,8035,2230,5,1
2026-01-01,8,Nou Barris,45,Porta,163,8035,2880,5,2
2026-01-01,8,Nou Barris,45,Porta,163,8036,287,1,1
2026-01-01,8,Nou Barris,45,Porta,163,8036,263,1,2
2026-01-01,8,Nou Barris,45,Porta,163,8036,39,2,1
2026-01-01,8,Nou Barris,45,Porta,163,8036,31,2,2
2026-01-01,8,Nou Barris,45,Porta,163,8036,152,3,1
2026-01-01,8,Nou Barris,45,Porta,163,8036,123,3,2
2026-01-01,8,Nou Barris,45,Porta,163,8036,15,4,1
2026-01-01,8,Nou Barris,45,Porta,163,8036,15,4,2
2026-01-01,8,Nou Barris,45,Porta,163,8036,402,5,1
2026-01-01,8,Nou Barris,45,Porta,163,8036,320,5,2
2026-01-01,8,Nou Barris,45,Porta,163,8037,340,1,1
2026-01-01,8,Nou Barris,45,Porta,163,8037,300,1,2
2026-01-01,8,Nou Barris,45,Porta,163,8037,51,2,1
2026-01-01,8,Nou Barris,45,Porta,163,8037,40,2,2
2026-01-01,8,Nou Barris,45,Porta,163,8037,176,3,1
2026-01-01,8,Nou Barris,45,Porta,163,8037,125,3,2
2026-01-01,8,Nou Barris,45,Porta,163,8037,12,4,1
2026-01-01,8,Nou Barris,45,Porta,163,8037,15,4,2
2026-01-01,8,Nou Barris,45,Porta,163,8037,322,5,1
2026-01-01,8,Nou Barris,45,Porta,163,8037,256,5,2
2026-01-01,8,Nou Barris,46,el Turó de la Peira,164,8038,367,1,1
2026-01-01,8,Nou Barris,46,el Turó de la Peira,164,8038,383,1,2
2026-01-01,8,Nou Barris,46,el Turó de la Peira,164,8038,51,2,1
2026-01-01,8,Nou Barris,46,el Turó de la Peira,164,8038,29,2,2
2026-01-01,8,Nou Barris,46,el Turó de la Peira,164,8038,100,3,1
2026-01-01,8,Nou Barris,46,el Turó de la Peira,164,8038,56,3,2
2026-01-01,8,Nou Barris,46,el Turó de la Peira,164,8038,18,4,1
2026-01-01,8,Nou Barris,46,el Turó de la Peira,164,8038,6,4,2
2026-01-01,8,Nou Barris,46,el Turó de la Peira,164,8038,399,5,1
2026-01-01,8,Nou Barris,46,el Turó de la Peira,164,8038,312,5,2
2026-01-01,8,Nou Barris,46,el Turó de la Peira,164,8039,352,1,1
2026-01-01,8,Nou Barris,46,el Turó de la Peira,164,8039,358,1,2
2026-01-01,8,Nou Barris,46,el Turó de la Peira,164,8039,41,2,1
2026-01-01,8,Nou Barris,46,el Turó de la Peira,164,8039,38,2,2
2026-01-01,8,Nou Barris,46,el Turó de la Peira,164,8039,146,3,1
2026-01-01,8,Nou Barris,46,el Turó de la Peira,164,8039,96,3,2
2026-01-01,8,Nou Barris,46,el Turó de la Peira,164,8039,15,4,1
2026-01-01,8,Nou Barris,46,el Turó de la Peira,164,8039,14,4,2
2026-01-01,8,Nou Barris,46,el Turó de la Peira,164,8039,319,5,1
2026-01-01,8,Nou Barris,46,el Turó de la Peira,164,8039,312,5,2
2026-01-01,8,Nou Barris,46,el Turó de la Peira,164,8040,464,1,1
2026-01-01,8,Nou Barris,46,el Turó de la Peira,164,8040,469,1,2
2026-01-01,8,Nou Barris,46,el Turó de la Peira,164,8040,46,2,1
2026-01-01,8,Nou Barris,46,el Turó de la Peira,164,8040,61,2,2
2026-01-01,8,Nou Barris,46,el Turó de la Peira,164,8040,126,3,1
2026-01-01,8,Nou Barris,46,el Turó de la Peira,164,8040,73,3,2
2026-01-01,8,Nou Barris,46,el Turó de la Peira,164,8040,15,4,1
2026-01-01,8,Nou Barris,46,el Turó de la Peira,164,8040,12,4,2
2026-01-01,8,Nou Barris,46,el Turó de la Peira,164,8040,413,5,1
2026-01-01,8,Nou Barris,46,el Turó de la Peira,164,8040,346,5,2
2026-01-01,8,Nou Barris,46,el Turó de la Peira,164,8041,418,1,1
2026-01-01,8,Nou Barris,46,el Turó de la Peira,164,8041,470,1,2
2026-01-01,8,Nou Barris,46,el Turó de la Peira,164,8041,54,2,1
2026-01-01,8,Nou Barris,46,el Turó de la Peira,164,8041,50,2,2
2026-01-01,8,Nou Barris,46,el Turó de la Peira,164,8041,109,3,1
2026-01-01,8,Nou Barris,46,el Turó de la Peira,164,8041,77,3,2
2026-01-01,8,Nou Barris,46,el Turó de la Peira,164,8041,22,4,1
2026-01-01,8,Nou Barris,46,el Turó de la Peira,164,8041,21,4,2
2026-01-01,8,Nou Barris,46,el Turó de la Peira,164,8041,796,5,1
2026-01-01,8,Nou Barris,46,el Turó de la Peira,164,8041,725,5,2
2026-01-01,8,Nou Barris,46,el Turó de la Peira,164,8041,..,6,1
2026-01-01,8,Nou Barris,46,el Turó de la Peira,164,8042,283,1,1
2026-01-01,8,Nou Barris,46,el Turó de la Peira,164,8042,293,1,2
2026-01-01,8,Nou Barris,46,el Turó de la Peira,164,8042,42,2,1
2026-01-01,8,Nou Barris,46,el Turó de la Peira,164,8042,24,2,2
2026-01-01,8,Nou Barris,46,el Turó de la Peira,164,8042,164,3,1
2026-01-01,8,Nou Barris,46,el Turó de la Peira,164,8042,101,3,2
2026-01-01,8,Nou Barris,46,el Turó de la Peira,164,8042,7,4,1
2026-01-01,8,Nou Barris,46,el Turó de la Peira,164,8042,8,4,2
2026-01-01,8,Nou Barris,46,el Turó de la Peira,164,8042,229,5,1
2026-01-01,8,Nou Barris,46,el Turó de la Peira,164,8042,183,5,2
2026-01-01,8,Nou Barris,46,el Turó de la Peira,164,8043,333,1,1
2026-01-01,8,Nou Barris,46,el Turó de la Peira,164,8043,311,1,2
2026-01-01,8,Nou Barris,46,el Turó de la Peira,164,8043,43,2,1
2026-01-01,8,Nou Barris,46,el Turó de la Peira,164,8043,37,2,2
2026-01-01,8,Nou Barris,46,el Turó de la Peira,164,8043,114,3,1
2026-01-01,8,Nou Barris,46,el Turó de la Peira,164,8043,66,3,2
2026-01-01,8,Nou Barris,46,el Turó de la Peira,164,8043,..,4,1
2026-01-01,8,Nou Barris,46,el Turó de la Peira,164,8043,7,4,2
2026-01-01,8,Nou Barris,46,el Turó de la Peira,164,8043,126,5,1
2026-01-01,8,Nou Barris,46,el Turó de la Peira,164,8043,80,5,2
2026-01-01,8,Nou Barris,46,el Turó de la Peira,165,8044,284,1,1
2026-01-01,8,Nou Barris,46,el Turó de la Peira,165,8044,276,1,2
2026-01-01,8,Nou Barris,46,el Turó de la Peira,165,8044,32,2,1
2026-01-01,8,Nou Barris,46,el Turó de la Peira,165,8044,23,2,2
2026-01-01,8,Nou Barris,46,el Turó de la Peira,165,8044,90,3,1
2026-01-01,8,Nou Barris,46,el Turó de la Peira,165,8044,68,3,2
2026-01-01,8,Nou Barris,46,el Turó de la Peira,165,8044,16,4,1
2026-01-01,8,Nou Barris,46,el Turó de la Peira,165,8044,16,4,2
2026-01-01,8,Nou Barris,46,el Turó de la Peira,165,8044,332,5,1
2026-01-01,8,Nou Barris,46,el Turó de la Peira,165,8044,287,5,2
2026-01-01,8,Nou Barris,46,el Turó de la Peira,165,8044,..,6,1
2026-01-01,8,Nou Barris,46,el Turó de la Peira,165,8044,..,6,2
2026-01-01,8,Nou Barris,46,el Turó de la Peira,165,8045,344,1,1
2026-01-01,8,Nou Barris,46,el Turó de la Peira,165,8045,339,1,2
2026-01-01,8,Nou Barris,46,el Turó de la Peira,165,8045,39,2,1
2026-01-01,8,Nou Barris,46,el Turó de la Peira,165,8045,32,2,2
2026-01-01,8,Nou Barris,46,el Turó de la Peira,165,8045,109,3,1
2026-01-01,8,Nou Barris,46,el Turó de la Peira,165,8045,88,3,2
2026-01-01,8,Nou Barris,46,el Turó de la Peira,165,8045,21,4,1
2026-01-01,8,Nou Barris,46,el Turó de la Peira,165,8045,17,4,2
2026-01-01,8,Nou Barris,46,el Turó de la Peira,165,8045,454,5,1
2026-01-01,8,Nou Barris,46,el Turó de la Peira,165,8045,451,5,2
2026-01-01,8,Nou Barris,46,el Turó de la Peira,165,8046,339,1,1
2026-01-01,8,Nou Barris,46,el Turó de la Peira,165,8046,317,1,2
2026-01-01,8,Nou Barris,46,el Turó de la Peira,165,8046,55,2,1
2026-01-01,8,Nou Barris,46,el Turó de la Peira,165,8046,28,2,2
2026-01-01,8,Nou Barris,46,el Turó de la Peira,165,8046,113,3,1
2026-01-01,8,Nou Barris,46,el Turó de la Peira,165,8046,56,3,2
2026-01-01,8,Nou Barris,46,el Turó de la Peira,165,8046,15,4,1
2026-01-01,8,Nou Barris,46,el Turó de la Peira,165,8046,17,4,2
2026-01-01,8,Nou Barris,46,el Turó de la Peira,165,8046,371,5,1
2026-01-01,8,Nou Barris,46,el Turó de la Peira,165,8046,325,5,2
2026-01-01,8,Nou Barris,46,el Turó de la Peira,165,8047,293,1,1
2026-01-01,8,Nou Barris,46,el Turó de la Peira,165,8047,300,1,2
2026-01-01,8,Nou Barris,46,el Turó de la Peira,165,8047,26,2,1
2026-01-01,8,Nou Barris,46,el Turó de la Peira,165,8047,21,2,2
2026-01-01,8,Nou Barris,46,el Turó de la Peira,165,8047,102,3,1
2026-01-01,8,Nou Barris,46,el Turó de la Peira,165,8047,57,3,2
2026-01-01,8,Nou Barris,46,el Turó de la Peira,165,8047,19,4,1
2026-01-01,8,Nou Barris,46,el Turó de la Peira,165,8047,17,4,2
2026-01-01,8,Nou Barris,46,el Turó de la Peira,165,8047,528,5,1
2026-01-01,8,Nou Barris,46,el Turó de la Peira,165,8047,422,5,2
2026-01-01,8,Nou Barris,46,el Turó de la Peira,165,8047,..,6,2
2026-01-01,8,Nou Barris,47,Can Peguera,166,8048,307,1,1
2026-01-01,8,Nou Barris,47,Can Peguera,166,8048,311,1,2
2026-01-01,8,Nou Barris,47,Can Peguera,166,8048,22,2,1
2026-01-01,8,Nou Barris,47,Can Peguera,166,8048,25,2,2
2026-01-01,8,Nou Barris,47,Can Peguera,166,8048,65,3,1
2026-01-01,8,Nou Barris,47,Can Peguera,166,8048,41,3,2
2026-01-01,8,Nou Barris,47,Can Peguera,166,8048,6,4,1
2026-01-01,8,Nou Barris,47,Can Peguera,166,8048,6,4,2
2026-01-01,8,Nou Barris,47,Can Peguera,166,8048,99,5,1
2026-01-01,8,Nou Barris,47,Can Peguera,166,8048,73,5,2
2026-01-01,8,Nou Barris,47,Can Peguera,166,8049,366,1,1
2026-01-01,8,Nou Barris,47,Can Peguera,166,8049,381,1,2
2026-01-01,8,Nou Barris,47,Can Peguera,166,8049,19,2,1
2026-01-01,8,Nou Barris,47,Can Peguera,166,8049,26,2,2
2026-01-01,8,Nou Barris,47,Can Peguera,166,8049,102,3,1
2026-01-01,8,Nou Barris,47,Can Peguera,166,8049,49,3,2
2026-01-01,8,Nou Barris,47,Can Peguera,166,8049,12,4,1
2026-01-01,8,Nou Barris,47,Can Peguera,166,8049,10,4,2
2026-01-01,8,Nou Barris,47,Can Peguera,166,8049,121,5,1
2026-01-01,8,Nou Barris,47,Can Peguera,166,8049,81,5,2
2026-01-01,8,Nou Barris,48,la Guineueta,167,8050,369,1,1
2026-01-01,8,Nou Barris,48,la Guineueta,167,8050,346,1,2
2026-01-01,8,Nou Barris,48,la Guineueta,167,8050,36,2,1
2026-01-01,8,Nou Barris,48,la Guineueta,167,8050,48,2,2
2026-01-01,8,Nou Barris,48,la Guineueta,167,8050,208,3,1
2026-01-01,8,Nou Barris,48,la Guineueta,167,8050,154,3,2
2026-01-01,8,Nou Barris,48,la Guineueta,167,8050,8,4,1
2026-01-01,8,Nou Barris,48,la Guineueta,167,8050,..,4,2
2026-01-01,8,Nou Barris,48,la Guineueta,167,8050,113,5,1
2026-01-01,8,Nou Barris,48,la Guineueta,167,8050,82,5,2
2026-01-01,8,Nou Barris,48,la Guineueta,167,8051,425,1,1
2026-01-01,8,Nou Barris,48,la Guineueta,167,8051,417,1,2
2026-01-01,8,Nou Barris,48,la Guineueta,167,8051,31,2,1
2026-01-01,8,Nou Barris,48,la Guineueta,167,8051,39,2,2
2026-01-01,8,Nou Barris,48,la Guineueta,167,8051,129,3,1
2026-01-01,8,Nou Barris,48,la Guineueta,167,8051,98,3,2
2026-01-01,8,Nou Barris,48,la Guineueta,167,8051,10,4,1
2026-01-01,8,Nou Barris,48,la Guineueta,167,8051,7,4,2
2026-01-01,8,Nou Barris,48,la Guineueta,167,8051,107,5,1
2026-01-01,8,Nou Barris,48,la Guineueta,167,8051,77,5,2
2026-01-01,8,Nou Barris,48,la Guineueta,167,8052,270,1,1
2026-01-01,8,Nou Barris,48,la Guineueta,167,8052,226,1,2
2026-01-01,8,Nou Barris,48,la Guineueta,167,8052,24,2,1
2026-01-01,8,Nou Barris,48,la Guineueta,167,8052,27,2,2
2026-01-01,8,Nou Barris,48,la Guineueta,167,8052,107,3,1
2026-01-01,8,Nou Barris,48,la Guineueta,167,8052,59,3,2
2026-01-01,8,Nou Barris,48,la Guineueta,167,8052,8,4,1
2026-01-01,8,Nou Barris,48,la Guineueta,167,8052,8,4,2
2026-01-01,8,Nou Barris,48,la Guineueta,167,8052,114,5,1
2026-01-01,8,Nou Barris,48,la Guineueta,167,8052,84,5,2
2026-01-01,8,Nou Barris,48,la Guineueta,167,8053,311,1,1
2026-01-01,8,Nou Barris,48,la Guineueta,167,8053,290,1,2
2026-01-01,8,Nou Barris,48,la Guineueta,167,8053,29,2,1
2026-01-01,8,Nou Barris,48,la Guineueta,167,8053,34,2,2
2026-01-01,8,Nou Barris,48,la Guineueta,167,8053,165,3,1
2026-01-01,8,Nou Barris,48,la Guineueta,167,8053,112,3,2
2026-01-01,8,Nou Barris,48,la Guineueta,167,8053,6,4,1
2026-01-01,8,Nou Barris,48,la Guineueta,167,8053,9,4,2
2026-01-01,8,Nou Barris,48,la Guineueta,167,8053,94,5,1
2026-01-01,8,Nou Barris,48,la Guineueta,167,8053,75,5,2
2026-01-01,8,Nou Barris,48,la Guineueta,167,8054,443,1,1
2026-01-01,8,Nou Barris,48,la Guineueta,167,8054,398,1,2
2026-01-01,8,Nou Barris,48,la Guineueta,167,8054,46,2,1
2026-01-01,8,Nou Barris,48,la Guineueta,167,8054,50,2,2
2026-01-01,8,Nou Barris,48,la Guineueta,167,8054,228,3,1
2026-01-01,8,Nou Barris,48,la Guineueta,167,8054,144,3,2
2026-01-01,8,Nou Barris,48,la Guineueta,167,8054,16,4,1
2026-01-01,8,Nou Barris,48,la Guineueta,167,8054,14,4,2
2026-01-01,8,Nou Barris,48,la Guineueta,167,8054,205,5,1
2026-01-01,8,Nou Barris,48,la Guineueta,167,8054,150,5,2
2026-01-01,8,Nou Barris,48,la Guineueta,167,8055,423,1,1
2026-01-01,8,Nou Barris,48,la Guineueta,167,8055,448,1,2
2026-01-01,8,Nou Barris,48,la Guineueta,167,8055,61,2,1
2026-01-01,8,Nou Barris,48,la Guineueta,167,8055,46,2,2
2026-01-01,8,Nou Barris,48,la Guineueta,167,8055,320,3,1
2026-01-01,8,Nou Barris,48,la Guineueta,167,8055,232,3,2
2026-01-01,8,Nou Barris,48,la Guineueta,167,8055,11,4,1
2026-01-01,8,Nou Barris,48,la Guineueta,167,8055,12,4,2
2026-01-01,8,Nou Barris,48,la Guineueta,167,8055,126,5,1
2026-01-01,8,Nou Barris,48,la Guineueta,167,8055,119,5,2
2026-01-01,8,Nou Barris,48,la Guineueta,167,8215,382,1,1
2026-01-01,8,Nou Barris,48,la Guineueta,167,8215,385,1,2
2026-01-01,8,Nou Barris,48,la Guineueta,167,8215,53,2,1
2026-01-01,8,Nou Barris,48,la Guineueta,167,8215,42,2,2
2026-01-01,8,Nou Barris,48,la Guineueta,167,8215,124,3,1
2026-01-01,8,Nou Barris,48,la Guineueta,167,8215,76,3,2
2026-01-01,8,Nou Barris,48,la Guineueta,167,8215,23,4,1
2026-01-01,8,Nou Barris,48,la Guineueta,167,8215,14,4,2
2026-01-01,8,Nou Barris,48,la Guineueta,167,8215,352,5,1
2026-01-01,8,Nou Barris,48,la Guineueta,167,8215,191,5,2
2026-01-01,8,Nou Barris,48,la Guineueta,168,8056,398,1,1
2026-01-01,8,Nou Barris,48,la Guineueta,168,8056,411,1,2
2026-01-01,8,Nou Barris,48,la Guineueta,168,8056,58,2,1
2026-01-01,8,Nou Barris,48,la Guineueta,168,8056,51,2,2
2026-01-01,8,Nou Barris,48,la Guineueta,168,8056,133,3,1
2026-01-01,8,Nou Barris,48,la Guineueta,168,8056,100,3,2
2026-01-01,8,Nou Barris,48,la Guineueta,168,8056,16,4,1
2026-01-01,8,Nou Barris,48,la Guineueta,168,8056,9,4,2
2026-01-01,8,Nou Barris,48,la Guineueta,168,8056,210,5,1
2026-01-01,8,Nou Barris,48,la Guineueta,168,8056,202,5,2
2026-01-01,8,Nou Barris,48,la Guineueta,168,8057,369,1,1
2026-01-01,8,Nou Barris,48,la Guineueta,168,8057,375,1,2
2026-01-01,8,Nou Barris,48,la Guineueta,168,8057,34,2,1
2026-01-01,8,Nou Barris,48,la Guineueta,168,8057,34,2,2
2026-01-01,8,Nou Barris,48,la Guineueta,168,8057,132,3,1
2026-01-01,8,Nou Barris,48,la Guineueta,168,8057,78,3,2
2026-01-01,8,Nou Barris,48,la Guineueta,168,8057,7,4,1
2026-01-01,8,Nou Barris,48,la Guineueta,168,8057,9,4,2
2026-01-01,8,Nou Barris,48,la Guineueta,168,8057,205,5,1
2026-01-01,8,Nou Barris,48,la Guineueta,168,8057,149,5,2
2026-01-01,8,Nou Barris,48,la Guineueta,168,8058,479,1,1
2026-01-01,8,Nou Barris,48,la Guineueta,168,8058,442,1,2
2026-01-01,8,Nou Barris,48,la Guineueta,168,8058,47,2,1
2026-01-01,8,Nou Barris,48,la Guineueta,168,8058,42,2,2
2026-01-01,8,Nou Barris,48,la Guineueta,168,8058,140,3,1
2026-01-01,8,Nou Barris,48,la Guineueta,168,8058,82,3,2
2026-01-01,8,Nou Barris,48,la Guineueta,168,8058,12,4,1
2026-01-01,8,Nou Barris,48,la Guineueta,168,8058,12,4,2
2026-01-01,8,Nou Barris,48,la Guineueta,168,8058,242,5,1
2026-01-01,8,Nou Barris,48,la Guineueta,168,8058,200,5,2
2026-01-01,8,Nou Barris,48,la Guineueta,168,8059,281,1,1
2026-01-01,8,Nou Barris,48,la Guineueta,168,8059,291,1,2
2026-01-01,8,Nou Barris,48,la Guineueta,168,8059,25,2,1
2026-01-01,8,Nou Barris,48,la Guineueta,168,8059,26,2,2
2026-01-01,8,Nou Barris,48,la Guineueta,168,8059,88,3,1
2026-01-01,8,Nou Barris,48,la Guineueta,168,8059,69,3,2
2026-01-01,8,Nou Barris,48,la Guineueta,168,8059,..,4,1
2026-01-01,8,Nou Barris,48,la Guineueta,168,8059,10,4,2
2026-01-01,8,Nou Barris,48,la Guineueta,168,8059,139,5,1
2026-01-01,8,Nou Barris,48,la Guineueta,168,8059,119,5,2
2026-01-01,8,Nou Barris,48,la Guineueta,168,8059,..,6,1
2026-01-01,8,Nou Barris,49,Canyelles,169,8060,318,1,1
2026-01-01,8,Nou Barris,49,Canyelles,169,8060,314,1,2
2026-01-01,8,Nou Barris,49,Canyelles,169,8060,41,2,1
2026-01-01,8,Nou Barris,49,Canyelles,169,8060,30,2,2
2026-01-01,8,Nou Barris,49,Canyelles,169,8060,185,3,1
2026-01-01,8,Nou Barris,49,Canyelles,169,8060,142,3,2
2026-01-01,8,Nou Barris,49,Canyelles,169,8060,5,4,1
2026-01-01,8,Nou Barris,49,Canyelles,169,8060,..,4,2
2026-01-01,8,Nou Barris,49,Canyelles,169,8060,115,5,1
2026-01-01,8,Nou Barris,49,Canyelles,169,8060,90,5,2
2026-01-01,8,Nou Barris,49,Canyelles,169,8061,513,1,1
2026-01-01,8,Nou Barris,49,Canyelles,169,8061,508,1,2
2026-01-01,8,Nou Barris,49,Canyelles,169,8061,37,2,1
2026-01-01,8,Nou Barris,49,Canyelles,169,8061,46,2,2
2026-01-01,8,Nou Barris,49,Canyelles,169,8061,172,3,1
2026-01-01,8,Nou Barris,49,Canyelles,169,8061,131,3,2
2026-01-01,8,Nou Barris,49,Canyelles,169,8061,9,4,1
2026-01-01,8,Nou Barris,49,Canyelles,169,8061,11,4,2
2026-01-01,8,Nou Barris,49,Canyelles,169,8061,124,5,1
2026-01-01,8,Nou Barris,49,Canyelles,169,8061,97,5,2
2026-01-01,8,Nou Barris,49,Canyelles,169,8062,313,1,1
2026-01-01,8,Nou Barris,49,Canyelles,169,8062,292,1,2
2026-01-01,8,Nou Barris,49,Canyelles,169,8062,30,2,1
2026-01-01,8,Nou Barris,49,Canyelles,169,8062,32,2,2
2026-01-01,8,Nou Barris,49,Canyelles,169,8062,179,3,1
2026-01-01,8,Nou Barris,49,Canyelles,169,8062,151,3,2
2026-01-01,8,Nou Barris,49,Canyelles,169,8062,5,4,1
2026-01-01,8,Nou Barris,49,Canyelles,169,8062,6,4,2
2026-01-01,8,Nou Barris,49,Canyelles,169,8062,64,5,1
2026-01-01,8,Nou Barris,49,Canyelles,169,8062,59,5,2
2026-01-01,8,Nou Barris,49,Canyelles,169,8063,239,1,1
2026-01-01,8,Nou Barris,49,Canyelles,169,8063,273,1,2
2026-01-01,8,Nou Barris,49,Canyelles,169,8063,39,2,1
2026-01-01,8,Nou Barris,49,Canyelles,169,8063,24,2,2
2026-01-01,8,Nou Barris,49,Canyelles,169,8063,202,3,1
2026-01-01,8,Nou Barris,49,Canyelles,169,8063,146,3,2
2026-01-01,8,Nou Barris,49,Canyelles,169,8063,7,4,1
2026-01-01,8,Nou Barris,49,Canyelles,169,8063,7,4,2
2026-01-01,8,Nou Barris,49,Canyelles,169,8063,79,5,1
2026-01-01,8,Nou Barris,49,Canyelles,169,8063,59,5,2
2026-01-01,8,Nou Barris,49,Canyelles,169,8064,530,1,1
2026-01-01,8,Nou Barris,49,Canyelles,169,8064,517,1,2
2026-01-01,8,Nou Barris,49,Canyelles,169,8064,38,2,1
2026-01-01,8,Nou Barris,49,Canyelles,169,8064,43,2,2
2026-01-01,8,Nou Barris,49,Canyelles,169,8064,194,3,1
2026-01-01,8,Nou Barris,49,Canyelles,169,8064,132,3,2
2026-01-01,8,Nou Barris,49,Canyelles,169,8064,12,4,1
2026-01-01,8,Nou Barris,49,Canyelles,169,8064,10,4,2
2026-01-01,8,Nou Barris,49,Canyelles,169,8064,187,5,1
2026-01-01,8,Nou Barris,49,Canyelles,169,8064,148,5,2
2026-01-01,8,Nou Barris,50,les Roquetes,170,8065,385,1,1
2026-01-01,8,Nou Barris,50,les Roquetes,170,8065,439,1,2
2026-01-01,8,Nou Barris,50,les Roquetes,170,8065,41,2,1
2026-01-01,8,Nou Barris,50,les Roquetes,170,8065,34,2,2
2026-01-01,8,Nou Barris,50,les Roquetes,170,8065,114,3,1
2026-01-01,8,Nou Barris,50,les Roquetes,170,8065,100,3,2
2026-01-01,8,Nou Barris,50,les Roquetes,170,8065,25,4,1
2026-01-01,8,Nou Barris,50,les Roquetes,170,8065,25,4,2
2026-01-01,8,Nou Barris,50,les Roquetes,170,8065,340,5,1
2026-01-01,8,Nou Barris,50,les Roquetes,170,8065,365,5,2
2026-01-01,8,Nou Barris,50,les Roquetes,170,8066,358,1,1
2026-01-01,8,Nou Barris,50,les Roquetes,170,8066,368,1,2
2026-01-01,8,Nou Barris,50,les Roquetes,170,8066,45,2,1
2026-01-01,8,Nou Barris,50,les Roquetes,170,8066,44,2,2
2026-01-01,8,Nou Barris,50,les Roquetes,170,8066,136,3,1
2026-01-01,8,Nou Barris,50,les Roquetes,170,8066,101,3,2
2026-01-01,8,Nou Barris,50,les Roquetes,170,8066,23,4,1
2026-01-01,8,Nou Barris,50,les Roquetes,170,8066,14,4,2
2026-01-01,8,Nou Barris,50,les Roquetes,170,8066,331,5,1
2026-01-01,8,Nou Barris,50,les Roquetes,170,8066,322,5,2
2026-01-01,8,Nou Barris,50,les Roquetes,170,8067,428,1,1
2026-01-01,8,Nou Barris,50,les Roquetes,170,8067,406,1,2
2026-01-01,8,Nou Barris,50,les Roquetes,170,8067,49,2,1
2026-01-01,8,Nou Barris,50,les Roquetes,170,8067,46,2,2
2026-01-01,8,Nou Barris,50,les Roquetes,170,8067,182,3,1
2026-01-01,8,Nou Barris,50,les Roquetes,170,8067,138,3,2
2026-01-01,8,Nou Barris,50,les Roquetes,170,8067,18,4,1
2026-01-01,8,Nou Barris,50,les Roquetes,170,8067,24,4,2
2026-01-01,8,Nou Barris,50,les Roquetes,170,8067,358,5,1
2026-01-01,8,Nou Barris,50,les Roquetes,170,8067,338,5,2
2026-01-01,8,Nou Barris,50,les Roquetes,170,8068,383,1,1
2026-01-01,8,Nou Barris,50,les Roquetes,170,8068,397,1,2
2026-01-01,8,Nou Barris,50,les Roquetes,170,8068,26,2,1
2026-01-01,8,Nou Barris,50,les Roquetes,170,8068,38,2,2
2026-01-01,8,Nou Barris,50,les Roquetes,170,8068,182,3,1
2026-01-01,8,Nou Barris,50,les Roquetes,170,8068,142,3,2
2026-01-01,8,Nou Barris,50,les Roquetes,170,8068,13,4,1
2026-01-01,8,Nou Barris,50,les Roquetes,170,8068,8,4,2
2026-01-01,8,Nou Barris,50,les Roquetes,170,8068,479,5,1
2026-01-01,8,Nou Barris,50,les Roquetes,170,8068,371,5,2
2026-01-01,8,Nou Barris,50,les Roquetes,170,8069,312,1,1
2026-01-01,8,Nou Barris,50,les Roquetes,170,8069,290,1,2
2026-01-01,8,Nou Barris,50,les Roquetes,170,8069,37,2,1
2026-01-01,8,Nou Barris,50,les Roquetes,170,8069,32,2,2
2026-01-01,8,Nou Barris,50,les Roquetes,170,8069,145,3,1
2026-01-01,8,Nou Barris,50,les Roquetes,170,8069,117,3,2
2026-01-01,8,Nou Barris,50,les Roquetes,170,8069,18,4,1
2026-01-01,8,Nou Barris,50,les Roquetes,170,8069,10,4,2
2026-01-01,8,Nou Barris,50,les Roquetes,170,8069,361,5,1
2026-01-01,8,Nou Barris,50,les Roquetes,170,8069,346,5,2
2026-01-01,8,Nou Barris,50,les Roquetes,171,8070,307,1,1
2026-01-01,8,Nou Barris,50,les Roquetes,171,8070,304,1,2
2026-01-01,8,Nou Barris,50,les Roquetes,171,8070,25,2,1
2026-01-01,8,Nou Barris,50,les Roquetes,171,8070,28,2,2
2026-01-01,8,Nou Barris,50,les Roquetes,171,8070,127,3,1
2026-01-01,8,Nou Barris,50,les Roquetes,171,8070,77,3,2
2026-01-01,8,Nou Barris,50,les Roquetes,171,8070,20,4,1
2026-01-01,8,Nou Barris,50,les Roquetes,171,8070,21,4,2
2026-01-01,8,Nou Barris,50,les Roquetes,171,8070,346,5,1
2026-01-01,8,Nou Barris,50,les Roquetes,171,8070,347,5,2
2026-01-01,8,Nou Barris,50,les Roquetes,171,8070,..,6,2
2026-01-01,8,Nou Barris,50,les Roquetes,171,8071,342,1,1
2026-01-01,8,Nou Barris,50,les Roquetes,171,8071,366,1,2
2026-01-01,8,Nou Barris,50,les Roquetes,171,8071,24,2,1
2026-01-01,8,Nou Barris,50,les Roquetes,171,8071,39,2,2
2026-01-01,8,Nou Barris,50,les Roquetes,171,8071,167,3,1
2026-01-01,8,Nou Barris,50,les Roquetes,171,8071,120,3,2
2026-01-01,8,Nou Barris,50,les Roquetes,171,8071,13,4,1
2026-01-01,8,Nou Barris,50,les Roquetes,171,8071,14,4,2
2026-01-01,8,Nou Barris,50,les Roquetes,171,8071,365,5,1
2026-01-01,8,Nou Barris,50,les Roquetes,171,8071,345,5,2
2026-01-01,8,Nou Barris,50,les Roquetes,171,8071,..,6,1
2026-01-01,8,Nou Barris,50,les Roquetes,171,8072,268,1,1
2026-01-01,8,Nou Barris,50,les Roquetes,171,8072,267,1,2
2026-01-01,8,Nou Barris,50,les Roquetes,171,8072,27,2,1
2026-01-01,8,Nou Barris,50,les Roquetes,171,8072,31,2,2
2026-01-01,8,Nou Barris,50,les Roquetes,171,8072,160,3,1
2026-01-01,8,Nou Barris,50,les Roquetes,171,8072,113,3,2
2026-01-01,8,Nou Barris,50,les Roquetes,171,8072,7,4,1
2026-01-01,8,Nou Barris,50,les Roquetes,171,8072,10,4,2
2026-01-01,8,Nou Barris,50,les Roquetes,171,8072,187,5,1
2026-01-01,8,Nou Barris,50,les Roquetes,171,8072,165,5,2
2026-01-01,8,Nou Barris,50,les Roquetes,171,8073,375,1,1
2026-01-01,8,Nou Barris,50,les Roquetes,171,8073,341,1,2
2026-01-01,8,Nou Barris,50,les Roquetes,171,8073,44,2,1
2026-01-01,8,Nou Barris,50,les Roquetes,171,8073,37,2,2
2026-01-01,8,Nou Barris,50,les Roquetes,171,8073,97,3,1
2026-01-01,8,Nou Barris,50,les Roquetes,171,8073,83,3,2
2026-01-01,8,Nou Barris,50,les Roquetes,171,8073,14,4,1
2026-01-01,8,Nou Barris,50,les Roquetes,171,8073,24,4,2
2026-01-01,8,Nou Barris,50,les Roquetes,171,8073,523,5,1
2026-01-01,8,Nou Barris,50,les Roquetes,171,8073,460,5,2
2026-01-01,8,Nou Barris,50,les Roquetes,171,8074,324,1,1
2026-01-01,8,Nou Barris,50,les Roquetes,171,8074,344,1,2
2026-01-01,8,Nou Barris,50,les Roquetes,171,8074,22,2,1
2026-01-01,8,Nou Barris,50,les Roquetes,171,8074,27,2,2
2026-01-01,8,Nou Barris,50,les Roquetes,171,8074,112,3,1
2026-01-01,8,Nou Barris,50,les Roquetes,171,8074,90,3,2
2026-01-01,8,Nou Barris,50,les Roquetes,171,8074,14,4,1
2026-01-01,8,Nou Barris,50,les Roquetes,171,8074,16,4,2
2026-01-01,8,Nou Barris,50,les Roquetes,171,8074,350,5,1
2026-01-01,8,Nou Barris,50,les Roquetes,171,8074,360,5,2
2026-01-01,8,Nou Barris,51,Verdun,172,8075,418,1,1
2026-01-01,8,Nou Barris,51,Verdun,172,8075,359,1,2
2026-01-01,8,Nou Barris,51,Verdun,172,8075,39,2,1
2026-01-01,8,Nou Barris,51,Verdun,172,8075,53,2,2
2026-01-01,8,Nou Barris,51,Verdun,172,8075,199,3,1
2026-01-01,8,Nou Barris,51,Verdun,172,8075,129,3,2
2026-01-01,8,Nou Barris,51,Verdun,172,8075,27,4,1
2026-01-01,8,Nou Barris,51,Verdun,172,8075,20,4,2
2026-01-01,8,Nou Barris,51,Verdun,172,8075,426,5,1
2026-01-01,8,Nou Barris,51,Verdun,172,8075,352,5,2
2026-01-01,8,Nou Barris,51,Verdun,172,8076,345,1,1
2026-01-01,8,Nou Barris,51,Verdun,172,8076,317,1,2
2026-01-01,8,Nou Barris,51,Verdun,172,8076,36,2,1
2026-01-01,8,Nou Barris,51,Verdun,172,8076,44,2,2
2026-01-01,8,Nou Barris,51,Verdun,172,8076,208,3,1
2026-01-01,8,Nou Barris,51,Verdun,172,8076,139,3,2
2026-01-01,8,Nou Barris,51,Verdun,172,8076,16,4,1
2026-01-01,8,Nou Barris,51,Verdun,172,8076,19,4,2
2026-01-01,8,Nou Barris,51,Verdun,172,8076,283,5,1
2026-01-01,8,Nou Barris,51,Verdun,172,8076,265,5,2
2026-01-01,8,Nou Barris,51,Verdun,172,8076,..,6,1
2026-01-01,8,Nou Barris,51,Verdun,172,8077,448,1,1
2026-01-01,8,Nou Barris,51,Verdun,172,8077,411,1,2
2026-01-01,8,Nou Barris,51,Verdun,172,8077,31,2,1
2026-01-01,8,Nou Barris,51,Verdun,172,8077,29,2,2
2026-01-01,8,Nou Barris,51,Verdun,172,8077,127,3,1
2026-01-01,8,Nou Barris,51,Verdun,172,8077,80,3,2
2026-01-01,8,Nou Barris,51,Verdun,172,8077,11,4,1
2026-01-01,8,Nou Barris,51,Verdun,172,8077,6,4,2
2026-01-01,8,Nou Barris,51,Verdun,172,8077,172,5,1
2026-01-01,8,Nou Barris,51,Verdun,172,8077,125,5,2
2026-01-01,8,Nou Barris,51,Verdun,173,8078,350,1,1
2026-01-01,8,Nou Barris,51,Verdun,173,8078,332,1,2
2026-01-01,8,Nou Barris,51,Verdun,173,8078,29,2,1
2026-01-01,8,Nou Barris,51,Verdun,173,8078,45,2,2
2026-01-01,8,Nou Barris,51,Verdun,173,8078,125,3,1
2026-01-01,8,Nou Barris,51,Verdun,173,8078,79,3,2
2026-01-01,8,Nou Barris,51,Verdun,173,8078,16,4,1
2026-01-01,8,Nou Barris,51,Verdun,173,8078,15,4,2
2026-01-01,8,Nou Barris,51,Verdun,173,8078,390,5,1
2026-01-01,8,Nou Barris,51,Verdun,173,8078,339,5,2
2026-01-01,8,Nou Barris,51,Verdun,173,8079,282,1,1
2026-01-01,8,Nou Barris,51,Verdun,173,8079,290,1,2
2026-01-01,8,Nou Barris,51,Verdun,173,8079,37,2,1
2026-01-01,8,Nou Barris,51,Verdun,173,8079,46,2,2
2026-01-01,8,Nou Barris,51,Verdun,173,8079,132,3,1
2026-01-01,8,Nou Barris,51,Verdun,173,8079,84,3,2
2026-01-01,8,Nou Barris,51,Verdun,173,8079,19,4,1
2026-01-01,8,Nou Barris,51,Verdun,173,8079,15,4,2
2026-01-01,8,Nou Barris,51,Verdun,173,8079,323,5,1
2026-01-01,8,Nou Barris,51,Verdun,173,8079,299,5,2
2026-01-01,8,Nou Barris,51,Verdun,173,8080,305,1,1
2026-01-01,8,Nou Barris,51,Verdun,173,8080,323,1,2
2026-01-01,8,Nou Barris,51,Verdun,173,8080,33,2,1
2026-01-01,8,Nou Barris,51,Verdun,173,8080,25,2,2
2026-01-01,8,Nou Barris,51,Verdun,173,8080,168,3,1
2026-01-01,8,Nou Barris,51,Verdun,173,8080,116,3,2
2026-01-01,8,Nou Barris,51,Verdun,173,8080,20,4,1
2026-01-01,8,Nou Barris,51,Verdun,173,8080,21,4,2
2026-01-01,8,Nou Barris,51,Verdun,173,8080,320,5,1
2026-01-01,8,Nou Barris,51,Verdun,173,8080,316,5,2
2026-01-01,8,Nou Barris,51,Verdun,173,8081,309,1,1
2026-01-01,8,Nou Barris,51,Verdun,173,8081,315,1,2
2026-01-01,8,Nou Barris,51,Verdun,173,8081,38,2,1
2026-01-01,8,Nou Barris,51,Verdun,173,8081,36,2,2
2026-01-01,8,Nou Barris,51,Verdun,173,8081,136,3,1
2026-01-01,8,Nou Barris,51,Verdun,173,8081,87,3,2
2026-01-01,8,Nou Barris,51,Verdun,173,8081,18,4,1
2026-01-01,8,Nou Barris,51,Verdun,173,8081,16,4,2
2026-01-01,8,Nou Barris,51,Verdun,173,8081,429,5,1
2026-01-01,8,Nou Barris,51,Verdun,173,8081,363,5,2
2026-01-01,8,Nou Barris,51,Verdun,173,8082,331,1,1
2026-01-01,8,Nou Barris,51,Verdun,173,8082,288,1,2
2026-01-01,8,Nou Barris,51,Verdun,173,8082,38,2,1
2026-01-01,8,Nou Barris,51,Verdun,173,8082,29,2,2
2026-01-01,8,Nou Barris,51,Verdun,173,8082,170,3,1
2026-01-01,8,Nou Barris,51,Verdun,173,8082,120,3,2
2026-01-01,8,Nou Barris,51,Verdun,173,8082,17,4,1
2026-01-01,8,Nou Barris,51,Verdun,173,8082,12,4,2
2026-01-01,8,Nou Barris,51,Verdun,173,8082,376,5,1
2026-01-01,8,Nou Barris,51,Verdun,173,8082,350,5,2
2026-01-01,8,Nou Barris,52,la Prosperitat,174,8083,253,1,1
2026-01-01,8,Nou Barris,52,la Prosperitat,174,8083,249,1,2
2026-01-01,8,Nou Barris,52,la Prosperitat,174,8083,29,2,1
2026-01-01,8,Nou Barris,52,la Prosperitat,174,8083,19,2,2
2026-01-01,8,Nou Barris,52,la Prosperitat,174,8083,139,3,1
2026-01-01,8,Nou Barris,52,la Prosperitat,174,8083,77,3,2
2026-01-01,8,Nou Barris,52,la Prosperitat,174,8083,14,4,1
2026-01-01,8,Nou Barris,52,la Prosperitat,174,8083,13,4,2
2026-01-01,8,Nou Barris,52,la Prosperitat,174,8083,308,5,1
2026-01-01,8,Nou Barris,52,la Prosperitat,174,8083,286,5,2
2026-01-01,8,Nou Barris,52,la Prosperitat,174,8083,..,6,2
2026-01-01,8,Nou Barris,52,la Prosperitat,174,8084,275,1,1
2026-01-01,8,Nou Barris,52,la Prosperitat,174,8084,237,1,2
2026-01-01,8,Nou Barris,52,la Prosperitat,174,8084,34,2,1
2026-01-01,8,Nou Barris,52,la Prosperitat,174,8084,27,2,2
2026-01-01,8,Nou Barris,52,la Prosperitat,174,8084,150,3,1
2026-01-01,8,Nou Barris,52,la Prosperitat,174,8084,89,3,2
2026-01-01,8,Nou Barris,52,la Prosperitat,174,8084,8,4,1
2026-01-01,8,Nou Barris,52,la Prosperitat,174,8084,..,4,2
2026-01-01,8,Nou Barris,52,la Prosperitat,174,8084,207,5,1
2026-01-01,8,Nou Barris,52,la Prosperitat,174,8084,166,5,2
2026-01-01,8,Nou Barris,52,la Prosperitat,174,8085,301,1,1
2026-01-01,8,Nou Barris,52,la Prosperitat,174,8085,336,1,2
2026-01-01,8,Nou Barris,52,la Prosperitat,174,8085,25,2,1
2026-01-01,8,Nou Barris,52,la Prosperitat,174,8085,26,2,2
2026-01-01,8,Nou Barris,52,la Prosperitat,174,8085,143,3,1
2026-01-01,8,Nou Barris,52,la Prosperitat,174,8085,102,3,2
2026-01-01,8,Nou Barris,52,la Prosperitat,174,8085,22,4,1
2026-01-01,8,Nou Barris,52,la Prosperitat,174,8085,21,4,2
2026-01-01,8,Nou Barris,52,la Prosperitat,174,8085,320,5,1
2026-01-01,8,Nou Barris,52,la Prosperitat,174,8085,309,5,2
2026-01-01,8,Nou Barris,52,la Prosperitat,174,8086,378,1,1
2026-01-01,8,Nou Barris,52,la Prosperitat,174,8086,368,1,2
2026-01-01,8,Nou Barris,52,la Prosperitat,174,8086,35,2,1
2026-01-01,8,Nou Barris,52,la Prosperitat,174,8086,33,2,2
2026-01-01,8,Nou Barris,52,la Prosperitat,174,8086,193,3,1
2026-01-01,8,Nou Barris,52,la Prosperitat,174,8086,139,3,2
2026-01-01,8,Nou Barris,52,la Prosperitat,174,8086,24,4,1
2026-01-01,8,Nou Barris,52,la Prosperitat,174,8086,18,4,2
2026-01-01,8,Nou Barris,52,la Prosperitat,174,8086,345,5,1
2026-01-01,8,Nou Barris,52,la Prosperitat,174,8086,265,5,2
2026-01-01,8,Nou Barris,52,la Prosperitat,175,8087,295,1,1
2026-01-01,8,Nou Barris,52,la Prosperitat,175,8087,264,1,2
2026-01-01,8,Nou Barris,52,la Prosperitat,175,8087,31,2,1
2026-01-01,8,Nou Barris,52,la Prosperitat,175,8087,28,2,2
2026-01-01,8,Nou Barris,52,la Prosperitat,175,8087,151,3,1
2026-01-01,8,Nou Barris,52,la Prosperitat,175,8087,93,3,2
2026-01-01,8,Nou Barris,52,la Prosperitat,175,8087,17,4,1
2026-01-01,8,Nou Barris,52,la Prosperitat,175,8087,16,4,2
2026-01-01,8,Nou Barris,52,la Prosperitat,175,8087,250,5,1
2026-01-01,8,Nou Barris,52,la Prosperitat,175,8087,216,5,2
2026-01-01,8,Nou Barris,52,la Prosperitat,175,8088,321,1,1
2026-01-01,8,Nou Barris,52,la Prosperitat,175,8088,289,1,2
2026-01-01,8,Nou Barris,52,la Prosperitat,175,8088,28,2,1
2026-01-01,8,Nou Barris,52,la Prosperitat,175,8088,39,2,2
2026-01-01,8,Nou Barris,52,la Prosperitat,175,8088,134,3,1
2026-01-01,8,Nou Barris,52,la Prosperitat,175,8088,90,3,2
2026-01-01,8,Nou Barris,52,la Prosperitat,175,8088,8,4,1
2026-01-01,8,Nou Barris,52,la Prosperitat,175,8088,9,4,2
2026-01-01,8,Nou Barris,52,la Prosperitat,175,8088,223,5,1
2026-01-01,8,Nou Barris,52,la Prosperitat,175,8088,193,5,2
2026-01-01,8,Nou Barris,52,la Prosperitat,175,8089,248,1,1
2026-01-01,8,Nou Barris,52,la Prosperitat,175,8089,241,1,2
2026-01-01,8,Nou Barris,52,la Prosperitat,175,8089,35,2,1
2026-01-01,8,Nou Barris,52,la Prosperitat,175,8089,28,2,2
2026-01-01,8,Nou Barris,52,la Prosperitat,175,8089,138,3,1
2026-01-01,8,Nou Barris,52,la Prosperitat,175,8089,93,3,2
2026-01-01,8,Nou Barris,52,la Prosperitat,175,8089,14,4,1
2026-01-01,8,Nou Barris,52,la Prosperitat,175,8089,20,4,2
2026-01-01,8,Nou Barris,52,la Prosperitat,175,8089,217,5,1
2026-01-01,8,Nou Barris,52,la Prosperitat,175,8089,186,5,2
2026-01-01,8,Nou Barris,52,la Prosperitat,175,8090,269,1,1
2026-01-01,8,Nou Barris,52,la Prosperitat,175,8090,288,1,2
2026-01-01,8,Nou Barris,52,la Prosperitat,175,8090,39,2,1
2026-01-01,8,Nou Barris,52,la Prosperitat,175,8090,34,2,2
2026-01-01,8,Nou Barris,52,la Prosperitat,175,8090,130,3,1
2026-01-01,8,Nou Barris,52,la Prosperitat,175,8090,93,3,2
2026-01-01,8,Nou Barris,52,la Prosperitat,175,8090,17,4,1
2026-01-01,8,Nou Barris,52,la Prosperitat,175,8090,15,4,2
2026-01-01,8,Nou Barris,52,la Prosperitat,175,8090,223,5,1
2026-01-01,8,Nou Barris,52,la Prosperitat,175,8090,227,5,2
2026-01-01,8,Nou Barris,52,la Prosperitat,175,8091,295,1,1
2026-01-01,8,Nou Barris,52,la Prosperitat,175,8091,264,1,2
2026-01-01,8,Nou Barris,52,la Prosperitat,175,8091,20,2,1
2026-01-01,8,Nou Barris,52,la Prosperitat,175,8091,24,2,2
2026-01-01,8,Nou Barris,52,la Prosperitat,175,8091,151,3,1
2026-01-01,8,Nou Barris,52,la Prosperitat,175,8091,127,3,2
2026-01-01,8,Nou Barris,52,la Prosperitat,175,8091,12,4,1
2026-01-01,8,Nou Barris,52,la Prosperitat,175,8091,14,4,2
2026-01-01,8,Nou Barris,52,la Prosperitat,175,8091,291,5,1
2026-01-01,8,Nou Barris,52,la Prosperitat,175,8091,264,5,2
2026-01-01,8,Nou Barris,52,la Prosperitat,175,8091,..,6,2
2026-01-01,8,Nou Barris,52,la Prosperitat,176,8092,212,1,1
2026-01-01,8,Nou Barris,52,la Prosperitat,176,8092,204,1,2
2026-01-01,8,Nou Barris,52,la Prosperitat,176,8092,22,2,1
2026-01-01,8,Nou Barris,52,la Prosperitat,176,8092,22,2,2
2026-01-01,8,Nou Barris,52,la Prosperitat,176,8092,163,3,1
2026-01-01,8,Nou Barris,52,la Prosperitat,176,8092,124,3,2
2026-01-01,8,Nou Barris,52,la Prosperitat,176,8092,..,4,1
2026-01-01,8,Nou Barris,52,la Prosperitat,176,8092,7,4,2
2026-01-01,8,Nou Barris,52,la Prosperitat,176,8092,115,5,1
2026-01-01,8,Nou Barris,52,la Prosperitat,176,8092,113,5,2
2026-01-01,8,Nou Barris,52,la Prosperitat,176,8093,292,1,1
2026-01-01,8,Nou Barris,52,la Prosperitat,176,8093,306,1,2
2026-01-01,8,Nou Barris,52,la Prosperitat,176,8093,30,2,1
2026-01-01,8,Nou Barris,52,la Prosperitat,176,8093,39,2,2
2026-01-01,8,Nou Barris,52,la Prosperitat,176,8093,163,3,1
2026-01-01,8,Nou Barris,52,la Prosperitat,176,8093,98,3,2
2026-01-01,8,Nou Barris,52,la Prosperitat,176,8093,10,4,1
2026-01-01,8,Nou Barris,52,la Prosperitat,176,8093,9,4,2
2026-01-01,8,Nou Barris,52,la Prosperitat,176,8093,212,5,1
2026-01-01,8,Nou Barris,52,la Prosperitat,176,8093,195,5,2
2026-01-01,8,Nou Barris,52,la Prosperitat,176,8094,313,1,1
2026-01-01,8,Nou Barris,52,la Prosperitat,176,8094,318,1,2
2026-01-01,8,Nou Barris,52,la Prosperitat,176,8094,27,2,1
2026-01-01,8,Nou Barris,52,la Prosperitat,176,8094,27,2,2
2026-01-01,8,Nou Barris,52,la Prosperitat,176,8094,244,3,1
2026-01-01,8,Nou Barris,52,la Prosperitat,176,8094,186,3,2
2026-01-01,8,Nou Barris,52,la Prosperitat,176,8094,10,4,1
2026-01-01,8,Nou Barris,52,la Prosperitat,176,8094,12,4,2
2026-01-01,8,Nou Barris,52,la Prosperitat,176,8094,184,5,1
2026-01-01,8,Nou Barris,52,la Prosperitat,176,8094,154,5,2
2026-01-01,8,Nou Barris,52,la Prosperitat,176,8095,287,1,1
2026-01-01,8,Nou Barris,52,la Prosperitat,176,8095,299,1,2
2026-01-01,8,Nou Barris,52,la Prosperitat,176,8095,44,2,1
2026-01-01,8,Nou Barris,52,la Prosperitat,176,8095,51,2,2
2026-01-01,8,Nou Barris,52,la Prosperitat,176,8095,139,3,1
2026-01-01,8,Nou Barris,52,la Prosperitat,176,8095,102,3,2
2026-01-01,8,Nou Barris,52,la Prosperitat,176,8095,11,4,1
2026-01-01,8,Nou Barris,52,la Prosperitat,176,8095,14,4,2
2026-01-01,8,Nou Barris,52,la Prosperitat,176,8095,116,5,1
2026-01-01,8,Nou Barris,52,la Prosperitat,176,8095,102,5,2
2026-01-01,8,Nou Barris,52,la Prosperitat,177,8096,352,1,1
2026-01-01,8,Nou Barris,52,la Prosperitat,177,8096,358,1,2
2026-01-01,8,Nou Barris,52,la Prosperitat,177,8096,49,2,1
2026-01-01,8,Nou Barris,52,la Prosperitat,177,8096,40,2,2
2026-01-01,8,Nou Barris,52,la Prosperitat,177,8096,157,3,1
2026-01-01,8,Nou Barris,52,la Prosperitat,177,8096,125,3,2
2026-01-01,8,Nou Barris,52,la Prosperitat,177,8096,13,4,1
2026-01-01,8,Nou Barris,52,la Prosperitat,177,8096,13,4,2
2026-01-01,8,Nou Barris,52,la Prosperitat,177,8096,247,5,1
2026-01-01,8,Nou Barris,52,la Prosperitat,177,8096,171,5,2
2026-01-01,8,Nou Barris,52,la Prosperitat,177,8097,311,1,1
2026-01-01,8,Nou Barris,52,la Prosperitat,177,8097,296,1,2
2026-01-01,8,Nou Barris,52,la Prosperitat,177,8097,42,2,1
2026-01-01,8,Nou Barris,52,la Prosperitat,177,8097,23,2,2
2026-01-01,8,Nou Barris,52,la Prosperitat,177,8097,144,3,1
2026-01-01,8,Nou Barris,52,la Prosperitat,177,8097,98,3,2
2026-01-01,8,Nou Barris,52,la Prosperitat,177,8097,16,4,1
2026-01-01,8,Nou Barris,52,la Prosperitat,177,8097,6,4,2
2026-01-01,8,Nou Barris,52,la Prosperitat,177,8097,242,5,1
2026-01-01,8,Nou Barris,52,la Prosperitat,177,8097,189,5,2
2026-01-01,8,Nou Barris,52,la Prosperitat,177,8098,304,1,1
2026-01-01,8,Nou Barris,52,la Prosperitat,177,8098,318,1,2
2026-01-01,8,Nou Barris,52,la Prosperitat,177,8098,26,2,1
2026-01-01,8,Nou Barris,52,la Prosperitat,177,8098,33,2,2
2026-01-01,8,Nou Barris,52,la Prosperitat,177,8098,129,3,1
2026-01-01,8,Nou Barris,52,la Prosperitat,177,8098,85,3,2
2026-01-01,8,Nou Barris,52,la Prosperitat,177,8098,9,4,1
2026-01-01,8,Nou Barris,52,la Prosperitat,177,8098,12,4,2
2026-01-01,8,Nou Barris,52,la Prosperitat,177,8098,224,5,1
2026-01-01,8,Nou Barris,52,la Prosperitat,177,8098,201,5,2
2026-01-01,8,Nou Barris,52,la Prosperitat,177,8098,..,6,2
2026-01-01,8,Nou Barris,52,la Prosperitat,177,8099,308,1,1
2026-01-01,8,Nou Barris,52,la Prosperitat,177,8099,336,1,2
2026-01-01,8,Nou Barris,52,la Prosperitat,177,8099,42,2,1
2026-01-01,8,Nou Barris,52,la Prosperitat,177,8099,40,2,2
2026-01-01,8,Nou Barris,52,la Prosperitat,177,8099,122,3,1
2026-01-01,8,Nou Barris,52,la Prosperitat,177,8099,94,3,2
2026-01-01,8,Nou Barris,52,la Prosperitat,177,8099,24,4,1
2026-01-01,8,Nou Barris,52,la Prosperitat,177,8099,24,4,2
2026-01-01,8,Nou Barris,52,la Prosperitat,177,8099,294,5,1
2026-01-01,8,Nou Barris,52,la Prosperitat,177,8099,231,5,2
2026-01-01,8,Nou Barris,52,la Prosperitat,177,8100,322,1,1
2026-01-01,8,Nou Barris,52,la Prosperitat,177,8100,270,1,2
2026-01-01,8,Nou Barris,52,la Prosperitat,177,8100,34,2,1
2026-01-01,8,Nou Barris,52,la Prosperitat,177,8100,31,2,2
2026-01-01,8,Nou Barris,52,la Prosperitat,177,8100,137,3,1
2026-01-01,8,Nou Barris,52,la Prosperitat,177,8100,100,3,2
2026-01-01,8,Nou Barris,52,la Prosperitat,177,8100,14,4,1
2026-01-01,8,Nou Barris,52,la Prosperitat,177,8100,15,4,2
2026-01-01,8,Nou Barris,52,la Prosperitat,177,8100,219,5,1
2026-01-01,8,Nou Barris,52,la Prosperitat,177,8100,207,5,2
2026-01-01,8,Nou Barris,52,la Prosperitat,177,8101,454,1,1
2026-01-01,8,Nou Barris,52,la Prosperitat,177,8101,419,1,2
2026-01-01,8,Nou Barris,52,la Prosperitat,177,8101,27,2,1
2026-01-01,8,Nou Barris,52,la Prosperitat,177,8101,41,2,2
2026-01-01,8,Nou Barris,52,la Prosperitat,177,8101,200,3,1
2026-01-01,8,Nou Barris,52,la Prosperitat,177,8101,160,3,2
2026-01-01,8,Nou Barris,52,la Prosperitat,177,8101,8,4,1
2026-01-01,8,Nou Barris,52,la Prosperitat,177,8101,13,4,2
2026-01-01,8,Nou Barris,52,la Prosperitat,177,8101,246,5,1
2026-01-01,8,Nou Barris,52,la Prosperitat,177,8101,197,5,2
2026-01-01,8,Nou Barris,52,la Prosperitat,177,8102,318,1,1
2026-01-01,8,Nou Barris,52,la Prosperitat,177,8102,293,1,2
2026-01-01,8,Nou Barris,52,la Prosperitat,177,8102,37,2,1
2026-01-01,8,Nou Barris,52,la Prosperitat,177,8102,48,2,2
2026-01-01,8,Nou Barris,52,la Prosperitat,177,8102,195,3,1
2026-01-01,8,Nou Barris,52,la Prosperitat,177,8102,108,3,2
2026-01-01,8,Nou Barris,52,la Prosperitat,177,8102,13,4,1
2026-01-01,8,Nou Barris,52,la Prosperitat,177,8102,17,4,2
2026-01-01,8,Nou Barris,52,la Prosperitat,177,8102,303,5,1
2026-01-01,8,Nou Barris,52,la Prosperitat,177,8102,297,5,2
2026-01-01,8,Nou Barris,52,la Prosperitat,177,8102,..,6,1
2026-01-01,8,Nou Barris,53,la Trinitat Nova,178,8103,327,1,1
2026-01-01,8,Nou Barris,53,la Trinitat Nova,178,8103,352,1,2
2026-01-01,8,Nou Barris,53,la Trinitat Nova,178,8103,49,2,1
2026-01-01,8,Nou Barris,53,la Trinitat Nova,178,8103,34,2,2
2026-01-01,8,Nou Barris,53,la Trinitat Nova,178,8103,75,3,1
2026-01-01,8,Nou Barris,53,la Trinitat Nova,178,8103,71,3,2
2026-01-01,8,Nou Barris,53,la Trinitat Nova,178,8103,13,4,1
2026-01-01,8,Nou Barris,53,la Trinitat Nova,178,8103,15,4,2
2026-01-01,8,Nou Barris,53,la Trinitat Nova,178,8103,488,5,1
2026-01-01,8,Nou Barris,53,la Trinitat Nova,178,8103,447,5,2
2026-01-01,8,Nou Barris,53,la Trinitat Nova,178,8104,305,1,1
2026-01-01,8,Nou Barris,53,la Trinitat Nova,178,8104,306,1,2
2026-01-01,8,Nou Barris,53,la Trinitat Nova,178,8104,35,2,1
2026-01-01,8,Nou Barris,53,la Trinitat Nova,178,8104,34,2,2
2026-01-01,8,Nou Barris,53,la Trinitat Nova,178,8104,95,3,1
2026-01-01,8,Nou Barris,53,la Trinitat Nova,178,8104,56,3,2
2026-01-01,8,Nou Barris,53,la Trinitat Nova,178,8104,11,4,1
2026-01-01,8,Nou Barris,53,la Trinitat Nova,178,8104,10,4,2
2026-01-01,8,Nou Barris,53,la Trinitat Nova,178,8104,258,5,1
2026-01-01,8,Nou Barris,53,la Trinitat Nova,178,8104,269,5,2
2026-01-01,8,Nou Barris,53,la Trinitat Nova,178,8105,359,1,1
2026-01-01,8,Nou Barris,53,la Trinitat Nova,178,8105,336,1,2
2026-01-01,8,Nou Barris,53,la Trinitat Nova,178,8105,37,2,1
2026-01-01,8,Nou Barris,53,la Trinitat Nova,178,8105,31,2,2
2026-01-01,8,Nou Barris,53,la Trinitat Nova,178,8105,93,3,1
2026-01-01,8,Nou Barris,53,la Trinitat Nova,178,8105,61,3,2
2026-01-01,8,Nou Barris,53,la Trinitat Nova,178,8105,19,4,1
2026-01-01,8,Nou Barris,53,la Trinitat Nova,178,8105,14,4,2
2026-01-01,8,Nou Barris,53,la Trinitat Nova,178,8105,306,5,1
2026-01-01,8,Nou Barris,53,la Trinitat Nova,178,8105,275,5,2
2026-01-01,8,Nou Barris,53,la Trinitat Nova,178,8106,297,1,1
2026-01-01,8,Nou Barris,53,la Trinitat Nova,178,8106,295,1,2
2026-01-01,8,Nou Barris,53,la Trinitat Nova,178,8106,42,2,1
2026-01-01,8,Nou Barris,53,la Trinitat Nova,178,8106,23,2,2
2026-01-01,8,Nou Barris,53,la Trinitat Nova,178,8106,76,3,1
2026-01-01,8,Nou Barris,53,la Trinitat Nova,178,8106,43,3,2
2026-01-01,8,Nou Barris,53,la Trinitat Nova,178,8106,8,4,1
2026-01-01,8,Nou Barris,53,la Trinitat Nova,178,8106,9,4,2
2026-01-01,8,Nou Barris,53,la Trinitat Nova,178,8106,320,5,1
2026-01-01,8,Nou Barris,53,la Trinitat Nova,178,8106,319,5,2
2026-01-01,8,Nou Barris,53,la Trinitat Nova,178,8107,544,1,1
2026-01-01,8,Nou Barris,53,la Trinitat Nova,178,8107,552,1,2
2026-01-01,8,Nou Barris,53,la Trinitat Nova,178,8107,50,2,1
2026-01-01,8,Nou Barris,53,la Trinitat Nova,178,8107,56,2,2
2026-01-01,8,Nou Barris,53,la Trinitat Nova,178,8107,128,3,1
2026-01-01,8,Nou Barris,53,la Trinitat Nova,178,8107,94,3,2
2026-01-01,8,Nou Barris,53,la Trinitat Nova,178,8107,15,4,1
2026-01-01,8,Nou Barris,53,la Trinitat Nova,178,8107,14,4,2
2026-01-01,8,Nou Barris,53,la Trinitat Nova,178,8107,232,5,1
2026-01-01,8,Nou Barris,53,la Trinitat Nova,178,8107,230,5,2
2026-01-01,8,Nou Barris,54,Torre Baró,179,8108,479,1,1
2026-01-01,8,Nou Barris,54,Torre Baró,179,8108,480,1,2
2026-01-01,8,Nou Barris,54,Torre Baró,179,8108,59,2,1
2026-01-01,8,Nou Barris,54,Torre Baró,179,8108,62,2,2
2026-01-01,8,Nou Barris,54,Torre Baró,179,8108,118,3,1
2026-01-01,8,Nou Barris,54,Torre Baró,179,8108,110,3,2
2026-01-01,8,Nou Barris,54,Torre Baró,179,8108,35,4,1
2026-01-01,8,Nou Barris,54,Torre Baró,179,8108,30,4,2
2026-01-01,8,Nou Barris,54,Torre Baró,179,8108,468,5,1
2026-01-01,8,Nou Barris,54,Torre Baró,179,8108,430,5,2
2026-01-01,8,Nou Barris,54,Torre Baró,179,8109,260,1,1
2026-01-01,8,Nou Barris,54,Torre Baró,179,8109,274,1,2
2026-01-01,8,Nou Barris,54,Torre Baró,179,8109,27,2,1
2026-01-01,8,Nou Barris,54,Torre Baró,179,8109,28,2,2
2026-01-01,8,Nou Barris,54,Torre Baró,179,8109,81,3,1
2026-01-01,8,Nou Barris,54,Torre Baró,179,8109,87,3,2
2026-01-01,8,Nou Barris,54,Torre Baró,179,8109,9,4,1
2026-01-01,8,Nou Barris,54,Torre Baró,179,8109,5,4,2
2026-01-01,8,Nou Barris,54,Torre Baró,179,8109,106,5,1
2026-01-01,8,Nou Barris,54,Torre Baró,179,8109,88,5,2
2026-01-01,8,Nou Barris,55,Ciutat Meridiana,180,8110,355,1,1
2026-01-01,8,Nou Barris,55,Ciutat Meridiana,180,8110,362,1,2
2026-01-01,8,Nou Barris,55,Ciutat Meridiana,180,8110,53,2,1
2026-01-01,8,Nou Barris,55,Ciutat Meridiana,180,8110,44,2,2
2026-01-01,8,Nou Barris,55,Ciutat Meridiana,180,8110,124,3,1
2026-01-01,8,Nou Barris,55,Ciutat Meridiana,180,8110,76,3,2
2026-01-01,8,Nou Barris,55,Ciutat Meridiana,180,8110,13,4,1
2026-01-01,8,Nou Barris,55,Ciutat Meridiana,180,8110,9,4,2
2026-01-01,8,Nou Barris,55,Ciutat Meridiana,180,8110,516,5,1
2026-01-01,8,Nou Barris,55,Ciutat Meridiana,180,8110,540,5,2
2026-01-01,8,Nou Barris,55,Ciutat Meridiana,180,8111,260,1,1
2026-01-01,8,Nou Barris,55,Ciutat Meridiana,180,8111,263,1,2
2026-01-01,8,Nou Barris,55,Ciutat Meridiana,180,8111,40,2,1
2026-01-01,8,Nou Barris,55,Ciutat Meridiana,180,8111,40,2,2
2026-01-01,8,Nou Barris,55,Ciutat Meridiana,180,8111,146,3,1
2026-01-01,8,Nou Barris,55,Ciutat Meridiana,180,8111,101,3,2
2026-01-01,8,Nou Barris,55,Ciutat Meridiana,180,8111,7,4,1
2026-01-01,8,Nou Barris,55,Ciutat Meridiana,180,8111,7,4,2
2026-01-01,8,Nou Barris,55,Ciutat Meridiana,180,8111,464,5,1
2026-01-01,8,Nou Barris,55,Ciutat Meridiana,180,8111,466,5,2
2026-01-01,8,Nou Barris,55,Ciutat Meridiana,180,8112,314,1,1
2026-01-01,8,Nou Barris,55,Ciutat Meridiana,180,8112,317,1,2
2026-01-01,8,Nou Barris,55,Ciutat Meridiana,180,8112,34,2,1
2026-01-01,8,Nou Barris,55,Ciutat Meridiana,180,8112,39,2,2
2026-01-01,8,Nou Barris,55,Ciutat Meridiana,180,8112,129,3,1
2026-01-01,8,Nou Barris,55,Ciutat Meridiana,180,8112,107,3,2
2026-01-01,8,Nou Barris,55,Ciutat Meridiana,180,8112,15,4,1
2026-01-01,8,Nou Barris,55,Ciutat Meridiana,180,8112,12,4,2
2026-01-01,8,Nou Barris,55,Ciutat Meridiana,180,8112,468,5,1
2026-01-01,8,Nou Barris,55,Ciutat Meridiana,180,8112,461,5,2
2026-01-01,8,Nou Barris,55,Ciutat Meridiana,180,8113,320,1,1
2026-01-01,8,Nou Barris,55,Ciutat Meridiana,180,8113,331,1,2
2026-01-01,8,Nou Barris,55,Ciutat Meridiana,180,8113,32,2,1
2026-01-01,8,Nou Barris,55,Ciutat Meridiana,180,8113,32,2,2
2026-01-01,8,Nou Barris,55,Ciutat Meridiana,180,8113,148,3,1
2026-01-01,8,Nou Barris,55,Ciutat Meridiana,180,8113,105,3,2
2026-01-01,8,Nou Barris,55,Ciutat Meridiana,180,8113,16,4,1
2026-01-01,8,Nou Barris,55,Ciutat Meridiana,180,8113,16,4,2
2026-01-01,8,Nou Barris,55,Ciutat Meridiana,180,8113,429,5,1
2026-01-01,8,Nou Barris,55,Ciutat Meridiana,180,8113,424,5,2
2026-01-01,8,Nou Barris,55,Ciutat Meridiana,180,8114,356,1,1
2026-01-01,8,Nou Barris,55,Ciutat Meridiana,180,8114,370,1,2
2026-01-01,8,Nou Barris,55,Ciutat Meridiana,180,8114,34,2,1
2026-01-01,8,Nou Barris,55,Ciutat Meridiana,180,8114,29,2,2
2026-01-01,8,Nou Barris,55,Ciutat Meridiana,180,8114,180,3,1
2026-01-01,8,Nou Barris,55,Ciutat Meridiana,180,8114,126,3,2
2026-01-01,8,Nou Barris,55,Ciutat Meridiana,180,8114,10,4,1
2026-01-01,8,Nou Barris,55,Ciutat Meridiana,180,8114,6,4,2
2026-01-01,8,Nou Barris,55,Ciutat Meridiana,180,8114,446,5,1
2026-01-01,8,Nou Barris,55,Ciutat Meridiana,180,8114,472,5,2
2026-01-01,8,Nou Barris,55,Ciutat Meridiana,180,8115,309,1,1
2026-01-01,8,Nou Barris,55,Ciutat Meridiana,180,8115,337,1,2
2026-01-01,8,Nou Barris,55,Ciutat Meridiana,180,8115,32,2,1
2026-01-01,8,Nou Barris,55,Ciutat Meridiana,180,8115,37,2,2
2026-01-01,8,Nou Barris,55,Ciutat Meridiana,180,8115,145,3,1
2026-01-01,8,Nou Barris,55,Ciutat Meridiana,180,8115,101,3,2
2026-01-01,8,Nou Barris,55,Ciutat Meridiana,180,8115,7,4,1
2026-01-01,8,Nou Barris,55,Ciutat Meridiana,180,8115,10,4,2
2026-01-01,8,Nou Barris,55,Ciutat Meridiana,180,8115,416,5,1
2026-01-01,8,Nou Barris,55,Ciutat Meridiana,180,8115,435,5,2
2026-01-01,8,Nou Barris,56,Vallbona,181,8116,319,1,1
2026-01-01,8,Nou Barris,56,Vallbona,181,8116,356,1,2
2026-01-01,8,Nou Barris,56,Vallbona,181,8116,64,2,1
2026-01-01,8,Nou Barris,56,Vallbona,181,8116,59,2,2
2026-01-01,8,Nou Barris,56,Vallbona,181,8116,142,3,1
2026-01-01,8,Nou Barris,56,Vallbona,181,8116,92,3,2
2026-01-01,8,Nou Barris,56,Vallbona,181,8116,12,4,1
2026-01-01,8,Nou Barris,56,Vallbona,181,8116,11,4,2
2026-01-01,8,Nou Barris,56,Vallbona,181,8116,205,5,1
2026-01-01,8,Nou Barris,56,Vallbona,181,8116,180,5,2
2026-01-01,9,Sant Andreu,57,la Trinitat Vella,182,9001,438,1,1
2026-01-01,9,Sant Andreu,57,la Trinitat Vella,182,9001,492,1,2
2026-01-01,9,Sant Andreu,57,la Trinitat Vella,182,9001,53,2,1
2026-01-01,9,Sant Andreu,57,la Trinitat Vella,182,9001,71,2,2
2026-01-01,9,Sant Andreu,57,la Trinitat Vella,182,9001,126,3,1
2026-01-01,9,Sant Andreu,57,la Trinitat Vella,182,9001,98,3,2
2026-01-01,9,Sant Andreu,57,la Trinitat Vella,182,9001,27,4,1
2026-01-01,9,Sant Andreu,57,la Trinitat Vella,182,9001,20,4,2
2026-01-01,9,Sant Andreu,57,la Trinitat Vella,182,9001,688,5,1
2026-01-01,9,Sant Andreu,57,la Trinitat Vella,182,9001,822,5,2
2026-01-01,9,Sant Andreu,57,la Trinitat Vella,182,9002,423,1,1
2026-01-01,9,Sant Andreu,57,la Trinitat Vella,182,9002,381,1,2
2026-01-01,9,Sant Andreu,57,la Trinitat Vella,182,9002,45,2,1
2026-01-01,9,Sant Andreu,57,la Trinitat Vella,182,9002,46,2,2
2026-01-01,9,Sant Andreu,57,la Trinitat Vella,182,9002,138,3,1
2026-01-01,9,Sant Andreu,57,la Trinitat Vella,182,9002,109,3,2
2026-01-01,9,Sant Andreu,57,la Trinitat Vella,182,9002,36,4,1
2026-01-01,9,Sant Andreu,57,la Trinitat Vella,182,9002,26,4,2
2026-01-01,9,Sant Andreu,57,la Trinitat Vella,182,9002,523,5,1
2026-01-01,9,Sant Andreu,57,la Trinitat Vella,182,9002,586,5,2
2026-01-01,9,Sant Andreu,57,la Trinitat Vella,182,9003,380,1,1
2026-01-01,9,Sant Andreu,57,la Trinitat Vella,182,9003,418,1,2
2026-01-01,9,Sant Andreu,57,la Trinitat Vella,182,9003,44,2,1
2026-01-01,9,Sant Andreu,57,la Trinitat Vella,182,9003,50,2,2
2026-01-01,9,Sant Andreu,57,la Trinitat Vella,182,9003,172,3,1
2026-01-01,9,Sant Andreu,57,la Trinitat Vella,182,9003,126,3,2
2026-01-01,9,Sant Andreu,57,la Trinitat Vella,182,9003,31,4,1
2026-01-01,9,Sant Andreu,57,la Trinitat Vella,182,9003,28,4,2
2026-01-01,9,Sant Andreu,57,la Trinitat Vella,182,9003,503,5,1
2026-01-01,9,Sant Andreu,57,la Trinitat Vella,182,9003,550,5,2
2026-01-01,9,Sant Andreu,57,la Trinitat Vella,182,9004,331,1,1
2026-01-01,9,Sant Andreu,57,la Trinitat Vella,182,9004,327,1,2
2026-01-01,9,Sant Andreu,57,la Trinitat Vella,182,9004,34,2,1
2026-01-01,9,Sant Andreu,57,la Trinitat Vella,182,9004,41,2,2
2026-01-01,9,Sant Andreu,57,la Trinitat Vella,182,9004,145,3,1
2026-01-01,9,Sant Andreu,57,la Trinitat Vella,182,9004,129,3,2
2026-01-01,9,Sant Andreu,57,la Trinitat Vella,182,9004,14,4,1
2026-01-01,9,Sant Andreu,57,la Trinitat Vella,182,9004,12,4,2
2026-01-01,9,Sant Andreu,57,la Trinitat Vella,182,9004,391,5,1
2026-01-01,9,Sant Andreu,57,la Trinitat Vella,182,9004,413,5,2
2026-01-01,9,Sant Andreu,57,la Trinitat Vella,182,9005,452,1,1
2026-01-01,9,Sant Andreu,57,la Trinitat Vella,182,9005,463,1,2
2026-01-01,9,Sant Andreu,57,la Trinitat Vella,182,9005,52,2,1
2026-01-01,9,Sant Andreu,57,la Trinitat Vella,182,9005,53,2,2
2026-01-01,9,Sant Andreu,57,la Trinitat Vella,182,9005,158,3,1
2026-01-01,9,Sant Andreu,57,la Trinitat Vella,182,9005,123,3,2
2026-01-01,9,Sant Andreu,57,la Trinitat Vella,182,9005,20,4,1
2026-01-01,9,Sant Andreu,57,la Trinitat Vella,182,9005,15,4,2
2026-01-01,9,Sant Andreu,57,la Trinitat Vella,182,9005,357,5,1
2026-01-01,9,Sant Andreu,57,la Trinitat Vella,182,9005,326,5,2
2026-01-01,9,Sant Andreu,57,la Trinitat Vella,182,9005,..,6,1
2026-01-01,9,Sant Andreu,58,Baró de Viver,183,9006,348,1,1
2026-01-01,9,Sant Andreu,58,Baró de Viver,183,9006,339,1,2
2026-01-01,9,Sant Andreu,58,Baró de Viver,183,9006,55,2,1
2026-01-01,9,Sant Andreu,58,Baró de Viver,183,9006,72,2,2
2026-01-01,9,Sant Andreu,58,Baró de Viver,183,9006,71,3,1
2026-01-01,9,Sant Andreu,58,Baró de Viver,183,9006,59,3,2
2026-01-01,9,Sant Andreu,58,Baró de Viver,183,9006,19,4,1
2026-01-01,9,Sant Andreu,58,Baró de Viver,183,9006,14,4,2
2026-01-01,9,Sant Andreu,58,Baró de Viver,183,9006,181,5,1
2026-01-01,9,Sant Andreu,58,Baró de Viver,183,9006,164,5,2
2026-01-01,9,Sant Andreu,58,Baró de Viver,183,9007,366,1,1
2026-01-01,9,Sant Andreu,58,Baró de Viver,183,9007,327,1,2
2026-01-01,9,Sant Andreu,58,Baró de Viver,183,9007,58,2,1
2026-01-01,9,Sant Andreu,58,Baró de Viver,183,9007,62,2,2
2026-01-01,9,Sant Andreu,58,Baró de Viver,183,9007,63,3,1
2026-01-01,9,Sant Andreu,58,Baró de Viver,183,9007,58,3,2
2026-01-01,9,Sant Andreu,58,Baró de Viver,183,9007,9,4,1
2026-01-01,9,Sant Andreu,58,Baró de Viver,183,9007,15,4,2
2026-01-01,9,Sant Andreu,58,Baró de Viver,183,9007,212,5,1
2026-01-01,9,Sant Andreu,58,Baró de Viver,183,9007,176,5,2
2026-01-01,9,Sant Andreu,59,el Bon Pastor,184,9008,655,1,1
2026-01-01,9,Sant Andreu,59,el Bon Pastor,184,9008,654,1,2
2026-01-01,9,Sant Andreu,59,el Bon Pastor,184,9008,95,2,1
2026-01-01,9,Sant Andreu,59,el Bon Pastor,184,9008,95,2,2
2026-01-01,9,Sant Andreu,59,el Bon Pastor,184,9008,83,3,1
2026-01-01,9,Sant Andreu,59,el Bon Pastor,184,9008,87,3,2
2026-01-01,9,Sant Andreu,59,el Bon Pastor,184,9008,13,4,1
2026-01-01,9,Sant Andreu,59,el Bon Pastor,184,9008,14,4,2
2026-01-01,9,Sant Andreu,59,el Bon Pastor,184,9008,119,5,1
2026-01-01,9,Sant Andreu,59,el Bon Pastor,184,9008,99,5,2
2026-01-01,9,Sant Andreu,59,el Bon Pastor,184,9009,411,1,1
2026-01-01,9,Sant Andreu,59,el Bon Pastor,184,9009,388,1,2
2026-01-01,9,Sant Andreu,59,el Bon Pastor,184,9009,53,2,1
2026-01-01,9,Sant Andreu,59,el Bon Pastor,184,9009,52,2,2
2026-01-01,9,Sant Andreu,59,el Bon Pastor,184,9009,146,3,1
2026-01-01,9,Sant Andreu,59,el Bon Pastor,184,9009,88,3,2
2026-01-01,9,Sant Andreu,59,el Bon Pastor,184,9009,10,4,1
2026-01-01,9,Sant Andreu,59,el Bon Pastor,184,9009,12,4,2
2026-01-01,9,Sant Andreu,59,el Bon Pastor,184,9009,129,5,1
2026-01-01,9,Sant Andreu,59,el Bon Pastor,184,9009,130,5,2
2026-01-01,9,Sant Andreu,59,el Bon Pastor,185,9010,588,1,1
2026-01-01,9,Sant Andreu,59,el Bon Pastor,185,9010,514,1,2
2026-01-01,9,Sant Andreu,59,el Bon Pastor,185,9010,70,2,1
2026-01-01,9,Sant Andreu,59,el Bon Pastor,185,9010,62,2,2
2026-01-01,9,Sant Andreu,59,el Bon Pastor,185,9010,135,3,1
2026-01-01,9,Sant Andreu,59,el Bon Pastor,185,9010,111,3,2
2026-01-01,9,Sant Andreu,59,el Bon Pastor,185,9010,18,4,1
2026-01-01,9,Sant Andreu,59,el Bon Pastor,185,9010,10,4,2
2026-01-01,9,Sant Andreu,59,el Bon Pastor,185,9010,153,5,1
2026-01-01,9,Sant Andreu,59,el Bon Pastor,185,9010,146,5,2
2026-01-01,9,Sant Andreu,59,el Bon Pastor,185,9011,569,1,1
2026-01-01,9,Sant Andreu,59,el Bon Pastor,185,9011,541,1,2
2026-01-01,9,Sant Andreu,59,el Bon Pastor,185,9011,78,2,1
2026-01-01,9,Sant Andreu,59,el Bon Pastor,185,9011,91,2,2
2026-01-01,9,Sant Andreu,59,el Bon Pastor,185,9011,102,3,1
2026-01-01,9,Sant Andreu,59,el Bon Pastor,185,9011,79,3,2
2026-01-01,9,Sant Andreu,59,el Bon Pastor,185,9011,14,4,1
2026-01-01,9,Sant Andreu,59,el Bon Pastor,185,9011,14,4,2
2026-01-01,9,Sant Andreu,59,el Bon Pastor,185,9011,251,5,1
2026-01-01,9,Sant Andreu,59,el Bon Pastor,185,9011,249,5,2
2026-01-01,9,Sant Andreu,59,el Bon Pastor,185,9013,416,1,1
2026-01-01,9,Sant Andreu,59,el Bon Pastor,185,9013,434,1,2
2026-01-01,9,Sant Andreu,59,el Bon Pastor,185,9013,108,2,1
2026-01-01,9,Sant Andreu,59,el Bon Pastor,185,9013,79,2,2
2026-01-01,9,Sant Andreu,59,el Bon Pastor,185,9013,120,3,1
2026-01-01,9,Sant Andreu,59,el Bon Pastor,185,9013,77,3,2
2026-01-01,9,Sant Andreu,59,el Bon Pastor,185,9013,13,4,1
2026-01-01,9,Sant Andreu,59,el Bon Pastor,185,9013,25,4,2
2026-01-01,9,Sant Andreu,59,el Bon Pastor,185,9013,443,5,1
2026-01-01,9,Sant Andreu,59,el Bon Pastor,185,9013,453,5,2
2026-01-01,9,Sant Andreu,59,el Bon Pastor,185,9014,446,1,1
2026-01-01,9,Sant Andreu,59,el Bon Pastor,185,9014,502,1,2
2026-01-01,9,Sant Andreu,59,el Bon Pastor,185,9014,70,2,1
2026-01-01,9,Sant Andreu,59,el Bon Pastor,185,9014,88,2,2
2026-01-01,9,Sant Andreu,59,el Bon Pastor,185,9014,143,3,1
2026-01-01,9,Sant Andreu,59,el Bon Pastor,185,9014,136,3,2
2026-01-01,9,Sant Andreu,59,el Bon Pastor,185,9014,30,4,1
2026-01-01,9,Sant Andreu,59,el Bon Pastor,185,9014,49,4,2
2026-01-01,9,Sant Andreu,59,el Bon Pastor,185,9014,1308,5,1
2026-01-01,9,Sant Andreu,59,el Bon Pastor,185,9014,1755,5,2
2026-01-01,9,Sant Andreu,59,el Bon Pastor,185,9014,..,6,2
2026-01-01,9,Sant Andreu,59,el Bon Pastor,185,9015,394,1,1
2026-01-01,9,Sant Andreu,59,el Bon Pastor,185,9015,402,1,2
2026-01-01,9,Sant Andreu,59,el Bon Pastor,185,9015,69,2,1
2026-01-01,9,Sant Andreu,59,el Bon Pastor,185,9015,67,2,2
2026-01-01,9,Sant Andreu,59,el Bon Pastor,185,9015,132,3,1
2026-01-01,9,Sant Andreu,59,el Bon Pastor,185,9015,103,3,2
2026-01-01,9,Sant Andreu,59,el Bon Pastor,185,9015,10,4,1
2026-01-01,9,Sant Andreu,59,el Bon Pastor,185,9015,18,4,2
2026-01-01,9,Sant Andreu,59,el Bon Pastor,185,9015,420,5,1
2026-01-01,9,Sant Andreu,59,el Bon Pastor,185,9015,431,5,2
2026-01-01,9,Sant Andreu,59,el Bon Pastor,185,9015,..,6,2
2026-01-01,9,Sant Andreu,60,Sant Andreu,186,9016,393,1,1
2026-01-01,9,Sant Andreu,60,Sant Andreu,186,9016,366,1,2
2026-01-01,9,Sant Andreu,60,Sant Andreu,186,9016,53,2,1
2026-01-01,9,Sant Andreu,60,Sant Andreu,186,9016,42,2,2
2026-01-01,9,Sant Andreu,60,Sant Andreu,186,9016,135,3,1
2026-01-01,9,Sant Andreu,60,Sant Andreu,186,9016,117,3,2
2026-01-01,9,Sant Andreu,60,Sant Andreu,186,9016,7,4,1
2026-01-01,9,Sant Andreu,60,Sant Andreu,186,9016,7,4,2
2026-01-01,9,Sant Andreu,60,Sant Andreu,186,9016,73,5,1
2026-01-01,9,Sant Andreu,60,Sant Andreu,186,9016,68,5,2
2026-01-01,9,Sant Andreu,60,Sant Andreu,186,9017,474,1,1
2026-01-01,9,Sant Andreu,60,Sant Andreu,186,9017,478,1,2
2026-01-01,9,Sant Andreu,60,Sant Andreu,186,9017,62,2,1
2026-01-01,9,Sant Andreu,60,Sant Andreu,186,9017,53,2,2
2026-01-01,9,Sant Andreu,60,Sant Andreu,186,9017,131,3,1
2026-01-01,9,Sant Andreu,60,Sant Andreu,186,9017,85,3,2
2026-01-01,9,Sant Andreu,60,Sant Andreu,186,9017,16,4,1
2026-01-01,9,Sant Andreu,60,Sant Andreu,186,9017,22,4,2
2026-01-01,9,Sant Andreu,60,Sant Andreu,186,9017,113,5,1
2026-01-01,9,Sant Andreu,60,Sant Andreu,186,9017,135,5,2
2026-01-01,9,Sant Andreu,60,Sant Andreu,186,9018,463,1,1
2026-01-01,9,Sant Andreu,60,Sant Andreu,186,9018,438,1,2
2026-01-01,9,Sant Andreu,60,Sant Andreu,186,9018,46,2,1
2026-01-01,9,Sant Andreu,60,Sant Andreu,186,9018,51,2,2
2026-01-01,9,Sant Andreu,60,Sant Andreu,186,9018,163,3,1
2026-01-01,9,Sant Andreu,60,Sant Andreu,186,9018,99,3,2
2026-01-01,9,Sant Andreu,60,Sant Andreu,186,9018,8,4,1
2026-01-01,9,Sant Andreu,60,Sant Andreu,186,9018,9,4,2
2026-01-01,9,Sant Andreu,60,Sant Andreu,186,9018,83,5,1
2026-01-01,9,Sant Andreu,60,Sant Andreu,186,9018,89,5,2
2026-01-01,9,Sant Andreu,60,Sant Andreu,186,9018,..,6,2
2026-01-01,9,Sant Andreu,60,Sant Andreu,186,9019,814,1,1
2026-01-01,9,Sant Andreu,60,Sant Andreu,186,9019,820,1,2
2026-01-01,9,Sant Andreu,60,Sant Andreu,186,9019,77,2,1
2026-01-01,9,Sant Andreu,60,Sant Andreu,186,9019,86,2,2
2026-01-01,9,Sant Andreu,60,Sant Andreu,186,9019,275,3,1
2026-01-01,9,Sant Andreu,60,Sant Andreu,186,9019,224,3,2
2026-01-01,9,Sant Andreu,60,Sant Andreu,186,9019,14,4,1
2026-01-01,9,Sant Andreu,60,Sant Andreu,186,9019,13,4,2
2026-01-01,9,Sant Andreu,60,Sant Andreu,186,9019,160,5,1
2026-01-01,9,Sant Andreu,60,Sant Andreu,186,9019,135,5,2
2026-01-01,9,Sant Andreu,60,Sant Andreu,186,9020,375,1,1
2026-01-01,9,Sant Andreu,60,Sant Andreu,186,9020,350,1,2
2026-01-01,9,Sant Andreu,60,Sant Andreu,186,9020,52,2,1
2026-01-01,9,Sant Andreu,60,Sant Andreu,186,9020,42,2,2
2026-01-01,9,Sant Andreu,60,Sant Andreu,186,9020,102,3,1
2026-01-01,9,Sant Andreu,60,Sant Andreu,186,9020,58,3,2
2026-01-01,9,Sant Andreu,60,Sant Andreu,186,9020,11,4,1
2026-01-01,9,Sant Andreu,60,Sant Andreu,186,9020,8,4,2
2026-01-01,9,Sant Andreu,60,Sant Andreu,186,9020,102,5,1
2026-01-01,9,Sant Andreu,60,Sant Andreu,186,9020,97,5,2
2026-01-01,9,Sant Andreu,60,Sant Andreu,186,9021,407,1,1
2026-01-01,9,Sant Andreu,60,Sant Andreu,186,9021,411,1,2
2026-01-01,9,Sant Andreu,60,Sant Andreu,186,9021,66,2,1
2026-01-01,9,Sant Andreu,60,Sant Andreu,186,9021,46,2,2
2026-01-01,9,Sant Andreu,60,Sant Andreu,186,9021,117,3,1
2026-01-01,9,Sant Andreu,60,Sant Andreu,186,9021,68,3,2
2026-01-01,9,Sant Andreu,60,Sant Andreu,186,9021,22,4,1
2026-01-01,9,Sant Andreu,60,Sant Andreu,186,9021,19,4,2
2026-01-01,9,Sant Andreu,60,Sant Andreu,186,9021,133,5,1
2026-01-01,9,Sant Andreu,60,Sant Andreu,186,9021,119,5,2
2026-01-01,9,Sant Andreu,60,Sant Andreu,186,9022,416,1,1
2026-01-01,9,Sant Andreu,60,Sant Andreu,186,9022,352,1,2
2026-01-01,9,Sant Andreu,60,Sant Andreu,186,9022,57,2,1
2026-01-01,9,Sant Andreu,60,Sant Andreu,186,9022,38,2,2
2026-01-01,9,Sant Andreu,60,Sant Andreu,186,9022,85,3,1
2026-01-01,9,Sant Andreu,60,Sant Andreu,186,9022,85,3,2
2026-01-01,9,Sant Andreu,60,Sant Andreu,186,9022,15,4,1
2026-01-01,9,Sant Andreu,60,Sant Andreu,186,9022,14,4,2
2026-01-01,9,Sant Andreu,60,Sant Andreu,186,9022,99,5,1
2026-01-01,9,Sant Andreu,60,Sant Andreu,186,9022,77,5,2
2026-01-01,9,Sant Andreu,60,Sant Andreu,186,9023,384,1,1
2026-01-01,9,Sant Andreu,60,Sant Andreu,186,9023,411,1,2
2026-01-01,9,Sant Andreu,60,Sant Andreu,186,9023,54,2,1
2026-01-01,9,Sant Andreu,60,Sant Andreu,186,9023,37,2,2
2026-01-01,9,Sant Andreu,60,Sant Andreu,186,9023,80,3,1
2026-01-01,9,Sant Andreu,60,Sant Andreu,186,9023,52,3,2
2026-01-01,9,Sant Andreu,60,Sant Andreu,186,9023,10,4,1
2026-01-01,9,Sant Andreu,60,Sant Andreu,186,9023,16,4,2
2026-01-01,9,Sant Andreu,60,Sant Andreu,186,9023,91,5,1
2026-01-01,9,Sant Andreu,60,Sant Andreu,186,9023,75,5,2
2026-01-01,9,Sant Andreu,60,Sant Andreu,187,9024,400,1,1
2026-01-01,9,Sant Andreu,60,Sant Andreu,187,9024,353,1,2
2026-01-01,9,Sant Andreu,60,Sant Andreu,187,9024,49,2,1
2026-01-01,9,Sant Andreu,60,Sant Andreu,187,9024,45,2,2
2026-01-01,9,Sant Andreu,60,Sant Andreu,187,9024,101,3,1
2026-01-01,9,Sant Andreu,60,Sant Andreu,187,9024,68,3,2
2026-01-01,9,Sant Andreu,60,Sant Andreu,187,9024,12,4,1
2026-01-01,9,Sant Andreu,60,Sant Andreu,187,9024,7,4,2
2026-01-01,9,Sant Andreu,60,Sant Andreu,187,9024,104,5,1
2026-01-01,9,Sant Andreu,60,Sant Andreu,187,9024,79,5,2
2026-01-01,9,Sant Andreu,60,Sant Andreu,187,9025,393,1,1
2026-01-01,9,Sant Andreu,60,Sant Andreu,187,9025,348,1,2
2026-01-01,9,Sant Andreu,60,Sant Andreu,187,9025,61,2,1
2026-01-01,9,Sant Andreu,60,Sant Andreu,187,9025,57,2,2
2026-01-01,9,Sant Andreu,60,Sant Andreu,187,9025,90,3,1
2026-01-01,9,Sant Andreu,60,Sant Andreu,187,9025,63,3,2
2026-01-01,9,Sant Andreu,60,Sant Andreu,187,9025,18,4,1
2026-01-01,9,Sant Andreu,60,Sant Andreu,187,9025,17,4,2
2026-01-01,9,Sant Andreu,60,Sant Andreu,187,9025,113,5,1
2026-01-01,9,Sant Andreu,60,Sant Andreu,187,9025,72,5,2
2026-01-01,9,Sant Andreu,60,Sant Andreu,187,9025,..,6,2
2026-01-01,9,Sant Andreu,60,Sant Andreu,187,9026,469,1,1
2026-01-01,9,Sant Andreu,60,Sant Andreu,187,9026,412,1,2
2026-01-01,9,Sant Andreu,60,Sant Andreu,187,9026,46,2,1
2026-01-01,9,Sant Andreu,60,Sant Andreu,187,9026,58,2,2
2026-01-01,9,Sant Andreu,60,Sant Andreu,187,9026,151,3,1
2026-01-01,9,Sant Andreu,60,Sant Andreu,187,9026,122,3,2
2026-01-01,9,Sant Andreu,60,Sant Andreu,187,9026,22,4,1
2026-01-01,9,Sant Andreu,60,Sant Andreu,187,9026,19,4,2
2026-01-01,9,Sant Andreu,60,Sant Andreu,187,9026,122,5,1
2026-01-01,9,Sant Andreu,60,Sant Andreu,187,9026,114,5,2
2026-01-01,9,Sant Andreu,60,Sant Andreu,187,9027,340,1,1
2026-01-01,9,Sant Andreu,60,Sant Andreu,187,9027,353,1,2
2026-01-01,9,Sant Andreu,60,Sant Andreu,187,9027,49,2,1
2026-01-01,9,Sant Andreu,60,Sant Andreu,187,9027,36,2,2
2026-01-01,9,Sant Andreu,60,Sant Andreu,187,9027,176,3,1
2026-01-01,9,Sant Andreu,60,Sant Andreu,187,9027,153,3,2
2026-01-01,9,Sant Andreu,60,Sant Andreu,187,9027,9,4,1
2026-01-01,9,Sant Andreu,60,Sant Andreu,187,9027,12,4,2
2026-01-01,9,Sant Andreu,60,Sant Andreu,187,9027,98,5,1
2026-01-01,9,Sant Andreu,60,Sant Andreu,187,9027,82,5,2
2026-01-01,9,Sant Andreu,60,Sant Andreu,188,9028,543,1,1
2026-01-01,9,Sant Andreu,60,Sant Andreu,188,9028,505,1,2
2026-01-01,9,Sant Andreu,60,Sant Andreu,188,9028,68,2,1
2026-01-01,9,Sant Andreu,60,Sant Andreu,188,9028,60,2,2
2026-01-01,9,Sant Andreu,60,Sant Andreu,188,9028,123,3,1
2026-01-01,9,Sant Andreu,60,Sant Andreu,188,9028,113,3,2
2026-01-01,9,Sant Andreu,60,Sant Andreu,188,9028,12,4,1
2026-01-01,9,Sant Andreu,60,Sant Andreu,188,9028,14,4,2
2026-01-01,9,Sant Andreu,60,Sant Andreu,188,9028,42,5,1
2026-01-01,9,Sant Andreu,60,Sant Andreu,188,9028,35,5,2
2026-01-01,9,Sant Andreu,60,Sant Andreu,188,9029,264,1,1
2026-01-01,9,Sant Andreu,60,Sant Andreu,188,9029,290,1,2
2026-01-01,9,Sant Andreu,60,Sant Andreu,188,9029,36,2,1
2026-01-01,9,Sant Andreu,60,Sant Andreu,188,9029,38,2,2
2026-01-01,9,Sant Andreu,60,Sant Andreu,188,9029,137,3,1
2026-01-01,9,Sant Andreu,60,Sant Andreu,188,9029,101,3,2
2026-01-01,9,Sant Andreu,60,Sant Andreu,188,9029,13,4,1
2026-01-01,9,Sant Andreu,60,Sant Andreu,188,9029,..,4,2
2026-01-01,9,Sant Andreu,60,Sant Andreu,188,9029,118,5,1
2026-01-01,9,Sant Andreu,60,Sant Andreu,188,9029,79,5,2
2026-01-01,9,Sant Andreu,60,Sant Andreu,188,9030,468,1,1
2026-01-01,9,Sant Andreu,60,Sant Andreu,188,9030,404,1,2
2026-01-01,9,Sant Andreu,60,Sant Andreu,188,9030,73,2,1
2026-01-01,9,Sant Andreu,60,Sant Andreu,188,9030,61,2,2
2026-01-01,9,Sant Andreu,60,Sant Andreu,188,9030,142,3,1
2026-01-01,9,Sant Andreu,60,Sant Andreu,188,9030,99,3,2
2026-01-01,9,Sant Andreu,60,Sant Andreu,188,9030,12,4,1
2026-01-01,9,Sant Andreu,60,Sant Andreu,188,9030,13,4,2
2026-01-01,9,Sant Andreu,60,Sant Andreu,188,9030,99,5,1
2026-01-01,9,Sant Andreu,60,Sant Andreu,188,9030,94,5,2
2026-01-01,9,Sant Andreu,60,Sant Andreu,188,9031,365,1,1
2026-01-01,9,Sant Andreu,60,Sant Andreu,188,9031,372,1,2
2026-01-01,9,Sant Andreu,60,Sant Andreu,188,9031,50,2,1
2026-01-01,9,Sant Andreu,60,Sant Andreu,188,9031,48,2,2
2026-01-01,9,Sant Andreu,60,Sant Andreu,188,9031,112,3,1
2026-01-01,9,Sant Andreu,60,Sant Andreu,188,9031,89,3,2
2026-01-01,9,Sant Andreu,60,Sant Andreu,188,9031,11,4,1
2026-01-01,9,Sant Andreu,60,Sant Andreu,188,9031,5,4,2
2026-01-01,9,Sant Andreu,60,Sant Andreu,188,9031,59,5,1
2026-01-01,9,Sant Andreu,60,Sant Andreu,188,9031,67,5,2
2026-01-01,9,Sant Andreu,60,Sant Andreu,189,9032,734,1,1
2026-01-01,9,Sant Andreu,60,Sant Andreu,189,9032,627,1,2
2026-01-01,9,Sant Andreu,60,Sant Andreu,189,9032,75,2,1
2026-01-01,9,Sant Andreu,60,Sant Andreu,189,9032,84,2,2
2026-01-01,9,Sant Andreu,60,Sant Andreu,189,9032,177,3,1
2026-01-01,9,Sant Andreu,60,Sant Andreu,189,9032,150,3,2
2026-01-01,9,Sant Andreu,60,Sant Andreu,189,9032,22,4,1
2026-01-01,9,Sant Andreu,60,Sant Andreu,189,9032,15,4,2
2026-01-01,9,Sant Andreu,60,Sant Andreu,189,9032,332,5,1
2026-01-01,9,Sant Andreu,60,Sant Andreu,189,9032,283,5,2
2026-01-01,9,Sant Andreu,60,Sant Andreu,189,9033,803,1,1
2026-01-01,9,Sant Andreu,60,Sant Andreu,189,9033,823,1,2
2026-01-01,9,Sant Andreu,60,Sant Andreu,189,9033,118,2,1
2026-01-01,9,Sant Andreu,60,Sant Andreu,189,9033,134,2,2
2026-01-01,9,Sant Andreu,60,Sant Andreu,189,9033,346,3,1
2026-01-01,9,Sant Andreu,60,Sant Andreu,189,9033,284,3,2
2026-01-01,9,Sant Andreu,60,Sant Andreu,189,9033,30,4,1
2026-01-01,9,Sant Andreu,60,Sant Andreu,189,9033,31,4,2
2026-01-01,9,Sant Andreu,60,Sant Andreu,189,9033,422,5,1
2026-01-01,9,Sant Andreu,60,Sant Andreu,189,9033,374,5,2
2026-01-01,9,Sant Andreu,60,Sant Andreu,190,9034,350,1,1
2026-01-01,9,Sant Andreu,60,Sant Andreu,190,9034,322,1,2
2026-01-01,9,Sant Andreu,60,Sant Andreu,190,9034,51,2,1
2026-01-01,9,Sant Andreu,60,Sant Andreu,190,9034,42,2,2
2026-01-01,9,Sant Andreu,60,Sant Andreu,190,9034,167,3,1
2026-01-01,9,Sant Andreu,60,Sant Andreu,190,9034,132,3,2
2026-01-01,9,Sant Andreu,60,Sant Andreu,190,9034,7,4,1
2026-01-01,9,Sant Andreu,60,Sant Andreu,190,9034,5,4,2
2026-01-01,9,Sant Andreu,60,Sant Andreu,190,9034,220,5,1
2026-01-01,9,Sant Andreu,60,Sant Andreu,190,9034,171,5,2
2026-01-01,9,Sant Andreu,60,Sant Andreu,190,9035,384,1,1
2026-01-01,9,Sant Andreu,60,Sant Andreu,190,9035,367,1,2
2026-01-01,9,Sant Andreu,60,Sant Andreu,190,9035,53,2,1
2026-01-01,9,Sant Andreu,60,Sant Andreu,190,9035,52,2,2
2026-01-01,9,Sant Andreu,60,Sant Andreu,190,9035,189,3,1
2026-01-01,9,Sant Andreu,60,Sant Andreu,190,9035,138,3,2
2026-01-01,9,Sant Andreu,60,Sant Andreu,190,9035,18,4,1
2026-01-01,9,Sant Andreu,60,Sant Andreu,190,9035,16,4,2
2026-01-01,9,Sant Andreu,60,Sant Andreu,190,9035,196,5,1
2026-01-01,9,Sant Andreu,60,Sant Andreu,190,9035,199,5,2
2026-01-01,9,Sant Andreu,60,Sant Andreu,190,9036,402,1,1
2026-01-01,9,Sant Andreu,60,Sant Andreu,190,9036,413,1,2
2026-01-01,9,Sant Andreu,60,Sant Andreu,190,9036,64,2,1
2026-01-01,9,Sant Andreu,60,Sant Andreu,190,9036,51,2,2
2026-01-01,9,Sant Andreu,60,Sant Andreu,190,9036,207,3,1
2026-01-01,9,Sant Andreu,60,Sant Andreu,190,9036,135,3,2
2026-01-01,9,Sant Andreu,60,Sant Andreu,190,9036,13,4,1
2026-01-01,9,Sant Andreu,60,Sant Andreu,190,9036,16,4,2
2026-01-01,9,Sant Andreu,60,Sant Andreu,190,9036,115,5,1
2026-01-01,9,Sant Andreu,60,Sant Andreu,190,9036,88,5,2
2026-01-01,9,Sant Andreu,60,Sant Andreu,190,9037,440,1,1
2026-01-01,9,Sant Andreu,60,Sant Andreu,190,9037,380,1,2
2026-01-01,9,Sant Andreu,60,Sant Andreu,190,9037,51,2,1
2026-01-01,9,Sant Andreu,60,Sant Andreu,190,9037,46,2,2
2026-01-01,9,Sant Andreu,60,Sant Andreu,190,9037,184,3,1
2026-01-01,9,Sant Andreu,60,Sant Andreu,190,9037,112,3,2
2026-01-01,9,Sant Andreu,60,Sant Andreu,190,9037,15,4,1
2026-01-01,9,Sant Andreu,60,Sant Andreu,190,9037,16,4,2
2026-01-01,9,Sant Andreu,60,Sant Andreu,190,9037,208,5,1
2026-01-01,9,Sant Andreu,60,Sant Andreu,190,9037,291,5,2
2026-01-01,9,Sant Andreu,60,Sant Andreu,190,9038,546,1,1
2026-01-01,9,Sant Andreu,60,Sant Andreu,190,9038,513,1,2
2026-01-01,9,Sant Andreu,60,Sant Andreu,190,9038,76,2,1
2026-01-01,9,Sant Andreu,60,Sant Andreu,190,9038,64,2,2
2026-01-01,9,Sant Andreu,60,Sant Andreu,190,9038,143,3,1
2026-01-01,9,Sant Andreu,60,Sant Andreu,190,9038,121,3,2
2026-01-01,9,Sant Andreu,60,Sant Andreu,190,9038,16,4,1
2026-01-01,9,Sant Andreu,60,Sant Andreu,190,9038,11,4,2
2026-01-01,9,Sant Andreu,60,Sant Andreu,190,9038,148,5,1
2026-01-01,9,Sant Andreu,60,Sant Andreu,190,9038,113,5,2
2026-01-01,9,Sant Andreu,60,Sant Andreu,190,9039,433,1,1
2026-01-01,9,Sant Andreu,60,Sant Andreu,190,9039,426,1,2
2026-01-01,9,Sant Andreu,60,Sant Andreu,190,9039,52,2,1
2026-01-01,9,Sant Andreu,60,Sant Andreu,190,9039,38,2,2
2026-01-01,9,Sant Andreu,60,Sant Andreu,190,9039,145,3,1
2026-01-01,9,Sant Andreu,60,Sant Andreu,190,9039,112,3,2
2026-01-01,9,Sant Andreu,60,Sant Andreu,190,9039,21,4,1
2026-01-01,9,Sant Andreu,60,Sant Andreu,190,9039,21,4,2
2026-01-01,9,Sant Andreu,60,Sant Andreu,190,9039,186,5,1
2026-01-01,9,Sant Andreu,60,Sant Andreu,190,9039,124,5,2
2026-01-01,9,Sant Andreu,60,Sant Andreu,191,9040,531,1,1
2026-01-01,9,Sant Andreu,60,Sant Andreu,191,9040,505,1,2
2026-01-01,9,Sant Andreu,60,Sant Andreu,191,9040,75,2,1
2026-01-01,9,Sant Andreu,60,Sant Andreu,191,9040,57,2,2
2026-01-01,9,Sant Andreu,60,Sant Andreu,191,9040,131,3,1
2026-01-01,9,Sant Andreu,60,Sant Andreu,191,9040,68,3,2
2026-01-01,9,Sant Andreu,60,Sant Andreu,191,9040,22,4,1
2026-01-01,9,Sant Andreu,60,Sant Andreu,191,9040,21,4,2
2026-01-01,9,Sant Andreu,60,Sant Andreu,191,9040,182,5,1
2026-01-01,9,Sant Andreu,60,Sant Andreu,191,9040,154,5,2
2026-01-01,9,Sant Andreu,60,Sant Andreu,191,9041,409,1,1
2026-01-01,9,Sant Andreu,60,Sant Andreu,191,9041,382,1,2
2026-01-01,9,Sant Andreu,60,Sant Andreu,191,9041,70,2,1
2026-01-01,9,Sant Andreu,60,Sant Andreu,191,9041,58,2,2
2026-01-01,9,Sant Andreu,60,Sant Andreu,191,9041,114,3,1
2026-01-01,9,Sant Andreu,60,Sant Andreu,191,9041,76,3,2
2026-01-01,9,Sant Andreu,60,Sant Andreu,191,9041,14,4,1
2026-01-01,9,Sant Andreu,60,Sant Andreu,191,9041,14,4,2
2026-01-01,9,Sant Andreu,60,Sant Andreu,191,9041,164,5,1
2026-01-01,9,Sant Andreu,60,Sant Andreu,191,9041,130,5,2
2026-01-01,9,Sant Andreu,60,Sant Andreu,191,9042,414,1,1
2026-01-01,9,Sant Andreu,60,Sant Andreu,191,9042,347,1,2
2026-01-01,9,Sant Andreu,60,Sant Andreu,191,9042,57,2,1
2026-01-01,9,Sant Andreu,60,Sant Andreu,191,9042,42,2,2
2026-01-01,9,Sant Andreu,60,Sant Andreu,191,9042,95,3,1
2026-01-01,9,Sant Andreu,60,Sant Andreu,191,9042,75,3,2
2026-01-01,9,Sant Andreu,60,Sant Andreu,191,9042,14,4,1
2026-01-01,9,Sant Andreu,60,Sant Andreu,191,9042,15,4,2
2026-01-01,9,Sant Andreu,60,Sant Andreu,191,9042,131,5,1
2026-01-01,9,Sant Andreu,60,Sant Andreu,191,9042,109,5,2
2026-01-01,9,Sant Andreu,60,Sant Andreu,191,9043,370,1,1
2026-01-01,9,Sant Andreu,60,Sant Andreu,191,9043,355,1,2
2026-01-01,9,Sant Andreu,60,Sant Andreu,191,9043,59,2,1
2026-01-01,9,Sant Andreu,60,Sant Andreu,191,9043,56,2,2
2026-01-01,9,Sant Andreu,60,Sant Andreu,191,9043,115,3,1
2026-01-01,9,Sant Andreu,60,Sant Andreu,191,9043,85,3,2
2026-01-01,9,Sant Andreu,60,Sant Andreu,191,9043,24,4,1
2026-01-01,9,Sant Andreu,60,Sant Andreu,191,9043,22,4,2
2026-01-01,9,Sant Andreu,60,Sant Andreu,191,9043,160,5,1
2026-01-01,9,Sant Andreu,60,Sant Andreu,191,9043,146,5,2
2026-01-01,9,Sant Andreu,60,Sant Andreu,191,9044,492,1,1
2026-01-01,9,Sant Andreu,60,Sant Andreu,191,9044,462,1,2
2026-01-01,9,Sant Andreu,60,Sant Andreu,191,9044,69,2,1
2026-01-01,9,Sant Andreu,60,Sant Andreu,191,9044,63,2,2
2026-01-01,9,Sant Andreu,60,Sant Andreu,191,9044,104,3,1
2026-01-01,9,Sant Andreu,60,Sant Andreu,191,9044,80,3,2
2026-01-01,9,Sant Andreu,60,Sant Andreu,191,9044,22,4,1
2026-01-01,9,Sant Andreu,60,Sant Andreu,191,9044,23,4,2
2026-01-01,9,Sant Andreu,60,Sant Andreu,191,9044,129,5,1
2026-01-01,9,Sant Andreu,60,Sant Andreu,191,9044,149,5,2
2026-01-01,9,Sant Andreu,60,Sant Andreu,191,9045,466,1,1
2026-01-01,9,Sant Andreu,60,Sant Andreu,191,9045,407,1,2
2026-01-01,9,Sant Andreu,60,Sant Andreu,191,9045,53,2,1
2026-01-01,9,Sant Andreu,60,Sant Andreu,191,9045,40,2,2
2026-01-01,9,Sant Andreu,60,Sant Andreu,191,9045,108,3,1
2026-01-01,9,Sant Andreu,60,Sant Andreu,191,9045,88,3,2
2026-01-01,9,Sant Andreu,60,Sant Andreu,191,9045,12,4,1
2026-01-01,9,Sant Andreu,60,Sant Andreu,191,9045,17,4,2
2026-01-01,9,Sant Andreu,60,Sant Andreu,191,9045,130,5,1
2026-01-01,9,Sant Andreu,60,Sant Andreu,191,9045,100,5,2
2026-01-01,9,Sant Andreu,60,Sant Andreu,192,9046,418,1,1
2026-01-01,9,Sant Andreu,60,Sant Andreu,192,9046,394,1,2
2026-01-01,9,Sant Andreu,60,Sant Andreu,192,9046,60,2,1
2026-01-01,9,Sant Andreu,60,Sant Andreu,192,9046,49,2,2
2026-01-01,9,Sant Andreu,60,Sant Andreu,192,9046,116,3,1
2026-01-01,9,Sant Andreu,60,Sant Andreu,192,9046,75,3,2
2026-01-01,9,Sant Andreu,60,Sant Andreu,192,9046,14,4,1
2026-01-01,9,Sant Andreu,60,Sant Andreu,192,9046,8,4,2
2026-01-01,9,Sant Andreu,60,Sant Andreu,192,9046,99,5,1
2026-01-01,9,Sant Andreu,60,Sant Andreu,192,9046,71,5,2
2026-01-01,9,Sant Andreu,60,Sant Andreu,192,9047,492,1,1
2026-01-01,9,Sant Andreu,60,Sant Andreu,192,9047,473,1,2
2026-01-01,9,Sant Andreu,60,Sant Andreu,192,9047,88,2,1
2026-01-01,9,Sant Andreu,60,Sant Andreu,192,9047,64,2,2
2026-01-01,9,Sant Andreu,60,Sant Andreu,192,9047,107,3,1
2026-01-01,9,Sant Andreu,60,Sant Andreu,192,9047,59,3,2
2026-01-01,9,Sant Andreu,60,Sant Andreu,192,9047,24,4,1
2026-01-01,9,Sant Andreu,60,Sant Andreu,192,9047,16,4,2
2026-01-01,9,Sant Andreu,60,Sant Andreu,192,9047,149,5,1
2026-01-01,9,Sant Andreu,60,Sant Andreu,192,9047,150,5,2
2026-01-01,9,Sant Andreu,60,Sant Andreu,192,9047,..,6,1
2026-01-01,9,Sant Andreu,60,Sant Andreu,192,9048,405,1,1
2026-01-01,9,Sant Andreu,60,Sant Andreu,192,9048,372,1,2
2026-01-01,9,Sant Andreu,60,Sant Andreu,192,9048,61,2,1
2026-01-01,9,Sant Andreu,60,Sant Andreu,192,9048,55,2,2
2026-01-01,9,Sant Andreu,60,Sant Andreu,192,9048,126,3,1
2026-01-01,9,Sant Andreu,60,Sant Andreu,192,9048,79,3,2
2026-01-01,9,Sant Andreu,60,Sant Andreu,192,9048,14,4,1
2026-01-01,9,Sant Andreu,60,Sant Andreu,192,9048,10,4,2
2026-01-01,9,Sant Andreu,60,Sant Andreu,192,9048,123,5,1
2026-01-01,9,Sant Andreu,60,Sant Andreu,192,9048,99,5,2
2026-01-01,9,Sant Andreu,60,Sant Andreu,192,9048,..,6,1
2026-01-01,9,Sant Andreu,60,Sant Andreu,192,9049,326,1,1
2026-01-01,9,Sant Andreu,60,Sant Andreu,192,9049,303,1,2
2026-01-01,9,Sant Andreu,60,Sant Andreu,192,9049,45,2,1
2026-01-01,9,Sant Andreu,60,Sant Andreu,192,9049,44,2,2
2026-01-01,9,Sant Andreu,60,Sant Andreu,192,9049,118,3,1
2026-01-01,9,Sant Andreu,60,Sant Andreu,192,9049,82,3,2
2026-01-01,9,Sant Andreu,60,Sant Andreu,192,9049,12,4,1
2026-01-01,9,Sant Andreu,60,Sant Andreu,192,9049,12,4,2
2026-01-01,9,Sant Andreu,60,Sant Andreu,192,9049,190,5,1
2026-01-01,9,Sant Andreu,60,Sant Andreu,192,9049,163,5,2
2026-01-01,9,Sant Andreu,60,Sant Andreu,192,9050,448,1,1
2026-01-01,9,Sant Andreu,60,Sant Andreu,192,9050,433,1,2
2026-01-01,9,Sant Andreu,60,Sant Andreu,192,9050,74,2,1
2026-01-01,9,Sant Andreu,60,Sant Andreu,192,9050,59,2,2
2026-01-01,9,Sant Andreu,60,Sant Andreu,192,9050,130,3,1
2026-01-01,9,Sant Andreu,60,Sant Andreu,192,9050,98,3,2
2026-01-01,9,Sant Andreu,60,Sant Andreu,192,9050,27,4,1
2026-01-01,9,Sant Andreu,60,Sant Andreu,192,9050,24,4,2
2026-01-01,9,Sant Andreu,60,Sant Andreu,192,9050,145,5,1
2026-01-01,9,Sant Andreu,60,Sant Andreu,192,9050,136,5,2
2026-01-01,9,Sant Andreu,60,Sant Andreu,192,9051,364,1,1
2026-01-01,9,Sant Andreu,60,Sant Andreu,192,9051,340,1,2
2026-01-01,9,Sant Andreu,60,Sant Andreu,192,9051,53,2,1
2026-01-01,9,Sant Andreu,60,Sant Andreu,192,9051,63,2,2
2026-01-01,9,Sant Andreu,60,Sant Andreu,192,9051,86,3,1
2026-01-01,9,Sant Andreu,60,Sant Andreu,192,9051,77,3,2
2026-01-01,9,Sant Andreu,60,Sant Andreu,192,9051,16,4,1
2026-01-01,9,Sant Andreu,60,Sant Andreu,192,9051,18,4,2
2026-01-01,9,Sant Andreu,60,Sant Andreu,192,9051,140,5,1
2026-01-01,9,Sant Andreu,60,Sant Andreu,192,9051,124,5,2
2026-01-01,9,Sant Andreu,60,Sant Andreu,192,9052,337,1,1
2026-01-01,9,Sant Andreu,60,Sant Andreu,192,9052,350,1,2
2026-01-01,9,Sant Andreu,60,Sant Andreu,192,9052,52,2,1
2026-01-01,9,Sant Andreu,60,Sant Andreu,192,9052,38,2,2
2026-01-01,9,Sant Andreu,60,Sant Andreu,192,9052,128,3,1
2026-01-01,9,Sant Andreu,60,Sant Andreu,192,9052,70,3,2
2026-01-01,9,Sant Andreu,60,Sant Andreu,192,9052,17,4,1
2026-01-01,9,Sant Andreu,60,Sant Andreu,192,9052,10,4,2
2026-01-01,9,Sant Andreu,60,Sant Andreu,192,9052,110,5,1
2026-01-01,9,Sant Andreu,60,Sant Andreu,192,9052,132,5,2
2026-01-01,9,Sant Andreu,60,Sant Andreu,192,9053,518,1,1
2026-01-01,9,Sant Andreu,60,Sant Andreu,192,9053,459,1,2
2026-01-01,9,Sant Andreu,60,Sant Andreu,192,9053,65,2,1
2026-01-01,9,Sant Andreu,60,Sant Andreu,192,9053,55,2,2
2026-01-01,9,Sant Andreu,60,Sant Andreu,192,9053,146,3,1
2026-01-01,9,Sant Andreu,60,Sant Andreu,192,9053,119,3,2
2026-01-01,9,Sant Andreu,60,Sant Andreu,192,9053,16,4,1
2026-01-01,9,Sant Andreu,60,Sant Andreu,192,9053,20,4,2
2026-01-01,9,Sant Andreu,60,Sant Andreu,192,9053,150,5,1
2026-01-01,9,Sant Andreu,60,Sant Andreu,192,9053,143,5,2
2026-01-01,9,Sant Andreu,60,Sant Andreu,192,9054,317,1,1
2026-01-01,9,Sant Andreu,60,Sant Andreu,192,9054,307,1,2
2026-01-01,9,Sant Andreu,60,Sant Andreu,192,9054,39,2,1
2026-01-01,9,Sant Andreu,60,Sant Andreu,192,9054,37,2,2
2026-01-01,9,Sant Andreu,60,Sant Andreu,192,9054,83,3,1
2026-01-01,9,Sant Andreu,60,Sant Andreu,192,9054,51,3,2
2026-01-01,9,Sant Andreu,60,Sant Andreu,192,9054,12,4,1
2026-01-01,9,Sant Andreu,60,Sant Andreu,192,9054,6,4,2
2026-01-01,9,Sant Andreu,60,Sant Andreu,192,9054,147,5,1
2026-01-01,9,Sant Andreu,60,Sant Andreu,192,9054,110,5,2
2026-01-01,9,Sant Andreu,61,la Sagrera,193,9055,361,1,1
2026-01-01,9,Sant Andreu,61,la Sagrera,193,9055,341,1,2
2026-01-01,9,Sant Andreu,61,la Sagrera,193,9055,50,2,1
2026-01-01,9,Sant Andreu,61,la Sagrera,193,9055,47,2,2
2026-01-01,9,Sant Andreu,61,la Sagrera,193,9055,113,3,1
2026-01-01,9,Sant Andreu,61,la Sagrera,193,9055,87,3,2
2026-01-01,9,Sant Andreu,61,la Sagrera,193,9055,9,4,1
2026-01-01,9,Sant Andreu,61,la Sagrera,193,9055,9,4,2
2026-01-01,9,Sant Andreu,61,la Sagrera,193,9055,449,5,1
2026-01-01,9,Sant Andreu,61,la Sagrera,193,9055,405,5,2
2026-01-01,9,Sant Andreu,61,la Sagrera,193,9056,246,1,1
2026-01-01,9,Sant Andreu,61,la Sagrera,193,9056,244,1,2
2026-01-01,9,Sant Andreu,61,la Sagrera,193,9056,47,2,1
2026-01-01,9,Sant Andreu,61,la Sagrera,193,9056,36,2,2
2026-01-01,9,Sant Andreu,61,la Sagrera,193,9056,172,3,1
2026-01-01,9,Sant Andreu,61,la Sagrera,193,9056,132,3,2
2026-01-01,9,Sant Andreu,61,la Sagrera,193,9056,14,4,1
2026-01-01,9,Sant Andreu,61,la Sagrera,193,9056,9,4,2
2026-01-01,9,Sant Andreu,61,la Sagrera,193,9056,130,5,1
2026-01-01,9,Sant Andreu,61,la Sagrera,193,9056,109,5,2
2026-01-01,9,Sant Andreu,61,la Sagrera,193,9057,343,1,1
2026-01-01,9,Sant Andreu,61,la Sagrera,193,9057,379,1,2
2026-01-01,9,Sant Andreu,61,la Sagrera,193,9057,53,2,1
2026-01-01,9,Sant Andreu,61,la Sagrera,193,9057,65,2,2
2026-01-01,9,Sant Andreu,61,la Sagrera,193,9057,133,3,1
2026-01-01,9,Sant Andreu,61,la Sagrera,193,9057,90,3,2
2026-01-01,9,Sant Andreu,61,la Sagrera,193,9057,16,4,1
2026-01-01,9,Sant Andreu,61,la Sagrera,193,9057,16,4,2
2026-01-01,9,Sant Andreu,61,la Sagrera,193,9057,396,5,1
2026-01-01,9,Sant Andreu,61,la Sagrera,193,9057,352,5,2
2026-01-01,9,Sant Andreu,61,la Sagrera,193,9057,..,6,1
2026-01-01,9,Sant Andreu,61,la Sagrera,193,9057,..,6,2
2026-01-01,9,Sant Andreu,61,la Sagrera,193,9058,431,1,1
2026-01-01,9,Sant Andreu,61,la Sagrera,193,9058,408,1,2
2026-01-01,9,Sant Andreu,61,la Sagrera,193,9058,44,2,1
2026-01-01,9,Sant Andreu,61,la Sagrera,193,9058,49,2,2
2026-01-01,9,Sant Andreu,61,la Sagrera,193,9058,108,3,1
2026-01-01,9,Sant Andreu,61,la Sagrera,193,9058,76,3,2
2026-01-01,9,Sant Andreu,61,la Sagrera,193,9058,22,4,1
2026-01-01,9,Sant Andreu,61,la Sagrera,193,9058,19,4,2
2026-01-01,9,Sant Andreu,61,la Sagrera,193,9058,210,5,1
2026-01-01,9,Sant Andreu,61,la Sagrera,193,9058,219,5,2
2026-01-01,9,Sant Andreu,61,la Sagrera,193,9059,359,1,1
2026-01-01,9,Sant Andreu,61,la Sagrera,193,9059,397,1,2
2026-01-01,9,Sant Andreu,61,la Sagrera,193,9059,65,2,1
2026-01-01,9,Sant Andreu,61,la Sagrera,193,9059,48,2,2
2026-01-01,9,Sant Andreu,61,la Sagrera,193,9059,129,3,1
2026-01-01,9,Sant Andreu,61,la Sagrera,193,9059,101,3,2
2026-01-01,9,Sant Andreu,61,la Sagrera,193,9059,26,4,1
2026-01-01,9,Sant Andreu,61,la Sagrera,193,9059,27,4,2
2026-01-01,9,Sant Andreu,61,la Sagrera,193,9059,168,5,1
2026-01-01,9,Sant Andreu,61,la Sagrera,193,9059,126,5,2
2026-01-01,9,Sant Andreu,61,la Sagrera,193,9059,..,6,1
2026-01-01,9,Sant Andreu,61,la Sagrera,193,9060,371,1,1
2026-01-01,9,Sant Andreu,61,la Sagrera,193,9060,325,1,2
2026-01-01,9,Sant Andreu,61,la Sagrera,193,9060,45,2,1
2026-01-01,9,Sant Andreu,61,la Sagrera,193,9060,47,2,2
2026-01-01,9,Sant Andreu,61,la Sagrera,193,9060,132,3,1
2026-01-01,9,Sant Andreu,61,la Sagrera,193,9060,106,3,2
2026-01-01,9,Sant Andreu,61,la Sagrera,193,9060,19,4,1
2026-01-01,9,Sant Andreu,61,la Sagrera,193,9060,20,4,2
2026-01-01,9,Sant Andreu,61,la Sagrera,193,9060,210,5,1
2026-01-01,9,Sant Andreu,61,la Sagrera,193,9060,174,5,2
2026-01-01,9,Sant Andreu,61,la Sagrera,193,9156,300,1,1
2026-01-01,9,Sant Andreu,61,la Sagrera,193,9156,254,1,2
2026-01-01,9,Sant Andreu,61,la Sagrera,193,9156,42,2,1
2026-01-01,9,Sant Andreu,61,la Sagrera,193,9156,34,2,2
2026-01-01,9,Sant Andreu,61,la Sagrera,193,9156,97,3,1
2026-01-01,9,Sant Andreu,61,la Sagrera,193,9156,80,3,2
2026-01-01,9,Sant Andreu,61,la Sagrera,193,9156,14,4,1
2026-01-01,9,Sant Andreu,61,la Sagrera,193,9156,6,4,2
2026-01-01,9,Sant Andreu,61,la Sagrera,193,9156,242,5,1
2026-01-01,9,Sant Andreu,61,la Sagrera,193,9156,198,5,2
2026-01-01,9,Sant Andreu,61,la Sagrera,194,9061,501,1,1
2026-01-01,9,Sant Andreu,61,la Sagrera,194,9061,490,1,2
2026-01-01,9,Sant Andreu,61,la Sagrera,194,9061,74,2,1
2026-01-01,9,Sant Andreu,61,la Sagrera,194,9061,53,2,2
2026-01-01,9,Sant Andreu,61,la Sagrera,194,9061,175,3,1
2026-01-01,9,Sant Andreu,61,la Sagrera,194,9061,125,3,2
2026-01-01,9,Sant Andreu,61,la Sagrera,194,9061,20,4,1
2026-01-01,9,Sant Andreu,61,la Sagrera,194,9061,30,4,2
2026-01-01,9,Sant Andreu,61,la Sagrera,194,9061,175,5,1
2026-01-01,9,Sant Andreu,61,la Sagrera,194,9061,195,5,2
2026-01-01,9,Sant Andreu,61,la Sagrera,194,9061,..,6,1
2026-01-01,9,Sant Andreu,61,la Sagrera,194,9061,..,6,2
2026-01-01,9,Sant Andreu,61,la Sagrera,194,9062,447,1,1
2026-01-01,9,Sant Andreu,61,la Sagrera,194,9062,424,1,2
2026-01-01,9,Sant Andreu,61,la Sagrera,194,9062,61,2,1
2026-01-01,9,Sant Andreu,61,la Sagrera,194,9062,66,2,2
2026-01-01,9,Sant Andreu,61,la Sagrera,194,9062,108,3,1
2026-01-01,9,Sant Andreu,61,la Sagrera,194,9062,94,3,2
2026-01-01,9,Sant Andreu,61,la Sagrera,194,9062,29,4,1
2026-01-01,9,Sant Andreu,61,la Sagrera,194,9062,23,4,2
2026-01-01,9,Sant Andreu,61,la Sagrera,194,9062,227,5,1
2026-01-01,9,Sant Andreu,61,la Sagrera,194,9062,213,5,2
2026-01-01,9,Sant Andreu,61,la Sagrera,195,9063,443,1,1
2026-01-01,9,Sant Andreu,61,la Sagrera,195,9063,432,1,2
2026-01-01,9,Sant Andreu,61,la Sagrera,195,9063,60,2,1
2026-01-01,9,Sant Andreu,61,la Sagrera,195,9063,57,2,2
2026-01-01,9,Sant Andreu,61,la Sagrera,195,9063,130,3,1
2026-01-01,9,Sant Andreu,61,la Sagrera,195,9063,109,3,2
2026-01-01,9,Sant Andreu,61,la Sagrera,195,9063,18,4,1
2026-01-01,9,Sant Andreu,61,la Sagrera,195,9063,25,4,2
2026-01-01,9,Sant Andreu,61,la Sagrera,195,9063,140,5,1
2026-01-01,9,Sant Andreu,61,la Sagrera,195,9063,136,5,2
2026-01-01,9,Sant Andreu,61,la Sagrera,195,9064,297,1,1
2026-01-01,9,Sant Andreu,61,la Sagrera,195,9064,289,1,2
2026-01-01,9,Sant Andreu,61,la Sagrera,195,9064,38,2,1
2026-01-01,9,Sant Andreu,61,la Sagrera,195,9064,41,2,2
2026-01-01,9,Sant Andreu,61,la Sagrera,195,9064,149,3,1
2026-01-01,9,Sant Andreu,61,la Sagrera,195,9064,98,3,2
2026-01-01,9,Sant Andreu,61,la Sagrera,195,9064,7,4,1
2026-01-01,9,Sant Andreu,61,la Sagrera,195,9064,12,4,2
2026-01-01,9,Sant Andreu,61,la Sagrera,195,9064,142,5,1
2026-01-01,9,Sant Andreu,61,la Sagrera,195,9064,110,5,2
2026-01-01,9,Sant Andreu,61,la Sagrera,195,9065,482,1,1
2026-01-01,9,Sant Andreu,61,la Sagrera,195,9065,448,1,2
2026-01-01,9,Sant Andreu,61,la Sagrera,195,9065,65,2,1
2026-01-01,9,Sant Andreu,61,la Sagrera,195,9065,67,2,2
2026-01-01,9,Sant Andreu,61,la Sagrera,195,9065,212,3,1
2026-01-01,9,Sant Andreu,61,la Sagrera,195,9065,155,3,2
2026-01-01,9,Sant Andreu,61,la Sagrera,195,9065,17,4,1
2026-01-01,9,Sant Andreu,61,la Sagrera,195,9065,22,4,2
2026-01-01,9,Sant Andreu,61,la Sagrera,195,9065,344,5,1
2026-01-01,9,Sant Andreu,61,la Sagrera,195,9065,294,5,2
2026-01-01,9,Sant Andreu,61,la Sagrera,195,9065,..,6,1
2026-01-01,9,Sant Andreu,61,la Sagrera,195,9066,356,1,1
2026-01-01,9,Sant Andreu,61,la Sagrera,195,9066,347,1,2
2026-01-01,9,Sant Andreu,61,la Sagrera,195,9066,51,2,1
2026-01-01,9,Sant Andreu,61,la Sagrera,195,9066,55,2,2
2026-01-01,9,Sant Andreu,61,la Sagrera,195,9066,141,3,1
2026-01-01,9,Sant Andreu,61,la Sagrera,195,9066,123,3,2
2026-01-01,9,Sant Andreu,61,la Sagrera,195,9066,29,4,1
2026-01-01,9,Sant Andreu,61,la Sagrera,195,9066,26,4,2
2026-01-01,9,Sant Andreu,61,la Sagrera,195,9066,190,5,1
2026-01-01,9,Sant Andreu,61,la Sagrera,195,9066,150,5,2
2026-01-01,9,Sant Andreu,61,la Sagrera,195,9067,300,1,1
2026-01-01,9,Sant Andreu,61,la Sagrera,195,9067,326,1,2
2026-01-01,9,Sant Andreu,61,la Sagrera,195,9067,63,2,1
2026-01-01,9,Sant Andreu,61,la Sagrera,195,9067,39,2,2
2026-01-01,9,Sant Andreu,61,la Sagrera,195,9067,127,3,1
2026-01-01,9,Sant Andreu,61,la Sagrera,195,9067,91,3,2
2026-01-01,9,Sant Andreu,61,la Sagrera,195,9067,17,4,1
2026-01-01,9,Sant Andreu,61,la Sagrera,195,9067,11,4,2
2026-01-01,9,Sant Andreu,61,la Sagrera,195,9067,279,5,1
2026-01-01,9,Sant Andreu,61,la Sagrera,195,9067,243,5,2
2026-01-01,9,Sant Andreu,61,la Sagrera,196,9068,379,1,1
2026-01-01,9,Sant Andreu,61,la Sagrera,196,9068,384,1,2
2026-01-01,9,Sant Andreu,61,la Sagrera,196,9068,64,2,1
2026-01-01,9,Sant Andreu,61,la Sagrera,196,9068,65,2,2
2026-01-01,9,Sant Andreu,61,la Sagrera,196,9068,145,3,1
2026-01-01,9,Sant Andreu,61,la Sagrera,196,9068,108,3,2
2026-01-01,9,Sant Andreu,61,la Sagrera,196,9068,20,4,1
2026-01-01,9,Sant Andreu,61,la Sagrera,196,9068,27,4,2
2026-01-01,9,Sant Andreu,61,la Sagrera,196,9068,209,5,1
2026-01-01,9,Sant Andreu,61,la Sagrera,196,9068,178,5,2
2026-01-01,9,Sant Andreu,61,la Sagrera,196,9069,255,1,1
2026-01-01,9,Sant Andreu,61,la Sagrera,196,9069,231,1,2
2026-01-01,9,Sant Andreu,61,la Sagrera,196,9069,27,2,1
2026-01-01,9,Sant Andreu,61,la Sagrera,196,9069,25,2,2
2026-01-01,9,Sant Andreu,61,la Sagrera,196,9069,96,3,1
2026-01-01,9,Sant Andreu,61,la Sagrera,196,9069,55,3,2
2026-01-01,9,Sant Andreu,61,la Sagrera,196,9069,..,4,1
2026-01-01,9,Sant Andreu,61,la Sagrera,196,9069,10,4,2
2026-01-01,9,Sant Andreu,61,la Sagrera,196,9069,169,5,1
2026-01-01,9,Sant Andreu,61,la Sagrera,196,9069,132,5,2
2026-01-01,9,Sant Andreu,61,la Sagrera,196,9070,296,1,1
2026-01-01,9,Sant Andreu,61,la Sagrera,196,9070,278,1,2
2026-01-01,9,Sant Andreu,61,la Sagrera,196,9070,31,2,1
2026-01-01,9,Sant Andreu,61,la Sagrera,196,9070,46,2,2
2026-01-01,9,Sant Andreu,61,la Sagrera,196,9070,170,3,1
2026-01-01,9,Sant Andreu,61,la Sagrera,196,9070,131,3,2
2026-01-01,9,Sant Andreu,61,la Sagrera,196,9070,24,4,1
2026-01-01,9,Sant Andreu,61,la Sagrera,196,9070,29,4,2
2026-01-01,9,Sant Andreu,61,la Sagrera,196,9070,404,5,1
2026-01-01,9,Sant Andreu,61,la Sagrera,196,9070,365,5,2
2026-01-01,9,Sant Andreu,61,la Sagrera,196,9071,415,1,1
2026-01-01,9,Sant Andreu,61,la Sagrera,196,9071,387,1,2
2026-01-01,9,Sant Andreu,61,la Sagrera,196,9071,67,2,1
2026-01-01,9,Sant Andreu,61,la Sagrera,196,9071,45,2,2
2026-01-01,9,Sant Andreu,61,la Sagrera,196,9071,175,3,1
2026-01-01,9,Sant Andreu,61,la Sagrera,196,9071,137,3,2
2026-01-01,9,Sant Andreu,61,la Sagrera,196,9071,21,4,1
2026-01-01,9,Sant Andreu,61,la Sagrera,196,9071,14,4,2
2026-01-01,9,Sant Andreu,61,la Sagrera,196,9071,348,5,1
2026-01-01,9,Sant Andreu,61,la Sagrera,196,9071,323,5,2
2026-01-01,9,Sant Andreu,61,la Sagrera,196,9072,281,1,1
2026-01-01,9,Sant Andreu,61,la Sagrera,196,9072,246,1,2
2026-01-01,9,Sant Andreu,61,la Sagrera,196,9072,36,2,1
2026-01-01,9,Sant Andreu,61,la Sagrera,196,9072,34,2,2
2026-01-01,9,Sant Andreu,61,la Sagrera,196,9072,145,3,1
2026-01-01,9,Sant Andreu,61,la Sagrera,196,9072,106,3,2
2026-01-01,9,Sant Andreu,61,la Sagrera,196,9072,27,4,1
2026-01-01,9,Sant Andreu,61,la Sagrera,196,9072,28,4,2
2026-01-01,9,Sant Andreu,61,la Sagrera,196,9072,354,5,1
2026-01-01,9,Sant Andreu,61,la Sagrera,196,9072,290,5,2
2026-01-01,9,Sant Andreu,61,la Sagrera,196,9073,359,1,1
2026-01-01,9,Sant Andreu,61,la Sagrera,196,9073,333,1,2
2026-01-01,9,Sant Andreu,61,la Sagrera,196,9073,41,2,1
2026-01-01,9,Sant Andreu,61,la Sagrera,196,9073,38,2,2
2026-01-01,9,Sant Andreu,61,la Sagrera,196,9073,208,3,1
2026-01-01,9,Sant Andreu,61,la Sagrera,196,9073,144,3,2
2026-01-01,9,Sant Andreu,61,la Sagrera,196,9073,11,4,1
2026-01-01,9,Sant Andreu,61,la Sagrera,196,9073,17,4,2
2026-01-01,9,Sant Andreu,61,la Sagrera,196,9073,169,5,1
2026-01-01,9,Sant Andreu,61,la Sagrera,196,9073,149,5,2
2026-01-01,9,Sant Andreu,62,el Congrés i els Indians,197,9074,502,1,1
2026-01-01,9,Sant Andreu,62,el Congrés i els Indians,197,9074,490,1,2
2026-01-01,9,Sant Andreu,62,el Congrés i els Indians,197,9074,62,2,1
2026-01-01,9,Sant Andreu,62,el Congrés i els Indians,197,9074,49,2,2
2026-01-01,9,Sant Andreu,62,el Congrés i els Indians,197,9074,114,3,1
2026-01-01,9,Sant Andreu,62,el Congrés i els Indians,197,9074,99,3,2
2026-01-01,9,Sant Andreu,62,el Congrés i els Indians,197,9074,20,4,1
2026-01-01,9,Sant Andreu,62,el Congrés i els Indians,197,9074,19,4,2
2026-01-01,9,Sant Andreu,62,el Congrés i els Indians,197,9074,258,5,1
2026-01-01,9,Sant Andreu,62,el Congrés i els Indians,197,9074,192,5,2
2026-01-01,9,Sant Andreu,62,el Congrés i els Indians,197,9075,365,1,1
2026-01-01,9,Sant Andreu,62,el Congrés i els Indians,197,9075,428,1,2
2026-01-01,9,Sant Andreu,62,el Congrés i els Indians,197,9075,50,2,1
2026-01-01,9,Sant Andreu,62,el Congrés i els Indians,197,9075,45,2,2
2026-01-01,9,Sant Andreu,62,el Congrés i els Indians,197,9075,112,3,1
2026-01-01,9,Sant Andreu,62,el Congrés i els Indians,197,9075,77,3,2
2026-01-01,9,Sant Andreu,62,el Congrés i els Indians,197,9075,20,4,1
2026-01-01,9,Sant Andreu,62,el Congrés i els Indians,197,9075,16,4,2
2026-01-01,9,Sant Andreu,62,el Congrés i els Indians,197,9075,264,5,1
2026-01-01,9,Sant Andreu,62,el Congrés i els Indians,197,9075,222,5,2
2026-01-01,9,Sant Andreu,62,el Congrés i els Indians,197,9075,..,6,1
2026-01-01,9,Sant Andreu,62,el Congrés i els Indians,197,9076,458,1,1
2026-01-01,9,Sant Andreu,62,el Congrés i els Indians,197,9076,419,1,2
2026-01-01,9,Sant Andreu,62,el Congrés i els Indians,197,9076,44,2,1
2026-01-01,9,Sant Andreu,62,el Congrés i els Indians,197,9076,50,2,2
2026-01-01,9,Sant Andreu,62,el Congrés i els Indians,197,9076,73,3,1
2026-01-01,9,Sant Andreu,62,el Congrés i els Indians,197,9076,74,3,2
2026-01-01,9,Sant Andreu,62,el Congrés i els Indians,197,9076,20,4,1
2026-01-01,9,Sant Andreu,62,el Congrés i els Indians,197,9076,17,4,2
2026-01-01,9,Sant Andreu,62,el Congrés i els Indians,197,9076,225,5,1
2026-01-01,9,Sant Andreu,62,el Congrés i els Indians,197,9076,185,5,2
2026-01-01,9,Sant Andreu,62,el Congrés i els Indians,197,9077,514,1,1
2026-01-01,9,Sant Andreu,62,el Congrés i els Indians,197,9077,478,1,2
2026-01-01,9,Sant Andreu,62,el Congrés i els Indians,197,9077,50,2,1
2026-01-01,9,Sant Andreu,62,el Congrés i els Indians,197,9077,45,2,2
2026-01-01,9,Sant Andreu,62,el Congrés i els Indians,197,9077,111,3,1
2026-01-01,9,Sant Andreu,62,el Congrés i els Indians,197,9077,64,3,2
2026-01-01,9,Sant Andreu,62,el Congrés i els Indians,197,9077,20,4,1
2026-01-01,9,Sant Andreu,62,el Congrés i els Indians,197,9077,20,4,2
2026-01-01,9,Sant Andreu,62,el Congrés i els Indians,197,9077,205,5,1
2026-01-01,9,Sant Andreu,62,el Congrés i els Indians,197,9077,168,5,2
2026-01-01,9,Sant Andreu,62,el Congrés i els Indians,197,9077,..,6,1
2026-01-01,9,Sant Andreu,62,el Congrés i els Indians,198,9078,426,1,1
2026-01-01,9,Sant Andreu,62,el Congrés i els Indians,198,9078,377,1,2
2026-01-01,9,Sant Andreu,62,el Congrés i els Indians,198,9078,41,2,1
2026-01-01,9,Sant Andreu,62,el Congrés i els Indians,198,9078,52,2,2
2026-01-01,9,Sant Andreu,62,el Congrés i els Indians,198,9078,104,3,1
2026-01-01,9,Sant Andreu,62,el Congrés i els Indians,198,9078,74,3,2
2026-01-01,9,Sant Andreu,62,el Congrés i els Indians,198,9078,25,4,1
2026-01-01,9,Sant Andreu,62,el Congrés i els Indians,198,9078,29,4,2
2026-01-01,9,Sant Andreu,62,el Congrés i els Indians,198,9078,223,5,1
2026-01-01,9,Sant Andreu,62,el Congrés i els Indians,198,9078,194,5,2
2026-01-01,9,Sant Andreu,62,el Congrés i els Indians,198,9079,453,1,1
2026-01-01,9,Sant Andreu,62,el Congrés i els Indians,198,9079,418,1,2
2026-01-01,9,Sant Andreu,62,el Congrés i els Indians,198,9079,65,2,1
2026-01-01,9,Sant Andreu,62,el Congrés i els Indians,198,9079,53,2,2
2026-01-01,9,Sant Andreu,62,el Congrés i els Indians,198,9079,130,3,1
2026-01-01,9,Sant Andreu,62,el Congrés i els Indians,198,9079,106,3,2
2026-01-01,9,Sant Andreu,62,el Congrés i els Indians,198,9079,25,4,1
2026-01-01,9,Sant Andreu,62,el Congrés i els Indians,198,9079,14,4,2
2026-01-01,9,Sant Andreu,62,el Congrés i els Indians,198,9079,232,5,1
2026-01-01,9,Sant Andreu,62,el Congrés i els Indians,198,9079,191,5,2
2026-01-01,9,Sant Andreu,62,el Congrés i els Indians,198,9080,354,1,1
2026-01-01,9,Sant Andreu,62,el Congrés i els Indians,198,9080,334,1,2
2026-01-01,9,Sant Andreu,62,el Congrés i els Indians,198,9080,63,2,1
2026-01-01,9,Sant Andreu,62,el Congrés i els Indians,198,9080,50,2,2
2026-01-01,9,Sant Andreu,62,el Congrés i els Indians,198,9080,117,3,1
2026-01-01,9,Sant Andreu,62,el Congrés i els Indians,198,9080,73,3,2
2026-01-01,9,Sant Andreu,62,el Congrés i els Indians,198,9080,20,4,1
2026-01-01,9,Sant Andreu,62,el Congrés i els Indians,198,9080,33,4,2
2026-01-01,9,Sant Andreu,62,el Congrés i els Indians,198,9080,175,5,1
2026-01-01,9,Sant Andreu,62,el Congrés i els Indians,198,9080,160,5,2
2026-01-01,9,Sant Andreu,62,el Congrés i els Indians,198,9081,454,1,1
2026-01-01,9,Sant Andreu,62,el Congrés i els Indians,198,9081,421,1,2
2026-01-01,9,Sant Andreu,62,el Congrés i els Indians,198,9081,64,2,1
2026-01-01,9,Sant Andreu,62,el Congrés i els Indians,198,9081,49,2,2
2026-01-01,9,Sant Andreu,62,el Congrés i els Indians,198,9081,120,3,1
2026-01-01,9,Sant Andreu,62,el Congrés i els Indians,198,9081,104,3,2
2026-01-01,9,Sant Andreu,62,el Congrés i els Indians,198,9081,29,4,1
2026-01-01,9,Sant Andreu,62,el Congrés i els Indians,198,9081,25,4,2
2026-01-01,9,Sant Andreu,62,el Congrés i els Indians,198,9081,293,5,1
2026-01-01,9,Sant Andreu,62,el Congrés i els Indians,198,9081,250,5,2
2026-01-01,9,Sant Andreu,62,el Congrés i els Indians,198,9081,..,6,2
2026-01-01,9,Sant Andreu,62,el Congrés i els Indians,198,9082,538,1,1
2026-01-01,9,Sant Andreu,62,el Congrés i els Indians,198,9082,537,1,2
2026-01-01,9,Sant Andreu,62,el Congrés i els Indians,198,9082,71,2,1
2026-01-01,9,Sant Andreu,62,el Congrés i els Indians,198,9082,56,2,2
2026-01-01,9,Sant Andreu,62,el Congrés i els Indians,198,9082,144,3,1
2026-01-01,9,Sant Andreu,62,el Congrés i els Indians,198,9082,97,3,2
2026-01-01,9,Sant Andreu,62,el Congrés i els Indians,198,9082,35,4,1
2026-01-01,9,Sant Andreu,62,el Congrés i els Indians,198,9082,44,4,2
2026-01-01,9,Sant Andreu,62,el Congrés i els Indians,198,9082,332,5,1
2026-01-01,9,Sant Andreu,62,el Congrés i els Indians,198,9082,331,5,2
2026-01-01,9,Sant Andreu,62,el Congrés i els Indians,198,9082,..,6,1
2026-01-01,9,Sant Andreu,63,Navas,199,9083,462,1,1
2026-01-01,9,Sant Andreu,63,Navas,199,9083,426,1,2
2026-01-01,9,Sant Andreu,63,Navas,199,9083,53,2,1
2026-01-01,9,Sant Andreu,63,Navas,199,9083,41,2,2
2026-01-01,9,Sant Andreu,63,Navas,199,9083,135,3,1
2026-01-01,9,Sant Andreu,63,Navas,199,9083,86,3,2
2026-01-01,9,Sant Andreu,63,Navas,199,9083,29,4,1
2026-01-01,9,Sant Andreu,63,Navas,199,9083,34,4,2
2026-01-01,9,Sant Andreu,63,Navas,199,9083,259,5,1
2026-01-01,9,Sant Andreu,63,Navas,199,9083,227,5,2
2026-01-01,9,Sant Andreu,63,Navas,199,9083,..,6,1
2026-01-01,9,Sant Andreu,63,Navas,199,9083,..,6,2
2026-01-01,9,Sant Andreu,63,Navas,199,9084,439,1,1
2026-01-01,9,Sant Andreu,63,Navas,199,9084,423,1,2
2026-01-01,9,Sant Andreu,63,Navas,199,9084,56,2,1
2026-01-01,9,Sant Andreu,63,Navas,199,9084,57,2,2
2026-01-01,9,Sant Andreu,63,Navas,199,9084,129,3,1
2026-01-01,9,Sant Andreu,63,Navas,199,9084,90,3,2
2026-01-01,9,Sant Andreu,63,Navas,199,9084,31,4,1
2026-01-01,9,Sant Andreu,63,Navas,199,9084,29,4,2
2026-01-01,9,Sant Andreu,63,Navas,199,9084,266,5,1
2026-01-01,9,Sant Andreu,63,Navas,199,9084,221,5,2
2026-01-01,9,Sant Andreu,63,Navas,199,9085,452,1,1
2026-01-01,9,Sant Andreu,63,Navas,199,9085,444,1,2
2026-01-01,9,Sant Andreu,63,Navas,199,9085,58,2,1
2026-01-01,9,Sant Andreu,63,Navas,199,9085,49,2,2
2026-01-01,9,Sant Andreu,63,Navas,199,9085,117,3,1
2026-01-01,9,Sant Andreu,63,Navas,199,9085,71,3,2
2026-01-01,9,Sant Andreu,63,Navas,199,9085,46,4,1
2026-01-01,9,Sant Andreu,63,Navas,199,9085,41,4,2
2026-01-01,9,Sant Andreu,63,Navas,199,9085,294,5,1
2026-01-01,9,Sant Andreu,63,Navas,199,9085,213,5,2
2026-01-01,9,Sant Andreu,63,Navas,199,9086,400,1,1
2026-01-01,9,Sant Andreu,63,Navas,199,9086,350,1,2
2026-01-01,9,Sant Andreu,63,Navas,199,9086,52,2,1
2026-01-01,9,Sant Andreu,63,Navas,199,9086,53,2,2
2026-01-01,9,Sant Andreu,63,Navas,199,9086,75,3,1
2026-01-01,9,Sant Andreu,63,Navas,199,9086,70,3,2
2026-01-01,9,Sant Andreu,63,Navas,199,9086,25,4,1
2026-01-01,9,Sant Andreu,63,Navas,199,9086,17,4,2
2026-01-01,9,Sant Andreu,63,Navas,199,9086,250,5,1
2026-01-01,9,Sant Andreu,63,Navas,199,9086,221,5,2
2026-01-01,9,Sant Andreu,63,Navas,199,9087,321,1,1
2026-01-01,9,Sant Andreu,63,Navas,199,9087,346,1,2
2026-01-01,9,Sant Andreu,63,Navas,199,9087,55,2,1
2026-01-01,9,Sant Andreu,63,Navas,199,9087,40,2,2
2026-01-01,9,Sant Andreu,63,Navas,199,9087,98,3,1
2026-01-01,9,Sant Andreu,63,Navas,199,9087,63,3,2
2026-01-01,9,Sant Andreu,63,Navas,199,9087,26,4,1
2026-01-01,9,Sant Andreu,63,Navas,199,9087,27,4,2
2026-01-01,9,Sant Andreu,63,Navas,199,9087,164,5,1
2026-01-01,9,Sant Andreu,63,Navas,199,9087,163,5,2
2026-01-01,9,Sant Andreu,63,Navas,199,9088,484,1,1
2026-01-01,9,Sant Andreu,63,Navas,199,9088,434,1,2
2026-01-01,9,Sant Andreu,63,Navas,199,9088,80,2,1
2026-01-01,9,Sant Andreu,63,Navas,199,9088,67,2,2
2026-01-01,9,Sant Andreu,63,Navas,199,9088,173,3,1
2026-01-01,9,Sant Andreu,63,Navas,199,9088,119,3,2
2026-01-01,9,Sant Andreu,63,Navas,199,9088,23,4,1
2026-01-01,9,Sant Andreu,63,Navas,199,9088,32,4,2
2026-01-01,9,Sant Andreu,63,Navas,199,9088,311,5,1
2026-01-01,9,Sant Andreu,63,Navas,199,9088,279,5,2
2026-01-01,9,Sant Andreu,63,Navas,199,9089,410,1,1
2026-01-01,9,Sant Andreu,63,Navas,199,9089,366,1,2
2026-01-01,9,Sant Andreu,63,Navas,199,9089,56,2,1
2026-01-01,9,Sant Andreu,63,Navas,199,9089,52,2,2
2026-01-01,9,Sant Andreu,63,Navas,199,9089,112,3,1
2026-01-01,9,Sant Andreu,63,Navas,199,9089,74,3,2
2026-01-01,9,Sant Andreu,63,Navas,199,9089,18,4,1
2026-01-01,9,Sant Andreu,63,Navas,199,9089,27,4,2
2026-01-01,9,Sant Andreu,63,Navas,199,9089,226,5,1
2026-01-01,9,Sant Andreu,63,Navas,199,9089,178,5,2
2026-01-01,9,Sant Andreu,63,Navas,199,9089,..,6,2
2026-01-01,9,Sant Andreu,63,Navas,200,9090,340,1,1
2026-01-01,9,Sant Andreu,63,Navas,200,9090,341,1,2
2026-01-01,9,Sant Andreu,63,Navas,200,9090,53,2,1
2026-01-01,9,Sant Andreu,63,Navas,200,9090,38,2,2
2026-01-01,9,Sant Andreu,63,Navas,200,9090,145,3,1
2026-01-01,9,Sant Andreu,63,Navas,200,9090,102,3,2
2026-01-01,9,Sant Andreu,63,Navas,200,9090,23,4,1
2026-01-01,9,Sant Andreu,63,Navas,200,9090,17,4,2
2026-01-01,9,Sant Andreu,63,Navas,200,9090,307,5,1
2026-01-01,9,Sant Andreu,63,Navas,200,9090,267,5,2
2026-01-01,9,Sant Andreu,63,Navas,200,9091,481,1,1
2026-01-01,9,Sant Andreu,63,Navas,200,9091,416,1,2
2026-01-01,9,Sant Andreu,63,Navas,200,9091,55,2,1
2026-01-01,9,Sant Andreu,63,Navas,200,9091,47,2,2
2026-01-01,9,Sant Andreu,63,Navas,200,9091,163,3,1
2026-01-01,9,Sant Andreu,63,Navas,200,9091,152,3,2
2026-01-01,9,Sant Andreu,63,Navas,200,9091,23,4,1
2026-01-01,9,Sant Andreu,63,Navas,200,9091,28,4,2
2026-01-01,9,Sant Andreu,63,Navas,200,9091,265,5,1
2026-01-01,9,Sant Andreu,63,Navas,200,9091,221,5,2
2026-01-01,9,Sant Andreu,63,Navas,200,9091,..,6,1
2026-01-01,9,Sant Andreu,63,Navas,200,9092,463,1,1
2026-01-01,9,Sant Andreu,63,Navas,200,9092,475,1,2
2026-01-01,9,Sant Andreu,63,Navas,200,9092,50,2,1
2026-01-01,9,Sant Andreu,63,Navas,200,9092,55,2,2
2026-01-01,9,Sant Andreu,63,Navas,200,9092,183,3,1
2026-01-01,9,Sant Andreu,63,Navas,200,9092,127,3,2
2026-01-01,9,Sant Andreu,63,Navas,200,9092,28,4,1
2026-01-01,9,Sant Andreu,63,Navas,200,9092,25,4,2
2026-01-01,9,Sant Andreu,63,Navas,200,9092,250,5,1
2026-01-01,9,Sant Andreu,63,Navas,200,9092,237,5,2
2026-01-01,9,Sant Andreu,63,Navas,200,9093,345,1,1
2026-01-01,9,Sant Andreu,63,Navas,200,9093,326,1,2
2026-01-01,9,Sant Andreu,63,Navas,200,9093,41,2,1
2026-01-01,9,Sant Andreu,63,Navas,200,9093,38,2,2
2026-01-01,9,Sant Andreu,63,Navas,200,9093,147,3,1
2026-01-01,9,Sant Andreu,63,Navas,200,9093,92,3,2
2026-01-01,9,Sant Andreu,63,Navas,200,9093,14,4,1
2026-01-01,9,Sant Andreu,63,Navas,200,9093,21,4,2
2026-01-01,9,Sant Andreu,63,Navas,200,9093,144,5,1
2026-01-01,9,Sant Andreu,63,Navas,200,9093,125,5,2
2026-01-01,9,Sant Andreu,63,Navas,200,9094,499,1,1
2026-01-01,9,Sant Andreu,63,Navas,200,9094,454,1,2
2026-01-01,9,Sant Andreu,63,Navas,200,9094,78,2,1
2026-01-01,9,Sant Andreu,63,Navas,200,9094,71,2,2
2026-01-01,9,Sant Andreu,63,Navas,200,9094,155,3,1
2026-01-01,9,Sant Andreu,63,Navas,200,9094,99,3,2
2026-01-01,9,Sant Andreu,63,Navas,200,9094,38,4,1
2026-01-01,9,Sant Andreu,63,Navas,200,9094,46,4,2
2026-01-01,9,Sant Andreu,63,Navas,200,9094,301,5,1
2026-01-01,9,Sant Andreu,63,Navas,200,9094,298,5,2
2026-01-01,9,Sant Andreu,63,Navas,200,9095,602,1,1
2026-01-01,9,Sant Andreu,63,Navas,200,9095,562,1,2
2026-01-01,9,Sant Andreu,63,Navas,200,9095,90,2,1
2026-01-01,9,Sant Andreu,63,Navas,200,9095,75,2,2
2026-01-01,9,Sant Andreu,63,Navas,200,9095,149,3,1
2026-01-01,9,Sant Andreu,63,Navas,200,9095,124,3,2
2026-01-01,9,Sant Andreu,63,Navas,200,9095,38,4,1
2026-01-01,9,Sant Andreu,63,Navas,200,9095,56,4,2
2026-01-01,9,Sant Andreu,63,Navas,200,9095,317,5,1
2026-01-01,9,Sant Andreu,63,Navas,200,9095,265,5,2
2026-01-01,10,Sant Martí,64,el Camp de l'Arpa del Clot,201,10001,345,1,1
2026-01-01,10,Sant Martí,64,el Camp de l'Arpa del Clot,201,10001,346,1,2
2026-01-01,10,Sant Martí,64,el Camp de l'Arpa del Clot,201,10001,47,2,1
2026-01-01,10,Sant Martí,64,el Camp de l'Arpa del Clot,201,10001,55,2,2
2026-01-01,10,Sant Martí,64,el Camp de l'Arpa del Clot,201,10001,91,3,1
2026-01-01,10,Sant Martí,64,el Camp de l'Arpa del Clot,201,10001,83,3,2
2026-01-01,10,Sant Martí,64,el Camp de l'Arpa del Clot,201,10001,48,4,1
2026-01-01,10,Sant Martí,64,el Camp de l'Arpa del Clot,201,10001,42,4,2
2026-01-01,10,Sant Martí,64,el Camp de l'Arpa del Clot,201,10001,304,5,1
2026-01-01,10,Sant Martí,64,el Camp de l'Arpa del Clot,201,10001,292,5,2
2026-01-01,10,Sant Martí,64,el Camp de l'Arpa del Clot,201,10001,..,6,1
2026-01-01,10,Sant Martí,64,el Camp de l'Arpa del Clot,201,10002,468,1,1
2026-01-01,10,Sant Martí,64,el Camp de l'Arpa del Clot,201,10002,444,1,2
2026-01-01,10,Sant Martí,64,el Camp de l'Arpa del Clot,201,10002,61,2,1
2026-01-01,10,Sant Martí,64,el Camp de l'Arpa del Clot,201,10002,67,2,2
2026-01-01,10,Sant Martí,64,el Camp de l'Arpa del Clot,201,10002,108,3,1
2026-01-01,10,Sant Martí,64,el Camp de l'Arpa del Clot,201,10002,91,3,2
2026-01-01,10,Sant Martí,64,el Camp de l'Arpa del Clot,201,10002,49,4,1
2026-01-01,10,Sant Martí,64,el Camp de l'Arpa del Clot,201,10002,58,4,2
2026-01-01,10,Sant Martí,64,el Camp de l'Arpa del Clot,201,10002,290,5,1
2026-01-01,10,Sant Martí,64,el Camp de l'Arpa del Clot,201,10002,301,5,2
2026-01-01,10,Sant Martí,64,el Camp de l'Arpa del Clot,201,10002,..,6,2
2026-01-01,10,Sant Martí,64,el Camp de l'Arpa del Clot,201,10003,372,1,1
2026-01-01,10,Sant Martí,64,el Camp de l'Arpa del Clot,201,10003,383,1,2
2026-01-01,10,Sant Martí,64,el Camp de l'Arpa del Clot,201,10003,52,2,1
2026-01-01,10,Sant Martí,64,el Camp de l'Arpa del Clot,201,10003,41,2,2
2026-01-01,10,Sant Martí,64,el Camp de l'Arpa del Clot,201,10003,112,3,1
2026-01-01,10,Sant Martí,64,el Camp de l'Arpa del Clot,201,10003,79,3,2
2026-01-01,10,Sant Martí,64,el Camp de l'Arpa del Clot,201,10003,37,4,1
2026-01-01,10,Sant Martí,64,el Camp de l'Arpa del Clot,201,10003,30,4,2
2026-01-01,10,Sant Martí,64,el Camp de l'Arpa del Clot,201,10003,290,5,1
2026-01-01,10,Sant Martí,64,el Camp de l'Arpa del Clot,201,10003,236,5,2
2026-01-01,10,Sant Martí,64,el Camp de l'Arpa del Clot,201,10004,387,1,1
2026-01-01,10,Sant Martí,64,el Camp de l'Arpa del Clot,201,10004,342,1,2
2026-01-01,10,Sant Martí,64,el Camp de l'Arpa del Clot,201,10004,68,2,1
2026-01-01,10,Sant Martí,64,el Camp de l'Arpa del Clot,201,10004,51,2,2
2026-01-01,10,Sant Martí,64,el Camp de l'Arpa del Clot,201,10004,137,3,1
2026-01-01,10,Sant Martí,64,el Camp de l'Arpa del Clot,201,10004,104,3,2
2026-01-01,10,Sant Martí,64,el Camp de l'Arpa del Clot,201,10004,24,4,1
2026-01-01,10,Sant Martí,64,el Camp de l'Arpa del Clot,201,10004,28,4,2
2026-01-01,10,Sant Martí,64,el Camp de l'Arpa del Clot,201,10004,254,5,1
2026-01-01,10,Sant Martí,64,el Camp de l'Arpa del Clot,201,10004,214,5,2
2026-01-01,10,Sant Martí,64,el Camp de l'Arpa del Clot,201,10005,388,1,1
2026-01-01,10,Sant Martí,64,el Camp de l'Arpa del Clot,201,10005,389,1,2
2026-01-01,10,Sant Martí,64,el Camp de l'Arpa del Clot,201,10005,66,2,1
2026-01-01,10,Sant Martí,64,el Camp de l'Arpa del Clot,201,10005,49,2,2
2026-01-01,10,Sant Martí,64,el Camp de l'Arpa del Clot,201,10005,172,3,1
2026-01-01,10,Sant Martí,64,el Camp de l'Arpa del Clot,201,10005,104,3,2
2026-01-01,10,Sant Martí,64,el Camp de l'Arpa del Clot,201,10005,26,4,1
2026-01-01,10,Sant Martí,64,el Camp de l'Arpa del Clot,201,10005,17,4,2
2026-01-01,10,Sant Martí,64,el Camp de l'Arpa del Clot,201,10005,207,5,1
2026-01-01,10,Sant Martí,64,el Camp de l'Arpa del Clot,201,10005,176,5,2
2026-01-01,10,Sant Martí,64,el Camp de l'Arpa del Clot,202,10006,460,1,1
2026-01-01,10,Sant Martí,64,el Camp de l'Arpa del Clot,202,10006,437,1,2
2026-01-01,10,Sant Martí,64,el Camp de l'Arpa del Clot,202,10006,51,2,1
2026-01-01,10,Sant Martí,64,el Camp de l'Arpa del Clot,202,10006,57,2,2
2026-01-01,10,Sant Martí,64,el Camp de l'Arpa del Clot,202,10006,126,3,1
2026-01-01,10,Sant Martí,64,el Camp de l'Arpa del Clot,202,10006,97,3,2
2026-01-01,10,Sant Martí,64,el Camp de l'Arpa del Clot,202,10006,45,4,1
2026-01-01,10,Sant Martí,64,el Camp de l'Arpa del Clot,202,10006,30,4,2
2026-01-01,10,Sant Martí,64,el Camp de l'Arpa del Clot,202,10006,322,5,1
2026-01-01,10,Sant Martí,64,el Camp de l'Arpa del Clot,202,10006,273,5,2
2026-01-01,10,Sant Martí,64,el Camp de l'Arpa del Clot,202,10006,..,6,1
2026-01-01,10,Sant Martí,64,el Camp de l'Arpa del Clot,202,10007,366,1,1
2026-01-01,10,Sant Martí,64,el Camp de l'Arpa del Clot,202,10007,341,1,2
2026-01-01,10,Sant Martí,64,el Camp de l'Arpa del Clot,202,10007,75,2,1
2026-01-01,10,Sant Martí,64,el Camp de l'Arpa del Clot,202,10007,67,2,2
2026-01-01,10,Sant Martí,64,el Camp de l'Arpa del Clot,202,10007,109,3,1
2026-01-01,10,Sant Martí,64,el Camp de l'Arpa del Clot,202,10007,74,3,2
2026-01-01,10,Sant Martí,64,el Camp de l'Arpa del Clot,202,10007,20,4,1
2026-01-01,10,Sant Martí,64,el Camp de l'Arpa del Clot,202,10007,30,4,2
2026-01-01,10,Sant Martí,64,el Camp de l'Arpa del Clot,202,10007,133,5,1
2026-01-01,10,Sant Martí,64,el Camp de l'Arpa del Clot,202,10007,139,5,2
2026-01-01,10,Sant Martí,64,el Camp de l'Arpa del Clot,202,10008,394,1,1
2026-01-01,10,Sant Martí,64,el Camp de l'Arpa del Clot,202,10008,346,1,2
2026-01-01,10,Sant Martí,64,el Camp de l'Arpa del Clot,202,10008,70,2,1
2026-01-01,10,Sant Martí,64,el Camp de l'Arpa del Clot,202,10008,62,2,2
2026-01-01,10,Sant Martí,64,el Camp de l'Arpa del Clot,202,10008,138,3,1
2026-01-01,10,Sant Martí,64,el Camp de l'Arpa del Clot,202,10008,88,3,2
2026-01-01,10,Sant Martí,64,el Camp de l'Arpa del Clot,202,10008,33,4,1
2026-01-01,10,Sant Martí,64,el Camp de l'Arpa del Clot,202,10008,41,4,2
2026-01-01,10,Sant Martí,64,el Camp de l'Arpa del Clot,202,10008,358,5,1
2026-01-01,10,Sant Martí,64,el Camp de l'Arpa del Clot,202,10008,261,5,2
2026-01-01,10,Sant Martí,64,el Camp de l'Arpa del Clot,202,10008,..,6,2
2026-01-01,10,Sant Martí,64,el Camp de l'Arpa del Clot,202,10009,346,1,1
2026-01-01,10,Sant Martí,64,el Camp de l'Arpa del Clot,202,10009,336,1,2
2026-01-01,10,Sant Martí,64,el Camp de l'Arpa del Clot,202,10009,77,2,1
2026-01-01,10,Sant Martí,64,el Camp de l'Arpa del Clot,202,10009,66,2,2
2026-01-01,10,Sant Martí,64,el Camp de l'Arpa del Clot,202,10009,123,3,1
2026-01-01,10,Sant Martí,64,el Camp de l'Arpa del Clot,202,10009,100,3,2
2026-01-01,10,Sant Martí,64,el Camp de l'Arpa del Clot,202,10009,51,4,1
2026-01-01,10,Sant Martí,64,el Camp de l'Arpa del Clot,202,10009,37,4,2
2026-01-01,10,Sant Martí,64,el Camp de l'Arpa del Clot,202,10009,282,5,1
2026-01-01,10,Sant Martí,64,el Camp de l'Arpa del Clot,202,10009,265,5,2
2026-01-01,10,Sant Martí,64,el Camp de l'Arpa del Clot,202,10009,..,6,1
2026-01-01,10,Sant Martí,64,el Camp de l'Arpa del Clot,202,10010,378,1,1
2026-01-01,10,Sant Martí,64,el Camp de l'Arpa del Clot,202,10010,361,1,2
2026-01-01,10,Sant Martí,64,el Camp de l'Arpa del Clot,202,10010,63,2,1
2026-01-01,10,Sant Martí,64,el Camp de l'Arpa del Clot,202,10010,45,2,2
2026-01-01,10,Sant Martí,64,el Camp de l'Arpa del Clot,202,10010,119,3,1
2026-01-01,10,Sant Martí,64,el Camp de l'Arpa del Clot,202,10010,70,3,2
2026-01-01,10,Sant Martí,64,el Camp de l'Arpa del Clot,202,10010,48,4,1
2026-01-01,10,Sant Martí,64,el Camp de l'Arpa del Clot,202,10010,44,4,2
2026-01-01,10,Sant Martí,64,el Camp de l'Arpa del Clot,202,10010,357,5,1
2026-01-01,10,Sant Martí,64,el Camp de l'Arpa del Clot,202,10010,307,5,2
2026-01-01,10,Sant Martí,64,el Camp de l'Arpa del Clot,202,10010,..,6,1
2026-01-01,10,Sant Martí,64,el Camp de l'Arpa del Clot,202,10011,292,1,1
2026-01-01,10,Sant Martí,64,el Camp de l'Arpa del Clot,202,10011,272,1,2
2026-01-01,10,Sant Martí,64,el Camp de l'Arpa del Clot,202,10011,68,2,1
2026-01-01,10,Sant Martí,64,el Camp de l'Arpa del Clot,202,10011,35,2,2
2026-01-01,10,Sant Martí,64,el Camp de l'Arpa del Clot,202,10011,93,3,1
2026-01-01,10,Sant Martí,64,el Camp de l'Arpa del Clot,202,10011,57,3,2
2026-01-01,10,Sant Martí,64,el Camp de l'Arpa del Clot,202,10011,30,4,1
2026-01-01,10,Sant Martí,64,el Camp de l'Arpa del Clot,202,10011,42,4,2
2026-01-01,10,Sant Martí,64,el Camp de l'Arpa del Clot,202,10011,201,5,1
2026-01-01,10,Sant Martí,64,el Camp de l'Arpa del Clot,202,10011,161,5,2
2026-01-01,10,Sant Martí,64,el Camp de l'Arpa del Clot,202,10011,..,6,1
2026-01-01,10,Sant Martí,64,el Camp de l'Arpa del Clot,203,10012,424,1,1
2026-01-01,10,Sant Martí,64,el Camp de l'Arpa del Clot,203,10012,425,1,2
2026-01-01,10,Sant Martí,64,el Camp de l'Arpa del Clot,203,10012,69,2,1
2026-01-01,10,Sant Martí,64,el Camp de l'Arpa del Clot,203,10012,57,2,2
2026-01-01,10,Sant Martí,64,el Camp de l'Arpa del Clot,203,10012,141,3,1
2026-01-01,10,Sant Martí,64,el Camp de l'Arpa del Clot,203,10012,101,3,2
2026-01-01,10,Sant Martí,64,el Camp de l'Arpa del Clot,203,10012,33,4,1
2026-01-01,10,Sant Martí,64,el Camp de l'Arpa del Clot,203,10012,47,4,2
2026-01-01,10,Sant Martí,64,el Camp de l'Arpa del Clot,203,10012,253,5,1
2026-01-01,10,Sant Martí,64,el Camp de l'Arpa del Clot,203,10012,218,5,2
2026-01-01,10,Sant Martí,64,el Camp de l'Arpa del Clot,203,10013,341,1,1
2026-01-01,10,Sant Martí,64,el Camp de l'Arpa del Clot,203,10013,331,1,2
2026-01-01,10,Sant Martí,64,el Camp de l'Arpa del Clot,203,10013,56,2,1
2026-01-01,10,Sant Martí,64,el Camp de l'Arpa del Clot,203,10013,40,2,2
2026-01-01,10,Sant Martí,64,el Camp de l'Arpa del Clot,203,10013,89,3,1
2026-01-01,10,Sant Martí,64,el Camp de l'Arpa del Clot,203,10013,60,3,2
2026-01-01,10,Sant Martí,64,el Camp de l'Arpa del Clot,203,10013,40,4,1
2026-01-01,10,Sant Martí,64,el Camp de l'Arpa del Clot,203,10013,36,4,2
2026-01-01,10,Sant Martí,64,el Camp de l'Arpa del Clot,203,10013,233,5,1
2026-01-01,10,Sant Martí,64,el Camp de l'Arpa del Clot,203,10013,212,5,2
2026-01-01,10,Sant Martí,64,el Camp de l'Arpa del Clot,203,10013,..,6,1
2026-01-01,10,Sant Martí,64,el Camp de l'Arpa del Clot,203,10014,303,1,1
2026-01-01,10,Sant Martí,64,el Camp de l'Arpa del Clot,203,10014,273,1,2
2026-01-01,10,Sant Martí,64,el Camp de l'Arpa del Clot,203,10014,55,2,1
2026-01-01,10,Sant Martí,64,el Camp de l'Arpa del Clot,203,10014,51,2,2
2026-01-01,10,Sant Martí,64,el Camp de l'Arpa del Clot,203,10014,78,3,1
2026-01-01,10,Sant Martí,64,el Camp de l'Arpa del Clot,203,10014,62,3,2
2026-01-01,10,Sant Martí,64,el Camp de l'Arpa del Clot,203,10014,42,4,1
2026-01-01,10,Sant Martí,64,el Camp de l'Arpa del Clot,203,10014,49,4,2
2026-01-01,10,Sant Martí,64,el Camp de l'Arpa del Clot,203,10014,264,5,1
2026-01-01,10,Sant Martí,64,el Camp de l'Arpa del Clot,203,10014,231,5,2
2026-01-01,10,Sant Martí,64,el Camp de l'Arpa del Clot,203,10015,422,1,1
2026-01-01,10,Sant Martí,64,el Camp de l'Arpa del Clot,203,10015,422,1,2
2026-01-01,10,Sant Martí,64,el Camp de l'Arpa del Clot,203,10015,76,2,1
2026-01-01,10,Sant Martí,64,el Camp de l'Arpa del Clot,203,10015,61,2,2
2026-01-01,10,Sant Martí,64,el Camp de l'Arpa del Clot,203,10015,140,3,1
2026-01-01,10,Sant Martí,64,el Camp de l'Arpa del Clot,203,10015,103,3,2
2026-01-01,10,Sant Martí,64,el Camp de l'Arpa del Clot,203,10015,57,4,1
2026-01-01,10,Sant Martí,64,el Camp de l'Arpa del Clot,203,10015,48,4,2
2026-01-01,10,Sant Martí,64,el Camp de l'Arpa del Clot,203,10015,371,5,1
2026-01-01,10,Sant Martí,64,el Camp de l'Arpa del Clot,203,10015,343,5,2
2026-01-01,10,Sant Martí,64,el Camp de l'Arpa del Clot,203,10016,289,1,1
2026-01-01,10,Sant Martí,64,el Camp de l'Arpa del Clot,203,10016,301,1,2
2026-01-01,10,Sant Martí,64,el Camp de l'Arpa del Clot,203,10016,48,2,1
2026-01-01,10,Sant Martí,64,el Camp de l'Arpa del Clot,203,10016,38,2,2
2026-01-01,10,Sant Martí,64,el Camp de l'Arpa del Clot,203,10016,105,3,1
2026-01-01,10,Sant Martí,64,el Camp de l'Arpa del Clot,203,10016,80,3,2
2026-01-01,10,Sant Martí,64,el Camp de l'Arpa del Clot,203,10016,24,4,1
2026-01-01,10,Sant Martí,64,el Camp de l'Arpa del Clot,203,10016,35,4,2
2026-01-01,10,Sant Martí,64,el Camp de l'Arpa del Clot,203,10016,185,5,1
2026-01-01,10,Sant Martí,64,el Camp de l'Arpa del Clot,203,10016,183,5,2
2026-01-01,10,Sant Martí,64,el Camp de l'Arpa del Clot,203,10017,370,1,1
2026-01-01,10,Sant Martí,64,el Camp de l'Arpa del Clot,203,10017,359,1,2
2026-01-01,10,Sant Martí,64,el Camp de l'Arpa del Clot,203,10017,71,2,1
2026-01-01,10,Sant Martí,64,el Camp de l'Arpa del Clot,203,10017,67,2,2
2026-01-01,10,Sant Martí,64,el Camp de l'Arpa del Clot,203,10017,131,3,1
2026-01-01,10,Sant Martí,64,el Camp de l'Arpa del Clot,203,10017,75,3,2
2026-01-01,10,Sant Martí,64,el Camp de l'Arpa del Clot,203,10017,30,4,1
2026-01-01,10,Sant Martí,64,el Camp de l'Arpa del Clot,203,10017,56,4,2
2026-01-01,10,Sant Martí,64,el Camp de l'Arpa del Clot,203,10017,292,5,1
2026-01-01,10,Sant Martí,64,el Camp de l'Arpa del Clot,203,10017,221,5,2
2026-01-01,10,Sant Martí,64,el Camp de l'Arpa del Clot,203,10018,293,1,1
2026-01-01,10,Sant Martí,64,el Camp de l'Arpa del Clot,203,10018,260,1,2
2026-01-01,10,Sant Martí,64,el Camp de l'Arpa del Clot,203,10018,38,2,1
2026-01-01,10,Sant Martí,64,el Camp de l'Arpa del Clot,203,10018,37,2,2
2026-01-01,10,Sant Martí,64,el Camp de l'Arpa del Clot,203,10018,94,3,1
2026-01-01,10,Sant Martí,64,el Camp de l'Arpa del Clot,203,10018,69,3,2
2026-01-01,10,Sant Martí,64,el Camp de l'Arpa del Clot,203,10018,57,4,1
2026-01-01,10,Sant Martí,64,el Camp de l'Arpa del Clot,203,10018,49,4,2
2026-01-01,10,Sant Martí,64,el Camp de l'Arpa del Clot,203,10018,285,5,1
2026-01-01,10,Sant Martí,64,el Camp de l'Arpa del Clot,203,10018,292,5,2
2026-01-01,10,Sant Martí,64,el Camp de l'Arpa del Clot,203,10018,..,6,1
2026-01-01,10,Sant Martí,64,el Camp de l'Arpa del Clot,204,10019,405,1,1
2026-01-01,10,Sant Martí,64,el Camp de l'Arpa del Clot,204,10019,372,1,2
2026-01-01,10,Sant Martí,64,el Camp de l'Arpa del Clot,204,10019,73,2,1
2026-01-01,10,Sant Martí,64,el Camp de l'Arpa del Clot,204,10019,51,2,2
2026-01-01,10,Sant Martí,64,el Camp de l'Arpa del Clot,204,10019,127,3,1
2026-01-01,10,Sant Martí,64,el Camp de l'Arpa del Clot,204,10019,87,3,2
2026-01-01,10,Sant Martí,64,el Camp de l'Arpa del Clot,204,10019,30,4,1
2026-01-01,10,Sant Martí,64,el Camp de l'Arpa del Clot,204,10019,37,4,2
2026-01-01,10,Sant Martí,64,el Camp de l'Arpa del Clot,204,10019,224,5,1
2026-01-01,10,Sant Martí,64,el Camp de l'Arpa del Clot,204,10019,183,5,2
2026-01-01,10,Sant Martí,64,el Camp de l'Arpa del Clot,204,10020,332,1,1
2026-01-01,10,Sant Martí,64,el Camp de l'Arpa del Clot,204,10020,298,1,2
2026-01-01,10,Sant Martí,64,el Camp de l'Arpa del Clot,204,10020,48,2,1
2026-01-01,10,Sant Martí,64,el Camp de l'Arpa del Clot,204,10020,53,2,2
2026-01-01,10,Sant Martí,64,el Camp de l'Arpa del Clot,204,10020,147,3,1
2026-01-01,10,Sant Martí,64,el Camp de l'Arpa del Clot,204,10020,90,3,2
2026-01-01,10,Sant Martí,64,el Camp de l'Arpa del Clot,204,10020,35,4,1
2026-01-01,10,Sant Martí,64,el Camp de l'Arpa del Clot,204,10020,38,4,2
2026-01-01,10,Sant Martí,64,el Camp de l'Arpa del Clot,204,10020,241,5,1
2026-01-01,10,Sant Martí,64,el Camp de l'Arpa del Clot,204,10020,225,5,2
2026-01-01,10,Sant Martí,64,el Camp de l'Arpa del Clot,204,10021,295,1,1
2026-01-01,10,Sant Martí,64,el Camp de l'Arpa del Clot,204,10021,281,1,2
2026-01-01,10,Sant Martí,64,el Camp de l'Arpa del Clot,204,10021,40,2,1
2026-01-01,10,Sant Martí,64,el Camp de l'Arpa del Clot,204,10021,38,2,2
2026-01-01,10,Sant Martí,64,el Camp de l'Arpa del Clot,204,10021,99,3,1
2026-01-01,10,Sant Martí,64,el Camp de l'Arpa del Clot,204,10021,89,3,2
2026-01-01,10,Sant Martí,64,el Camp de l'Arpa del Clot,204,10021,30,4,1
2026-01-01,10,Sant Martí,64,el Camp de l'Arpa del Clot,204,10021,33,4,2
2026-01-01,10,Sant Martí,64,el Camp de l'Arpa del Clot,204,10021,222,5,1
2026-01-01,10,Sant Martí,64,el Camp de l'Arpa del Clot,204,10021,192,5,2
2026-01-01,10,Sant Martí,64,el Camp de l'Arpa del Clot,204,10022,353,1,1
2026-01-01,10,Sant Martí,64,el Camp de l'Arpa del Clot,204,10022,313,1,2
2026-01-01,10,Sant Martí,64,el Camp de l'Arpa del Clot,204,10022,46,2,1
2026-01-01,10,Sant Martí,64,el Camp de l'Arpa del Clot,204,10022,48,2,2
2026-01-01,10,Sant Martí,64,el Camp de l'Arpa del Clot,204,10022,77,3,1
2026-01-01,10,Sant Martí,64,el Camp de l'Arpa del Clot,204,10022,58,3,2
2026-01-01,10,Sant Martí,64,el Camp de l'Arpa del Clot,204,10022,40,4,1
2026-01-01,10,Sant Martí,64,el Camp de l'Arpa del Clot,204,10022,39,4,2
2026-01-01,10,Sant Martí,64,el Camp de l'Arpa del Clot,204,10022,202,5,1
2026-01-01,10,Sant Martí,64,el Camp de l'Arpa del Clot,204,10022,197,5,2
2026-01-01,10,Sant Martí,64,el Camp de l'Arpa del Clot,204,10023,368,1,1
2026-01-01,10,Sant Martí,64,el Camp de l'Arpa del Clot,204,10023,338,1,2
2026-01-01,10,Sant Martí,64,el Camp de l'Arpa del Clot,204,10023,50,2,1
2026-01-01,10,Sant Martí,64,el Camp de l'Arpa del Clot,204,10023,45,2,2
2026-01-01,10,Sant Martí,64,el Camp de l'Arpa del Clot,204,10023,101,3,1
2026-01-01,10,Sant Martí,64,el Camp de l'Arpa del Clot,204,10023,76,3,2
2026-01-01,10,Sant Martí,64,el Camp de l'Arpa del Clot,204,10023,49,4,1
2026-01-01,10,Sant Martí,64,el Camp de l'Arpa del Clot,204,10023,34,4,2
2026-01-01,10,Sant Martí,64,el Camp de l'Arpa del Clot,204,10023,212,5,1
2026-01-01,10,Sant Martí,64,el Camp de l'Arpa del Clot,204,10023,202,5,2
2026-01-01,10,Sant Martí,64,el Camp de l'Arpa del Clot,204,10024,394,1,1
2026-01-01,10,Sant Martí,64,el Camp de l'Arpa del Clot,204,10024,380,1,2
2026-01-01,10,Sant Martí,64,el Camp de l'Arpa del Clot,204,10024,47,2,1
2026-01-01,10,Sant Martí,64,el Camp de l'Arpa del Clot,204,10024,42,2,2
2026-01-01,10,Sant Martí,64,el Camp de l'Arpa del Clot,204,10024,95,3,1
2026-01-01,10,Sant Martí,64,el Camp de l'Arpa del Clot,204,10024,68,3,2
2026-01-01,10,Sant Martí,64,el Camp de l'Arpa del Clot,204,10024,44,4,1
2026-01-01,10,Sant Martí,64,el Camp de l'Arpa del Clot,204,10024,35,4,2
2026-01-01,10,Sant Martí,64,el Camp de l'Arpa del Clot,204,10024,250,5,1
2026-01-01,10,Sant Martí,64,el Camp de l'Arpa del Clot,204,10024,220,5,2
2026-01-01,10,Sant Martí,64,el Camp de l'Arpa del Clot,204,10025,333,1,1
2026-01-01,10,Sant Martí,64,el Camp de l'Arpa del Clot,204,10025,269,1,2
2026-01-01,10,Sant Martí,64,el Camp de l'Arpa del Clot,204,10025,45,2,1
2026-01-01,10,Sant Martí,64,el Camp de l'Arpa del Clot,204,10025,47,2,2
2026-01-01,10,Sant Martí,64,el Camp de l'Arpa del Clot,204,10025,102,3,1
2026-01-01,10,Sant Martí,64,el Camp de l'Arpa del Clot,204,10025,65,3,2
2026-01-01,10,Sant Martí,64,el Camp de l'Arpa del Clot,204,10025,40,4,1
2026-01-01,10,Sant Martí,64,el Camp de l'Arpa del Clot,204,10025,37,4,2
2026-01-01,10,Sant Martí,64,el Camp de l'Arpa del Clot,204,10025,248,5,1
2026-01-01,10,Sant Martí,64,el Camp de l'Arpa del Clot,204,10025,214,5,2
2026-01-01,10,Sant Martí,65,el Clot,205,10026,382,1,1
2026-01-01,10,Sant Martí,65,el Clot,205,10026,393,1,2
2026-01-01,10,Sant Martí,65,el Clot,205,10026,71,2,1
2026-01-01,10,Sant Martí,65,el Clot,205,10026,53,2,2
2026-01-01,10,Sant Martí,65,el Clot,205,10026,126,3,1
2026-01-01,10,Sant Martí,65,el Clot,205,10026,86,3,2
2026-01-01,10,Sant Martí,65,el Clot,205,10026,40,4,1
2026-01-01,10,Sant Martí,65,el Clot,205,10026,53,4,2
2026-01-01,10,Sant Martí,65,el Clot,205,10026,263,5,1
2026-01-01,10,Sant Martí,65,el Clot,205,10026,256,5,2
2026-01-01,10,Sant Martí,65,el Clot,205,10026,..,6,1
2026-01-01,10,Sant Martí,65,el Clot,205,10026,..,6,2
2026-01-01,10,Sant Martí,65,el Clot,205,10027,386,1,1
2026-01-01,10,Sant Martí,65,el Clot,205,10027,322,1,2
2026-01-01,10,Sant Martí,65,el Clot,205,10027,51,2,1
2026-01-01,10,Sant Martí,65,el Clot,205,10027,58,2,2
2026-01-01,10,Sant Martí,65,el Clot,205,10027,162,3,1
2026-01-01,10,Sant Martí,65,el Clot,205,10027,119,3,2
2026-01-01,10,Sant Martí,65,el Clot,205,10027,27,4,1
2026-01-01,10,Sant Martí,65,el Clot,205,10027,34,4,2
2026-01-01,10,Sant Martí,65,el Clot,205,10027,198,5,1
2026-01-01,10,Sant Martí,65,el Clot,205,10027,192,5,2
2026-01-01,10,Sant Martí,65,el Clot,205,10028,420,1,1
2026-01-01,10,Sant Martí,65,el Clot,205,10028,436,1,2
2026-01-01,10,Sant Martí,65,el Clot,205,10028,57,2,1
2026-01-01,10,Sant Martí,65,el Clot,205,10028,51,2,2
2026-01-01,10,Sant Martí,65,el Clot,205,10028,123,3,1
2026-01-01,10,Sant Martí,65,el Clot,205,10028,92,3,2
2026-01-01,10,Sant Martí,65,el Clot,205,10028,31,4,1
2026-01-01,10,Sant Martí,65,el Clot,205,10028,23,4,2
2026-01-01,10,Sant Martí,65,el Clot,205,10028,307,5,1
2026-01-01,10,Sant Martí,65,el Clot,205,10028,268,5,2
2026-01-01,10,Sant Martí,65,el Clot,205,10029,363,1,1
2026-01-01,10,Sant Martí,65,el Clot,205,10029,339,1,2
2026-01-01,10,Sant Martí,65,el Clot,205,10029,55,2,1
2026-01-01,10,Sant Martí,65,el Clot,205,10029,52,2,2
2026-01-01,10,Sant Martí,65,el Clot,205,10029,120,3,1
2026-01-01,10,Sant Martí,65,el Clot,205,10029,87,3,2
2026-01-01,10,Sant Martí,65,el Clot,205,10029,24,4,1
2026-01-01,10,Sant Martí,65,el Clot,205,10029,28,4,2
2026-01-01,10,Sant Martí,65,el Clot,205,10029,173,5,1
2026-01-01,10,Sant Martí,65,el Clot,205,10029,188,5,2
2026-01-01,10,Sant Martí,65,el Clot,205,10030,491,1,1
2026-01-01,10,Sant Martí,65,el Clot,205,10030,456,1,2
2026-01-01,10,Sant Martí,65,el Clot,205,10030,56,2,1
2026-01-01,10,Sant Martí,65,el Clot,205,10030,59,2,2
2026-01-01,10,Sant Martí,65,el Clot,205,10030,175,3,1
2026-01-01,10,Sant Martí,65,el Clot,205,10030,123,3,2
2026-01-01,10,Sant Martí,65,el Clot,205,10030,23,4,1
2026-01-01,10,Sant Martí,65,el Clot,205,10030,39,4,2
2026-01-01,10,Sant Martí,65,el Clot,205,10030,189,5,1
2026-01-01,10,Sant Martí,65,el Clot,205,10030,164,5,2
2026-01-01,10,Sant Martí,65,el Clot,205,10031,323,1,1
2026-01-01,10,Sant Martí,65,el Clot,205,10031,344,1,2
2026-01-01,10,Sant Martí,65,el Clot,205,10031,40,2,1
2026-01-01,10,Sant Martí,65,el Clot,205,10031,54,2,2
2026-01-01,10,Sant Martí,65,el Clot,205,10031,133,3,1
2026-01-01,10,Sant Martí,65,el Clot,205,10031,94,3,2
2026-01-01,10,Sant Martí,65,el Clot,205,10031,44,4,1
2026-01-01,10,Sant Martí,65,el Clot,205,10031,36,4,2
2026-01-01,10,Sant Martí,65,el Clot,205,10031,287,5,1
2026-01-01,10,Sant Martí,65,el Clot,205,10031,229,5,2
2026-01-01,10,Sant Martí,65,el Clot,206,10032,389,1,1
2026-01-01,10,Sant Martí,65,el Clot,206,10032,334,1,2
2026-01-01,10,Sant Martí,65,el Clot,206,10032,39,2,1
2026-01-01,10,Sant Martí,65,el Clot,206,10032,49,2,2
2026-01-01,10,Sant Martí,65,el Clot,206,10032,92,3,1
2026-01-01,10,Sant Martí,65,el Clot,206,10032,73,3,2
2026-01-01,10,Sant Martí,65,el Clot,206,10032,47,4,1
2026-01-01,10,Sant Martí,65,el Clot,206,10032,42,4,2
2026-01-01,10,Sant Martí,65,el Clot,206,10032,123,5,1
2026-01-01,10,Sant Martí,65,el Clot,206,10032,126,5,2
2026-01-01,10,Sant Martí,65,el Clot,206,10033,256,1,1
2026-01-01,10,Sant Martí,65,el Clot,206,10033,244,1,2
2026-01-01,10,Sant Martí,65,el Clot,206,10033,32,2,1
2026-01-01,10,Sant Martí,65,el Clot,206,10033,26,2,2
2026-01-01,10,Sant Martí,65,el Clot,206,10033,102,3,1
2026-01-01,10,Sant Martí,65,el Clot,206,10033,60,3,2
2026-01-01,10,Sant Martí,65,el Clot,206,10033,12,4,1
2026-01-01,10,Sant Martí,65,el Clot,206,10033,7,4,2
2026-01-01,10,Sant Martí,65,el Clot,206,10033,51,5,1
2026-01-01,10,Sant Martí,65,el Clot,206,10033,35,5,2
2026-01-01,10,Sant Martí,65,el Clot,206,10034,398,1,1
2026-01-01,10,Sant Martí,65,el Clot,206,10034,387,1,2
2026-01-01,10,Sant Martí,65,el Clot,206,10034,52,2,1
2026-01-01,10,Sant Martí,65,el Clot,206,10034,48,2,2
2026-01-01,10,Sant Martí,65,el Clot,206,10034,200,3,1
2026-01-01,10,Sant Martí,65,el Clot,206,10034,156,3,2
2026-01-01,10,Sant Martí,65,el Clot,206,10034,22,4,1
2026-01-01,10,Sant Martí,65,el Clot,206,10034,22,4,2
2026-01-01,10,Sant Martí,65,el Clot,206,10034,177,5,1
2026-01-01,10,Sant Martí,65,el Clot,206,10034,157,5,2
2026-01-01,10,Sant Martí,65,el Clot,206,10034,..,6,1
2026-01-01,10,Sant Martí,65,el Clot,206,10035,585,1,1
2026-01-01,10,Sant Martí,65,el Clot,206,10035,551,1,2
2026-01-01,10,Sant Martí,65,el Clot,206,10035,46,2,1
2026-01-01,10,Sant Martí,65,el Clot,206,10035,67,2,2
2026-01-01,10,Sant Martí,65,el Clot,206,10035,185,3,1
2026-01-01,10,Sant Martí,65,el Clot,206,10035,150,3,2
2026-01-01,10,Sant Martí,65,el Clot,206,10035,23,4,1
2026-01-01,10,Sant Martí,65,el Clot,206,10035,26,4,2
2026-01-01,10,Sant Martí,65,el Clot,206,10035,151,5,1
2026-01-01,10,Sant Martí,65,el Clot,206,10035,127,5,2
2026-01-01,10,Sant Martí,65,el Clot,206,10036,382,1,1
2026-01-01,10,Sant Martí,65,el Clot,206,10036,428,1,2
2026-01-01,10,Sant Martí,65,el Clot,206,10036,42,2,1
2026-01-01,10,Sant Martí,65,el Clot,206,10036,46,2,2
2026-01-01,10,Sant Martí,65,el Clot,206,10036,109,3,1
2026-01-01,10,Sant Martí,65,el Clot,206,10036,67,3,2
2026-01-01,10,Sant Martí,65,el Clot,206,10036,40,4,1
2026-01-01,10,Sant Martí,65,el Clot,206,10036,48,4,2
2026-01-01,10,Sant Martí,65,el Clot,206,10036,129,5,1
2026-01-01,10,Sant Martí,65,el Clot,206,10036,123,5,2
2026-01-01,10,Sant Martí,65,el Clot,206,10036,..,6,1
2026-01-01,10,Sant Martí,65,el Clot,206,10037,203,1,1
2026-01-01,10,Sant Martí,65,el Clot,206,10037,233,1,2
2026-01-01,10,Sant Martí,65,el Clot,206,10037,44,2,1
2026-01-01,10,Sant Martí,65,el Clot,206,10037,34,2,2
2026-01-01,10,Sant Martí,65,el Clot,206,10037,75,3,1
2026-01-01,10,Sant Martí,65,el Clot,206,10037,51,3,2
2026-01-01,10,Sant Martí,65,el Clot,206,10037,25,4,1
2026-01-01,10,Sant Martí,65,el Clot,206,10037,32,4,2
2026-01-01,10,Sant Martí,65,el Clot,206,10037,213,5,1
2026-01-01,10,Sant Martí,65,el Clot,206,10037,195,5,2
2026-01-01,10,Sant Martí,65,el Clot,206,10234,435,1,1
2026-01-01,10,Sant Martí,65,el Clot,206,10234,413,1,2
2026-01-01,10,Sant Martí,65,el Clot,206,10234,63,2,1
2026-01-01,10,Sant Martí,65,el Clot,206,10234,45,2,2
2026-01-01,10,Sant Martí,65,el Clot,206,10234,205,3,1
2026-01-01,10,Sant Martí,65,el Clot,206,10234,139,3,2
2026-01-01,10,Sant Martí,65,el Clot,206,10234,26,4,1
2026-01-01,10,Sant Martí,65,el Clot,206,10234,32,4,2
2026-01-01,10,Sant Martí,65,el Clot,206,10234,208,5,1
2026-01-01,10,Sant Martí,65,el Clot,206,10234,180,5,2
2026-01-01,10,Sant Martí,65,el Clot,206,10234,..,6,1
2026-01-01,10,Sant Martí,65,el Clot,207,10038,417,1,1
2026-01-01,10,Sant Martí,65,el Clot,207,10038,357,1,2
2026-01-01,10,Sant Martí,65,el Clot,207,10038,63,2,1
2026-01-01,10,Sant Martí,65,el Clot,207,10038,62,2,2
2026-01-01,10,Sant Martí,65,el Clot,207,10038,137,3,1
2026-01-01,10,Sant Martí,65,el Clot,207,10038,95,3,2
2026-01-01,10,Sant Martí,65,el Clot,207,10038,59,4,1
2026-01-01,10,Sant Martí,65,el Clot,207,10038,67,4,2
2026-01-01,10,Sant Martí,65,el Clot,207,10038,196,5,1
2026-01-01,10,Sant Martí,65,el Clot,207,10038,206,5,2
2026-01-01,10,Sant Martí,65,el Clot,207,10039,407,1,1
2026-01-01,10,Sant Martí,65,el Clot,207,10039,374,1,2
2026-01-01,10,Sant Martí,65,el Clot,207,10039,70,2,1
2026-01-01,10,Sant Martí,65,el Clot,207,10039,69,2,2
2026-01-01,10,Sant Martí,65,el Clot,207,10039,116,3,1
2026-01-01,10,Sant Martí,65,el Clot,207,10039,88,3,2
2026-01-01,10,Sant Martí,65,el Clot,207,10039,66,4,1
2026-01-01,10,Sant Martí,65,el Clot,207,10039,83,4,2
2026-01-01,10,Sant Martí,65,el Clot,207,10039,317,5,1
2026-01-01,10,Sant Martí,65,el Clot,207,10039,298,5,2
2026-01-01,10,Sant Martí,65,el Clot,207,10039,..,6,1
2026-01-01,10,Sant Martí,65,el Clot,207,10040,409,1,1
2026-01-01,10,Sant Martí,65,el Clot,207,10040,390,1,2
2026-01-01,10,Sant Martí,65,el Clot,207,10040,51,2,1
2026-01-01,10,Sant Martí,65,el Clot,207,10040,55,2,2
2026-01-01,10,Sant Martí,65,el Clot,207,10040,133,3,1
2026-01-01,10,Sant Martí,65,el Clot,207,10040,98,3,2
2026-01-01,10,Sant Martí,65,el Clot,207,10040,45,4,1
2026-01-01,10,Sant Martí,65,el Clot,207,10040,63,4,2
2026-01-01,10,Sant Martí,65,el Clot,207,10040,355,5,1
2026-01-01,10,Sant Martí,65,el Clot,207,10040,332,5,2
2026-01-01,10,Sant Martí,65,el Clot,207,10041,330,1,1
2026-01-01,10,Sant Martí,65,el Clot,207,10041,343,1,2
2026-01-01,10,Sant Martí,65,el Clot,207,10041,63,2,1
2026-01-01,10,Sant Martí,65,el Clot,207,10041,44,2,2
2026-01-01,10,Sant Martí,65,el Clot,207,10041,132,3,1
2026-01-01,10,Sant Martí,65,el Clot,207,10041,80,3,2
2026-01-01,10,Sant Martí,65,el Clot,207,10041,52,4,1
2026-01-01,10,Sant Martí,65,el Clot,207,10041,51,4,2
2026-01-01,10,Sant Martí,65,el Clot,207,10041,293,5,1
2026-01-01,10,Sant Martí,65,el Clot,207,10041,232,5,2
2026-01-01,10,Sant Martí,66,el Parc i la Llacuna del Poblenou,208,10042,837,1,1
2026-01-01,10,Sant Martí,66,el Parc i la Llacuna del Poblenou,208,10042,822,1,2
2026-01-01,10,Sant Martí,66,el Parc i la Llacuna del Poblenou,208,10042,121,2,1
2026-01-01,10,Sant Martí,66,el Parc i la Llacuna del Poblenou,208,10042,107,2,2
2026-01-01,10,Sant Martí,66,el Parc i la Llacuna del Poblenou,208,10042,195,3,1
2026-01-01,10,Sant Martí,66,el Parc i la Llacuna del Poblenou,208,10042,141,3,2
2026-01-01,10,Sant Martí,66,el Parc i la Llacuna del Poblenou,208,10042,121,4,1
2026-01-01,10,Sant Martí,66,el Parc i la Llacuna del Poblenou,208,10042,132,4,2
2026-01-01,10,Sant Martí,66,el Parc i la Llacuna del Poblenou,208,10042,658,5,1
2026-01-01,10,Sant Martí,66,el Parc i la Llacuna del Poblenou,208,10042,579,5,2
2026-01-01,10,Sant Martí,66,el Parc i la Llacuna del Poblenou,208,10043,544,1,1
2026-01-01,10,Sant Martí,66,el Parc i la Llacuna del Poblenou,208,10043,549,1,2
2026-01-01,10,Sant Martí,66,el Parc i la Llacuna del Poblenou,208,10043,88,2,1
2026-01-01,10,Sant Martí,66,el Parc i la Llacuna del Poblenou,208,10043,93,2,2
2026-01-01,10,Sant Martí,66,el Parc i la Llacuna del Poblenou,208,10043,139,3,1
2026-01-01,10,Sant Martí,66,el Parc i la Llacuna del Poblenou,208,10043,119,3,2
2026-01-01,10,Sant Martí,66,el Parc i la Llacuna del Poblenou,208,10043,181,4,1
2026-01-01,10,Sant Martí,66,el Parc i la Llacuna del Poblenou,208,10043,188,4,2
2026-01-01,10,Sant Martí,66,el Parc i la Llacuna del Poblenou,208,10043,690,5,1
2026-01-01,10,Sant Martí,66,el Parc i la Llacuna del Poblenou,208,10043,708,5,2
2026-01-01,10,Sant Martí,66,el Parc i la Llacuna del Poblenou,208,10043,..,6,2
2026-01-01,10,Sant Martí,66,el Parc i la Llacuna del Poblenou,209,10044,331,1,1
2026-01-01,10,Sant Martí,66,el Parc i la Llacuna del Poblenou,209,10044,333,1,2
2026-01-01,10,Sant Martí,66,el Parc i la Llacuna del Poblenou,209,10044,51,2,1
2026-01-01,10,Sant Martí,66,el Parc i la Llacuna del Poblenou,209,10044,50,2,2
2026-01-01,10,Sant Martí,66,el Parc i la Llacuna del Poblenou,209,10044,156,3,1
2026-01-01,10,Sant Martí,66,el Parc i la Llacuna del Poblenou,209,10044,95,3,2
2026-01-01,10,Sant Martí,66,el Parc i la Llacuna del Poblenou,209,10044,47,4,1
2026-01-01,10,Sant Martí,66,el Parc i la Llacuna del Poblenou,209,10044,59,4,2
2026-01-01,10,Sant Martí,66,el Parc i la Llacuna del Poblenou,209,10044,262,5,1
2026-01-01,10,Sant Martí,66,el Parc i la Llacuna del Poblenou,209,10044,239,5,2
2026-01-01,10,Sant Martí,66,el Parc i la Llacuna del Poblenou,209,10045,319,1,1
2026-01-01,10,Sant Martí,66,el Parc i la Llacuna del Poblenou,209,10045,280,1,2
2026-01-01,10,Sant Martí,66,el Parc i la Llacuna del Poblenou,209,10045,53,2,1
2026-01-01,10,Sant Martí,66,el Parc i la Llacuna del Poblenou,209,10045,54,2,2
2026-01-01,10,Sant Martí,66,el Parc i la Llacuna del Poblenou,209,10045,116,3,1
2026-01-01,10,Sant Martí,66,el Parc i la Llacuna del Poblenou,209,10045,87,3,2
2026-01-01,10,Sant Martí,66,el Parc i la Llacuna del Poblenou,209,10045,41,4,1
2026-01-01,10,Sant Martí,66,el Parc i la Llacuna del Poblenou,209,10045,41,4,2
2026-01-01,10,Sant Martí,66,el Parc i la Llacuna del Poblenou,209,10045,156,5,1
2026-01-01,10,Sant Martí,66,el Parc i la Llacuna del Poblenou,209,10045,115,5,2
2026-01-01,10,Sant Martí,66,el Parc i la Llacuna del Poblenou,209,10046,271,1,1
2026-01-01,10,Sant Martí,66,el Parc i la Llacuna del Poblenou,209,10046,254,1,2
2026-01-01,10,Sant Martí,66,el Parc i la Llacuna del Poblenou,209,10046,46,2,1
2026-01-01,10,Sant Martí,66,el Parc i la Llacuna del Poblenou,209,10046,36,2,2
2026-01-01,10,Sant Martí,66,el Parc i la Llacuna del Poblenou,209,10046,161,3,1
2026-01-01,10,Sant Martí,66,el Parc i la Llacuna del Poblenou,209,10046,99,3,2
2026-01-01,10,Sant Martí,66,el Parc i la Llacuna del Poblenou,209,10046,47,4,1
2026-01-01,10,Sant Martí,66,el Parc i la Llacuna del Poblenou,209,10046,51,4,2
2026-01-01,10,Sant Martí,66,el Parc i la Llacuna del Poblenou,209,10046,170,5,1
2026-01-01,10,Sant Martí,66,el Parc i la Llacuna del Poblenou,209,10046,126,5,2
2026-01-01,10,Sant Martí,66,el Parc i la Llacuna del Poblenou,209,10047,391,1,1
2026-01-01,10,Sant Martí,66,el Parc i la Llacuna del Poblenou,209,10047,408,1,2
2026-01-01,10,Sant Martí,66,el Parc i la Llacuna del Poblenou,209,10047,76,2,1
2026-01-01,10,Sant Martí,66,el Parc i la Llacuna del Poblenou,209,10047,52,2,2
2026-01-01,10,Sant Martí,66,el Parc i la Llacuna del Poblenou,209,10047,155,3,1
2026-01-01,10,Sant Martí,66,el Parc i la Llacuna del Poblenou,209,10047,133,3,2
2026-01-01,10,Sant Martí,66,el Parc i la Llacuna del Poblenou,209,10047,100,4,1
2026-01-01,10,Sant Martí,66,el Parc i la Llacuna del Poblenou,209,10047,95,4,2
2026-01-01,10,Sant Martí,66,el Parc i la Llacuna del Poblenou,209,10047,291,5,1
2026-01-01,10,Sant Martí,66,el Parc i la Llacuna del Poblenou,209,10047,391,5,2
2026-01-01,10,Sant Martí,66,el Parc i la Llacuna del Poblenou,209,10048,318,1,1
2026-01-01,10,Sant Martí,66,el Parc i la Llacuna del Poblenou,209,10048,361,1,2
2026-01-01,10,Sant Martí,66,el Parc i la Llacuna del Poblenou,209,10048,42,2,1
2026-01-01,10,Sant Martí,66,el Parc i la Llacuna del Poblenou,209,10048,45,2,2
2026-01-01,10,Sant Martí,66,el Parc i la Llacuna del Poblenou,209,10048,139,3,1
2026-01-01,10,Sant Martí,66,el Parc i la Llacuna del Poblenou,209,10048,118,3,2
2026-01-01,10,Sant Martí,66,el Parc i la Llacuna del Poblenou,209,10048,84,4,1
2026-01-01,10,Sant Martí,66,el Parc i la Llacuna del Poblenou,209,10048,65,4,2
2026-01-01,10,Sant Martí,66,el Parc i la Llacuna del Poblenou,209,10048,226,5,1
2026-01-01,10,Sant Martí,66,el Parc i la Llacuna del Poblenou,209,10048,226,5,2
2026-01-01,10,Sant Martí,66,el Parc i la Llacuna del Poblenou,209,10049,275,1,1
2026-01-01,10,Sant Martí,66,el Parc i la Llacuna del Poblenou,209,10049,282,1,2
2026-01-01,10,Sant Martí,66,el Parc i la Llacuna del Poblenou,209,10049,39,2,1
2026-01-01,10,Sant Martí,66,el Parc i la Llacuna del Poblenou,209,10049,46,2,2
2026-01-01,10,Sant Martí,66,el Parc i la Llacuna del Poblenou,209,10049,138,3,1
2026-01-01,10,Sant Martí,66,el Parc i la Llacuna del Poblenou,209,10049,94,3,2
2026-01-01,10,Sant Martí,66,el Parc i la Llacuna del Poblenou,209,10049,34,4,1
2026-01-01,10,Sant Martí,66,el Parc i la Llacuna del Poblenou,209,10049,37,4,2
2026-01-01,10,Sant Martí,66,el Parc i la Llacuna del Poblenou,209,10049,132,5,1
2026-01-01,10,Sant Martí,66,el Parc i la Llacuna del Poblenou,209,10049,137,5,2
2026-01-01,10,Sant Martí,66,el Parc i la Llacuna del Poblenou,209,10049,..,6,1
2026-01-01,10,Sant Martí,66,el Parc i la Llacuna del Poblenou,209,10049,..,6,2
2026-01-01,10,Sant Martí,66,el Parc i la Llacuna del Poblenou,209,10050,387,1,1
2026-01-01,10,Sant Martí,66,el Parc i la Llacuna del Poblenou,209,10050,365,1,2
2026-01-01,10,Sant Martí,66,el Parc i la Llacuna del Poblenou,209,10050,61,2,1
2026-01-01,10,Sant Martí,66,el Parc i la Llacuna del Poblenou,209,10050,55,2,2
2026-01-01,10,Sant Martí,66,el Parc i la Llacuna del Poblenou,209,10050,148,3,1
2026-01-01,10,Sant Martí,66,el Parc i la Llacuna del Poblenou,209,10050,118,3,2
2026-01-01,10,Sant Martí,66,el Parc i la Llacuna del Poblenou,209,10050,47,4,1
2026-01-01,10,Sant Martí,66,el Parc i la Llacuna del Poblenou,209,10050,34,4,2
2026-01-01,10,Sant Martí,66,el Parc i la Llacuna del Poblenou,209,10050,175,5,1
2026-01-01,10,Sant Martí,66,el Parc i la Llacuna del Poblenou,209,10050,156,5,2
2026-01-01,10,Sant Martí,66,el Parc i la Llacuna del Poblenou,209,10050,..,6,2
2026-01-01,10,Sant Martí,67,la Vila Olímpica del Poblenou,210,10051,360,1,1
2026-01-01,10,Sant Martí,67,la Vila Olímpica del Poblenou,210,10051,360,1,2
2026-01-01,10,Sant Martí,67,la Vila Olímpica del Poblenou,210,10051,75,2,1
2026-01-01,10,Sant Martí,67,la Vila Olímpica del Poblenou,210,10051,55,2,2
2026-01-01,10,Sant Martí,67,la Vila Olímpica del Poblenou,210,10051,133,3,1
2026-01-01,10,Sant Martí,67,la Vila Olímpica del Poblenou,210,10051,98,3,2
2026-01-01,10,Sant Martí,67,la Vila Olímpica del Poblenou,210,10051,68,4,1
2026-01-01,10,Sant Martí,67,la Vila Olímpica del Poblenou,210,10051,82,4,2
2026-01-01,10,Sant Martí,67,la Vila Olímpica del Poblenou,210,10051,223,5,1
2026-01-01,10,Sant Martí,67,la Vila Olímpica del Poblenou,210,10051,233,5,2
2026-01-01,10,Sant Martí,67,la Vila Olímpica del Poblenou,210,10051,..,6,2
2026-01-01,10,Sant Martí,67,la Vila Olímpica del Poblenou,210,10052,570,1,1
2026-01-01,10,Sant Martí,67,la Vila Olímpica del Poblenou,210,10052,611,1,2
2026-01-01,10,Sant Martí,67,la Vila Olímpica del Poblenou,210,10052,99,2,1
2026-01-01,10,Sant Martí,67,la Vila Olímpica del Poblenou,210,10052,102,2,2
2026-01-01,10,Sant Martí,67,la Vila Olímpica del Poblenou,210,10052,151,3,1
2026-01-01,10,Sant Martí,67,la Vila Olímpica del Poblenou,210,10052,120,3,2
2026-01-01,10,Sant Martí,67,la Vila Olímpica del Poblenou,210,10052,105,4,1
2026-01-01,10,Sant Martí,67,la Vila Olímpica del Poblenou,210,10052,132,4,2
2026-01-01,10,Sant Martí,67,la Vila Olímpica del Poblenou,210,10052,283,5,1
2026-01-01,10,Sant Martí,67,la Vila Olímpica del Poblenou,210,10052,262,5,2
2026-01-01,10,Sant Martí,67,la Vila Olímpica del Poblenou,210,10053,408,1,1
2026-01-01,10,Sant Martí,67,la Vila Olímpica del Poblenou,210,10053,407,1,2
2026-01-01,10,Sant Martí,67,la Vila Olímpica del Poblenou,210,10053,92,2,1
2026-01-01,10,Sant Martí,67,la Vila Olímpica del Poblenou,210,10053,81,2,2
2026-01-01,10,Sant Martí,67,la Vila Olímpica del Poblenou,210,10053,120,3,1
2026-01-01,10,Sant Martí,67,la Vila Olímpica del Poblenou,210,10053,102,3,2
2026-01-01,10,Sant Martí,67,la Vila Olímpica del Poblenou,210,10053,64,4,1
2026-01-01,10,Sant Martí,67,la Vila Olímpica del Poblenou,210,10053,64,4,2
2026-01-01,10,Sant Martí,67,la Vila Olímpica del Poblenou,210,10053,173,5,1
2026-01-01,10,Sant Martí,67,la Vila Olímpica del Poblenou,210,10053,158,5,2
2026-01-01,10,Sant Martí,67,la Vila Olímpica del Poblenou,210,10054,215,1,1
2026-01-01,10,Sant Martí,67,la Vila Olímpica del Poblenou,210,10054,210,1,2
2026-01-01,10,Sant Martí,67,la Vila Olímpica del Poblenou,210,10054,46,2,1
2026-01-01,10,Sant Martí,67,la Vila Olímpica del Poblenou,210,10054,35,2,2
2026-01-01,10,Sant Martí,67,la Vila Olímpica del Poblenou,210,10054,81,3,1
2026-01-01,10,Sant Martí,67,la Vila Olímpica del Poblenou,210,10054,65,3,2
2026-01-01,10,Sant Martí,67,la Vila Olímpica del Poblenou,210,10054,39,4,1
2026-01-01,10,Sant Martí,67,la Vila Olímpica del Poblenou,210,10054,53,4,2
2026-01-01,10,Sant Martí,67,la Vila Olímpica del Poblenou,210,10054,103,5,1
2026-01-01,10,Sant Martí,67,la Vila Olímpica del Poblenou,210,10054,99,5,2
2026-01-01,10,Sant Martí,67,la Vila Olímpica del Poblenou,211,10055,605,1,1
2026-01-01,10,Sant Martí,67,la Vila Olímpica del Poblenou,211,10055,639,1,2
2026-01-01,10,Sant Martí,67,la Vila Olímpica del Poblenou,211,10055,137,2,1
2026-01-01,10,Sant Martí,67,la Vila Olímpica del Poblenou,211,10055,114,2,2
2026-01-01,10,Sant Martí,67,la Vila Olímpica del Poblenou,211,10055,161,3,1
2026-01-01,10,Sant Martí,67,la Vila Olímpica del Poblenou,211,10055,124,3,2
2026-01-01,10,Sant Martí,67,la Vila Olímpica del Poblenou,211,10055,114,4,1
2026-01-01,10,Sant Martí,67,la Vila Olímpica del Poblenou,211,10055,108,4,2
2026-01-01,10,Sant Martí,67,la Vila Olímpica del Poblenou,211,10055,286,5,1
2026-01-01,10,Sant Martí,67,la Vila Olímpica del Poblenou,211,10055,266,5,2
2026-01-01,10,Sant Martí,67,la Vila Olímpica del Poblenou,211,10055,..,6,1
2026-01-01,10,Sant Martí,68,el Poblenou,212,10056,355,1,1
2026-01-01,10,Sant Martí,68,el Poblenou,212,10056,352,1,2
2026-01-01,10,Sant Martí,68,el Poblenou,212,10056,61,2,1
2026-01-01,10,Sant Martí,68,el Poblenou,212,10056,78,2,2
2026-01-01,10,Sant Martí,68,el Poblenou,212,10056,83,3,1
2026-01-01,10,Sant Martí,68,el Poblenou,212,10056,65,3,2
2026-01-01,10,Sant Martí,68,el Poblenou,212,10056,112,4,1
2026-01-01,10,Sant Martí,68,el Poblenou,212,10056,102,4,2
2026-01-01,10,Sant Martí,68,el Poblenou,212,10056,333,5,1
2026-01-01,10,Sant Martí,68,el Poblenou,212,10056,334,5,2
2026-01-01,10,Sant Martí,68,el Poblenou,212,10056,..,6,1
2026-01-01,10,Sant Martí,68,el Poblenou,212,10056,..,6,2
2026-01-01,10,Sant Martí,68,el Poblenou,212,10057,290,1,1
2026-01-01,10,Sant Martí,68,el Poblenou,212,10057,279,1,2
2026-01-01,10,Sant Martí,68,el Poblenou,212,10057,59,2,1
2026-01-01,10,Sant Martí,68,el Poblenou,212,10057,52,2,2
2026-01-01,10,Sant Martí,68,el Poblenou,212,10057,78,3,1
2026-01-01,10,Sant Martí,68,el Poblenou,212,10057,68,3,2
2026-01-01,10,Sant Martí,68,el Poblenou,212,10057,66,4,1
2026-01-01,10,Sant Martí,68,el Poblenou,212,10057,79,4,2
2026-01-01,10,Sant Martí,68,el Poblenou,212,10057,242,5,1
2026-01-01,10,Sant Martí,68,el Poblenou,212,10057,243,5,2
2026-01-01,10,Sant Martí,68,el Poblenou,212,10058,262,1,1
2026-01-01,10,Sant Martí,68,el Poblenou,212,10058,251,1,2
2026-01-01,10,Sant Martí,68,el Poblenou,212,10058,40,2,1
2026-01-01,10,Sant Martí,68,el Poblenou,212,10058,55,2,2
2026-01-01,10,Sant Martí,68,el Poblenou,212,10058,72,3,1
2026-01-01,10,Sant Martí,68,el Poblenou,212,10058,58,3,2
2026-01-01,10,Sant Martí,68,el Poblenou,212,10058,50,4,1
2026-01-01,10,Sant Martí,68,el Poblenou,212,10058,46,4,2
2026-01-01,10,Sant Martí,68,el Poblenou,212,10058,175,5,1
2026-01-01,10,Sant Martí,68,el Poblenou,212,10058,192,5,2
2026-01-01,10,Sant Martí,68,el Poblenou,212,10058,..,6,1
2026-01-01,10,Sant Martí,68,el Poblenou,213,10059,365,1,1
2026-01-01,10,Sant Martí,68,el Poblenou,213,10059,348,1,2
2026-01-01,10,Sant Martí,68,el Poblenou,213,10059,69,2,1
2026-01-01,10,Sant Martí,68,el Poblenou,213,10059,50,2,2
2026-01-01,10,Sant Martí,68,el Poblenou,213,10059,103,3,1
2026-01-01,10,Sant Martí,68,el Poblenou,213,10059,89,3,2
2026-01-01,10,Sant Martí,68,el Poblenou,213,10059,93,4,1
2026-01-01,10,Sant Martí,68,el Poblenou,213,10059,102,4,2
2026-01-01,10,Sant Martí,68,el Poblenou,213,10059,316,5,1
2026-01-01,10,Sant Martí,68,el Poblenou,213,10059,302,5,2
2026-01-01,10,Sant Martí,68,el Poblenou,213,10059,..,6,2
2026-01-01,10,Sant Martí,68,el Poblenou,213,10060,350,1,1
2026-01-01,10,Sant Martí,68,el Poblenou,213,10060,348,1,2
2026-01-01,10,Sant Martí,68,el Poblenou,213,10060,68,2,1
2026-01-01,10,Sant Martí,68,el Poblenou,213,10060,47,2,2
2026-01-01,10,Sant Martí,68,el Poblenou,213,10060,63,3,1
2026-01-01,10,Sant Martí,68,el Poblenou,213,10060,60,3,2
2026-01-01,10,Sant Martí,68,el Poblenou,213,10060,99,4,1
2026-01-01,10,Sant Martí,68,el Poblenou,213,10060,94,4,2
2026-01-01,10,Sant Martí,68,el Poblenou,213,10060,276,5,1
2026-01-01,10,Sant Martí,68,el Poblenou,213,10060,308,5,2
2026-01-01,10,Sant Martí,68,el Poblenou,213,10061,531,1,1
2026-01-01,10,Sant Martí,68,el Poblenou,213,10061,502,1,2
2026-01-01,10,Sant Martí,68,el Poblenou,213,10061,56,2,1
2026-01-01,10,Sant Martí,68,el Poblenou,213,10061,47,2,2
2026-01-01,10,Sant Martí,68,el Poblenou,213,10061,110,3,1
2026-01-01,10,Sant Martí,68,el Poblenou,213,10061,61,3,2
2026-01-01,10,Sant Martí,68,el Poblenou,213,10061,63,4,1
2026-01-01,10,Sant Martí,68,el Poblenou,213,10061,56,4,2
2026-01-01,10,Sant Martí,68,el Poblenou,213,10061,152,5,1
2026-01-01,10,Sant Martí,68,el Poblenou,213,10061,159,5,2
2026-01-01,10,Sant Martí,68,el Poblenou,213,10062,422,1,1
2026-01-01,10,Sant Martí,68,el Poblenou,213,10062,398,1,2
2026-01-01,10,Sant Martí,68,el Poblenou,213,10062,57,2,1
2026-01-01,10,Sant Martí,68,el Poblenou,213,10062,48,2,2
2026-01-01,10,Sant Martí,68,el Poblenou,213,10062,93,3,1
2026-01-01,10,Sant Martí,68,el Poblenou,213,10062,55,3,2
2026-01-01,10,Sant Martí,68,el Poblenou,213,10062,58,4,1
2026-01-01,10,Sant Martí,68,el Poblenou,213,10062,56,4,2
2026-01-01,10,Sant Martí,68,el Poblenou,213,10062,153,5,1
2026-01-01,10,Sant Martí,68,el Poblenou,213,10062,144,5,2
2026-01-01,10,Sant Martí,68,el Poblenou,213,10062,..,6,1
2026-01-01,10,Sant Martí,68,el Poblenou,214,10063,368,1,1
2026-01-01,10,Sant Martí,68,el Poblenou,214,10063,333,1,2
2026-01-01,10,Sant Martí,68,el Poblenou,214,10063,47,2,1
2026-01-01,10,Sant Martí,68,el Poblenou,214,10063,37,2,2
2026-01-01,10,Sant Martí,68,el Poblenou,214,10063,72,3,1
2026-01-01,10,Sant Martí,68,el Poblenou,214,10063,58,3,2
2026-01-01,10,Sant Martí,68,el Poblenou,214,10063,47,4,1
2026-01-01,10,Sant Martí,68,el Poblenou,214,10063,47,4,2
2026-01-01,10,Sant Martí,68,el Poblenou,214,10063,166,5,1
2026-01-01,10,Sant Martí,68,el Poblenou,214,10063,154,5,2
2026-01-01,10,Sant Martí,68,el Poblenou,214,10063,..,6,1
2026-01-01,10,Sant Martí,68,el Poblenou,214,10063,..,6,2
2026-01-01,10,Sant Martí,68,el Poblenou,214,10064,406,1,1
2026-01-01,10,Sant Martí,68,el Poblenou,214,10064,384,1,2
2026-01-01,10,Sant Martí,68,el Poblenou,214,10064,58,2,1
2026-01-01,10,Sant Martí,68,el Poblenou,214,10064,66,2,2
2026-01-01,10,Sant Martí,68,el Poblenou,214,10064,86,3,1
2026-01-01,10,Sant Martí,68,el Poblenou,214,10064,54,3,2
2026-01-01,10,Sant Martí,68,el Poblenou,214,10064,85,4,1
2026-01-01,10,Sant Martí,68,el Poblenou,214,10064,71,4,2
2026-01-01,10,Sant Martí,68,el Poblenou,214,10064,272,5,1
2026-01-01,10,Sant Martí,68,el Poblenou,214,10064,262,5,2
2026-01-01,10,Sant Martí,68,el Poblenou,214,10064,..,6,1
2026-01-01,10,Sant Martí,68,el Poblenou,214,10065,480,1,1
2026-01-01,10,Sant Martí,68,el Poblenou,214,10065,411,1,2
2026-01-01,10,Sant Martí,68,el Poblenou,214,10065,46,2,1
2026-01-01,10,Sant Martí,68,el Poblenou,214,10065,46,2,2
2026-01-01,10,Sant Martí,68,el Poblenou,214,10065,75,3,1
2026-01-01,10,Sant Martí,68,el Poblenou,214,10065,64,3,2
2026-01-01,10,Sant Martí,68,el Poblenou,214,10065,72,4,1
2026-01-01,10,Sant Martí,68,el Poblenou,214,10065,56,4,2
2026-01-01,10,Sant Martí,68,el Poblenou,214,10065,194,5,1
2026-01-01,10,Sant Martí,68,el Poblenou,214,10065,205,5,2
2026-01-01,10,Sant Martí,68,el Poblenou,214,10066,535,1,1
2026-01-01,10,Sant Martí,68,el Poblenou,214,10066,514,1,2
2026-01-01,10,Sant Martí,68,el Poblenou,214,10066,66,2,1
2026-01-01,10,Sant Martí,68,el Poblenou,214,10066,71,2,2
2026-01-01,10,Sant Martí,68,el Poblenou,214,10066,119,3,1
2026-01-01,10,Sant Martí,68,el Poblenou,214,10066,102,3,2
2026-01-01,10,Sant Martí,68,el Poblenou,214,10066,75,4,1
2026-01-01,10,Sant Martí,68,el Poblenou,214,10066,75,4,2
2026-01-01,10,Sant Martí,68,el Poblenou,214,10066,274,5,1
2026-01-01,10,Sant Martí,68,el Poblenou,214,10066,246,5,2
2026-01-01,10,Sant Martí,68,el Poblenou,214,10067,532,1,1
2026-01-01,10,Sant Martí,68,el Poblenou,214,10067,497,1,2
2026-01-01,10,Sant Martí,68,el Poblenou,214,10067,68,2,1
2026-01-01,10,Sant Martí,68,el Poblenou,214,10067,71,2,2
2026-01-01,10,Sant Martí,68,el Poblenou,214,10067,119,3,1
2026-01-01,10,Sant Martí,68,el Poblenou,214,10067,93,3,2
2026-01-01,10,Sant Martí,68,el Poblenou,214,10067,61,4,1
2026-01-01,10,Sant Martí,68,el Poblenou,214,10067,76,4,2
2026-01-01,10,Sant Martí,68,el Poblenou,214,10067,183,5,1
2026-01-01,10,Sant Martí,68,el Poblenou,214,10067,156,5,2
2026-01-01,10,Sant Martí,68,el Poblenou,214,10068,484,1,1
2026-01-01,10,Sant Martí,68,el Poblenou,214,10068,504,1,2
2026-01-01,10,Sant Martí,68,el Poblenou,214,10068,59,2,1
2026-01-01,10,Sant Martí,68,el Poblenou,214,10068,53,2,2
2026-01-01,10,Sant Martí,68,el Poblenou,214,10068,93,3,1
2026-01-01,10,Sant Martí,68,el Poblenou,214,10068,76,3,2
2026-01-01,10,Sant Martí,68,el Poblenou,214,10068,40,4,1
2026-01-01,10,Sant Martí,68,el Poblenou,214,10068,43,4,2
2026-01-01,10,Sant Martí,68,el Poblenou,214,10068,133,5,1
2026-01-01,10,Sant Martí,68,el Poblenou,214,10068,125,5,2
2026-01-01,10,Sant Martí,68,el Poblenou,215,10069,782,1,1
2026-01-01,10,Sant Martí,68,el Poblenou,215,10069,767,1,2
2026-01-01,10,Sant Martí,68,el Poblenou,215,10069,110,2,1
2026-01-01,10,Sant Martí,68,el Poblenou,215,10069,104,2,2
2026-01-01,10,Sant Martí,68,el Poblenou,215,10069,171,3,1
2026-01-01,10,Sant Martí,68,el Poblenou,215,10069,123,3,2
2026-01-01,10,Sant Martí,68,el Poblenou,215,10069,82,4,1
2026-01-01,10,Sant Martí,68,el Poblenou,215,10069,101,4,2
2026-01-01,10,Sant Martí,68,el Poblenou,215,10069,346,5,1
2026-01-01,10,Sant Martí,68,el Poblenou,215,10069,295,5,2
2026-01-01,10,Sant Martí,68,el Poblenou,215,10069,..,6,1
2026-01-01,10,Sant Martí,68,el Poblenou,215,10070,395,1,1
2026-01-01,10,Sant Martí,68,el Poblenou,215,10070,356,1,2
2026-01-01,10,Sant Martí,68,el Poblenou,215,10070,61,2,1
2026-01-01,10,Sant Martí,68,el Poblenou,215,10070,55,2,2
2026-01-01,10,Sant Martí,68,el Poblenou,215,10070,92,3,1
2026-01-01,10,Sant Martí,68,el Poblenou,215,10070,67,3,2
2026-01-01,10,Sant Martí,68,el Poblenou,215,10070,72,4,1
2026-01-01,10,Sant Martí,68,el Poblenou,215,10070,63,4,2
2026-01-01,10,Sant Martí,68,el Poblenou,215,10070,275,5,1
2026-01-01,10,Sant Martí,68,el Poblenou,215,10070,237,5,2
2026-01-01,10,Sant Martí,68,el Poblenou,215,10070,..,6,1
2026-01-01,10,Sant Martí,68,el Poblenou,215,10071,544,1,1
2026-01-01,10,Sant Martí,68,el Poblenou,215,10071,528,1,2
2026-01-01,10,Sant Martí,68,el Poblenou,215,10071,58,2,1
2026-01-01,10,Sant Martí,68,el Poblenou,215,10071,62,2,2
2026-01-01,10,Sant Martí,68,el Poblenou,215,10071,122,3,1
2026-01-01,10,Sant Martí,68,el Poblenou,215,10071,98,3,2
2026-01-01,10,Sant Martí,68,el Poblenou,215,10071,37,4,1
2026-01-01,10,Sant Martí,68,el Poblenou,215,10071,53,4,2
2026-01-01,10,Sant Martí,68,el Poblenou,215,10071,111,5,1
2026-01-01,10,Sant Martí,68,el Poblenou,215,10071,106,5,2
2026-01-01,10,Sant Martí,68,el Poblenou,215,10072,513,1,1
2026-01-01,10,Sant Martí,68,el Poblenou,215,10072,472,1,2
2026-01-01,10,Sant Martí,68,el Poblenou,215,10072,68,2,1
2026-01-01,10,Sant Martí,68,el Poblenou,215,10072,55,2,2
2026-01-01,10,Sant Martí,68,el Poblenou,215,10072,127,3,1
2026-01-01,10,Sant Martí,68,el Poblenou,215,10072,106,3,2
2026-01-01,10,Sant Martí,68,el Poblenou,215,10072,86,4,1
2026-01-01,10,Sant Martí,68,el Poblenou,215,10072,103,4,2
2026-01-01,10,Sant Martí,68,el Poblenou,215,10072,289,5,1
2026-01-01,10,Sant Martí,68,el Poblenou,215,10072,256,5,2
2026-01-01,10,Sant Martí,68,el Poblenou,215,10073,413,1,1
2026-01-01,10,Sant Martí,68,el Poblenou,215,10073,374,1,2
2026-01-01,10,Sant Martí,68,el Poblenou,215,10073,41,2,1
2026-01-01,10,Sant Martí,68,el Poblenou,215,10073,29,2,2
2026-01-01,10,Sant Martí,68,el Poblenou,215,10073,106,3,1
2026-01-01,10,Sant Martí,68,el Poblenou,215,10073,88,3,2
2026-01-01,10,Sant Martí,68,el Poblenou,215,10073,39,4,1
2026-01-01,10,Sant Martí,68,el Poblenou,215,10073,45,4,2
2026-01-01,10,Sant Martí,68,el Poblenou,215,10073,171,5,1
2026-01-01,10,Sant Martí,68,el Poblenou,215,10073,157,5,2
2026-01-01,10,Sant Martí,68,el Poblenou,215,10074,409,1,1
2026-01-01,10,Sant Martí,68,el Poblenou,215,10074,389,1,2
2026-01-01,10,Sant Martí,68,el Poblenou,215,10074,51,2,1
2026-01-01,10,Sant Martí,68,el Poblenou,215,10074,48,2,2
2026-01-01,10,Sant Martí,68,el Poblenou,215,10074,92,3,1
2026-01-01,10,Sant Martí,68,el Poblenou,215,10074,81,3,2
2026-01-01,10,Sant Martí,68,el Poblenou,215,10074,72,4,1
2026-01-01,10,Sant Martí,68,el Poblenou,215,10074,58,4,2
2026-01-01,10,Sant Martí,68,el Poblenou,215,10074,300,5,1
2026-01-01,10,Sant Martí,68,el Poblenou,215,10074,303,5,2
2026-01-01,10,Sant Martí,68,el Poblenou,215,10074,..,6,1
2026-01-01,10,Sant Martí,68,el Poblenou,215,10075,414,1,1
2026-01-01,10,Sant Martí,68,el Poblenou,215,10075,374,1,2
2026-01-01,10,Sant Martí,68,el Poblenou,215,10075,41,2,1
2026-01-01,10,Sant Martí,68,el Poblenou,215,10075,39,2,2
2026-01-01,10,Sant Martí,68,el Poblenou,215,10075,90,3,1
2026-01-01,10,Sant Martí,68,el Poblenou,215,10075,69,3,2
2026-01-01,10,Sant Martí,68,el Poblenou,215,10075,57,4,1
2026-01-01,10,Sant Martí,68,el Poblenou,215,10075,61,4,2
2026-01-01,10,Sant Martí,68,el Poblenou,215,10075,188,5,1
2026-01-01,10,Sant Martí,68,el Poblenou,215,10075,206,5,2
2026-01-01,10,Sant Martí,69,Diagonal Mar i el Front Marítim del Poblenou,216,10076,684,1,1
2026-01-01,10,Sant Martí,69,Diagonal Mar i el Front Marítim del Poblenou,216,10076,665,1,2
2026-01-01,10,Sant Martí,69,Diagonal Mar i el Front Marítim del Poblenou,216,10076,90,2,1
2026-01-01,10,Sant Martí,69,Diagonal Mar i el Front Marítim del Poblenou,216,10076,97,2,2
2026-01-01,10,Sant Martí,69,Diagonal Mar i el Front Marítim del Poblenou,216,10076,116,3,1
2026-01-01,10,Sant Martí,69,Diagonal Mar i el Front Marítim del Poblenou,216,10076,91,3,2
2026-01-01,10,Sant Martí,69,Diagonal Mar i el Front Marítim del Poblenou,216,10076,53,4,1
2026-01-01,10,Sant Martí,69,Diagonal Mar i el Front Marítim del Poblenou,216,10076,57,4,2
2026-01-01,10,Sant Martí,69,Diagonal Mar i el Front Marítim del Poblenou,216,10076,228,5,1
2026-01-01,10,Sant Martí,69,Diagonal Mar i el Front Marítim del Poblenou,216,10076,202,5,2
2026-01-01,10,Sant Martí,69,Diagonal Mar i el Front Marítim del Poblenou,216,10076,..,6,1
2026-01-01,10,Sant Martí,69,Diagonal Mar i el Front Marítim del Poblenou,216,10076,..,6,2
2026-01-01,10,Sant Martí,69,Diagonal Mar i el Front Marítim del Poblenou,216,10235,299,1,1
2026-01-01,10,Sant Martí,69,Diagonal Mar i el Front Marítim del Poblenou,216,10235,323,1,2
2026-01-01,10,Sant Martí,69,Diagonal Mar i el Front Marítim del Poblenou,216,10235,42,2,1
2026-01-01,10,Sant Martí,69,Diagonal Mar i el Front Marítim del Poblenou,216,10235,28,2,2
2026-01-01,10,Sant Martí,69,Diagonal Mar i el Front Marítim del Poblenou,216,10235,159,3,1
2026-01-01,10,Sant Martí,69,Diagonal Mar i el Front Marítim del Poblenou,216,10235,96,3,2
2026-01-01,10,Sant Martí,69,Diagonal Mar i el Front Marítim del Poblenou,216,10235,43,4,1
2026-01-01,10,Sant Martí,69,Diagonal Mar i el Front Marítim del Poblenou,216,10235,42,4,2
2026-01-01,10,Sant Martí,69,Diagonal Mar i el Front Marítim del Poblenou,216,10235,189,5,1
2026-01-01,10,Sant Martí,69,Diagonal Mar i el Front Marítim del Poblenou,216,10235,200,5,2
2026-01-01,10,Sant Martí,69,Diagonal Mar i el Front Marítim del Poblenou,216,10236,380,1,1
2026-01-01,10,Sant Martí,69,Diagonal Mar i el Front Marítim del Poblenou,216,10236,350,1,2
2026-01-01,10,Sant Martí,69,Diagonal Mar i el Front Marítim del Poblenou,216,10236,43,2,1
2026-01-01,10,Sant Martí,69,Diagonal Mar i el Front Marítim del Poblenou,216,10236,53,2,2
2026-01-01,10,Sant Martí,69,Diagonal Mar i el Front Marítim del Poblenou,216,10236,160,3,1
2026-01-01,10,Sant Martí,69,Diagonal Mar i el Front Marítim del Poblenou,216,10236,102,3,2
2026-01-01,10,Sant Martí,69,Diagonal Mar i el Front Marítim del Poblenou,216,10236,34,4,1
2026-01-01,10,Sant Martí,69,Diagonal Mar i el Front Marítim del Poblenou,216,10236,41,4,2
2026-01-01,10,Sant Martí,69,Diagonal Mar i el Front Marítim del Poblenou,216,10236,242,5,1
2026-01-01,10,Sant Martí,69,Diagonal Mar i el Front Marítim del Poblenou,216,10236,194,5,2
2026-01-01,10,Sant Martí,69,Diagonal Mar i el Front Marítim del Poblenou,216,10236,..,6,1
2026-01-01,10,Sant Martí,69,Diagonal Mar i el Front Marítim del Poblenou,217,10077,506,1,1
2026-01-01,10,Sant Martí,69,Diagonal Mar i el Front Marítim del Poblenou,217,10077,495,1,2
2026-01-01,10,Sant Martí,69,Diagonal Mar i el Front Marítim del Poblenou,217,10077,63,2,1
2026-01-01,10,Sant Martí,69,Diagonal Mar i el Front Marítim del Poblenou,217,10077,88,2,2
2026-01-01,10,Sant Martí,69,Diagonal Mar i el Front Marítim del Poblenou,217,10077,111,3,1
2026-01-01,10,Sant Martí,69,Diagonal Mar i el Front Marítim del Poblenou,217,10077,95,3,2
2026-01-01,10,Sant Martí,69,Diagonal Mar i el Front Marítim del Poblenou,217,10077,70,4,1
2026-01-01,10,Sant Martí,69,Diagonal Mar i el Front Marítim del Poblenou,217,10077,61,4,2
2026-01-01,10,Sant Martí,69,Diagonal Mar i el Front Marítim del Poblenou,217,10077,172,5,1
2026-01-01,10,Sant Martí,69,Diagonal Mar i el Front Marítim del Poblenou,217,10077,180,5,2
2026-01-01,10,Sant Martí,69,Diagonal Mar i el Front Marítim del Poblenou,217,10077,..,6,1
2026-01-01,10,Sant Martí,69,Diagonal Mar i el Front Marítim del Poblenou,217,10078,555,1,1
2026-01-01,10,Sant Martí,69,Diagonal Mar i el Front Marítim del Poblenou,217,10078,620,1,2
2026-01-01,10,Sant Martí,69,Diagonal Mar i el Front Marítim del Poblenou,217,10078,95,2,1
2026-01-01,10,Sant Martí,69,Diagonal Mar i el Front Marítim del Poblenou,217,10078,107,2,2
2026-01-01,10,Sant Martí,69,Diagonal Mar i el Front Marítim del Poblenou,217,10078,139,3,1
2026-01-01,10,Sant Martí,69,Diagonal Mar i el Front Marítim del Poblenou,217,10078,121,3,2
2026-01-01,10,Sant Martí,69,Diagonal Mar i el Front Marítim del Poblenou,217,10078,115,4,1
2026-01-01,10,Sant Martí,69,Diagonal Mar i el Front Marítim del Poblenou,217,10078,111,4,2
2026-01-01,10,Sant Martí,69,Diagonal Mar i el Front Marítim del Poblenou,217,10078,306,5,1
2026-01-01,10,Sant Martí,69,Diagonal Mar i el Front Marítim del Poblenou,217,10078,268,5,2
2026-01-01,10,Sant Martí,69,Diagonal Mar i el Front Marítim del Poblenou,217,10078,..,6,1
2026-01-01,10,Sant Martí,69,Diagonal Mar i el Front Marítim del Poblenou,217,10079,417,1,1
2026-01-01,10,Sant Martí,69,Diagonal Mar i el Front Marítim del Poblenou,217,10079,440,1,2
2026-01-01,10,Sant Martí,69,Diagonal Mar i el Front Marítim del Poblenou,217,10079,86,2,1
2026-01-01,10,Sant Martí,69,Diagonal Mar i el Front Marítim del Poblenou,217,10079,74,2,2
2026-01-01,10,Sant Martí,69,Diagonal Mar i el Front Marítim del Poblenou,217,10079,170,3,1
2026-01-01,10,Sant Martí,69,Diagonal Mar i el Front Marítim del Poblenou,217,10079,124,3,2
2026-01-01,10,Sant Martí,69,Diagonal Mar i el Front Marítim del Poblenou,217,10079,35,4,1
2026-01-01,10,Sant Martí,69,Diagonal Mar i el Front Marítim del Poblenou,217,10079,39,4,2
2026-01-01,10,Sant Martí,69,Diagonal Mar i el Front Marítim del Poblenou,217,10079,146,5,1
2026-01-01,10,Sant Martí,69,Diagonal Mar i el Front Marítim del Poblenou,217,10079,137,5,2
2026-01-01,10,Sant Martí,69,Diagonal Mar i el Front Marítim del Poblenou,218,10080,403,1,1
2026-01-01,10,Sant Martí,69,Diagonal Mar i el Front Marítim del Poblenou,218,10080,458,1,2
2026-01-01,10,Sant Martí,69,Diagonal Mar i el Front Marítim del Poblenou,218,10080,69,2,1
2026-01-01,10,Sant Martí,69,Diagonal Mar i el Front Marítim del Poblenou,218,10080,77,2,2
2026-01-01,10,Sant Martí,69,Diagonal Mar i el Front Marítim del Poblenou,218,10080,108,3,1
2026-01-01,10,Sant Martí,69,Diagonal Mar i el Front Marítim del Poblenou,218,10080,94,3,2
2026-01-01,10,Sant Martí,69,Diagonal Mar i el Front Marítim del Poblenou,218,10080,102,4,1
2026-01-01,10,Sant Martí,69,Diagonal Mar i el Front Marítim del Poblenou,218,10080,131,4,2
2026-01-01,10,Sant Martí,69,Diagonal Mar i el Front Marítim del Poblenou,218,10080,571,5,1
2026-01-01,10,Sant Martí,69,Diagonal Mar i el Front Marítim del Poblenou,218,10080,501,5,2
2026-01-01,10,Sant Martí,69,Diagonal Mar i el Front Marítim del Poblenou,218,10080,..,6,1
2026-01-01,10,Sant Martí,69,Diagonal Mar i el Front Marítim del Poblenou,218,10080,..,6,2
2026-01-01,10,Sant Martí,70,el Besòs i el Maresme,219,10081,400,1,1
2026-01-01,10,Sant Martí,70,el Besòs i el Maresme,219,10081,387,1,2
2026-01-01,10,Sant Martí,70,el Besòs i el Maresme,219,10081,62,2,1
2026-01-01,10,Sant Martí,70,el Besòs i el Maresme,219,10081,61,2,2
2026-01-01,10,Sant Martí,70,el Besòs i el Maresme,219,10081,148,3,1
2026-01-01,10,Sant Martí,70,el Besòs i el Maresme,219,10081,117,3,2
2026-01-01,10,Sant Martí,70,el Besòs i el Maresme,219,10081,41,4,1
2026-01-01,10,Sant Martí,70,el Besòs i el Maresme,219,10081,49,4,2
2026-01-01,10,Sant Martí,70,el Besòs i el Maresme,219,10081,498,5,1
2026-01-01,10,Sant Martí,70,el Besòs i el Maresme,219,10081,534,5,2
2026-01-01,10,Sant Martí,70,el Besòs i el Maresme,219,10082,364,1,1
2026-01-01,10,Sant Martí,70,el Besòs i el Maresme,219,10082,346,1,2
2026-01-01,10,Sant Martí,70,el Besòs i el Maresme,219,10082,54,2,1
2026-01-01,10,Sant Martí,70,el Besòs i el Maresme,219,10082,47,2,2
2026-01-01,10,Sant Martí,70,el Besòs i el Maresme,219,10082,73,3,1
2026-01-01,10,Sant Martí,70,el Besòs i el Maresme,219,10082,46,3,2
2026-01-01,10,Sant Martí,70,el Besòs i el Maresme,219,10082,29,4,1
2026-01-01,10,Sant Martí,70,el Besòs i el Maresme,219,10082,29,4,2
2026-01-01,10,Sant Martí,70,el Besòs i el Maresme,219,10082,554,5,1
2026-01-01,10,Sant Martí,70,el Besòs i el Maresme,219,10082,738,5,2
2026-01-01,10,Sant Martí,70,el Besòs i el Maresme,219,10083,380,1,1
2026-01-01,10,Sant Martí,70,el Besòs i el Maresme,219,10083,361,1,2
2026-01-01,10,Sant Martí,70,el Besòs i el Maresme,219,10083,46,2,1
2026-01-01,10,Sant Martí,70,el Besòs i el Maresme,219,10083,52,2,2
2026-01-01,10,Sant Martí,70,el Besòs i el Maresme,219,10083,72,3,1
2026-01-01,10,Sant Martí,70,el Besòs i el Maresme,219,10083,47,3,2
2026-01-01,10,Sant Martí,70,el Besòs i el Maresme,219,10083,14,4,1
2026-01-01,10,Sant Martí,70,el Besòs i el Maresme,219,10083,17,4,2
2026-01-01,10,Sant Martí,70,el Besòs i el Maresme,219,10083,537,5,1
2026-01-01,10,Sant Martí,70,el Besòs i el Maresme,219,10083,856,5,2
2026-01-01,10,Sant Martí,70,el Besòs i el Maresme,219,10084,318,1,1
2026-01-01,10,Sant Martí,70,el Besòs i el Maresme,219,10084,303,1,2
2026-01-01,10,Sant Martí,70,el Besòs i el Maresme,219,10084,37,2,1
2026-01-01,10,Sant Martí,70,el Besòs i el Maresme,219,10084,39,2,2
2026-01-01,10,Sant Martí,70,el Besòs i el Maresme,219,10084,93,3,1
2026-01-01,10,Sant Martí,70,el Besòs i el Maresme,219,10084,76,3,2
2026-01-01,10,Sant Martí,70,el Besòs i el Maresme,219,10084,20,4,1
2026-01-01,10,Sant Martí,70,el Besòs i el Maresme,219,10084,25,4,2
2026-01-01,10,Sant Martí,70,el Besòs i el Maresme,219,10084,370,5,1
2026-01-01,10,Sant Martí,70,el Besòs i el Maresme,219,10084,431,5,2
2026-01-01,10,Sant Martí,70,el Besòs i el Maresme,220,10085,374,1,1
2026-01-01,10,Sant Martí,70,el Besòs i el Maresme,220,10085,385,1,2
2026-01-01,10,Sant Martí,70,el Besòs i el Maresme,220,10085,63,2,1
2026-01-01,10,Sant Martí,70,el Besòs i el Maresme,220,10085,42,2,2
2026-01-01,10,Sant Martí,70,el Besòs i el Maresme,220,10085,102,3,1
2026-01-01,10,Sant Martí,70,el Besòs i el Maresme,220,10085,81,3,2
2026-01-01,10,Sant Martí,70,el Besòs i el Maresme,220,10085,24,4,1
2026-01-01,10,Sant Martí,70,el Besòs i el Maresme,220,10085,26,4,2
2026-01-01,10,Sant Martí,70,el Besòs i el Maresme,220,10085,489,5,1
2026-01-01,10,Sant Martí,70,el Besòs i el Maresme,220,10085,655,5,2
2026-01-01,10,Sant Martí,70,el Besòs i el Maresme,220,10085,..,6,2
2026-01-01,10,Sant Martí,70,el Besòs i el Maresme,220,10086,441,1,1
2026-01-01,10,Sant Martí,70,el Besòs i el Maresme,220,10086,428,1,2
2026-01-01,10,Sant Martí,70,el Besòs i el Maresme,220,10086,50,2,1
2026-01-01,10,Sant Martí,70,el Besòs i el Maresme,220,10086,61,2,2
2026-01-01,10,Sant Martí,70,el Besòs i el Maresme,220,10086,105,3,1
2026-01-01,10,Sant Martí,70,el Besòs i el Maresme,220,10086,75,3,2
2026-01-01,10,Sant Martí,70,el Besòs i el Maresme,220,10086,16,4,1
2026-01-01,10,Sant Martí,70,el Besòs i el Maresme,220,10086,19,4,2
2026-01-01,10,Sant Martí,70,el Besòs i el Maresme,220,10086,429,5,1
2026-01-01,10,Sant Martí,70,el Besòs i el Maresme,220,10086,497,5,2
2026-01-01,10,Sant Martí,70,el Besòs i el Maresme,220,10087,401,1,1
2026-01-01,10,Sant Martí,70,el Besòs i el Maresme,220,10087,394,1,2
2026-01-01,10,Sant Martí,70,el Besòs i el Maresme,220,10087,53,2,1
2026-01-01,10,Sant Martí,70,el Besòs i el Maresme,220,10087,49,2,2
2026-01-01,10,Sant Martí,70,el Besòs i el Maresme,220,10087,118,3,1
2026-01-01,10,Sant Martí,70,el Besòs i el Maresme,220,10087,83,3,2
2026-01-01,10,Sant Martí,70,el Besòs i el Maresme,220,10087,12,4,1
2026-01-01,10,Sant Martí,70,el Besòs i el Maresme,220,10087,18,4,2
2026-01-01,10,Sant Martí,70,el Besòs i el Maresme,220,10087,365,5,1
2026-01-01,10,Sant Martí,70,el Besòs i el Maresme,220,10087,467,5,2
2026-01-01,10,Sant Martí,70,el Besòs i el Maresme,220,10088,397,1,1
2026-01-01,10,Sant Martí,70,el Besòs i el Maresme,220,10088,411,1,2
2026-01-01,10,Sant Martí,70,el Besòs i el Maresme,220,10088,63,2,1
2026-01-01,10,Sant Martí,70,el Besòs i el Maresme,220,10088,54,2,2
2026-01-01,10,Sant Martí,70,el Besòs i el Maresme,220,10088,170,3,1
2026-01-01,10,Sant Martí,70,el Besòs i el Maresme,220,10088,151,3,2
2026-01-01,10,Sant Martí,70,el Besòs i el Maresme,220,10088,17,4,1
2026-01-01,10,Sant Martí,70,el Besòs i el Maresme,220,10088,13,4,2
2026-01-01,10,Sant Martí,70,el Besòs i el Maresme,220,10088,211,5,1
2026-01-01,10,Sant Martí,70,el Besòs i el Maresme,220,10088,190,5,2
2026-01-01,10,Sant Martí,70,el Besòs i el Maresme,220,10088,..,6,1
2026-01-01,10,Sant Martí,70,el Besòs i el Maresme,221,10089,555,1,1
2026-01-01,10,Sant Martí,70,el Besòs i el Maresme,221,10089,618,1,2
2026-01-01,10,Sant Martí,70,el Besòs i el Maresme,221,10089,97,2,1
2026-01-01,10,Sant Martí,70,el Besòs i el Maresme,221,10089,116,2,2
2026-01-01,10,Sant Martí,70,el Besòs i el Maresme,221,10089,172,3,1
2026-01-01,10,Sant Martí,70,el Besòs i el Maresme,221,10089,175,3,2
2026-01-01,10,Sant Martí,70,el Besòs i el Maresme,221,10089,92,4,1
2026-01-01,10,Sant Martí,70,el Besòs i el Maresme,221,10089,123,4,2
2026-01-01,10,Sant Martí,70,el Besòs i el Maresme,221,10089,1598,5,1
2026-01-01,10,Sant Martí,70,el Besòs i el Maresme,221,10089,3789,5,2
2026-01-01,10,Sant Martí,70,el Besòs i el Maresme,221,10089,..,6,2
2026-01-01,10,Sant Martí,70,el Besòs i el Maresme,222,10090,298,1,1
2026-01-01,10,Sant Martí,70,el Besòs i el Maresme,222,10090,312,1,2
2026-01-01,10,Sant Martí,70,el Besòs i el Maresme,222,10090,37,2,1
2026-01-01,10,Sant Martí,70,el Besòs i el Maresme,222,10090,39,2,2
2026-01-01,10,Sant Martí,70,el Besòs i el Maresme,222,10090,123,3,1
2026-01-01,10,Sant Martí,70,el Besòs i el Maresme,222,10090,92,3,2
2026-01-01,10,Sant Martí,70,el Besòs i el Maresme,222,10090,26,4,1
2026-01-01,10,Sant Martí,70,el Besòs i el Maresme,222,10090,16,4,2
2026-01-01,10,Sant Martí,70,el Besòs i el Maresme,222,10090,305,5,1
2026-01-01,10,Sant Martí,70,el Besòs i el Maresme,222,10090,291,5,2
2026-01-01,10,Sant Martí,70,el Besòs i el Maresme,222,10091,420,1,1
2026-01-01,10,Sant Martí,70,el Besòs i el Maresme,222,10091,467,1,2
2026-01-01,10,Sant Martí,70,el Besòs i el Maresme,222,10091,40,2,1
2026-01-01,10,Sant Martí,70,el Besòs i el Maresme,222,10091,52,2,2
2026-01-01,10,Sant Martí,70,el Besòs i el Maresme,222,10091,202,3,1
2026-01-01,10,Sant Martí,70,el Besòs i el Maresme,222,10091,154,3,2
2026-01-01,10,Sant Martí,70,el Besòs i el Maresme,222,10091,28,4,1
2026-01-01,10,Sant Martí,70,el Besòs i el Maresme,222,10091,39,4,2
2026-01-01,10,Sant Martí,70,el Besòs i el Maresme,222,10091,332,5,1
2026-01-01,10,Sant Martí,70,el Besòs i el Maresme,222,10091,310,5,2
2026-01-01,10,Sant Martí,70,el Besòs i el Maresme,222,10091,..,6,2
2026-01-01,10,Sant Martí,70,el Besòs i el Maresme,222,10092,337,1,1
2026-01-01,10,Sant Martí,70,el Besòs i el Maresme,222,10092,347,1,2
2026-01-01,10,Sant Martí,70,el Besòs i el Maresme,222,10092,54,2,1
2026-01-01,10,Sant Martí,70,el Besòs i el Maresme,222,10092,54,2,2
2026-01-01,10,Sant Martí,70,el Besòs i el Maresme,222,10092,211,3,1
2026-01-01,10,Sant Martí,70,el Besòs i el Maresme,222,10092,138,3,2
2026-01-01,10,Sant Martí,70,el Besòs i el Maresme,222,10092,21,4,1
2026-01-01,10,Sant Martí,70,el Besòs i el Maresme,222,10092,16,4,2
2026-01-01,10,Sant Martí,70,el Besòs i el Maresme,222,10092,149,5,1
2026-01-01,10,Sant Martí,70,el Besòs i el Maresme,222,10092,139,5,2
2026-01-01,10,Sant Martí,70,el Besòs i el Maresme,222,10093,319,1,1
2026-01-01,10,Sant Martí,70,el Besòs i el Maresme,222,10093,343,1,2
2026-01-01,10,Sant Martí,70,el Besòs i el Maresme,222,10093,41,2,1
2026-01-01,10,Sant Martí,70,el Besòs i el Maresme,222,10093,36,2,2
2026-01-01,10,Sant Martí,70,el Besòs i el Maresme,222,10093,161,3,1
2026-01-01,10,Sant Martí,70,el Besòs i el Maresme,222,10093,118,3,2
2026-01-01,10,Sant Martí,70,el Besòs i el Maresme,222,10093,33,4,1
2026-01-01,10,Sant Martí,70,el Besòs i el Maresme,222,10093,48,4,2
2026-01-01,10,Sant Martí,70,el Besòs i el Maresme,222,10093,291,5,1
2026-01-01,10,Sant Martí,70,el Besòs i el Maresme,222,10093,245,5,2
2026-01-01,10,Sant Martí,70,el Besòs i el Maresme,222,10093,..,6,1
2026-01-01,10,Sant Martí,71,Provençals del Poblenou,223,10094,731,1,1
2026-01-01,10,Sant Martí,71,Provençals del Poblenou,223,10094,742,1,2
2026-01-01,10,Sant Martí,71,Provençals del Poblenou,223,10094,116,2,1
2026-01-01,10,Sant Martí,71,Provençals del Poblenou,223,10094,104,2,2
2026-01-01,10,Sant Martí,71,Provençals del Poblenou,223,10094,169,3,1
2026-01-01,10,Sant Martí,71,Provençals del Poblenou,223,10094,135,3,2
2026-01-01,10,Sant Martí,71,Provençals del Poblenou,223,10094,107,4,1
2026-01-01,10,Sant Martí,71,Provençals del Poblenou,223,10094,127,4,2
2026-01-01,10,Sant Martí,71,Provençals del Poblenou,223,10094,711,5,1
2026-01-01,10,Sant Martí,71,Provençals del Poblenou,223,10094,722,5,2
2026-01-01,10,Sant Martí,71,Provençals del Poblenou,223,10095,338,1,1
2026-01-01,10,Sant Martí,71,Provençals del Poblenou,223,10095,326,1,2
2026-01-01,10,Sant Martí,71,Provençals del Poblenou,223,10095,44,2,1
2026-01-01,10,Sant Martí,71,Provençals del Poblenou,223,10095,47,2,2
2026-01-01,10,Sant Martí,71,Provençals del Poblenou,223,10095,80,3,1
2026-01-01,10,Sant Martí,71,Provençals del Poblenou,223,10095,58,3,2
2026-01-01,10,Sant Martí,71,Provençals del Poblenou,223,10095,35,4,1
2026-01-01,10,Sant Martí,71,Provençals del Poblenou,223,10095,38,4,2
2026-01-01,10,Sant Martí,71,Provençals del Poblenou,223,10095,244,5,1
2026-01-01,10,Sant Martí,71,Provençals del Poblenou,223,10095,254,5,2
2026-01-01,10,Sant Martí,71,Provençals del Poblenou,224,10096,434,1,1
2026-01-01,10,Sant Martí,71,Provençals del Poblenou,224,10096,387,1,2
2026-01-01,10,Sant Martí,71,Provençals del Poblenou,224,10096,61,2,1
2026-01-01,10,Sant Martí,71,Provençals del Poblenou,224,10096,45,2,2
2026-01-01,10,Sant Martí,71,Provençals del Poblenou,224,10096,93,3,1
2026-01-01,10,Sant Martí,71,Provençals del Poblenou,224,10096,91,3,2
2026-01-01,10,Sant Martí,71,Provençals del Poblenou,224,10096,54,4,1
2026-01-01,10,Sant Martí,71,Provençals del Poblenou,224,10096,63,4,2
2026-01-01,10,Sant Martí,71,Provençals del Poblenou,224,10096,220,5,1
2026-01-01,10,Sant Martí,71,Provençals del Poblenou,224,10096,215,5,2
2026-01-01,10,Sant Martí,71,Provençals del Poblenou,224,10096,..,6,2
2026-01-01,10,Sant Martí,71,Provençals del Poblenou,224,10097,437,1,1
2026-01-01,10,Sant Martí,71,Provençals del Poblenou,224,10097,403,1,2
2026-01-01,10,Sant Martí,71,Provençals del Poblenou,224,10097,61,2,1
2026-01-01,10,Sant Martí,71,Provençals del Poblenou,224,10097,60,2,2
2026-01-01,10,Sant Martí,71,Provençals del Poblenou,224,10097,117,3,1
2026-01-01,10,Sant Martí,71,Provençals del Poblenou,224,10097,85,3,2
2026-01-01,10,Sant Martí,71,Provençals del Poblenou,224,10097,44,4,1
2026-01-01,10,Sant Martí,71,Provençals del Poblenou,224,10097,43,4,2
2026-01-01,10,Sant Martí,71,Provençals del Poblenou,224,10097,159,5,1
2026-01-01,10,Sant Martí,71,Provençals del Poblenou,224,10097,163,5,2
2026-01-01,10,Sant Martí,71,Provençals del Poblenou,224,10097,..,6,1
2026-01-01,10,Sant Martí,71,Provençals del Poblenou,224,10098,527,1,1
2026-01-01,10,Sant Martí,71,Provençals del Poblenou,224,10098,504,1,2
2026-01-01,10,Sant Martí,71,Provençals del Poblenou,224,10098,63,2,1
2026-01-01,10,Sant Martí,71,Provençals del Poblenou,224,10098,69,2,2
2026-01-01,10,Sant Martí,71,Provençals del Poblenou,224,10098,169,3,1
2026-01-01,10,Sant Martí,71,Provençals del Poblenou,224,10098,126,3,2
2026-01-01,10,Sant Martí,71,Provençals del Poblenou,224,10098,25,4,1
2026-01-01,10,Sant Martí,71,Provençals del Poblenou,224,10098,21,4,2
2026-01-01,10,Sant Martí,71,Provençals del Poblenou,224,10098,111,5,1
2026-01-01,10,Sant Martí,71,Provençals del Poblenou,224,10098,104,5,2
2026-01-01,10,Sant Martí,71,Provençals del Poblenou,224,10099,352,1,1
2026-01-01,10,Sant Martí,71,Provençals del Poblenou,224,10099,332,1,2
2026-01-01,10,Sant Martí,71,Provençals del Poblenou,224,10099,37,2,1
2026-01-01,10,Sant Martí,71,Provençals del Poblenou,224,10099,25,2,2
2026-01-01,10,Sant Martí,71,Provençals del Poblenou,224,10099,83,3,1
2026-01-01,10,Sant Martí,71,Provençals del Poblenou,224,10099,63,3,2
2026-01-01,10,Sant Martí,71,Provençals del Poblenou,224,10099,8,4,1
2026-01-01,10,Sant Martí,71,Provençals del Poblenou,224,10099,9,4,2
2026-01-01,10,Sant Martí,71,Provençals del Poblenou,224,10099,106,5,1
2026-01-01,10,Sant Martí,71,Provençals del Poblenou,224,10099,102,5,2
2026-01-01,10,Sant Martí,71,Provençals del Poblenou,224,10100,429,1,1
2026-01-01,10,Sant Martí,71,Provençals del Poblenou,224,10100,396,1,2
2026-01-01,10,Sant Martí,71,Provençals del Poblenou,224,10100,47,2,1
2026-01-01,10,Sant Martí,71,Provençals del Poblenou,224,10100,45,2,2
2026-01-01,10,Sant Martí,71,Provençals del Poblenou,224,10100,120,3,1
2026-01-01,10,Sant Martí,71,Provençals del Poblenou,224,10100,89,3,2
2026-01-01,10,Sant Martí,71,Provençals del Poblenou,224,10100,44,4,1
2026-01-01,10,Sant Martí,71,Provençals del Poblenou,224,10100,30,4,2
2026-01-01,10,Sant Martí,71,Provençals del Poblenou,224,10100,304,5,1
2026-01-01,10,Sant Martí,71,Provençals del Poblenou,224,10100,298,5,2
2026-01-01,10,Sant Martí,71,Provençals del Poblenou,225,10101,361,1,1
2026-01-01,10,Sant Martí,71,Provençals del Poblenou,225,10101,405,1,2
2026-01-01,10,Sant Martí,71,Provençals del Poblenou,225,10101,50,2,1
2026-01-01,10,Sant Martí,71,Provençals del Poblenou,225,10101,35,2,2
2026-01-01,10,Sant Martí,71,Provençals del Poblenou,225,10101,100,3,1
2026-01-01,10,Sant Martí,71,Provençals del Poblenou,225,10101,59,3,2
2026-01-01,10,Sant Martí,71,Provençals del Poblenou,225,10101,46,4,1
2026-01-01,10,Sant Martí,71,Provençals del Poblenou,225,10101,51,4,2
2026-01-01,10,Sant Martí,71,Provençals del Poblenou,225,10101,344,5,1
2026-01-01,10,Sant Martí,71,Provençals del Poblenou,225,10101,346,5,2
2026-01-01,10,Sant Martí,71,Provençals del Poblenou,225,10102,636,1,1
2026-01-01,10,Sant Martí,71,Provençals del Poblenou,225,10102,607,1,2
2026-01-01,10,Sant Martí,71,Provençals del Poblenou,225,10102,94,2,1
2026-01-01,10,Sant Martí,71,Provençals del Poblenou,225,10102,74,2,2
2026-01-01,10,Sant Martí,71,Provençals del Poblenou,225,10102,254,3,1
2026-01-01,10,Sant Martí,71,Provençals del Poblenou,225,10102,214,3,2
2026-01-01,10,Sant Martí,71,Provençals del Poblenou,225,10102,29,4,1
2026-01-01,10,Sant Martí,71,Provençals del Poblenou,225,10102,50,4,2
2026-01-01,10,Sant Martí,71,Provençals del Poblenou,225,10102,375,5,1
2026-01-01,10,Sant Martí,71,Provençals del Poblenou,225,10102,330,5,2
2026-01-01,10,Sant Martí,71,Provençals del Poblenou,225,10103,569,1,1
2026-01-01,10,Sant Martí,71,Provençals del Poblenou,225,10103,513,1,2
2026-01-01,10,Sant Martí,71,Provençals del Poblenou,225,10103,63,2,1
2026-01-01,10,Sant Martí,71,Provençals del Poblenou,225,10103,70,2,2
2026-01-01,10,Sant Martí,71,Provençals del Poblenou,225,10103,251,3,1
2026-01-01,10,Sant Martí,71,Provençals del Poblenou,225,10103,190,3,2
2026-01-01,10,Sant Martí,71,Provençals del Poblenou,225,10103,32,4,1
2026-01-01,10,Sant Martí,71,Provençals del Poblenou,225,10103,27,4,2
2026-01-01,10,Sant Martí,71,Provençals del Poblenou,225,10103,257,5,1
2026-01-01,10,Sant Martí,71,Provençals del Poblenou,225,10103,205,5,2
2026-01-01,10,Sant Martí,71,Provençals del Poblenou,225,10104,486,1,1
2026-01-01,10,Sant Martí,71,Provençals del Poblenou,225,10104,438,1,2
2026-01-01,10,Sant Martí,71,Provençals del Poblenou,225,10104,64,2,1
2026-01-01,10,Sant Martí,71,Provençals del Poblenou,225,10104,49,2,2
2026-01-01,10,Sant Martí,71,Provençals del Poblenou,225,10104,168,3,1
2026-01-01,10,Sant Martí,71,Provençals del Poblenou,225,10104,151,3,2
2026-01-01,10,Sant Martí,71,Provençals del Poblenou,225,10104,12,4,1
2026-01-01,10,Sant Martí,71,Provençals del Poblenou,225,10104,15,4,2
2026-01-01,10,Sant Martí,71,Provençals del Poblenou,225,10104,79,5,1
2026-01-01,10,Sant Martí,71,Provençals del Poblenou,225,10104,64,5,2
2026-01-01,10,Sant Martí,71,Provençals del Poblenou,225,10237,244,1,1
2026-01-01,10,Sant Martí,71,Provençals del Poblenou,225,10237,202,1,2
2026-01-01,10,Sant Martí,71,Provençals del Poblenou,225,10237,33,2,1
2026-01-01,10,Sant Martí,71,Provençals del Poblenou,225,10237,20,2,2
2026-01-01,10,Sant Martí,71,Provençals del Poblenou,225,10237,77,3,1
2026-01-01,10,Sant Martí,71,Provençals del Poblenou,225,10237,38,3,2
2026-01-01,10,Sant Martí,71,Provençals del Poblenou,225,10237,12,4,1
2026-01-01,10,Sant Martí,71,Provençals del Poblenou,225,10237,16,4,2
2026-01-01,10,Sant Martí,71,Provençals del Poblenou,225,10237,143,5,1
2026-01-01,10,Sant Martí,71,Provençals del Poblenou,225,10237,124,5,2
2026-01-01,10,Sant Martí,72,Sant Martí de Provençals,226,10105,627,1,1
2026-01-01,10,Sant Martí,72,Sant Martí de Provençals,226,10105,561,1,2
2026-01-01,10,Sant Martí,72,Sant Martí de Provençals,226,10105,71,2,1
2026-01-01,10,Sant Martí,72,Sant Martí de Provençals,226,10105,76,2,2
2026-01-01,10,Sant Martí,72,Sant Martí de Provençals,226,10105,219,3,1
2026-01-01,10,Sant Martí,72,Sant Martí de Provençals,226,10105,148,3,2
2026-01-01,10,Sant Martí,72,Sant Martí de Provençals,226,10105,24,4,1
2026-01-01,10,Sant Martí,72,Sant Martí de Provençals,226,10105,17,4,2
2026-01-01,10,Sant Martí,72,Sant Martí de Provençals,226,10105,199,5,1
2026-01-01,10,Sant Martí,72,Sant Martí de Provençals,226,10105,193,5,2
2026-01-01,10,Sant Martí,72,Sant Martí de Provençals,226,10106,305,1,1
2026-01-01,10,Sant Martí,72,Sant Martí de Provençals,226,10106,281,1,2
2026-01-01,10,Sant Martí,72,Sant Martí de Provençals,226,10106,26,2,1
2026-01-01,10,Sant Martí,72,Sant Martí de Provençals,226,10106,25,2,2
2026-01-01,10,Sant Martí,72,Sant Martí de Provençals,226,10106,120,3,1
2026-01-01,10,Sant Martí,72,Sant Martí de Provençals,226,10106,66,3,2
2026-01-01,10,Sant Martí,72,Sant Martí de Provençals,226,10106,7,4,1
2026-01-01,10,Sant Martí,72,Sant Martí de Provençals,226,10106,13,4,2
2026-01-01,10,Sant Martí,72,Sant Martí de Provençals,226,10106,112,5,1
2026-01-01,10,Sant Martí,72,Sant Martí de Provençals,226,10106,89,5,2
2026-01-01,10,Sant Martí,72,Sant Martí de Provençals,226,10106,..,6,2
2026-01-01,10,Sant Martí,72,Sant Martí de Provençals,226,10107,406,1,1
2026-01-01,10,Sant Martí,72,Sant Martí de Provençals,226,10107,398,1,2
2026-01-01,10,Sant Martí,72,Sant Martí de Provençals,226,10107,44,2,1
2026-01-01,10,Sant Martí,72,Sant Martí de Provençals,226,10107,64,2,2
2026-01-01,10,Sant Martí,72,Sant Martí de Provençals,226,10107,153,3,1
2026-01-01,10,Sant Martí,72,Sant Martí de Provençals,226,10107,113,3,2
2026-01-01,10,Sant Martí,72,Sant Martí de Provençals,226,10107,31,4,1
2026-01-01,10,Sant Martí,72,Sant Martí de Provençals,226,10107,25,4,2
2026-01-01,10,Sant Martí,72,Sant Martí de Provençals,226,10107,162,5,1
2026-01-01,10,Sant Martí,72,Sant Martí de Provençals,226,10107,128,5,2
2026-01-01,10,Sant Martí,72,Sant Martí de Provençals,226,10108,254,1,1
2026-01-01,10,Sant Martí,72,Sant Martí de Provençals,226,10108,248,1,2
2026-01-01,10,Sant Martí,72,Sant Martí de Provençals,226,10108,40,2,1
2026-01-01,10,Sant Martí,72,Sant Martí de Provençals,226,10108,33,2,2
2026-01-01,10,Sant Martí,72,Sant Martí de Provençals,226,10108,254,3,1
2026-01-01,10,Sant Martí,72,Sant Martí de Provençals,226,10108,198,3,2
2026-01-01,10,Sant Martí,72,Sant Martí de Provençals,226,10108,22,4,1
2026-01-01,10,Sant Martí,72,Sant Martí de Provençals,226,10108,21,4,2
2026-01-01,10,Sant Martí,72,Sant Martí de Provençals,226,10108,152,5,1
2026-01-01,10,Sant Martí,72,Sant Martí de Provençals,226,10108,133,5,2
2026-01-01,10,Sant Martí,72,Sant Martí de Provençals,226,10108,..,6,2
2026-01-01,10,Sant Martí,72,Sant Martí de Provençals,226,10109,390,1,1
2026-01-01,10,Sant Martí,72,Sant Martí de Provençals,226,10109,429,1,2
2026-01-01,10,Sant Martí,72,Sant Martí de Provençals,226,10109,61,2,1
2026-01-01,10,Sant Martí,72,Sant Martí de Provençals,226,10109,55,2,2
2026-01-01,10,Sant Martí,72,Sant Martí de Provençals,226,10109,175,3,1
2026-01-01,10,Sant Martí,72,Sant Martí de Provençals,226,10109,111,3,2
2026-01-01,10,Sant Martí,72,Sant Martí de Provençals,226,10109,33,4,1
2026-01-01,10,Sant Martí,72,Sant Martí de Provençals,226,10109,19,4,2
2026-01-01,10,Sant Martí,72,Sant Martí de Provençals,226,10109,278,5,1
2026-01-01,10,Sant Martí,72,Sant Martí de Provençals,226,10109,235,5,2
2026-01-01,10,Sant Martí,72,Sant Martí de Provençals,226,10109,..,6,1
2026-01-01,10,Sant Martí,72,Sant Martí de Provençals,226,10110,439,1,1
2026-01-01,10,Sant Martí,72,Sant Martí de Provençals,226,10110,408,1,2
2026-01-01,10,Sant Martí,72,Sant Martí de Provençals,226,10110,62,2,1
2026-01-01,10,Sant Martí,72,Sant Martí de Provençals,226,10110,53,2,2
2026-01-01,10,Sant Martí,72,Sant Martí de Provençals,226,10110,154,3,1
2026-01-01,10,Sant Martí,72,Sant Martí de Provençals,226,10110,100,3,2
2026-01-01,10,Sant Martí,72,Sant Martí de Provençals,226,10110,41,4,1
2026-01-01,10,Sant Martí,72,Sant Martí de Provençals,226,10110,35,4,2
2026-01-01,10,Sant Martí,72,Sant Martí de Provençals,226,10110,333,5,1
2026-01-01,10,Sant Martí,72,Sant Martí de Provençals,226,10110,355,5,2
2026-01-01,10,Sant Martí,72,Sant Martí de Provençals,227,10111,346,1,1
2026-01-01,10,Sant Martí,72,Sant Martí de Provençals,227,10111,316,1,2
2026-01-01,10,Sant Martí,72,Sant Martí de Provençals,227,10111,37,2,1
2026-01-01,10,Sant Martí,72,Sant Martí de Provençals,227,10111,36,2,2
2026-01-01,10,Sant Martí,72,Sant Martí de Provençals,227,10111,139,3,1
2026-01-01,10,Sant Martí,72,Sant Martí de Provençals,227,10111,94,3,2
2026-01-01,10,Sant Martí,72,Sant Martí de Provençals,227,10111,12,4,1
2026-01-01,10,Sant Martí,72,Sant Martí de Provençals,227,10111,10,4,2
2026-01-01,10,Sant Martí,72,Sant Martí de Provençals,227,10111,179,5,1
2026-01-01,10,Sant Martí,72,Sant Martí de Provençals,227,10111,151,5,2
2026-01-01,10,Sant Martí,72,Sant Martí de Provençals,227,10112,413,1,1
2026-01-01,10,Sant Martí,72,Sant Martí de Provençals,227,10112,427,1,2
2026-01-01,10,Sant Martí,72,Sant Martí de Provençals,227,10112,52,2,1
2026-01-01,10,Sant Martí,72,Sant Martí de Provençals,227,10112,36,2,2
2026-01-01,10,Sant Martí,72,Sant Martí de Provençals,227,10112,190,3,1
2026-01-01,10,Sant Martí,72,Sant Martí de Provençals,227,10112,132,3,2
2026-01-01,10,Sant Martí,72,Sant Martí de Provençals,227,10112,17,4,1
2026-01-01,10,Sant Martí,72,Sant Martí de Provençals,227,10112,12,4,2
2026-01-01,10,Sant Martí,72,Sant Martí de Provençals,227,10112,122,5,1
2026-01-01,10,Sant Martí,72,Sant Martí de Provençals,227,10112,88,5,2
2026-01-01,10,Sant Martí,72,Sant Martí de Provençals,227,10113,297,1,1
2026-01-01,10,Sant Martí,72,Sant Martí de Provençals,227,10113,290,1,2
2026-01-01,10,Sant Martí,72,Sant Martí de Provençals,227,10113,30,2,1
2026-01-01,10,Sant Martí,72,Sant Martí de Provençals,227,10113,42,2,2
2026-01-01,10,Sant Martí,72,Sant Martí de Provençals,227,10113,94,3,1
2026-01-01,10,Sant Martí,72,Sant Martí de Provençals,227,10113,58,3,2
2026-01-01,10,Sant Martí,72,Sant Martí de Provençals,227,10113,27,4,1
2026-01-01,10,Sant Martí,72,Sant Martí de Provençals,227,10113,20,4,2
2026-01-01,10,Sant Martí,72,Sant Martí de Provençals,227,10113,197,5,1
2026-01-01,10,Sant Martí,72,Sant Martí de Provençals,227,10113,183,5,2
2026-01-01,10,Sant Martí,72,Sant Martí de Provençals,227,10114,370,1,1
2026-01-01,10,Sant Martí,72,Sant Martí de Provençals,227,10114,364,1,2
2026-01-01,10,Sant Martí,72,Sant Martí de Provençals,227,10114,55,2,1
2026-01-01,10,Sant Martí,72,Sant Martí de Provençals,227,10114,50,2,2
2026-01-01,10,Sant Martí,72,Sant Martí de Provençals,227,10114,92,3,1
2026-01-01,10,Sant Martí,72,Sant Martí de Provençals,227,10114,66,3,2
2026-01-01,10,Sant Martí,72,Sant Martí de Provençals,227,10114,24,4,1
2026-01-01,10,Sant Martí,72,Sant Martí de Provençals,227,10114,31,4,2
2026-01-01,10,Sant Martí,72,Sant Martí de Provençals,227,10114,298,5,1
2026-01-01,10,Sant Martí,72,Sant Martí de Provençals,227,10114,256,5,2
2026-01-01,10,Sant Martí,72,Sant Martí de Provençals,228,10115,358,1,1
2026-01-01,10,Sant Martí,72,Sant Martí de Provençals,228,10115,309,1,2
2026-01-01,10,Sant Martí,72,Sant Martí de Provençals,228,10115,38,2,1
2026-01-01,10,Sant Martí,72,Sant Martí de Provençals,228,10115,52,2,2
2026-01-01,10,Sant Martí,72,Sant Martí de Provençals,228,10115,118,3,1
2026-01-01,10,Sant Martí,72,Sant Martí de Provençals,228,10115,73,3,2
2026-01-01,10,Sant Martí,72,Sant Martí de Provençals,228,10115,27,4,1
2026-01-01,10,Sant Martí,72,Sant Martí de Provençals,228,10115,27,4,2
2026-01-01,10,Sant Martí,72,Sant Martí de Provençals,228,10115,233,5,1
2026-01-01,10,Sant Martí,72,Sant Martí de Provençals,228,10115,205,5,2
2026-01-01,10,Sant Martí,72,Sant Martí de Provençals,228,10116,381,1,1
2026-01-01,10,Sant Martí,72,Sant Martí de Provençals,228,10116,371,1,2
2026-01-01,10,Sant Martí,72,Sant Martí de Provençals,228,10116,47,2,1
2026-01-01,10,Sant Martí,72,Sant Martí de Provençals,228,10116,48,2,2
2026-01-01,10,Sant Martí,72,Sant Martí de Provençals,228,10116,233,3,1
2026-01-01,10,Sant Martí,72,Sant Martí de Provençals,228,10116,156,3,2
2026-01-01,10,Sant Martí,72,Sant Martí de Provençals,228,10116,36,4,1
2026-01-01,10,Sant Martí,72,Sant Martí de Provençals,228,10116,32,4,2
2026-01-01,10,Sant Martí,72,Sant Martí de Provençals,228,10116,338,5,1
2026-01-01,10,Sant Martí,72,Sant Martí de Provençals,228,10116,294,5,2
2026-01-01,10,Sant Martí,72,Sant Martí de Provençals,228,10117,290,1,1
2026-01-01,10,Sant Martí,72,Sant Martí de Provençals,228,10117,287,1,2
2026-01-01,10,Sant Martí,72,Sant Martí de Provençals,228,10117,47,2,1
2026-01-01,10,Sant Martí,72,Sant Martí de Provençals,228,10117,34,2,2
2026-01-01,10,Sant Martí,72,Sant Martí de Provençals,228,10117,167,3,1
2026-01-01,10,Sant Martí,72,Sant Martí de Provençals,228,10117,128,3,2
2026-01-01,10,Sant Martí,72,Sant Martí de Provençals,228,10117,14,4,1
2026-01-01,10,Sant Martí,72,Sant Martí de Provençals,228,10117,12,4,2
2026-01-01,10,Sant Martí,72,Sant Martí de Provençals,228,10117,151,5,1
2026-01-01,10,Sant Martí,72,Sant Martí de Provençals,228,10117,156,5,2
2026-01-01,10,Sant Martí,72,Sant Martí de Provençals,228,10118,297,1,1
2026-01-01,10,Sant Martí,72,Sant Martí de Provençals,228,10118,286,1,2
2026-01-01,10,Sant Martí,72,Sant Martí de Provençals,228,10118,62,2,1
2026-01-01,10,Sant Martí,72,Sant Martí de Provençals,228,10118,46,2,2
2026-01-01,10,Sant Martí,72,Sant Martí de Provençals,228,10118,80,3,1
2026-01-01,10,Sant Martí,72,Sant Martí de Provençals,228,10118,58,3,2
2026-01-01,10,Sant Martí,72,Sant Martí de Provençals,228,10118,7,4,1
2026-01-01,10,Sant Martí,72,Sant Martí de Provençals,228,10118,7,4,2
2026-01-01,10,Sant Martí,72,Sant Martí de Provençals,228,10118,80,5,1
2026-01-01,10,Sant Martí,72,Sant Martí de Provençals,228,10118,78,5,2
2026-01-01,10,Sant Martí,72,Sant Martí de Provençals,228,10119,240,1,1
2026-01-01,10,Sant Martí,72,Sant Martí de Provençals,228,10119,234,1,2
2026-01-01,10,Sant Martí,72,Sant Martí de Provençals,228,10119,33,2,1
2026-01-01,10,Sant Martí,72,Sant Martí de Provençals,228,10119,40,2,2
2026-01-01,10,Sant Martí,72,Sant Martí de Provençals,228,10119,115,3,1
2026-01-01,10,Sant Martí,72,Sant Martí de Provençals,228,10119,58,3,2
2026-01-01,10,Sant Martí,72,Sant Martí de Provençals,228,10119,15,4,1
2026-01-01,10,Sant Martí,72,Sant Martí de Provençals,228,10119,17,4,2
2026-01-01,10,Sant Martí,72,Sant Martí de Provençals,228,10119,251,5,1
2026-01-01,10,Sant Martí,72,Sant Martí de Provençals,228,10119,227,5,2
2026-01-01,10,Sant Martí,72,Sant Martí de Provençals,228,10119,..,6,2
2026-01-01,10,Sant Martí,72,Sant Martí de Provençals,229,10120,373,1,1
2026-01-01,10,Sant Martí,72,Sant Martí de Provençals,229,10120,356,1,2
2026-01-01,10,Sant Martí,72,Sant Martí de Provençals,229,10120,50,2,1
2026-01-01,10,Sant Martí,72,Sant Martí de Provençals,229,10120,49,2,2
2026-01-01,10,Sant Martí,72,Sant Martí de Provençals,229,10120,121,3,1
2026-01-01,10,Sant Martí,72,Sant Martí de Provençals,229,10120,55,3,2
2026-01-01,10,Sant Martí,72,Sant Martí de Provençals,229,10120,20,4,1
2026-01-01,10,Sant Martí,72,Sant Martí de Provençals,229,10120,22,4,2
2026-01-01,10,Sant Martí,72,Sant Martí de Provençals,229,10120,283,5,1
2026-01-01,10,Sant Martí,72,Sant Martí de Provençals,229,10120,258,5,2
2026-01-01,10,Sant Martí,72,Sant Martí de Provençals,229,10121,375,1,1
2026-01-01,10,Sant Martí,72,Sant Martí de Provençals,229,10121,400,1,2
2026-01-01,10,Sant Martí,72,Sant Martí de Provençals,229,10121,63,2,1
2026-01-01,10,Sant Martí,72,Sant Martí de Provençals,229,10121,51,2,2
2026-01-01,10,Sant Martí,72,Sant Martí de Provençals,229,10121,115,3,1
2026-01-01,10,Sant Martí,72,Sant Martí de Provençals,229,10121,91,3,2
2026-01-01,10,Sant Martí,72,Sant Martí de Provençals,229,10121,27,4,1
2026-01-01,10,Sant Martí,72,Sant Martí de Provençals,229,10121,32,4,2
2026-01-01,10,Sant Martí,72,Sant Martí de Provençals,229,10121,253,5,1
2026-01-01,10,Sant Martí,72,Sant Martí de Provençals,229,10121,216,5,2
2026-01-01,10,Sant Martí,72,Sant Martí de Provençals,229,10122,430,1,1
2026-01-01,10,Sant Martí,72,Sant Martí de Provençals,229,10122,404,1,2
2026-01-01,10,Sant Martí,72,Sant Martí de Provençals,229,10122,60,2,1
2026-01-01,10,Sant Martí,72,Sant Martí de Provençals,229,10122,49,2,2
2026-01-01,10,Sant Martí,72,Sant Martí de Provençals,229,10122,154,3,1
2026-01-01,10,Sant Martí,72,Sant Martí de Provençals,229,10122,113,3,2
2026-01-01,10,Sant Martí,72,Sant Martí de Provençals,229,10122,14,4,1
2026-01-01,10,Sant Martí,72,Sant Martí de Provençals,229,10122,18,4,2
2026-01-01,10,Sant Martí,72,Sant Martí de Provençals,229,10122,111,5,1
2026-01-01,10,Sant Martí,72,Sant Martí de Provençals,229,10122,98,5,2
2026-01-01,10,Sant Martí,73,la Verneda i la Pau,230,10123,342,1,1
2026-01-01,10,Sant Martí,73,la Verneda i la Pau,230,10123,358,1,2
2026-01-01,10,Sant Martí,73,la Verneda i la Pau,230,10123,33,2,1
2026-01-01,10,Sant Martí,73,la Verneda i la Pau,230,10123,41,2,2
2026-01-01,10,Sant Martí,73,la Verneda i la Pau,230,10123,167,3,1
2026-01-01,10,Sant Martí,73,la Verneda i la Pau,230,10123,114,3,2
2026-01-01,10,Sant Martí,73,la Verneda i la Pau,230,10123,13,4,1
2026-01-01,10,Sant Martí,73,la Verneda i la Pau,230,10123,8,4,2
2026-01-01,10,Sant Martí,73,la Verneda i la Pau,230,10123,157,5,1
2026-01-01,10,Sant Martí,73,la Verneda i la Pau,230,10123,116,5,2
2026-01-01,10,Sant Martí,73,la Verneda i la Pau,230,10124,288,1,1
2026-01-01,10,Sant Martí,73,la Verneda i la Pau,230,10124,265,1,2
2026-01-01,10,Sant Martí,73,la Verneda i la Pau,230,10124,37,2,1
2026-01-01,10,Sant Martí,73,la Verneda i la Pau,230,10124,36,2,2
2026-01-01,10,Sant Martí,73,la Verneda i la Pau,230,10124,134,3,1
2026-01-01,10,Sant Martí,73,la Verneda i la Pau,230,10124,116,3,2
2026-01-01,10,Sant Martí,73,la Verneda i la Pau,230,10124,12,4,1
2026-01-01,10,Sant Martí,73,la Verneda i la Pau,230,10124,11,4,2
2026-01-01,10,Sant Martí,73,la Verneda i la Pau,230,10124,75,5,1
2026-01-01,10,Sant Martí,73,la Verneda i la Pau,230,10124,75,5,2
2026-01-01,10,Sant Martí,73,la Verneda i la Pau,230,10125,265,1,1
2026-01-01,10,Sant Martí,73,la Verneda i la Pau,230,10125,248,1,2
2026-01-01,10,Sant Martí,73,la Verneda i la Pau,230,10125,40,2,1
2026-01-01,10,Sant Martí,73,la Verneda i la Pau,230,10125,36,2,2
2026-01-01,10,Sant Martí,73,la Verneda i la Pau,230,10125,157,3,1
2026-01-01,10,Sant Martí,73,la Verneda i la Pau,230,10125,121,3,2
2026-01-01,10,Sant Martí,73,la Verneda i la Pau,230,10125,11,4,1
2026-01-01,10,Sant Martí,73,la Verneda i la Pau,230,10125,5,4,2
2026-01-01,10,Sant Martí,73,la Verneda i la Pau,230,10125,117,5,1
2026-01-01,10,Sant Martí,73,la Verneda i la Pau,230,10125,112,5,2
2026-01-01,10,Sant Martí,73,la Verneda i la Pau,230,10126,258,1,1
2026-01-01,10,Sant Martí,73,la Verneda i la Pau,230,10126,253,1,2
2026-01-01,10,Sant Martí,73,la Verneda i la Pau,230,10126,36,2,1
2026-01-01,10,Sant Martí,73,la Verneda i la Pau,230,10126,38,2,2
2026-01-01,10,Sant Martí,73,la Verneda i la Pau,230,10126,143,3,1
2026-01-01,10,Sant Martí,73,la Verneda i la Pau,230,10126,105,3,2
2026-01-01,10,Sant Martí,73,la Verneda i la Pau,230,10126,..,4,1
2026-01-01,10,Sant Martí,73,la Verneda i la Pau,230,10126,6,4,2
2026-01-01,10,Sant Martí,73,la Verneda i la Pau,230,10126,59,5,1
2026-01-01,10,Sant Martí,73,la Verneda i la Pau,230,10126,68,5,2
2026-01-01,10,Sant Martí,73,la Verneda i la Pau,230,10126,..,6,1
2026-01-01,10,Sant Martí,73,la Verneda i la Pau,230,10127,287,1,1
2026-01-01,10,Sant Martí,73,la Verneda i la Pau,230,10127,300,1,2
2026-01-01,10,Sant Martí,73,la Verneda i la Pau,230,10127,28,2,1
2026-01-01,10,Sant Martí,73,la Verneda i la Pau,230,10127,32,2,2
2026-01-01,10,Sant Martí,73,la Verneda i la Pau,230,10127,92,3,1
2026-01-01,10,Sant Martí,73,la Verneda i la Pau,230,10127,73,3,2
2026-01-01,10,Sant Martí,73,la Verneda i la Pau,230,10127,12,4,1
2026-01-01,10,Sant Martí,73,la Verneda i la Pau,230,10127,11,4,2
2026-01-01,10,Sant Martí,73,la Verneda i la Pau,230,10127,91,5,1
2026-01-01,10,Sant Martí,73,la Verneda i la Pau,230,10127,75,5,2
2026-01-01,10,Sant Martí,73,la Verneda i la Pau,230,10128,437,1,1
2026-01-01,10,Sant Martí,73,la Verneda i la Pau,230,10128,363,1,2
2026-01-01,10,Sant Martí,73,la Verneda i la Pau,230,10128,50,2,1
2026-01-01,10,Sant Martí,73,la Verneda i la Pau,230,10128,50,2,2
2026-01-01,10,Sant Martí,73,la Verneda i la Pau,230,10128,222,3,1
2026-01-01,10,Sant Martí,73,la Verneda i la Pau,230,10128,168,3,2
2026-01-01,10,Sant Martí,73,la Verneda i la Pau,230,10128,24,4,1
2026-01-01,10,Sant Martí,73,la Verneda i la Pau,230,10128,12,4,2
2026-01-01,10,Sant Martí,73,la Verneda i la Pau,230,10128,133,5,1
2026-01-01,10,Sant Martí,73,la Verneda i la Pau,230,10128,115,5,2
2026-01-01,10,Sant Martí,73,la Verneda i la Pau,230,10129,269,1,1
2026-01-01,10,Sant Martí,73,la Verneda i la Pau,230,10129,301,1,2
2026-01-01,10,Sant Martí,73,la Verneda i la Pau,230,10129,41,2,1
2026-01-01,10,Sant Martí,73,la Verneda i la Pau,230,10129,35,2,2
2026-01-01,10,Sant Martí,73,la Verneda i la Pau,230,10129,174,3,1
2026-01-01,10,Sant Martí,73,la Verneda i la Pau,230,10129,122,3,2
2026-01-01,10,Sant Martí,73,la Verneda i la Pau,230,10129,8,4,1
2026-01-01,10,Sant Martí,73,la Verneda i la Pau,230,10129,11,4,2
2026-01-01,10,Sant Martí,73,la Verneda i la Pau,230,10129,86,5,1
2026-01-01,10,Sant Martí,73,la Verneda i la Pau,230,10129,77,5,2
2026-01-01,10,Sant Martí,73,la Verneda i la Pau,231,10130,262,1,1
2026-01-01,10,Sant Martí,73,la Verneda i la Pau,231,10130,269,1,2
2026-01-01,10,Sant Martí,73,la Verneda i la Pau,231,10130,41,2,1
2026-01-01,10,Sant Martí,73,la Verneda i la Pau,231,10130,32,2,2
2026-01-01,10,Sant Martí,73,la Verneda i la Pau,231,10130,144,3,1
2026-01-01,10,Sant Martí,73,la Verneda i la Pau,231,10130,111,3,2
2026-01-01,10,Sant Martí,73,la Verneda i la Pau,231,10130,16,4,1
2026-01-01,10,Sant Martí,73,la Verneda i la Pau,231,10130,17,4,2
2026-01-01,10,Sant Martí,73,la Verneda i la Pau,231,10130,187,5,1
2026-01-01,10,Sant Martí,73,la Verneda i la Pau,231,10130,165,5,2
2026-01-01,10,Sant Martí,73,la Verneda i la Pau,231,10131,267,1,1
2026-01-01,10,Sant Martí,73,la Verneda i la Pau,231,10131,250,1,2
2026-01-01,10,Sant Martí,73,la Verneda i la Pau,231,10131,32,2,1
2026-01-01,10,Sant Martí,73,la Verneda i la Pau,231,10131,37,2,2
2026-01-01,10,Sant Martí,73,la Verneda i la Pau,231,10131,173,3,1
2026-01-01,10,Sant Martí,73,la Verneda i la Pau,231,10131,132,3,2
2026-01-01,10,Sant Martí,73,la Verneda i la Pau,231,10131,..,4,1
2026-01-01,10,Sant Martí,73,la Verneda i la Pau,231,10131,5,4,2
2026-01-01,10,Sant Martí,73,la Verneda i la Pau,231,10131,55,5,1
2026-01-01,10,Sant Martí,73,la Verneda i la Pau,231,10131,51,5,2
2026-01-01,10,Sant Martí,73,la Verneda i la Pau,231,10132,266,1,1
2026-01-01,10,Sant Martí,73,la Verneda i la Pau,231,10132,265,1,2
2026-01-01,10,Sant Martí,73,la Verneda i la Pau,231,10132,34,2,1
2026-01-01,10,Sant Martí,73,la Verneda i la Pau,231,10132,32,2,2
2026-01-01,10,Sant Martí,73,la Verneda i la Pau,231,10132,164,3,1
2026-01-01,10,Sant Martí,73,la Verneda i la Pau,231,10132,124,3,2
2026-01-01,10,Sant Martí,73,la Verneda i la Pau,231,10132,14,4,1
2026-01-01,10,Sant Martí,73,la Verneda i la Pau,231,10132,14,4,2
2026-01-01,10,Sant Martí,73,la Verneda i la Pau,231,10132,185,5,1
2026-01-01,10,Sant Martí,73,la Verneda i la Pau,231,10132,148,5,2
2026-01-01,10,Sant Martí,73,la Verneda i la Pau,231,10133,359,1,1
2026-01-01,10,Sant Martí,73,la Verneda i la Pau,231,10133,381,1,2
2026-01-01,10,Sant Martí,73,la Verneda i la Pau,231,10133,55,2,1
2026-01-01,10,Sant Martí,73,la Verneda i la Pau,231,10133,37,2,2
2026-01-01,10,Sant Martí,73,la Verneda i la Pau,231,10133,253,3,1
2026-01-01,10,Sant Martí,73,la Verneda i la Pau,231,10133,162,3,2
2026-01-01,10,Sant Martí,73,la Verneda i la Pau,231,10133,26,4,1
2026-01-01,10,Sant Martí,73,la Verneda i la Pau,231,10133,22,4,2
2026-01-01,10,Sant Martí,73,la Verneda i la Pau,231,10133,244,5,1
2026-01-01,10,Sant Martí,73,la Verneda i la Pau,231,10133,230,5,2
2026-01-01,10,Sant Martí,73,la Verneda i la Pau,231,10134,403,1,1
2026-01-01,10,Sant Martí,73,la Verneda i la Pau,231,10134,356,1,2
2026-01-01,10,Sant Martí,73,la Verneda i la Pau,231,10134,55,2,1
2026-01-01,10,Sant Martí,73,la Verneda i la Pau,231,10134,46,2,2
2026-01-01,10,Sant Martí,73,la Verneda i la Pau,231,10134,158,3,1
2026-01-01,10,Sant Martí,73,la Verneda i la Pau,231,10134,94,3,2
2026-01-01,10,Sant Martí,73,la Verneda i la Pau,231,10134,15,4,1
2026-01-01,10,Sant Martí,73,la Verneda i la Pau,231,10134,24,4,2
2026-01-01,10,Sant Martí,73,la Verneda i la Pau,231,10134,261,5,1
2026-01-01,10,Sant Martí,73,la Verneda i la Pau,231,10134,221,5,2
2026-01-01,10,Sant Martí,73,la Verneda i la Pau,231,10134,..,6,1
2026-01-01,10,Sant Martí,73,la Verneda i la Pau,231,10135,241,1,1
2026-01-01,10,Sant Martí,73,la Verneda i la Pau,231,10135,265,1,2
2026-01-01,10,Sant Martí,73,la Verneda i la Pau,231,10135,36,2,1
2026-01-01,10,Sant Martí,73,la Verneda i la Pau,231,10135,37,2,2
2026-01-01,10,Sant Martí,73,la Verneda i la Pau,231,10135,167,3,1
2026-01-01,10,Sant Martí,73,la Verneda i la Pau,231,10135,117,3,2
2026-01-01,10,Sant Martí,73,la Verneda i la Pau,231,10135,25,4,1
2026-01-01,10,Sant Martí,73,la Verneda i la Pau,231,10135,23,4,2
2026-01-01,10,Sant Martí,73,la Verneda i la Pau,231,10135,162,5,1
2026-01-01,10,Sant Martí,73,la Verneda i la Pau,231,10135,125,5,2
2026-01-01,10,Sant Martí,73,la Verneda i la Pau,232,10136,295,1,1
2026-01-01,10,Sant Martí,73,la Verneda i la Pau,232,10136,298,1,2
2026-01-01,10,Sant Martí,73,la Verneda i la Pau,232,10136,42,2,1
2026-01-01,10,Sant Martí,73,la Verneda i la Pau,232,10136,41,2,2
2026-01-01,10,Sant Martí,73,la Verneda i la Pau,232,10136,198,3,1
2026-01-01,10,Sant Martí,73,la Verneda i la Pau,232,10136,151,3,2
2026-01-01,10,Sant Martí,73,la Verneda i la Pau,232,10136,13,4,1
2026-01-01,10,Sant Martí,73,la Verneda i la Pau,232,10136,10,4,2
2026-01-01,10,Sant Martí,73,la Verneda i la Pau,232,10136,241,5,1
2026-01-01,10,Sant Martí,73,la Verneda i la Pau,232,10136,220,5,2
2026-01-01,10,Sant Martí,73,la Verneda i la Pau,232,10136,..,6,1
2026-01-01,10,Sant Martí,73,la Verneda i la Pau,232,10136,..,6,2
2026-01-01,10,Sant Martí,73,la Verneda i la Pau,232,10137,379,1,1
2026-01-01,10,Sant Martí,73,la Verneda i la Pau,232,10137,362,1,2
2026-01-01,10,Sant Martí,73,la Verneda i la Pau,232,10137,51,2,1
2026-01-01,10,Sant Martí,73,la Verneda i la Pau,232,10137,61,2,2
2026-01-01,10,Sant Martí,73,la Verneda i la Pau,232,10137,194,3,1
2026-01-01,10,Sant Martí,73,la Verneda i la Pau,232,10137,121,3,2
2026-01-01,10,Sant Martí,73,la Verneda i la Pau,232,10137,21,4,1
2026-01-01,10,Sant Martí,73,la Verneda i la Pau,232,10137,21,4,2
2026-01-01,10,Sant Martí,73,la Verneda i la Pau,232,10137,218,5,1
2026-01-01,10,Sant Martí,73,la Verneda i la Pau,232,10137,203,5,2
2026-01-01,10,Sant Martí,73,la Verneda i la Pau,232,10138,497,1,1
2026-01-01,10,Sant Martí,73,la Verneda i la Pau,232,10138,513,1,2
2026-01-01,10,Sant Martí,73,la Verneda i la Pau,232,10138,70,2,1
2026-01-01,10,Sant Martí,73,la Verneda i la Pau,232,10138,67,2,2
2026-01-01,10,Sant Martí,73,la Verneda i la Pau,232,10138,156,3,1
2026-01-01,10,Sant Martí,73,la Verneda i la Pau,232,10138,121,3,2
2026-01-01,10,Sant Martí,73,la Verneda i la Pau,232,10138,72,4,1
2026-01-01,10,Sant Martí,73,la Verneda i la Pau,232,10138,82,4,2
2026-01-01,10,Sant Martí,73,la Verneda i la Pau,232,10138,866,5,1
2026-01-01,10,Sant Martí,73,la Verneda i la Pau,232,10138,877,5,2
2026-01-01,10,Sant Martí,73,la Verneda i la Pau,232,10138,..,6,1
2026-01-01,10,Sant Martí,73,la Verneda i la Pau,232,10139,283,1,1
2026-01-01,10,Sant Martí,73,la Verneda i la Pau,232,10139,322,1,2
2026-01-01,10,Sant Martí,73,la Verneda i la Pau,232,10139,47,2,1
2026-01-01,10,Sant Martí,73,la Verneda i la Pau,232,10139,49,2,2
2026-01-01,10,Sant Martí,73,la Verneda i la Pau,232,10139,204,3,1
2026-01-01,10,Sant Martí,73,la Verneda i la Pau,232,10139,138,3,2
2026-01-01,10,Sant Martí,73,la Verneda i la Pau,232,10139,19,4,1
2026-01-01,10,Sant Martí,73,la Verneda i la Pau,232,10139,25,4,2
2026-01-01,10,Sant Martí,73,la Verneda i la Pau,232,10139,346,5,1
2026-01-01,10,Sant Martí,73,la Verneda i la Pau,232,10139,299,5,2
2026-01-01,10,Sant Martí,73,la Verneda i la Pau,232,10139,..,6,1
2026-01-01,10,Sant Martí,73,la Verneda i la Pau,233,10140,354,1,1
2026-01-01,10,Sant Martí,73,la Verneda i la Pau,233,10140,378,1,2
2026-01-01,10,Sant Martí,73,la Verneda i la Pau,233,10140,62,2,1
2026-01-01,10,Sant Martí,73,la Verneda i la Pau,233,10140,59,2,2
2026-01-01,10,Sant Martí,73,la Verneda i la Pau,233,10140,138,3,1
2026-01-01,10,Sant Martí,73,la Verneda i la Pau,233,10140,109,3,2
2026-01-01,10,Sant Martí,73,la Verneda i la Pau,233,10140,14,4,1
2026-01-01,10,Sant Martí,73,la Verneda i la Pau,233,10140,20,4,2
2026-01-01,10,Sant Martí,73,la Verneda i la Pau,233,10140,301,5,1
2026-01-01,10,Sant Martí,73,la Verneda i la Pau,233,10140,304,5,2
2026-01-01,10,Sant Martí,73,la Verneda i la Pau,233,10141,290,1,1
2026-01-01,10,Sant Martí,73,la Verneda i la Pau,233,10141,327,1,2
2026-01-01,10,Sant Martí,73,la Verneda i la Pau,233,10141,43,2,1
2026-01-01,10,Sant Martí,73,la Verneda i la Pau,233,10141,26,2,2
2026-01-01,10,Sant Martí,73,la Verneda i la Pau,233,10141,121,3,1
2026-01-01,10,Sant Martí,73,la Verneda i la Pau,233,10141,67,3,2
2026-01-01,10,Sant Martí,73,la Verneda i la Pau,233,10141,10,4,1
2026-01-01,10,Sant Martí,73,la Verneda i la Pau,233,10141,5,4,2
2026-01-01,10,Sant Martí,73,la Verneda i la Pau,233,10141,138,5,1
2026-01-01,10,Sant Martí,73,la Verneda i la Pau,233,10141,127,5,2
2026-01-01,10,Sant Martí,73,la Verneda i la Pau,233,10142,408,1,1
2026-01-01,10,Sant Martí,73,la Verneda i la Pau,233,10142,368,1,2
2026-01-01,10,Sant Martí,73,la Verneda i la Pau,233,10142,47,2,1
2026-01-01,10,Sant Martí,73,la Verneda i la Pau,233,10142,58,2,2
2026-01-01,10,Sant Martí,73,la Verneda i la Pau,233,10142,148,3,1
2026-01-01,10,Sant Martí,73,la Verneda i la Pau,233,10142,104,3,2
2026-01-01,10,Sant Martí,73,la Verneda i la Pau,233,10142,20,4,1
2026-01-01,10,Sant Martí,73,la Verneda i la Pau,233,10142,18,4,2
2026-01-01,10,Sant Martí,73,la Verneda i la Pau,233,10142,280,5,1
2026-01-01,10,Sant Martí,73,la Verneda i la Pau,233,10142,285,5,2
2026-01-01,10,Sant Martí,73,la Verneda i la Pau,233,10143,406,1,1
2026-01-01,10,Sant Martí,73,la Verneda i la Pau,233,10143,395,1,2
2026-01-01,10,Sant Martí,73,la Verneda i la Pau,233,10143,70,2,1
2026-01-01,10,Sant Martí,73,la Verneda i la Pau,233,10143,61,2,2
2026-01-01,10,Sant Martí,73,la Verneda i la Pau,233,10143,146,3,1
2026-01-01,10,Sant Martí,73,la Verneda i la Pau,233,10143,97,3,2
2026-01-01,10,Sant Martí,73,la Verneda i la Pau,233,10143,15,4,1
2026-01-01,10,Sant Martí,73,la Verneda i la Pau,233,10143,16,4,2
2026-01-01,10,Sant Martí,73,la Verneda i la Pau,233,10143,324,5,1
2026-01-01,10,Sant Martí,73,la Verneda i la Pau,233,10143,307,5,2
