Data_Referencia,Codi_Districte,Nom_Districte,Codi_Barri,Nom_Barri,AEB,Seccio_Censal,Valor,TIPUS_DOMICILI
2026-01-01,1,Ciutat Vella,1,el Raval,1,1001,66,1
2026-01-01,1,Ciutat Vella,1,el Raval,1,1001,78,2
2026-01-01,1,Ciutat Vella,1,el Raval,1,1001,27,3
2026-01-01,1,Ciutat Vella,1,el Raval,1,1001,18,4
2026-01-01,1,Ciutat Vella,1,el Raval,1,1001,97,5
2026-01-01,1,Ciutat Vella,1,el Raval,1,1001,21,6
2026-01-01,1,Ciutat Vella,1,el Raval,1,1001,33,7
2026-01-01,1,Ciutat Vella,1,el Raval,1,1001,96,8
2026-01-01,1,Ciutat Vella,1,el Raval,1,1001,10,9
2026-01-01,1,Ciutat Vella,1,el Raval,1,1001,47,11
2026-01-01,1,Ciutat Vella,1,el Raval,1,1001,51,12
2026-01-01,1,Ciutat Vella,1,el Raval,1,1002,70,1
2026-01-01,1,Ciutat Vella,1,el Raval,1,1002,85,2
2026-01-01,1,Ciutat Vella,1,el Raval,1,1002,39,3
2026-01-01,1,Ciutat Vella,1,el Raval,1,1002,32,4
2026-01-01,1,Ciutat Vella,1,el Raval,1,1002,114,5
2026-01-01,1,Ciutat Vella,1,el Raval,1,1002,21,6
2026-01-01,1,Ciutat Vella,1,el Raval,1,1002,18,7
2026-01-01,1,Ciutat Vella,1,el Raval,1,1002,112,8
2026-01-01,1,Ciutat Vella,1,el Raval,1,1002,10,9
2026-01-01,1,Ciutat Vella,1,el Raval,1,1002,41,11
2026-01-01,1,Ciutat Vella,1,el Raval,1,1002,36,12
2026-01-01,1,Ciutat Vella,1,el Raval,2,1003,92,1
2026-01-01,1,Ciutat Vella,1,el Raval,2,1003,152,2
2026-01-01,1,Ciutat Vella,1,el Raval,2,1003,56,3
2026-01-01,1,Ciutat Vella,1,el Raval,2,1003,36,4
2026-01-01,1,Ciutat Vella,1,el Raval,2,1003,144,5
2026-01-01,1,Ciutat Vella,1,el Raval,2,1003,41,6
2026-01-01,1,Ciutat Vella,1,el Raval,2,1003,49,7
2026-01-01,1,Ciutat Vella,1,el Raval,2,1003,248,8
2026-01-01,1,Ciutat Vella,1,el Raval,2,1003,18,9
2026-01-01,1,Ciutat Vella,1,el Raval,2,1003,4,10
2026-01-01,1,Ciutat Vella,1,el Raval,2,1003,98,11
2026-01-01,1,Ciutat Vella,1,el Raval,2,1003,138,12
2026-01-01,1,Ciutat Vella,1,el Raval,2,1004,123,1
2026-01-01,1,Ciutat Vella,1,el Raval,2,1004,210,2
2026-01-01,1,Ciutat Vella,1,el Raval,2,1004,59,3
2026-01-01,1,Ciutat Vella,1,el Raval,2,1004,36,4
2026-01-01,1,Ciutat Vella,1,el Raval,2,1004,207,5
2026-01-01,1,Ciutat Vella,1,el Raval,2,1004,22,6
2026-01-01,1,Ciutat Vella,1,el Raval,2,1004,40,7
2026-01-01,1,Ciutat Vella,1,el Raval,2,1004,232,8
2026-01-01,1,Ciutat Vella,1,el Raval,2,1004,20,9
2026-01-01,1,Ciutat Vella,1,el Raval,2,1004,5,10
2026-01-01,1,Ciutat Vella,1,el Raval,2,1004,110,11
2026-01-01,1,Ciutat Vella,1,el Raval,2,1004,95,12
2026-01-01,1,Ciutat Vella,1,el Raval,3,1005,110,1
2026-01-01,1,Ciutat Vella,1,el Raval,3,1005,170,2
2026-01-01,1,Ciutat Vella,1,el Raval,3,1005,64,3
2026-01-01,1,Ciutat Vella,1,el Raval,3,1005,40,4
2026-01-01,1,Ciutat Vella,1,el Raval,3,1005,162,5
2026-01-01,1,Ciutat Vella,1,el Raval,3,1005,25,6
2026-01-01,1,Ciutat Vella,1,el Raval,3,1005,34,7
2026-01-01,1,Ciutat Vella,1,el Raval,3,1005,198,8
2026-01-01,1,Ciutat Vella,1,el Raval,3,1005,30,9
2026-01-01,1,Ciutat Vella,1,el Raval,3,1005,3,10
2026-01-01,1,Ciutat Vella,1,el Raval,3,1005,75,11
2026-01-01,1,Ciutat Vella,1,el Raval,3,1005,78,12
2026-01-01,1,Ciutat Vella,1,el Raval,3,1006,77,1
2026-01-01,1,Ciutat Vella,1,el Raval,3,1006,98,2
2026-01-01,1,Ciutat Vella,1,el Raval,3,1006,34,3
2026-01-01,1,Ciutat Vella,1,el Raval,3,1006,27,4
2026-01-01,1,Ciutat Vella,1,el Raval,3,1006,98,5
2026-01-01,1,Ciutat Vella,1,el Raval,3,1006,15,6
2026-01-01,1,Ciutat Vella,1,el Raval,3,1006,14,7
2026-01-01,1,Ciutat Vella,1,el Raval,3,1006,155,8
2026-01-01,1,Ciutat Vella,1,el Raval,3,1006,10,9
2026-01-01,1,Ciutat Vella,1,el Raval,3,1006,2,10
2026-01-01,1,Ciutat Vella,1,el Raval,3,1006,61,11
2026-01-01,1,Ciutat Vella,1,el Raval,3,1006,64,12
2026-01-01,1,Ciutat Vella,1,el Raval,3,1007,62,1
2026-01-01,1,Ciutat Vella,1,el Raval,3,1007,116,2
2026-01-01,1,Ciutat Vella,1,el Raval,3,1007,24,3
2026-01-01,1,Ciutat Vella,1,el Raval,3,1007,21,4
2026-01-01,1,Ciutat Vella,1,el Raval,3,1007,119,5
2026-01-01,1,Ciutat Vella,1,el Raval,3,1007,14,6
2026-01-01,1,Ciutat Vella,1,el Raval,3,1007,21,7
2026-01-01,1,Ciutat Vella,1,el Raval,3,1007,150,8
2026-01-01,1,Ciutat Vella,1,el Raval,3,1007,17,9
2026-01-01,1,Ciutat Vella,1,el Raval,3,1007,4,10
2026-01-01,1,Ciutat Vella,1,el Raval,3,1007,73,11
2026-01-01,1,Ciutat Vella,1,el Raval,3,1007,89,12
2026-01-01,1,Ciutat Vella,1,el Raval,4,1008,69,1
2026-01-01,1,Ciutat Vella,1,el Raval,4,1008,135,2
2026-01-01,1,Ciutat Vella,1,el Raval,4,1008,84,3
2026-01-01,1,Ciutat Vella,1,el Raval,4,1008,50,4
2026-01-01,1,Ciutat Vella,1,el Raval,4,1008,125,5
2026-01-01,1,Ciutat Vella,1,el Raval,4,1008,25,6
2026-01-01,1,Ciutat Vella,1,el Raval,4,1008,33,7
2026-01-01,1,Ciutat Vella,1,el Raval,4,1008,218,8
2026-01-01,1,Ciutat Vella,1,el Raval,4,1008,15,9
2026-01-01,1,Ciutat Vella,1,el Raval,4,1008,4,10
2026-01-01,1,Ciutat Vella,1,el Raval,4,1008,142,11
2026-01-01,1,Ciutat Vella,1,el Raval,4,1008,163,12
2026-01-01,1,Ciutat Vella,1,el Raval,4,1009,76,1
2026-01-01,1,Ciutat Vella,1,el Raval,4,1009,145,2
2026-01-01,1,Ciutat Vella,1,el Raval,4,1009,63,3
2026-01-01,1,Ciutat Vella,1,el Raval,4,1009,20,4
2026-01-01,1,Ciutat Vella,1,el Raval,4,1009,123,5
2026-01-01,1,Ciutat Vella,1,el Raval,4,1009,28,6
2026-01-01,1,Ciutat Vella,1,el Raval,4,1009,29,7
2026-01-01,1,Ciutat Vella,1,el Raval,4,1009,173,8
2026-01-01,1,Ciutat Vella,1,el Raval,4,1009,24,9
2026-01-01,1,Ciutat Vella,1,el Raval,4,1009,1,10
2026-01-01,1,Ciutat Vella,1,el Raval,4,1009,80,11
2026-01-01,1,Ciutat Vella,1,el Raval,4,1009,96,12
2026-01-01,1,Ciutat Vella,1,el Raval,4,1010,71,1
2026-01-01,1,Ciutat Vella,1,el Raval,4,1010,135,2
2026-01-01,1,Ciutat Vella,1,el Raval,4,1010,21,3
2026-01-01,1,Ciutat Vella,1,el Raval,4,1010,19,4
2026-01-01,1,Ciutat Vella,1,el Raval,4,1010,146,5
2026-01-01,1,Ciutat Vella,1,el Raval,4,1010,18,6
2026-01-01,1,Ciutat Vella,1,el Raval,4,1010,36,7
2026-01-01,1,Ciutat Vella,1,el Raval,4,1010,181,8
2026-01-01,1,Ciutat Vella,1,el Raval,4,1010,8,9
2026-01-01,1,Ciutat Vella,1,el Raval,4,1010,2,10
2026-01-01,1,Ciutat Vella,1,el Raval,4,1010,105,11
2026-01-01,1,Ciutat Vella,1,el Raval,4,1010,122,12
2026-01-01,1,Ciutat Vella,1,el Raval,5,1011,143,1
2026-01-01,1,Ciutat Vella,1,el Raval,5,1011,206,2
2026-01-01,1,Ciutat Vella,1,el Raval,5,1011,42,3
2026-01-01,1,Ciutat Vella,1,el Raval,5,1011,38,4
2026-01-01,1,Ciutat Vella,1,el Raval,5,1011,197,5
2026-01-01,1,Ciutat Vella,1,el Raval,5,1011,12,6
2026-01-01,1,Ciutat Vella,1,el Raval,5,1011,39,7
2026-01-01,1,Ciutat Vella,1,el Raval,5,1011,242,8
2026-01-01,1,Ciutat Vella,1,el Raval,5,1011,30,9
2026-01-01,1,Ciutat Vella,1,el Raval,5,1011,5,10
2026-01-01,1,Ciutat Vella,1,el Raval,5,1011,106,11
2026-01-01,1,Ciutat Vella,1,el Raval,5,1011,124,12
2026-01-01,1,Ciutat Vella,1,el Raval,5,1012,83,1
2026-01-01,1,Ciutat Vella,1,el Raval,5,1012,118,2
2026-01-01,1,Ciutat Vella,1,el Raval,5,1012,42,3
2026-01-01,1,Ciutat Vella,1,el Raval,5,1012,25,4
2026-01-01,1,Ciutat Vella,1,el Raval,5,1012,139,5
2026-01-01,1,Ciutat Vella,1,el Raval,5,1012,22,6
2026-01-01,1,Ciutat Vella,1,el Raval,5,1012,31,7
2026-01-01,1,Ciutat Vella,1,el Raval,5,1012,169,8
2026-01-01,1,Ciutat Vella,1,el Raval,5,1012,9,9
2026-01-01,1,Ciutat Vella,1,el Raval,5,1012,3,10
2026-01-01,1,Ciutat Vella,1,el Raval,5,1012,63,11
2026-01-01,1,Ciutat Vella,1,el Raval,5,1012,84,12
2026-01-01,1,Ciutat Vella,1,el Raval,5,1013,36,1
2026-01-01,1,Ciutat Vella,1,el Raval,5,1013,61,2
2026-01-01,1,Ciutat Vella,1,el Raval,5,1013,40,3
2026-01-01,1,Ciutat Vella,1,el Raval,5,1013,13,4
2026-01-01,1,Ciutat Vella,1,el Raval,5,1013,73,5
2026-01-01,1,Ciutat Vella,1,el Raval,5,1013,25,6
2026-01-01,1,Ciutat Vella,1,el Raval,5,1013,22,7
2026-01-01,1,Ciutat Vella,1,el Raval,5,1013,124,8
2026-01-01,1,Ciutat Vella,1,el Raval,5,1013,5,9
2026-01-01,1,Ciutat Vella,1,el Raval,5,1013,1,10
2026-01-01,1,Ciutat Vella,1,el Raval,5,1013,34,11
2026-01-01,1,Ciutat Vella,1,el Raval,5,1013,69,12
2026-01-01,1,Ciutat Vella,1,el Raval,6,1014,54,1
2026-01-01,1,Ciutat Vella,1,el Raval,6,1014,77,2
2026-01-01,1,Ciutat Vella,1,el Raval,6,1014,32,3
2026-01-01,1,Ciutat Vella,1,el Raval,6,1014,19,4
2026-01-01,1,Ciutat Vella,1,el Raval,6,1014,109,5
2026-01-01,1,Ciutat Vella,1,el Raval,6,1014,18,6
2026-01-01,1,Ciutat Vella,1,el Raval,6,1014,31,7
2026-01-01,1,Ciutat Vella,1,el Raval,6,1014,138,8
2026-01-01,1,Ciutat Vella,1,el Raval,6,1014,9,9
2026-01-01,1,Ciutat Vella,1,el Raval,6,1014,3,10
2026-01-01,1,Ciutat Vella,1,el Raval,6,1014,41,11
2026-01-01,1,Ciutat Vella,1,el Raval,6,1014,82,12
2026-01-01,1,Ciutat Vella,1,el Raval,6,1015,83,1
2026-01-01,1,Ciutat Vella,1,el Raval,6,1015,113,2
2026-01-01,1,Ciutat Vella,1,el Raval,6,1015,52,3
2026-01-01,1,Ciutat Vella,1,el Raval,6,1015,26,4
2026-01-01,1,Ciutat Vella,1,el Raval,6,1015,134,5
2026-01-01,1,Ciutat Vella,1,el Raval,6,1015,18,6
2026-01-01,1,Ciutat Vella,1,el Raval,6,1015,34,7
2026-01-01,1,Ciutat Vella,1,el Raval,6,1015,222,8
2026-01-01,1,Ciutat Vella,1,el Raval,6,1015,9,9
2026-01-01,1,Ciutat Vella,1,el Raval,6,1015,5,10
2026-01-01,1,Ciutat Vella,1,el Raval,6,1015,76,11
2026-01-01,1,Ciutat Vella,1,el Raval,6,1015,103,12
2026-01-01,1,Ciutat Vella,1,el Raval,6,1016,83,1
2026-01-01,1,Ciutat Vella,1,el Raval,6,1016,105,2
2026-01-01,1,Ciutat Vella,1,el Raval,6,1016,35,3
2026-01-01,1,Ciutat Vella,1,el Raval,6,1016,16,4
2026-01-01,1,Ciutat Vella,1,el Raval,6,1016,130,5
2026-01-01,1,Ciutat Vella,1,el Raval,6,1016,17,6
2026-01-01,1,Ciutat Vella,1,el Raval,6,1016,19,7
2026-01-01,1,Ciutat Vella,1,el Raval,6,1016,176,8
2026-01-01,1,Ciutat Vella,1,el Raval,6,1016,16,9
2026-01-01,1,Ciutat Vella,1,el Raval,6,1016,1,10
2026-01-01,1,Ciutat Vella,1,el Raval,6,1016,63,11
2026-01-01,1,Ciutat Vella,1,el Raval,6,1016,100,12
2026-01-01,1,Ciutat Vella,1,el Raval,6,1017,91,1
2026-01-01,1,Ciutat Vella,1,el Raval,6,1017,116,2
2026-01-01,1,Ciutat Vella,1,el Raval,6,1017,31,3
2026-01-01,1,Ciutat Vella,1,el Raval,6,1017,21,4
2026-01-01,1,Ciutat Vella,1,el Raval,6,1017,137,5
2026-01-01,1,Ciutat Vella,1,el Raval,6,1017,24,6
2026-01-01,1,Ciutat Vella,1,el Raval,6,1017,22,7
2026-01-01,1,Ciutat Vella,1,el Raval,6,1017,222,8
2026-01-01,1,Ciutat Vella,1,el Raval,6,1017,12,9
2026-01-01,1,Ciutat Vella,1,el Raval,6,1017,3,10
2026-01-01,1,Ciutat Vella,1,el Raval,6,1017,79,11
2026-01-01,1,Ciutat Vella,1,el Raval,6,1017,135,12
2026-01-01,1,Ciutat Vella,1,el Raval,7,1018,53,1
2026-01-01,1,Ciutat Vella,1,el Raval,7,1018,72,2
2026-01-01,1,Ciutat Vella,1,el Raval,7,1018,39,3
2026-01-01,1,Ciutat Vella,1,el Raval,7,1018,19,4
2026-01-01,1,Ciutat Vella,1,el Raval,7,1018,77,5
2026-01-01,1,Ciutat Vella,1,el Raval,7,1018,20,6
2026-01-01,1,Ciutat Vella,1,el Raval,7,1018,26,7
2026-01-01,1,Ciutat Vella,1,el Raval,7,1018,125,8
2026-01-01,1,Ciutat Vella,1,el Raval,7,1018,11,9
2026-01-01,1,Ciutat Vella,1,el Raval,7,1018,2,10
2026-01-01,1,Ciutat Vella,1,el Raval,7,1018,47,11
2026-01-01,1,Ciutat Vella,1,el Raval,7,1018,66,12
2026-01-01,1,Ciutat Vella,1,el Raval,7,1019,107,1
2026-01-01,1,Ciutat Vella,1,el Raval,7,1019,189,2
2026-01-01,1,Ciutat Vella,1,el Raval,7,1019,58,3
2026-01-01,1,Ciutat Vella,1,el Raval,7,1019,30,4
2026-01-01,1,Ciutat Vella,1,el Raval,7,1019,206,5
2026-01-01,1,Ciutat Vella,1,el Raval,7,1019,28,6
2026-01-01,1,Ciutat Vella,1,el Raval,7,1019,42,7
2026-01-01,1,Ciutat Vella,1,el Raval,7,1019,243,8
2026-01-01,1,Ciutat Vella,1,el Raval,7,1019,22,9
2026-01-01,1,Ciutat Vella,1,el Raval,7,1019,5,10
2026-01-01,1,Ciutat Vella,1,el Raval,7,1019,97,11
2026-01-01,1,Ciutat Vella,1,el Raval,7,1019,97,12
2026-01-01,1,Ciutat Vella,1,el Raval,7,1020,115,1
2026-01-01,1,Ciutat Vella,1,el Raval,7,1020,140,2
2026-01-01,1,Ciutat Vella,1,el Raval,7,1020,79,3
2026-01-01,1,Ciutat Vella,1,el Raval,7,1020,41,4
2026-01-01,1,Ciutat Vella,1,el Raval,7,1020,173,5
2026-01-01,1,Ciutat Vella,1,el Raval,7,1020,44,6
2026-01-01,1,Ciutat Vella,1,el Raval,7,1020,39,7
2026-01-01,1,Ciutat Vella,1,el Raval,7,1020,219,8
2026-01-01,1,Ciutat Vella,1,el Raval,7,1020,11,9
2026-01-01,1,Ciutat Vella,1,el Raval,7,1020,2,10
2026-01-01,1,Ciutat Vella,1,el Raval,7,1020,48,11
2026-01-01,1,Ciutat Vella,1,el Raval,7,1020,43,12
2026-01-01,1,Ciutat Vella,1,el Raval,8,1021,148,1
2026-01-01,1,Ciutat Vella,1,el Raval,8,1021,176,2
2026-01-01,1,Ciutat Vella,1,el Raval,8,1021,71,3
2026-01-01,1,Ciutat Vella,1,el Raval,8,1021,32,4
2026-01-01,1,Ciutat Vella,1,el Raval,8,1021,189,5
2026-01-01,1,Ciutat Vella,1,el Raval,8,1021,37,6
2026-01-01,1,Ciutat Vella,1,el Raval,8,1021,44,7
2026-01-01,1,Ciutat Vella,1,el Raval,8,1021,191,8
2026-01-01,1,Ciutat Vella,1,el Raval,8,1021,16,9
2026-01-01,1,Ciutat Vella,1,el Raval,8,1021,1,10
2026-01-01,1,Ciutat Vella,1,el Raval,8,1021,45,11
2026-01-01,1,Ciutat Vella,1,el Raval,8,1021,50,12
2026-01-01,1,Ciutat Vella,2,el Barri Gòtic,9,1022,90,1
2026-01-01,1,Ciutat Vella,2,el Barri Gòtic,9,1022,86,2
2026-01-01,1,Ciutat Vella,2,el Barri Gòtic,9,1022,39,3
2026-01-01,1,Ciutat Vella,2,el Barri Gòtic,9,1022,16,4
2026-01-01,1,Ciutat Vella,2,el Barri Gòtic,9,1022,135,5
2026-01-01,1,Ciutat Vella,2,el Barri Gòtic,9,1022,30,6
2026-01-01,1,Ciutat Vella,2,el Barri Gòtic,9,1022,27,7
2026-01-01,1,Ciutat Vella,2,el Barri Gòtic,9,1022,133,8
2026-01-01,1,Ciutat Vella,2,el Barri Gòtic,9,1022,7,9
2026-01-01,1,Ciutat Vella,2,el Barri Gòtic,9,1022,1,10
2026-01-01,1,Ciutat Vella,2,el Barri Gòtic,9,1022,32,11
2026-01-01,1,Ciutat Vella,2,el Barri Gòtic,9,1022,27,12
2026-01-01,1,Ciutat Vella,2,el Barri Gòtic,9,1023,134,1
2026-01-01,1,Ciutat Vella,2,el Barri Gòtic,9,1023,150,2
2026-01-01,1,Ciutat Vella,2,el Barri Gòtic,9,1023,66,3
2026-01-01,1,Ciutat Vella,2,el Barri Gòtic,9,1023,29,4
2026-01-01,1,Ciutat Vella,2,el Barri Gòtic,9,1023,202,5
2026-01-01,1,Ciutat Vella,2,el Barri Gòtic,9,1023,44,6
2026-01-01,1,Ciutat Vella,2,el Barri Gòtic,9,1023,29,7
2026-01-01,1,Ciutat Vella,2,el Barri Gòtic,9,1023,193,8
2026-01-01,1,Ciutat Vella,2,el Barri Gòtic,9,1023,9,9
2026-01-01,1,Ciutat Vella,2,el Barri Gòtic,9,1023,3,10
2026-01-01,1,Ciutat Vella,2,el Barri Gòtic,9,1023,53,11
2026-01-01,1,Ciutat Vella,2,el Barri Gòtic,9,1023,53,12
2026-01-01,1,Ciutat Vella,2,el Barri Gòtic,10,1025,104,1
2026-01-01,1,Ciutat Vella,2,el Barri Gòtic,10,1025,89,2
2026-01-01,1,Ciutat Vella,2,el Barri Gòtic,10,1025,33,3
2026-01-01,1,Ciutat Vella,2,el Barri Gòtic,10,1025,32,4
2026-01-01,1,Ciutat Vella,2,el Barri Gòtic,10,1025,127,5
2026-01-01,1,Ciutat Vella,2,el Barri Gòtic,10,1025,12,6
2026-01-01,1,Ciutat Vella,2,el Barri Gòtic,10,1025,20,7
2026-01-01,1,Ciutat Vella,2,el Barri Gòtic,10,1025,141,8
2026-01-01,1,Ciutat Vella,2,el Barri Gòtic,10,1025,9,9
2026-01-01,1,Ciutat Vella,2,el Barri Gòtic,10,1025,3,10
2026-01-01,1,Ciutat Vella,2,el Barri Gòtic,10,1025,26,11
2026-01-01,1,Ciutat Vella,2,el Barri Gòtic,10,1025,34,12
2026-01-01,1,Ciutat Vella,2,el Barri Gòtic,10,1026,84,1
2026-01-01,1,Ciutat Vella,2,el Barri Gòtic,10,1026,119,2
2026-01-01,1,Ciutat Vella,2,el Barri Gòtic,10,1026,37,3
2026-01-01,1,Ciutat Vella,2,el Barri Gòtic,10,1026,23,4
2026-01-01,1,Ciutat Vella,2,el Barri Gòtic,10,1026,134,5
2026-01-01,1,Ciutat Vella,2,el Barri Gòtic,10,1026,27,6
2026-01-01,1,Ciutat Vella,2,el Barri Gòtic,10,1026,27,7
2026-01-01,1,Ciutat Vella,2,el Barri Gòtic,10,1026,132,8
2026-01-01,1,Ciutat Vella,2,el Barri Gòtic,10,1026,10,9
2026-01-01,1,Ciutat Vella,2,el Barri Gòtic,10,1026,2,10
2026-01-01,1,Ciutat Vella,2,el Barri Gòtic,10,1026,39,11
2026-01-01,1,Ciutat Vella,2,el Barri Gòtic,10,1026,39,12
2026-01-01,1,Ciutat Vella,2,el Barri Gòtic,10,1027,95,1
2026-01-01,1,Ciutat Vella,2,el Barri Gòtic,10,1027,106,2
2026-01-01,1,Ciutat Vella,2,el Barri Gòtic,10,1027,38,3
2026-01-01,1,Ciutat Vella,2,el Barri Gòtic,10,1027,14,4
2026-01-01,1,Ciutat Vella,2,el Barri Gòtic,10,1027,151,5
2026-01-01,1,Ciutat Vella,2,el Barri Gòtic,10,1027,21,6
2026-01-01,1,Ciutat Vella,2,el Barri Gòtic,10,1027,34,7
2026-01-01,1,Ciutat Vella,2,el Barri Gòtic,10,1027,142,8
2026-01-01,1,Ciutat Vella,2,el Barri Gòtic,10,1027,11,9
2026-01-01,1,Ciutat Vella,2,el Barri Gòtic,10,1027,4,10
2026-01-01,1,Ciutat Vella,2,el Barri Gòtic,10,1027,32,11
2026-01-01,1,Ciutat Vella,2,el Barri Gòtic,10,1027,37,12
2026-01-01,1,Ciutat Vella,2,el Barri Gòtic,11,1028,134,1
2026-01-01,1,Ciutat Vella,2,el Barri Gòtic,11,1028,145,2
2026-01-01,1,Ciutat Vella,2,el Barri Gòtic,11,1028,50,3
2026-01-01,1,Ciutat Vella,2,el Barri Gòtic,11,1028,28,4
2026-01-01,1,Ciutat Vella,2,el Barri Gòtic,11,1028,185,5
2026-01-01,1,Ciutat Vella,2,el Barri Gòtic,11,1028,22,6
2026-01-01,1,Ciutat Vella,2,el Barri Gòtic,11,1028,38,7
2026-01-01,1,Ciutat Vella,2,el Barri Gòtic,11,1028,175,8
2026-01-01,1,Ciutat Vella,2,el Barri Gòtic,11,1028,7,9
2026-01-01,1,Ciutat Vella,2,el Barri Gòtic,11,1028,2,10
2026-01-01,1,Ciutat Vella,2,el Barri Gòtic,11,1028,49,11
2026-01-01,1,Ciutat Vella,2,el Barri Gòtic,11,1028,48,12
2026-01-01,1,Ciutat Vella,2,el Barri Gòtic,11,1029,74,1
2026-01-01,1,Ciutat Vella,2,el Barri Gòtic,11,1029,96,2
2026-01-01,1,Ciutat Vella,2,el Barri Gòtic,11,1029,21,3
2026-01-01,1,Ciutat Vella,2,el Barri Gòtic,11,1029,16,4
2026-01-01,1,Ciutat Vella,2,el Barri Gòtic,11,1029,123,5
2026-01-01,1,Ciutat Vella,2,el Barri Gòtic,11,1029,8,6
2026-01-01,1,Ciutat Vella,2,el Barri Gòtic,11,1029,21,7
2026-01-01,1,Ciutat Vella,2,el Barri Gòtic,11,1029,147,8
2026-01-01,1,Ciutat Vella,2,el Barri Gòtic,11,1029,6,9
2026-01-01,1,Ciutat Vella,2,el Barri Gòtic,11,1029,2,10
2026-01-01,1,Ciutat Vella,2,el Barri Gòtic,11,1029,27,11
2026-01-01,1,Ciutat Vella,2,el Barri Gòtic,11,1029,26,12
2026-01-01,1,Ciutat Vella,2,el Barri Gòtic,12,1030,110,1
2026-01-01,1,Ciutat Vella,2,el Barri Gòtic,12,1030,156,2
2026-01-01,1,Ciutat Vella,2,el Barri Gòtic,12,1030,57,3
2026-01-01,1,Ciutat Vella,2,el Barri Gòtic,12,1030,40,4
2026-01-01,1,Ciutat Vella,2,el Barri Gòtic,12,1030,164,5
2026-01-01,1,Ciutat Vella,2,el Barri Gòtic,12,1030,28,6
2026-01-01,1,Ciutat Vella,2,el Barri Gòtic,12,1030,54,7
2026-01-01,1,Ciutat Vella,2,el Barri Gòtic,12,1030,223,8
2026-01-01,1,Ciutat Vella,2,el Barri Gòtic,12,1030,17,9
2026-01-01,1,Ciutat Vella,2,el Barri Gòtic,12,1030,5,10
2026-01-01,1,Ciutat Vella,2,el Barri Gòtic,12,1030,67,11
2026-01-01,1,Ciutat Vella,2,el Barri Gòtic,12,1030,65,12
2026-01-01,1,Ciutat Vella,2,el Barri Gòtic,12,1031,89,1
2026-01-01,1,Ciutat Vella,2,el Barri Gòtic,12,1031,130,2
2026-01-01,1,Ciutat Vella,2,el Barri Gòtic,12,1031,32,3
2026-01-01,1,Ciutat Vella,2,el Barri Gòtic,12,1031,19,4
2026-01-01,1,Ciutat Vella,2,el Barri Gòtic,12,1031,136,5
2026-01-01,1,Ciutat Vella,2,el Barri Gòtic,12,1031,20,6
2026-01-01,1,Ciutat Vella,2,el Barri Gòtic,12,1031,26,7
2026-01-01,1,Ciutat Vella,2,el Barri Gòtic,12,1031,158,8
2026-01-01,1,Ciutat Vella,2,el Barri Gòtic,12,1031,14,9
2026-01-01,1,Ciutat Vella,2,el Barri Gòtic,12,1031,1,10
2026-01-01,1,Ciutat Vella,2,el Barri Gòtic,12,1031,37,11
2026-01-01,1,Ciutat Vella,2,el Barri Gòtic,12,1031,42,12
2026-01-01,1,Ciutat Vella,3,la Barceloneta,13,1032,183,1
2026-01-01,1,Ciutat Vella,3,la Barceloneta,13,1032,155,2
2026-01-01,1,Ciutat Vella,3,la Barceloneta,13,1032,65,3
2026-01-01,1,Ciutat Vella,3,la Barceloneta,13,1032,32,4
2026-01-01,1,Ciutat Vella,3,la Barceloneta,13,1032,164,5
2026-01-01,1,Ciutat Vella,3,la Barceloneta,13,1032,38,6
2026-01-01,1,Ciutat Vella,3,la Barceloneta,13,1032,51,7
2026-01-01,1,Ciutat Vella,3,la Barceloneta,13,1032,134,8
2026-01-01,1,Ciutat Vella,3,la Barceloneta,13,1032,10,9
2026-01-01,1,Ciutat Vella,3,la Barceloneta,13,1032,4,10
2026-01-01,1,Ciutat Vella,3,la Barceloneta,13,1032,36,11
2026-01-01,1,Ciutat Vella,3,la Barceloneta,13,1032,25,12
2026-01-01,1,Ciutat Vella,3,la Barceloneta,13,1033,98,1
2026-01-01,1,Ciutat Vella,3,la Barceloneta,13,1033,98,2
2026-01-01,1,Ciutat Vella,3,la Barceloneta,13,1033,39,3
2026-01-01,1,Ciutat Vella,3,la Barceloneta,13,1033,10,4
2026-01-01,1,Ciutat Vella,3,la Barceloneta,13,1033,98,5
2026-01-01,1,Ciutat Vella,3,la Barceloneta,13,1033,20,6
2026-01-01,1,Ciutat Vella,3,la Barceloneta,13,1033,23,7
2026-01-01,1,Ciutat Vella,3,la Barceloneta,13,1033,76,8
2026-01-01,1,Ciutat Vella,3,la Barceloneta,13,1033,9,9
2026-01-01,1,Ciutat Vella,3,la Barceloneta,13,1033,1,10
2026-01-01,1,Ciutat Vella,3,la Barceloneta,13,1033,31,11
2026-01-01,1,Ciutat Vella,3,la Barceloneta,13,1033,20,12
2026-01-01,1,Ciutat Vella,3,la Barceloneta,13,1034,87,1
2026-01-01,1,Ciutat Vella,3,la Barceloneta,13,1034,96,2
2026-01-01,1,Ciutat Vella,3,la Barceloneta,13,1034,46,3
2026-01-01,1,Ciutat Vella,3,la Barceloneta,13,1034,14,4
2026-01-01,1,Ciutat Vella,3,la Barceloneta,13,1034,109,5
2026-01-01,1,Ciutat Vella,3,la Barceloneta,13,1034,9,6
2026-01-01,1,Ciutat Vella,3,la Barceloneta,13,1034,16,7
2026-01-01,1,Ciutat Vella,3,la Barceloneta,13,1034,70,8
2026-01-01,1,Ciutat Vella,3,la Barceloneta,13,1034,11,9
2026-01-01,1,Ciutat Vella,3,la Barceloneta,13,1034,2,10
2026-01-01,1,Ciutat Vella,3,la Barceloneta,13,1034,25,11
2026-01-01,1,Ciutat Vella,3,la Barceloneta,13,1034,21,12
2026-01-01,1,Ciutat Vella,3,la Barceloneta,14,1035,109,1
2026-01-01,1,Ciutat Vella,3,la Barceloneta,14,1035,107,2
2026-01-01,1,Ciutat Vella,3,la Barceloneta,14,1035,41,3
2026-01-01,1,Ciutat Vella,3,la Barceloneta,14,1035,15,4
2026-01-01,1,Ciutat Vella,3,la Barceloneta,14,1035,128,5
2026-01-01,1,Ciutat Vella,3,la Barceloneta,14,1035,13,6
2026-01-01,1,Ciutat Vella,3,la Barceloneta,14,1035,18,7
2026-01-01,1,Ciutat Vella,3,la Barceloneta,14,1035,91,8
2026-01-01,1,Ciutat Vella,3,la Barceloneta,14,1035,9,9
2026-01-01,1,Ciutat Vella,3,la Barceloneta,14,1035,4,10
2026-01-01,1,Ciutat Vella,3,la Barceloneta,14,1035,28,11
2026-01-01,1,Ciutat Vella,3,la Barceloneta,14,1035,17,12
2026-01-01,1,Ciutat Vella,3,la Barceloneta,14,1036,55,1
2026-01-01,1,Ciutat Vella,3,la Barceloneta,14,1036,54,2
2026-01-01,1,Ciutat Vella,3,la Barceloneta,14,1036,49,3
2026-01-01,1,Ciutat Vella,3,la Barceloneta,14,1036,16,4
2026-01-01,1,Ciutat Vella,3,la Barceloneta,14,1036,79,5
2026-01-01,1,Ciutat Vella,3,la Barceloneta,14,1036,23,6
2026-01-01,1,Ciutat Vella,3,la Barceloneta,14,1036,38,7
2026-01-01,1,Ciutat Vella,3,la Barceloneta,14,1036,94,8
2026-01-01,1,Ciutat Vella,3,la Barceloneta,14,1036,19,9
2026-01-01,1,Ciutat Vella,3,la Barceloneta,14,1036,5,10
2026-01-01,1,Ciutat Vella,3,la Barceloneta,14,1036,37,11
2026-01-01,1,Ciutat Vella,3,la Barceloneta,14,1036,30,12
2026-01-01,1,Ciutat Vella,3,la Barceloneta,15,1037,73,1
2026-01-01,1,Ciutat Vella,3,la Barceloneta,15,1037,73,2
2026-01-01,1,Ciutat Vella,3,la Barceloneta,15,1037,53,3
2026-01-01,1,Ciutat Vella,3,la Barceloneta,15,1037,21,4
2026-01-01,1,Ciutat Vella,3,la Barceloneta,15,1037,101,5
2026-01-01,1,Ciutat Vella,3,la Barceloneta,15,1037,33,6
2026-01-01,1,Ciutat Vella,3,la Barceloneta,15,1037,34,7
2026-01-01,1,Ciutat Vella,3,la Barceloneta,15,1037,123,8
2026-01-01,1,Ciutat Vella,3,la Barceloneta,15,1037,7,9
2026-01-01,1,Ciutat Vella,3,la Barceloneta,15,1037,3,10
2026-01-01,1,Ciutat Vella,3,la Barceloneta,15,1037,42,11
2026-01-01,1,Ciutat Vella,3,la Barceloneta,15,1037,28,12
2026-01-01,1,Ciutat Vella,3,la Barceloneta,15,1038,116,1
2026-01-01,1,Ciutat Vella,3,la Barceloneta,15,1038,146,2
2026-01-01,1,Ciutat Vella,3,la Barceloneta,15,1038,38,3
2026-01-01,1,Ciutat Vella,3,la Barceloneta,15,1038,15,4
2026-01-01,1,Ciutat Vella,3,la Barceloneta,15,1038,145,5
2026-01-01,1,Ciutat Vella,3,la Barceloneta,15,1038,29,6
2026-01-01,1,Ciutat Vella,3,la Barceloneta,15,1038,19,7
2026-01-01,1,Ciutat Vella,3,la Barceloneta,15,1038,112,8
2026-01-01,1,Ciutat Vella,3,la Barceloneta,15,1038,11,9
2026-01-01,1,Ciutat Vella,3,la Barceloneta,15,1038,1,10
2026-01-01,1,Ciutat Vella,3,la Barceloneta,15,1038,42,11
2026-01-01,1,Ciutat Vella,3,la Barceloneta,15,1038,23,12
2026-01-01,1,Ciutat Vella,3,la Barceloneta,15,1039,90,1
2026-01-01,1,Ciutat Vella,3,la Barceloneta,15,1039,84,2
2026-01-01,1,Ciutat Vella,3,la Barceloneta,15,1039,44,3
2026-01-01,1,Ciutat Vella,3,la Barceloneta,15,1039,18,4
2026-01-01,1,Ciutat Vella,3,la Barceloneta,15,1039,109,5
2026-01-01,1,Ciutat Vella,3,la Barceloneta,15,1039,34,6
2026-01-01,1,Ciutat Vella,3,la Barceloneta,15,1039,27,7
2026-01-01,1,Ciutat Vella,3,la Barceloneta,15,1039,121,8
2026-01-01,1,Ciutat Vella,3,la Barceloneta,15,1039,11,9
2026-01-01,1,Ciutat Vella,3,la Barceloneta,15,1039,1,10
2026-01-01,1,Ciutat Vella,3,la Barceloneta,15,1039,27,11
2026-01-01,1,Ciutat Vella,3,la Barceloneta,15,1039,26,12
2026-01-01,1,Ciutat Vella,3,la Barceloneta,15,1040,77,1
2026-01-01,1,Ciutat Vella,3,la Barceloneta,15,1040,88,2
2026-01-01,1,Ciutat Vella,3,la Barceloneta,15,1040,40,3
2026-01-01,1,Ciutat Vella,3,la Barceloneta,15,1040,21,4
2026-01-01,1,Ciutat Vella,3,la Barceloneta,15,1040,94,5
2026-01-01,1,Ciutat Vella,3,la Barceloneta,15,1040,27,6
2026-01-01,1,Ciutat Vella,3,la Barceloneta,15,1040,31,7
2026-01-01,1,Ciutat Vella,3,la Barceloneta,15,1040,76,8
2026-01-01,1,Ciutat Vella,3,la Barceloneta,15,1040,11,9
2026-01-01,1,Ciutat Vella,3,la Barceloneta,15,1040,2,10
2026-01-01,1,Ciutat Vella,3,la Barceloneta,15,1040,34,11
2026-01-01,1,Ciutat Vella,3,la Barceloneta,15,1040,24,12
2026-01-01,1,Ciutat Vella,3,la Barceloneta,15,1041,179,1
2026-01-01,1,Ciutat Vella,3,la Barceloneta,15,1041,132,2
2026-01-01,1,Ciutat Vella,3,la Barceloneta,15,1041,36,3
2026-01-01,1,Ciutat Vella,3,la Barceloneta,15,1041,23,4
2026-01-01,1,Ciutat Vella,3,la Barceloneta,15,1041,170,5
2026-01-01,1,Ciutat Vella,3,la Barceloneta,15,1041,19,6
2026-01-01,1,Ciutat Vella,3,la Barceloneta,15,1041,25,7
2026-01-01,1,Ciutat Vella,3,la Barceloneta,15,1041,100,8
2026-01-01,1,Ciutat Vella,3,la Barceloneta,15,1041,14,9
2026-01-01,1,Ciutat Vella,3,la Barceloneta,15,1041,3,10
2026-01-01,1,Ciutat Vella,3,la Barceloneta,15,1041,47,11
2026-01-01,1,Ciutat Vella,3,la Barceloneta,15,1041,28,12
2026-01-01,1,Ciutat Vella,3,la Barceloneta,15,1042,63,1
2026-01-01,1,Ciutat Vella,3,la Barceloneta,15,1042,60,2
2026-01-01,1,Ciutat Vella,3,la Barceloneta,15,1042,104,3
2026-01-01,1,Ciutat Vella,3,la Barceloneta,15,1042,57,4
2026-01-01,1,Ciutat Vella,3,la Barceloneta,15,1042,105,5
2026-01-01,1,Ciutat Vella,3,la Barceloneta,15,1042,47,6
2026-01-01,1,Ciutat Vella,3,la Barceloneta,15,1042,58,7
2026-01-01,1,Ciutat Vella,3,la Barceloneta,15,1042,156,8
2026-01-01,1,Ciutat Vella,3,la Barceloneta,15,1042,14,9
2026-01-01,1,Ciutat Vella,3,la Barceloneta,15,1042,2,10
2026-01-01,1,Ciutat Vella,3,la Barceloneta,15,1042,53,11
2026-01-01,1,Ciutat Vella,3,la Barceloneta,15,1042,45,12
2026-01-01,1,Ciutat Vella,4,"Sant Pere, Santa Caterina i la Ribera",16,1043,112,1
2026-01-01,1,Ciutat Vella,4,"Sant Pere, Santa Caterina i la Ribera",16,1043,127,2
2026-01-01,1,Ciutat Vella,4,"Sant Pere, Santa Caterina i la Ribera",16,1043,31,3
2026-01-01,1,Ciutat Vella,4,"Sant Pere, Santa Caterina i la Ribera",16,1043,29,4
2026-01-01,1,Ciutat Vella,4,"Sant Pere, Santa Caterina i la Ribera",16,1043,168,5
2026-01-01,1,Ciutat Vella,4,"Sant Pere, Santa Caterina i la Ribera",16,1043,25,6
2026-01-01,1,Ciutat Vella,4,"Sant Pere, Santa Caterina i la Ribera",16,1043,30,7
2026-01-01,1,Ciutat Vella,4,"Sant Pere, Santa Caterina i la Ribera",16,1043,137,8
2026-01-01,1,Ciutat Vella,4,"Sant Pere, Santa Caterina i la Ribera",16,1043,22,9
2026-01-01,1,Ciutat Vella,4,"Sant Pere, Santa Caterina i la Ribera",16,1043,5,10
2026-01-01,1,Ciutat Vella,4,"Sant Pere, Santa Caterina i la Ribera",16,1043,60,11
2026-01-01,1,Ciutat Vella,4,"Sant Pere, Santa Caterina i la Ribera",16,1043,41,12
2026-01-01,1,Ciutat Vella,4,"Sant Pere, Santa Caterina i la Ribera",16,1044,100,1
2026-01-01,1,Ciutat Vella,4,"Sant Pere, Santa Caterina i la Ribera",16,1044,105,2
2026-01-01,1,Ciutat Vella,4,"Sant Pere, Santa Caterina i la Ribera",16,1044,47,3
2026-01-01,1,Ciutat Vella,4,"Sant Pere, Santa Caterina i la Ribera",16,1044,23,4
2026-01-01,1,Ciutat Vella,4,"Sant Pere, Santa Caterina i la Ribera",16,1044,147,5
2026-01-01,1,Ciutat Vella,4,"Sant Pere, Santa Caterina i la Ribera",16,1044,18,6
2026-01-01,1,Ciutat Vella,4,"Sant Pere, Santa Caterina i la Ribera",16,1044,29,7
2026-01-01,1,Ciutat Vella,4,"Sant Pere, Santa Caterina i la Ribera",16,1044,106,8
2026-01-01,1,Ciutat Vella,4,"Sant Pere, Santa Caterina i la Ribera",16,1044,15,9
2026-01-01,1,Ciutat Vella,4,"Sant Pere, Santa Caterina i la Ribera",16,1044,55,11
2026-01-01,1,Ciutat Vella,4,"Sant Pere, Santa Caterina i la Ribera",16,1044,27,12
2026-01-01,1,Ciutat Vella,4,"Sant Pere, Santa Caterina i la Ribera",16,1045,177,1
2026-01-01,1,Ciutat Vella,4,"Sant Pere, Santa Caterina i la Ribera",16,1045,163,2
2026-01-01,1,Ciutat Vella,4,"Sant Pere, Santa Caterina i la Ribera",16,1045,56,3
2026-01-01,1,Ciutat Vella,4,"Sant Pere, Santa Caterina i la Ribera",16,1045,37,4
2026-01-01,1,Ciutat Vella,4,"Sant Pere, Santa Caterina i la Ribera",16,1045,209,5
2026-01-01,1,Ciutat Vella,4,"Sant Pere, Santa Caterina i la Ribera",16,1045,20,6
2026-01-01,1,Ciutat Vella,4,"Sant Pere, Santa Caterina i la Ribera",16,1045,23,7
2026-01-01,1,Ciutat Vella,4,"Sant Pere, Santa Caterina i la Ribera",16,1045,185,8
2026-01-01,1,Ciutat Vella,4,"Sant Pere, Santa Caterina i la Ribera",16,1045,16,9
2026-01-01,1,Ciutat Vella,4,"Sant Pere, Santa Caterina i la Ribera",16,1045,2,10
2026-01-01,1,Ciutat Vella,4,"Sant Pere, Santa Caterina i la Ribera",16,1045,48,11
2026-01-01,1,Ciutat Vella,4,"Sant Pere, Santa Caterina i la Ribera",16,1045,20,12
2026-01-01,1,Ciutat Vella,4,"Sant Pere, Santa Caterina i la Ribera",16,1046,111,1
2026-01-01,1,Ciutat Vella,4,"Sant Pere, Santa Caterina i la Ribera",16,1046,138,2
2026-01-01,1,Ciutat Vella,4,"Sant Pere, Santa Caterina i la Ribera",16,1046,41,3
2026-01-01,1,Ciutat Vella,4,"Sant Pere, Santa Caterina i la Ribera",16,1046,28,4
2026-01-01,1,Ciutat Vella,4,"Sant Pere, Santa Caterina i la Ribera",16,1046,190,5
2026-01-01,1,Ciutat Vella,4,"Sant Pere, Santa Caterina i la Ribera",16,1046,22,6
2026-01-01,1,Ciutat Vella,4,"Sant Pere, Santa Caterina i la Ribera",16,1046,25,7
2026-01-01,1,Ciutat Vella,4,"Sant Pere, Santa Caterina i la Ribera",16,1046,171,8
2026-01-01,1,Ciutat Vella,4,"Sant Pere, Santa Caterina i la Ribera",16,1046,10,9
2026-01-01,1,Ciutat Vella,4,"Sant Pere, Santa Caterina i la Ribera",16,1046,1,10
2026-01-01,1,Ciutat Vella,4,"Sant Pere, Santa Caterina i la Ribera",16,1046,35,11
2026-01-01,1,Ciutat Vella,4,"Sant Pere, Santa Caterina i la Ribera",16,1046,44,12
2026-01-01,1,Ciutat Vella,4,"Sant Pere, Santa Caterina i la Ribera",17,1047,134,1
2026-01-01,1,Ciutat Vella,4,"Sant Pere, Santa Caterina i la Ribera",17,1047,156,2
2026-01-01,1,Ciutat Vella,4,"Sant Pere, Santa Caterina i la Ribera",17,1047,84,3
2026-01-01,1,Ciutat Vella,4,"Sant Pere, Santa Caterina i la Ribera",17,1047,39,4
2026-01-01,1,Ciutat Vella,4,"Sant Pere, Santa Caterina i la Ribera",17,1047,164,5
2026-01-01,1,Ciutat Vella,4,"Sant Pere, Santa Caterina i la Ribera",17,1047,25,6
2026-01-01,1,Ciutat Vella,4,"Sant Pere, Santa Caterina i la Ribera",17,1047,26,7
2026-01-01,1,Ciutat Vella,4,"Sant Pere, Santa Caterina i la Ribera",17,1047,142,8
2026-01-01,1,Ciutat Vella,4,"Sant Pere, Santa Caterina i la Ribera",17,1047,14,9
2026-01-01,1,Ciutat Vella,4,"Sant Pere, Santa Caterina i la Ribera",17,1047,3,10
2026-01-01,1,Ciutat Vella,4,"Sant Pere, Santa Caterina i la Ribera",17,1047,31,11
2026-01-01,1,Ciutat Vella,4,"Sant Pere, Santa Caterina i la Ribera",17,1047,34,12
2026-01-01,1,Ciutat Vella,4,"Sant Pere, Santa Caterina i la Ribera",17,1048,165,1
2026-01-01,1,Ciutat Vella,4,"Sant Pere, Santa Caterina i la Ribera",17,1048,153,2
2026-01-01,1,Ciutat Vella,4,"Sant Pere, Santa Caterina i la Ribera",17,1048,47,3
2026-01-01,1,Ciutat Vella,4,"Sant Pere, Santa Caterina i la Ribera",17,1048,31,4
2026-01-01,1,Ciutat Vella,4,"Sant Pere, Santa Caterina i la Ribera",17,1048,190,5
2026-01-01,1,Ciutat Vella,4,"Sant Pere, Santa Caterina i la Ribera",17,1048,19,6
2026-01-01,1,Ciutat Vella,4,"Sant Pere, Santa Caterina i la Ribera",17,1048,31,7
2026-01-01,1,Ciutat Vella,4,"Sant Pere, Santa Caterina i la Ribera",17,1048,186,8
2026-01-01,1,Ciutat Vella,4,"Sant Pere, Santa Caterina i la Ribera",17,1048,26,9
2026-01-01,1,Ciutat Vella,4,"Sant Pere, Santa Caterina i la Ribera",17,1048,5,10
2026-01-01,1,Ciutat Vella,4,"Sant Pere, Santa Caterina i la Ribera",17,1048,58,11
2026-01-01,1,Ciutat Vella,4,"Sant Pere, Santa Caterina i la Ribera",17,1048,61,12
2026-01-01,1,Ciutat Vella,4,"Sant Pere, Santa Caterina i la Ribera",17,1049,66,1
2026-01-01,1,Ciutat Vella,4,"Sant Pere, Santa Caterina i la Ribera",17,1049,76,2
2026-01-01,1,Ciutat Vella,4,"Sant Pere, Santa Caterina i la Ribera",17,1049,33,3
2026-01-01,1,Ciutat Vella,4,"Sant Pere, Santa Caterina i la Ribera",17,1049,16,4
2026-01-01,1,Ciutat Vella,4,"Sant Pere, Santa Caterina i la Ribera",17,1049,105,5
2026-01-01,1,Ciutat Vella,4,"Sant Pere, Santa Caterina i la Ribera",17,1049,27,6
2026-01-01,1,Ciutat Vella,4,"Sant Pere, Santa Caterina i la Ribera",17,1049,31,7
2026-01-01,1,Ciutat Vella,4,"Sant Pere, Santa Caterina i la Ribera",17,1049,123,8
2026-01-01,1,Ciutat Vella,4,"Sant Pere, Santa Caterina i la Ribera",17,1049,11,9
2026-01-01,1,Ciutat Vella,4,"Sant Pere, Santa Caterina i la Ribera",17,1049,1,10
2026-01-01,1,Ciutat Vella,4,"Sant Pere, Santa Caterina i la Ribera",17,1049,39,11
2026-01-01,1,Ciutat Vella,4,"Sant Pere, Santa Caterina i la Ribera",17,1049,44,12
2026-01-01,1,Ciutat Vella,4,"Sant Pere, Santa Caterina i la Ribera",18,1050,100,1
2026-01-01,1,Ciutat Vella,4,"Sant Pere, Santa Caterina i la Ribera",18,1050,135,2
2026-01-01,1,Ciutat Vella,4,"Sant Pere, Santa Caterina i la Ribera",18,1050,39,3
2026-01-01,1,Ciutat Vella,4,"Sant Pere, Santa Caterina i la Ribera",18,1050,17,4
2026-01-01,1,Ciutat Vella,4,"Sant Pere, Santa Caterina i la Ribera",18,1050,134,5
2026-01-01,1,Ciutat Vella,4,"Sant Pere, Santa Caterina i la Ribera",18,1050,19,6
2026-01-01,1,Ciutat Vella,4,"Sant Pere, Santa Caterina i la Ribera",18,1050,21,7
2026-01-01,1,Ciutat Vella,4,"Sant Pere, Santa Caterina i la Ribera",18,1050,141,8
2026-01-01,1,Ciutat Vella,4,"Sant Pere, Santa Caterina i la Ribera",18,1050,16,9
2026-01-01,1,Ciutat Vella,4,"Sant Pere, Santa Caterina i la Ribera",18,1050,3,10
2026-01-01,1,Ciutat Vella,4,"Sant Pere, Santa Caterina i la Ribera",18,1050,44,11
2026-01-01,1,Ciutat Vella,4,"Sant Pere, Santa Caterina i la Ribera",18,1050,40,12
2026-01-01,1,Ciutat Vella,4,"Sant Pere, Santa Caterina i la Ribera",18,1051,159,1
2026-01-01,1,Ciutat Vella,4,"Sant Pere, Santa Caterina i la Ribera",18,1051,152,2
2026-01-01,1,Ciutat Vella,4,"Sant Pere, Santa Caterina i la Ribera",18,1051,36,3
2026-01-01,1,Ciutat Vella,4,"Sant Pere, Santa Caterina i la Ribera",18,1051,19,4
2026-01-01,1,Ciutat Vella,4,"Sant Pere, Santa Caterina i la Ribera",18,1051,162,5
2026-01-01,1,Ciutat Vella,4,"Sant Pere, Santa Caterina i la Ribera",18,1051,8,6
2026-01-01,1,Ciutat Vella,4,"Sant Pere, Santa Caterina i la Ribera",18,1051,31,7
2026-01-01,1,Ciutat Vella,4,"Sant Pere, Santa Caterina i la Ribera",18,1051,143,8
2026-01-01,1,Ciutat Vella,4,"Sant Pere, Santa Caterina i la Ribera",18,1051,15,9
2026-01-01,1,Ciutat Vella,4,"Sant Pere, Santa Caterina i la Ribera",18,1051,49,11
2026-01-01,1,Ciutat Vella,4,"Sant Pere, Santa Caterina i la Ribera",18,1051,40,12
2026-01-01,1,Ciutat Vella,4,"Sant Pere, Santa Caterina i la Ribera",18,1052,125,1
2026-01-01,1,Ciutat Vella,4,"Sant Pere, Santa Caterina i la Ribera",18,1052,139,2
2026-01-01,1,Ciutat Vella,4,"Sant Pere, Santa Caterina i la Ribera",18,1052,69,3
2026-01-01,1,Ciutat Vella,4,"Sant Pere, Santa Caterina i la Ribera",18,1052,38,4
2026-01-01,1,Ciutat Vella,4,"Sant Pere, Santa Caterina i la Ribera",18,1052,205,5
2026-01-01,1,Ciutat Vella,4,"Sant Pere, Santa Caterina i la Ribera",18,1052,46,6
2026-01-01,1,Ciutat Vella,4,"Sant Pere, Santa Caterina i la Ribera",18,1052,28,7
2026-01-01,1,Ciutat Vella,4,"Sant Pere, Santa Caterina i la Ribera",18,1052,210,8
2026-01-01,1,Ciutat Vella,4,"Sant Pere, Santa Caterina i la Ribera",18,1052,22,9
2026-01-01,1,Ciutat Vella,4,"Sant Pere, Santa Caterina i la Ribera",18,1052,6,10
2026-01-01,1,Ciutat Vella,4,"Sant Pere, Santa Caterina i la Ribera",18,1052,87,11
2026-01-01,1,Ciutat Vella,4,"Sant Pere, Santa Caterina i la Ribera",18,1052,48,12
2026-01-01,1,Ciutat Vella,4,"Sant Pere, Santa Caterina i la Ribera",19,1053,152,1
2026-01-01,1,Ciutat Vella,4,"Sant Pere, Santa Caterina i la Ribera",19,1053,160,2
2026-01-01,1,Ciutat Vella,4,"Sant Pere, Santa Caterina i la Ribera",19,1053,82,3
2026-01-01,1,Ciutat Vella,4,"Sant Pere, Santa Caterina i la Ribera",19,1053,48,4
2026-01-01,1,Ciutat Vella,4,"Sant Pere, Santa Caterina i la Ribera",19,1053,187,5
2026-01-01,1,Ciutat Vella,4,"Sant Pere, Santa Caterina i la Ribera",19,1053,31,6
2026-01-01,1,Ciutat Vella,4,"Sant Pere, Santa Caterina i la Ribera",19,1053,50,7
2026-01-01,1,Ciutat Vella,4,"Sant Pere, Santa Caterina i la Ribera",19,1053,130,8
2026-01-01,1,Ciutat Vella,4,"Sant Pere, Santa Caterina i la Ribera",19,1053,17,9
2026-01-01,1,Ciutat Vella,4,"Sant Pere, Santa Caterina i la Ribera",19,1053,4,10
2026-01-01,1,Ciutat Vella,4,"Sant Pere, Santa Caterina i la Ribera",19,1053,34,11
2026-01-01,1,Ciutat Vella,4,"Sant Pere, Santa Caterina i la Ribera",19,1053,43,12
2026-01-01,1,Ciutat Vella,4,"Sant Pere, Santa Caterina i la Ribera",19,1054,109,1
2026-01-01,1,Ciutat Vella,4,"Sant Pere, Santa Caterina i la Ribera",19,1054,123,2
2026-01-01,1,Ciutat Vella,4,"Sant Pere, Santa Caterina i la Ribera",19,1054,51,3
2026-01-01,1,Ciutat Vella,4,"Sant Pere, Santa Caterina i la Ribera",19,1054,20,4
2026-01-01,1,Ciutat Vella,4,"Sant Pere, Santa Caterina i la Ribera",19,1054,122,5
2026-01-01,1,Ciutat Vella,4,"Sant Pere, Santa Caterina i la Ribera",19,1054,15,6
2026-01-01,1,Ciutat Vella,4,"Sant Pere, Santa Caterina i la Ribera",19,1054,28,7
2026-01-01,1,Ciutat Vella,4,"Sant Pere, Santa Caterina i la Ribera",19,1054,86,8
2026-01-01,1,Ciutat Vella,4,"Sant Pere, Santa Caterina i la Ribera",19,1054,8,9
2026-01-01,1,Ciutat Vella,4,"Sant Pere, Santa Caterina i la Ribera",19,1054,5,10
2026-01-01,1,Ciutat Vella,4,"Sant Pere, Santa Caterina i la Ribera",19,1054,35,11
2026-01-01,1,Ciutat Vella,4,"Sant Pere, Santa Caterina i la Ribera",19,1054,17,12
2026-01-01,1,Ciutat Vella,4,"Sant Pere, Santa Caterina i la Ribera",19,1055,51,1
2026-01-01,1,Ciutat Vella,4,"Sant Pere, Santa Caterina i la Ribera",19,1055,57,2
2026-01-01,1,Ciutat Vella,4,"Sant Pere, Santa Caterina i la Ribera",19,1055,70,3
2026-01-01,1,Ciutat Vella,4,"Sant Pere, Santa Caterina i la Ribera",19,1055,26,4
2026-01-01,1,Ciutat Vella,4,"Sant Pere, Santa Caterina i la Ribera",19,1055,84,5
2026-01-01,1,Ciutat Vella,4,"Sant Pere, Santa Caterina i la Ribera",19,1055,44,6
2026-01-01,1,Ciutat Vella,4,"Sant Pere, Santa Caterina i la Ribera",19,1055,36,7
2026-01-01,1,Ciutat Vella,4,"Sant Pere, Santa Caterina i la Ribera",19,1055,100,8
2026-01-01,1,Ciutat Vella,4,"Sant Pere, Santa Caterina i la Ribera",19,1055,12,9
2026-01-01,1,Ciutat Vella,4,"Sant Pere, Santa Caterina i la Ribera",19,1055,4,10
2026-01-01,1,Ciutat Vella,4,"Sant Pere, Santa Caterina i la Ribera",19,1055,65,11
2026-01-01,1,Ciutat Vella,4,"Sant Pere, Santa Caterina i la Ribera",19,1055,28,12
2026-01-01,2,Eixample,5,el Fort Pienc,20,2001,66,1
2026-01-01,2,Eixample,5,el Fort Pienc,20,2001,83,2
2026-01-01,2,Eixample,5,el Fort Pienc,20,2001,84,3
2026-01-01,2,Eixample,5,el Fort Pienc,20,2001,28,4
2026-01-01,2,Eixample,5,el Fort Pienc,20,2001,69,5
2026-01-01,2,Eixample,5,el Fort Pienc,20,2001,40,6
2026-01-01,2,Eixample,5,el Fort Pienc,20,2001,26,7
2026-01-01,2,Eixample,5,el Fort Pienc,20,2001,111,8
2026-01-01,2,Eixample,5,el Fort Pienc,20,2001,9,9
2026-01-01,2,Eixample,5,el Fort Pienc,20,2001,1,10
2026-01-01,2,Eixample,5,el Fort Pienc,20,2001,55,11
2026-01-01,2,Eixample,5,el Fort Pienc,20,2001,35,12
2026-01-01,2,Eixample,5,el Fort Pienc,20,2002,66,1
2026-01-01,2,Eixample,5,el Fort Pienc,20,2002,61,2
2026-01-01,2,Eixample,5,el Fort Pienc,20,2002,96,3
2026-01-01,2,Eixample,5,el Fort Pienc,20,2002,26,4
2026-01-01,2,Eixample,5,el Fort Pienc,20,2002,106,5
2026-01-01,2,Eixample,5,el Fort Pienc,20,2002,68,6
2026-01-01,2,Eixample,5,el Fort Pienc,20,2002,58,7
2026-01-01,2,Eixample,5,el Fort Pienc,20,2002,132,8
2026-01-01,2,Eixample,5,el Fort Pienc,20,2002,12,9
2026-01-01,2,Eixample,5,el Fort Pienc,20,2002,5,10
2026-01-01,2,Eixample,5,el Fort Pienc,20,2002,72,11
2026-01-01,2,Eixample,5,el Fort Pienc,20,2002,48,12
2026-01-01,2,Eixample,5,el Fort Pienc,20,2003,44,1
2026-01-01,2,Eixample,5,el Fort Pienc,20,2003,45,2
2026-01-01,2,Eixample,5,el Fort Pienc,20,2003,41,3
2026-01-01,2,Eixample,5,el Fort Pienc,20,2003,11,4
2026-01-01,2,Eixample,5,el Fort Pienc,20,2003,52,5
2026-01-01,2,Eixample,5,el Fort Pienc,20,2003,50,6
2026-01-01,2,Eixample,5,el Fort Pienc,20,2003,25,7
2026-01-01,2,Eixample,5,el Fort Pienc,20,2003,87,8
2026-01-01,2,Eixample,5,el Fort Pienc,20,2003,11,9
2026-01-01,2,Eixample,5,el Fort Pienc,20,2003,2,10
2026-01-01,2,Eixample,5,el Fort Pienc,20,2003,34,11
2026-01-01,2,Eixample,5,el Fort Pienc,20,2003,27,12
2026-01-01,2,Eixample,5,el Fort Pienc,20,2004,47,1
2026-01-01,2,Eixample,5,el Fort Pienc,20,2004,33,2
2026-01-01,2,Eixample,5,el Fort Pienc,20,2004,60,3
2026-01-01,2,Eixample,5,el Fort Pienc,20,2004,20,4
2026-01-01,2,Eixample,5,el Fort Pienc,20,2004,83,5
2026-01-01,2,Eixample,5,el Fort Pienc,20,2004,46,6
2026-01-01,2,Eixample,5,el Fort Pienc,20,2004,38,7
2026-01-01,2,Eixample,5,el Fort Pienc,20,2004,119,8
2026-01-01,2,Eixample,5,el Fort Pienc,20,2004,6,9
2026-01-01,2,Eixample,5,el Fort Pienc,20,2004,1,10
2026-01-01,2,Eixample,5,el Fort Pienc,20,2004,69,11
2026-01-01,2,Eixample,5,el Fort Pienc,20,2004,49,12
2026-01-01,2,Eixample,5,el Fort Pienc,20,2005,70,1
2026-01-01,2,Eixample,5,el Fort Pienc,20,2005,59,2
2026-01-01,2,Eixample,5,el Fort Pienc,20,2005,102,3
2026-01-01,2,Eixample,5,el Fort Pienc,20,2005,39,4
2026-01-01,2,Eixample,5,el Fort Pienc,20,2005,105,5
2026-01-01,2,Eixample,5,el Fort Pienc,20,2005,101,6
2026-01-01,2,Eixample,5,el Fort Pienc,20,2005,46,7
2026-01-01,2,Eixample,5,el Fort Pienc,20,2005,179,8
2026-01-01,2,Eixample,5,el Fort Pienc,20,2005,14,9
2026-01-01,2,Eixample,5,el Fort Pienc,20,2005,6,10
2026-01-01,2,Eixample,5,el Fort Pienc,20,2005,109,11
2026-01-01,2,Eixample,5,el Fort Pienc,20,2005,36,12
2026-01-01,2,Eixample,5,el Fort Pienc,20,2006,52,1
2026-01-01,2,Eixample,5,el Fort Pienc,20,2006,62,2
2026-01-01,2,Eixample,5,el Fort Pienc,20,2006,94,3
2026-01-01,2,Eixample,5,el Fort Pienc,20,2006,36,4
2026-01-01,2,Eixample,5,el Fort Pienc,20,2006,91,5
2026-01-01,2,Eixample,5,el Fort Pienc,20,2006,69,6
2026-01-01,2,Eixample,5,el Fort Pienc,20,2006,44,7
2026-01-01,2,Eixample,5,el Fort Pienc,20,2006,126,8
2026-01-01,2,Eixample,5,el Fort Pienc,20,2006,15,9
2026-01-01,2,Eixample,5,el Fort Pienc,20,2006,6,10
2026-01-01,2,Eixample,5,el Fort Pienc,20,2006,83,11
2026-01-01,2,Eixample,5,el Fort Pienc,20,2006,30,12
2026-01-01,2,Eixample,5,el Fort Pienc,20,2007,53,1
2026-01-01,2,Eixample,5,el Fort Pienc,20,2007,40,2
2026-01-01,2,Eixample,5,el Fort Pienc,20,2007,48,3
2026-01-01,2,Eixample,5,el Fort Pienc,20,2007,19,4
2026-01-01,2,Eixample,5,el Fort Pienc,20,2007,73,5
2026-01-01,2,Eixample,5,el Fort Pienc,20,2007,38,6
2026-01-01,2,Eixample,5,el Fort Pienc,20,2007,38,7
2026-01-01,2,Eixample,5,el Fort Pienc,20,2007,115,8
2026-01-01,2,Eixample,5,el Fort Pienc,20,2007,15,9
2026-01-01,2,Eixample,5,el Fort Pienc,20,2007,3,10
2026-01-01,2,Eixample,5,el Fort Pienc,20,2007,43,11
2026-01-01,2,Eixample,5,el Fort Pienc,20,2007,23,12
2026-01-01,2,Eixample,5,el Fort Pienc,20,2008,46,1
2026-01-01,2,Eixample,5,el Fort Pienc,20,2008,54,2
2026-01-01,2,Eixample,5,el Fort Pienc,20,2008,83,3
2026-01-01,2,Eixample,5,el Fort Pienc,20,2008,21,4
2026-01-01,2,Eixample,5,el Fort Pienc,20,2008,91,5
2026-01-01,2,Eixample,5,el Fort Pienc,20,2008,79,6
2026-01-01,2,Eixample,5,el Fort Pienc,20,2008,43,7
2026-01-01,2,Eixample,5,el Fort Pienc,20,2008,171,8
2026-01-01,2,Eixample,5,el Fort Pienc,20,2008,9,9
2026-01-01,2,Eixample,5,el Fort Pienc,20,2008,6,10
2026-01-01,2,Eixample,5,el Fort Pienc,20,2008,97,11
2026-01-01,2,Eixample,5,el Fort Pienc,20,2008,54,12
2026-01-01,2,Eixample,5,el Fort Pienc,20,2009,72,1
2026-01-01,2,Eixample,5,el Fort Pienc,20,2009,56,2
2026-01-01,2,Eixample,5,el Fort Pienc,20,2009,69,3
2026-01-01,2,Eixample,5,el Fort Pienc,20,2009,26,4
2026-01-01,2,Eixample,5,el Fort Pienc,20,2009,77,5
2026-01-01,2,Eixample,5,el Fort Pienc,20,2009,82,6
2026-01-01,2,Eixample,5,el Fort Pienc,20,2009,37,7
2026-01-01,2,Eixample,5,el Fort Pienc,20,2009,154,8
2026-01-01,2,Eixample,5,el Fort Pienc,20,2009,16,9
2026-01-01,2,Eixample,5,el Fort Pienc,20,2009,4,10
2026-01-01,2,Eixample,5,el Fort Pienc,20,2009,68,11
2026-01-01,2,Eixample,5,el Fort Pienc,20,2009,47,12
2026-01-01,2,Eixample,5,el Fort Pienc,21,2010,33,1
2026-01-01,2,Eixample,5,el Fort Pienc,21,2010,28,2
2026-01-01,2,Eixample,5,el Fort Pienc,21,2010,49,3
2026-01-01,2,Eixample,5,el Fort Pienc,21,2010,16,4
2026-01-01,2,Eixample,5,el Fort Pienc,21,2010,62,5
2026-01-01,2,Eixample,5,el Fort Pienc,21,2010,55,6
2026-01-01,2,Eixample,5,el Fort Pienc,21,2010,27,7
2026-01-01,2,Eixample,5,el Fort Pienc,21,2010,107,8
2026-01-01,2,Eixample,5,el Fort Pienc,21,2010,7,9
2026-01-01,2,Eixample,5,el Fort Pienc,21,2010,1,10
2026-01-01,2,Eixample,5,el Fort Pienc,21,2010,54,11
2026-01-01,2,Eixample,5,el Fort Pienc,21,2010,36,12
2026-01-01,2,Eixample,5,el Fort Pienc,21,2011,36,1
2026-01-01,2,Eixample,5,el Fort Pienc,21,2011,43,2
2026-01-01,2,Eixample,5,el Fort Pienc,21,2011,48,3
2026-01-01,2,Eixample,5,el Fort Pienc,21,2011,24,4
2026-01-01,2,Eixample,5,el Fort Pienc,21,2011,66,5
2026-01-01,2,Eixample,5,el Fort Pienc,21,2011,43,6
2026-01-01,2,Eixample,5,el Fort Pienc,21,2011,34,7
2026-01-01,2,Eixample,5,el Fort Pienc,21,2011,111,8
2026-01-01,2,Eixample,5,el Fort Pienc,21,2011,4,9
2026-01-01,2,Eixample,5,el Fort Pienc,21,2011,3,10
2026-01-01,2,Eixample,5,el Fort Pienc,21,2011,48,11
2026-01-01,2,Eixample,5,el Fort Pienc,21,2011,15,12
2026-01-01,2,Eixample,5,el Fort Pienc,21,2012,42,1
2026-01-01,2,Eixample,5,el Fort Pienc,21,2012,44,2
2026-01-01,2,Eixample,5,el Fort Pienc,21,2012,65,3
2026-01-01,2,Eixample,5,el Fort Pienc,21,2012,26,4
2026-01-01,2,Eixample,5,el Fort Pienc,21,2012,77,5
2026-01-01,2,Eixample,5,el Fort Pienc,21,2012,60,6
2026-01-01,2,Eixample,5,el Fort Pienc,21,2012,32,7
2026-01-01,2,Eixample,5,el Fort Pienc,21,2012,141,8
2026-01-01,2,Eixample,5,el Fort Pienc,21,2012,16,9
2026-01-01,2,Eixample,5,el Fort Pienc,21,2012,6,10
2026-01-01,2,Eixample,5,el Fort Pienc,21,2012,56,11
2026-01-01,2,Eixample,5,el Fort Pienc,21,2012,46,12
2026-01-01,2,Eixample,5,el Fort Pienc,21,2013,74,1
2026-01-01,2,Eixample,5,el Fort Pienc,21,2013,66,2
2026-01-01,2,Eixample,5,el Fort Pienc,21,2013,48,3
2026-01-01,2,Eixample,5,el Fort Pienc,21,2013,22,4
2026-01-01,2,Eixample,5,el Fort Pienc,21,2013,110,5
2026-01-01,2,Eixample,5,el Fort Pienc,21,2013,27,6
2026-01-01,2,Eixample,5,el Fort Pienc,21,2013,22,7
2026-01-01,2,Eixample,5,el Fort Pienc,21,2013,110,8
2026-01-01,2,Eixample,5,el Fort Pienc,21,2013,12,9
2026-01-01,2,Eixample,5,el Fort Pienc,21,2013,3,10
2026-01-01,2,Eixample,5,el Fort Pienc,21,2013,63,11
2026-01-01,2,Eixample,5,el Fort Pienc,21,2013,34,12
2026-01-01,2,Eixample,5,el Fort Pienc,22,2014,65,1
2026-01-01,2,Eixample,5,el Fort Pienc,22,2014,72,2
2026-01-01,2,Eixample,5,el Fort Pienc,22,2014,51,3
2026-01-01,2,Eixample,5,el Fort Pienc,22,2014,19,4
2026-01-01,2,Eixample,5,el Fort Pienc,22,2014,112,5
2026-01-01,2,Eixample,5,el Fort Pienc,22,2014,22,6
2026-01-01,2,Eixample,5,el Fort Pienc,22,2014,22,7
2026-01-01,2,Eixample,5,el Fort Pienc,22,2014,122,8
2026-01-01,2,Eixample,5,el Fort Pienc,22,2014,14,9
2026-01-01,2,Eixample,5,el Fort Pienc,22,2014,7,10
2026-01-01,2,Eixample,5,el Fort Pienc,22,2014,50,11
2026-01-01,2,Eixample,5,el Fort Pienc,22,2014,33,12
2026-01-01,2,Eixample,5,el Fort Pienc,22,2015,63,1
2026-01-01,2,Eixample,5,el Fort Pienc,22,2015,79,2
2026-01-01,2,Eixample,5,el Fort Pienc,22,2015,60,3
2026-01-01,2,Eixample,5,el Fort Pienc,22,2015,26,4
2026-01-01,2,Eixample,5,el Fort Pienc,22,2015,107,5
2026-01-01,2,Eixample,5,el Fort Pienc,22,2015,53,6
2026-01-01,2,Eixample,5,el Fort Pienc,22,2015,42,7
2026-01-01,2,Eixample,5,el Fort Pienc,22,2015,127,8
2026-01-01,2,Eixample,5,el Fort Pienc,22,2015,10,9
2026-01-01,2,Eixample,5,el Fort Pienc,22,2015,2,10
2026-01-01,2,Eixample,5,el Fort Pienc,22,2015,65,11
2026-01-01,2,Eixample,5,el Fort Pienc,22,2015,48,12
2026-01-01,2,Eixample,5,el Fort Pienc,22,2016,74,1
2026-01-01,2,Eixample,5,el Fort Pienc,22,2016,68,2
2026-01-01,2,Eixample,5,el Fort Pienc,22,2016,77,3
2026-01-01,2,Eixample,5,el Fort Pienc,22,2016,34,4
2026-01-01,2,Eixample,5,el Fort Pienc,22,2016,142,5
2026-01-01,2,Eixample,5,el Fort Pienc,22,2016,73,6
2026-01-01,2,Eixample,5,el Fort Pienc,22,2016,41,7
2026-01-01,2,Eixample,5,el Fort Pienc,22,2016,170,8
2026-01-01,2,Eixample,5,el Fort Pienc,22,2016,10,9
2026-01-01,2,Eixample,5,el Fort Pienc,22,2016,3,10
2026-01-01,2,Eixample,5,el Fort Pienc,22,2016,99,11
2026-01-01,2,Eixample,5,el Fort Pienc,22,2016,35,12
2026-01-01,2,Eixample,5,el Fort Pienc,22,2017,67,1
2026-01-01,2,Eixample,5,el Fort Pienc,22,2017,59,2
2026-01-01,2,Eixample,5,el Fort Pienc,22,2017,93,3
2026-01-01,2,Eixample,5,el Fort Pienc,22,2017,29,4
2026-01-01,2,Eixample,5,el Fort Pienc,22,2017,113,5
2026-01-01,2,Eixample,5,el Fort Pienc,22,2017,69,6
2026-01-01,2,Eixample,5,el Fort Pienc,22,2017,41,7
2026-01-01,2,Eixample,5,el Fort Pienc,22,2017,169,8
2026-01-01,2,Eixample,5,el Fort Pienc,22,2017,14,9
2026-01-01,2,Eixample,5,el Fort Pienc,22,2017,2,10
2026-01-01,2,Eixample,5,el Fort Pienc,22,2017,78,11
2026-01-01,2,Eixample,5,el Fort Pienc,22,2017,62,12
2026-01-01,2,Eixample,5,el Fort Pienc,22,2018,65,1
2026-01-01,2,Eixample,5,el Fort Pienc,22,2018,56,2
2026-01-01,2,Eixample,5,el Fort Pienc,22,2018,106,3
2026-01-01,2,Eixample,5,el Fort Pienc,22,2018,26,4
2026-01-01,2,Eixample,5,el Fort Pienc,22,2018,90,5
2026-01-01,2,Eixample,5,el Fort Pienc,22,2018,90,6
2026-01-01,2,Eixample,5,el Fort Pienc,22,2018,34,7
2026-01-01,2,Eixample,5,el Fort Pienc,22,2018,145,8
2026-01-01,2,Eixample,5,el Fort Pienc,22,2018,10,9
2026-01-01,2,Eixample,5,el Fort Pienc,22,2018,4,10
2026-01-01,2,Eixample,5,el Fort Pienc,22,2018,80,11
2026-01-01,2,Eixample,5,el Fort Pienc,22,2018,58,12
2026-01-01,2,Eixample,5,el Fort Pienc,22,2019,76,1
2026-01-01,2,Eixample,5,el Fort Pienc,22,2019,64,2
2026-01-01,2,Eixample,5,el Fort Pienc,22,2019,84,3
2026-01-01,2,Eixample,5,el Fort Pienc,22,2019,29,4
2026-01-01,2,Eixample,5,el Fort Pienc,22,2019,102,5
2026-01-01,2,Eixample,5,el Fort Pienc,22,2019,83,6
2026-01-01,2,Eixample,5,el Fort Pienc,22,2019,46,7
2026-01-01,2,Eixample,5,el Fort Pienc,22,2019,163,8
2026-01-01,2,Eixample,5,el Fort Pienc,22,2019,23,9
2026-01-01,2,Eixample,5,el Fort Pienc,22,2019,2,10
2026-01-01,2,Eixample,5,el Fort Pienc,22,2019,105,11
2026-01-01,2,Eixample,5,el Fort Pienc,22,2019,47,12
2026-01-01,2,Eixample,5,el Fort Pienc,22,2020,92,1
2026-01-01,2,Eixample,5,el Fort Pienc,22,2020,68,2
2026-01-01,2,Eixample,5,el Fort Pienc,22,2020,64,3
2026-01-01,2,Eixample,5,el Fort Pienc,22,2020,17,4
2026-01-01,2,Eixample,5,el Fort Pienc,22,2020,160,5
2026-01-01,2,Eixample,5,el Fort Pienc,22,2020,33,6
2026-01-01,2,Eixample,5,el Fort Pienc,22,2020,38,7
2026-01-01,2,Eixample,5,el Fort Pienc,22,2020,128,8
2026-01-01,2,Eixample,5,el Fort Pienc,22,2020,16,9
2026-01-01,2,Eixample,5,el Fort Pienc,22,2020,4,10
2026-01-01,2,Eixample,5,el Fort Pienc,22,2020,59,11
2026-01-01,2,Eixample,5,el Fort Pienc,22,2020,44,12
2026-01-01,2,Eixample,6,la Sagrada Família,23,2021,74,1
2026-01-01,2,Eixample,6,la Sagrada Família,23,2021,73,2
2026-01-01,2,Eixample,6,la Sagrada Família,23,2021,71,3
2026-01-01,2,Eixample,6,la Sagrada Família,23,2021,31,4
2026-01-01,2,Eixample,6,la Sagrada Família,23,2021,140,5
2026-01-01,2,Eixample,6,la Sagrada Família,23,2021,53,6
2026-01-01,2,Eixample,6,la Sagrada Família,23,2021,47,7
2026-01-01,2,Eixample,6,la Sagrada Família,23,2021,109,8
2026-01-01,2,Eixample,6,la Sagrada Família,23,2021,19,9
2026-01-01,2,Eixample,6,la Sagrada Família,23,2021,2,10
2026-01-01,2,Eixample,6,la Sagrada Família,23,2021,56,11
2026-01-01,2,Eixample,6,la Sagrada Família,23,2021,26,12
2026-01-01,2,Eixample,6,la Sagrada Família,23,2022,44,1
2026-01-01,2,Eixample,6,la Sagrada Família,23,2022,44,2
2026-01-01,2,Eixample,6,la Sagrada Família,23,2022,43,3
2026-01-01,2,Eixample,6,la Sagrada Família,23,2022,18,4
2026-01-01,2,Eixample,6,la Sagrada Família,23,2022,69,5
2026-01-01,2,Eixample,6,la Sagrada Família,23,2022,44,6
2026-01-01,2,Eixample,6,la Sagrada Família,23,2022,31,7
2026-01-01,2,Eixample,6,la Sagrada Família,23,2022,115,8
2026-01-01,2,Eixample,6,la Sagrada Família,23,2022,9,9
2026-01-01,2,Eixample,6,la Sagrada Família,23,2022,5,10
2026-01-01,2,Eixample,6,la Sagrada Família,23,2022,59,11
2026-01-01,2,Eixample,6,la Sagrada Família,23,2022,36,12
2026-01-01,2,Eixample,6,la Sagrada Família,23,2023,62,1
2026-01-01,2,Eixample,6,la Sagrada Família,23,2023,42,2
2026-01-01,2,Eixample,6,la Sagrada Família,23,2023,60,3
2026-01-01,2,Eixample,6,la Sagrada Família,23,2023,19,4
2026-01-01,2,Eixample,6,la Sagrada Família,23,2023,52,5
2026-01-01,2,Eixample,6,la Sagrada Família,23,2023,45,6
2026-01-01,2,Eixample,6,la Sagrada Família,23,2023,31,7
2026-01-01,2,Eixample,6,la Sagrada Família,23,2023,101,8
2026-01-01,2,Eixample,6,la Sagrada Família,23,2023,11,9
2026-01-01,2,Eixample,6,la Sagrada Família,23,2023,2,10
2026-01-01,2,Eixample,6,la Sagrada Família,23,2023,40,11
2026-01-01,2,Eixample,6,la Sagrada Família,23,2023,12,12
2026-01-01,2,Eixample,6,la Sagrada Família,23,2024,58,1
2026-01-01,2,Eixample,6,la Sagrada Família,23,2024,61,2
2026-01-01,2,Eixample,6,la Sagrada Família,23,2024,42,3
2026-01-01,2,Eixample,6,la Sagrada Família,23,2024,13,4
2026-01-01,2,Eixample,6,la Sagrada Família,23,2024,112,5
2026-01-01,2,Eixample,6,la Sagrada Família,23,2024,34,6
2026-01-01,2,Eixample,6,la Sagrada Família,23,2024,21,7
2026-01-01,2,Eixample,6,la Sagrada Família,23,2024,97,8
2026-01-01,2,Eixample,6,la Sagrada Família,23,2024,9,9
2026-01-01,2,Eixample,6,la Sagrada Família,23,2024,3,10
2026-01-01,2,Eixample,6,la Sagrada Família,23,2024,36,11
2026-01-01,2,Eixample,6,la Sagrada Família,23,2024,35,12
2026-01-01,2,Eixample,6,la Sagrada Família,24,2025,70,1
2026-01-01,2,Eixample,6,la Sagrada Família,24,2025,52,2
2026-01-01,2,Eixample,6,la Sagrada Família,24,2025,56,3
2026-01-01,2,Eixample,6,la Sagrada Família,24,2025,16,4
2026-01-01,2,Eixample,6,la Sagrada Família,24,2025,89,5
2026-01-01,2,Eixample,6,la Sagrada Família,24,2025,39,6
2026-01-01,2,Eixample,6,la Sagrada Família,24,2025,40,7
2026-01-01,2,Eixample,6,la Sagrada Família,24,2025,88,8
2026-01-01,2,Eixample,6,la Sagrada Família,24,2025,7,9
2026-01-01,2,Eixample,6,la Sagrada Família,24,2025,2,10
2026-01-01,2,Eixample,6,la Sagrada Família,24,2025,49,11
2026-01-01,2,Eixample,6,la Sagrada Família,24,2025,29,12
2026-01-01,2,Eixample,6,la Sagrada Família,24,2026,83,1
2026-01-01,2,Eixample,6,la Sagrada Família,24,2026,81,2
2026-01-01,2,Eixample,6,la Sagrada Família,24,2026,110,3
2026-01-01,2,Eixample,6,la Sagrada Família,24,2026,37,4
2026-01-01,2,Eixample,6,la Sagrada Família,24,2026,125,5
2026-01-01,2,Eixample,6,la Sagrada Família,24,2026,74,6
2026-01-01,2,Eixample,6,la Sagrada Família,24,2026,50,7
2026-01-01,2,Eixample,6,la Sagrada Família,24,2026,195,8
2026-01-01,2,Eixample,6,la Sagrada Família,24,2026,16,9
2026-01-01,2,Eixample,6,la Sagrada Família,24,2026,3,10
2026-01-01,2,Eixample,6,la Sagrada Família,24,2026,64,11
2026-01-01,2,Eixample,6,la Sagrada Família,24,2026,50,12
2026-01-01,2,Eixample,6,la Sagrada Família,24,2027,68,1
2026-01-01,2,Eixample,6,la Sagrada Família,24,2027,65,2
2026-01-01,2,Eixample,6,la Sagrada Família,24,2027,103,3
2026-01-01,2,Eixample,6,la Sagrada Família,24,2027,28,4
2026-01-01,2,Eixample,6,la Sagrada Família,24,2027,106,5
2026-01-01,2,Eixample,6,la Sagrada Família,24,2027,80,6
2026-01-01,2,Eixample,6,la Sagrada Família,24,2027,52,7
2026-01-01,2,Eixample,6,la Sagrada Família,24,2027,188,8
2026-01-01,2,Eixample,6,la Sagrada Família,24,2027,11,9
2026-01-01,2,Eixample,6,la Sagrada Família,24,2027,5,10
2026-01-01,2,Eixample,6,la Sagrada Família,24,2027,84,11
2026-01-01,2,Eixample,6,la Sagrada Família,24,2027,55,12
2026-01-01,2,Eixample,6,la Sagrada Família,24,2028,95,1
2026-01-01,2,Eixample,6,la Sagrada Família,24,2028,74,2
2026-01-01,2,Eixample,6,la Sagrada Família,24,2028,89,3
2026-01-01,2,Eixample,6,la Sagrada Família,24,2028,28,4
2026-01-01,2,Eixample,6,la Sagrada Família,24,2028,120,5
2026-01-01,2,Eixample,6,la Sagrada Família,24,2028,93,6
2026-01-01,2,Eixample,6,la Sagrada Família,24,2028,45,7
2026-01-01,2,Eixample,6,la Sagrada Família,24,2028,183,8
2026-01-01,2,Eixample,6,la Sagrada Família,24,2028,19,9
2026-01-01,2,Eixample,6,la Sagrada Família,24,2028,2,10
2026-01-01,2,Eixample,6,la Sagrada Família,24,2028,81,11
2026-01-01,2,Eixample,6,la Sagrada Família,24,2028,43,12
2026-01-01,2,Eixample,6,la Sagrada Família,24,2029,52,1
2026-01-01,2,Eixample,6,la Sagrada Família,24,2029,49,2
2026-01-01,2,Eixample,6,la Sagrada Família,24,2029,62,3
2026-01-01,2,Eixample,6,la Sagrada Família,24,2029,17,4
2026-01-01,2,Eixample,6,la Sagrada Família,24,2029,65,5
2026-01-01,2,Eixample,6,la Sagrada Família,24,2029,55,6
2026-01-01,2,Eixample,6,la Sagrada Família,24,2029,33,7
2026-01-01,2,Eixample,6,la Sagrada Família,24,2029,109,8
2026-01-01,2,Eixample,6,la Sagrada Família,24,2029,7,9
2026-01-01,2,Eixample,6,la Sagrada Família,24,2029,2,10
2026-01-01,2,Eixample,6,la Sagrada Família,24,2029,61,11
2026-01-01,2,Eixample,6,la Sagrada Família,24,2029,30,12
2026-01-01,2,Eixample,6,la Sagrada Família,24,2030,46,1
2026-01-01,2,Eixample,6,la Sagrada Família,24,2030,34,2
2026-01-01,2,Eixample,6,la Sagrada Família,24,2030,50,3
2026-01-01,2,Eixample,6,la Sagrada Família,24,2030,16,4
2026-01-01,2,Eixample,6,la Sagrada Família,24,2030,88,5
2026-01-01,2,Eixample,6,la Sagrada Família,24,2030,33,6
2026-01-01,2,Eixample,6,la Sagrada Família,24,2030,33,7
2026-01-01,2,Eixample,6,la Sagrada Família,24,2030,129,8
2026-01-01,2,Eixample,6,la Sagrada Família,24,2030,13,9
2026-01-01,2,Eixample,6,la Sagrada Família,24,2030,4,10
2026-01-01,2,Eixample,6,la Sagrada Família,24,2030,61,11
2026-01-01,2,Eixample,6,la Sagrada Família,24,2030,41,12
2026-01-01,2,Eixample,6,la Sagrada Família,24,2031,30,1
2026-01-01,2,Eixample,6,la Sagrada Família,24,2031,28,2
2026-01-01,2,Eixample,6,la Sagrada Família,24,2031,58,3
2026-01-01,2,Eixample,6,la Sagrada Família,24,2031,20,4
2026-01-01,2,Eixample,6,la Sagrada Família,24,2031,46,5
2026-01-01,2,Eixample,6,la Sagrada Família,24,2031,52,6
2026-01-01,2,Eixample,6,la Sagrada Família,24,2031,32,7
2026-01-01,2,Eixample,6,la Sagrada Família,24,2031,95,8
2026-01-01,2,Eixample,6,la Sagrada Família,24,2031,7,9
2026-01-01,2,Eixample,6,la Sagrada Família,24,2031,1,10
2026-01-01,2,Eixample,6,la Sagrada Família,24,2031,37,11
2026-01-01,2,Eixample,6,la Sagrada Família,24,2031,32,12
2026-01-01,2,Eixample,6,la Sagrada Família,24,2032,51,1
2026-01-01,2,Eixample,6,la Sagrada Família,24,2032,59,2
2026-01-01,2,Eixample,6,la Sagrada Família,24,2032,56,3
2026-01-01,2,Eixample,6,la Sagrada Família,24,2032,20,4
2026-01-01,2,Eixample,6,la Sagrada Família,24,2032,56,5
2026-01-01,2,Eixample,6,la Sagrada Família,24,2032,47,6
2026-01-01,2,Eixample,6,la Sagrada Família,24,2032,26,7
2026-01-01,2,Eixample,6,la Sagrada Família,24,2032,90,8
2026-01-01,2,Eixample,6,la Sagrada Família,24,2032,6,9
2026-01-01,2,Eixample,6,la Sagrada Família,24,2032,2,10
2026-01-01,2,Eixample,6,la Sagrada Família,24,2032,48,11
2026-01-01,2,Eixample,6,la Sagrada Família,24,2032,32,12
2026-01-01,2,Eixample,6,la Sagrada Família,25,2033,67,1
2026-01-01,2,Eixample,6,la Sagrada Família,25,2033,52,2
2026-01-01,2,Eixample,6,la Sagrada Família,25,2033,52,3
2026-01-01,2,Eixample,6,la Sagrada Família,25,2033,15,4
2026-01-01,2,Eixample,6,la Sagrada Família,25,2033,73,5
2026-01-01,2,Eixample,6,la Sagrada Família,25,2033,41,6
2026-01-01,2,Eixample,6,la Sagrada Família,25,2033,29,7
2026-01-01,2,Eixample,6,la Sagrada Família,25,2033,105,8
2026-01-01,2,Eixample,6,la Sagrada Família,25,2033,6,9
2026-01-01,2,Eixample,6,la Sagrada Família,25,2033,1,10
2026-01-01,2,Eixample,6,la Sagrada Família,25,2033,49,11
2026-01-01,2,Eixample,6,la Sagrada Família,25,2033,36,12
2026-01-01,2,Eixample,6,la Sagrada Família,25,2034,77,1
2026-01-01,2,Eixample,6,la Sagrada Família,25,2034,50,2
2026-01-01,2,Eixample,6,la Sagrada Família,25,2034,68,3
2026-01-01,2,Eixample,6,la Sagrada Família,25,2034,26,4
2026-01-01,2,Eixample,6,la Sagrada Família,25,2034,91,5
2026-01-01,2,Eixample,6,la Sagrada Família,25,2034,35,6
2026-01-01,2,Eixample,6,la Sagrada Família,25,2034,31,7
2026-01-01,2,Eixample,6,la Sagrada Família,25,2034,84,8
2026-01-01,2,Eixample,6,la Sagrada Família,25,2034,14,9
2026-01-01,2,Eixample,6,la Sagrada Família,25,2034,2,10
2026-01-01,2,Eixample,6,la Sagrada Família,25,2034,34,11
2026-01-01,2,Eixample,6,la Sagrada Família,25,2034,39,12
2026-01-01,2,Eixample,6,la Sagrada Família,25,2035,47,1
2026-01-01,2,Eixample,6,la Sagrada Família,25,2035,46,2
2026-01-01,2,Eixample,6,la Sagrada Família,25,2035,77,3
2026-01-01,2,Eixample,6,la Sagrada Família,25,2035,23,4
2026-01-01,2,Eixample,6,la Sagrada Família,25,2035,92,5
2026-01-01,2,Eixample,6,la Sagrada Família,25,2035,59,6
2026-01-01,2,Eixample,6,la Sagrada Família,25,2035,35,7
2026-01-01,2,Eixample,6,la Sagrada Família,25,2035,91,8
2026-01-01,2,Eixample,6,la Sagrada Família,25,2035,10,9
2026-01-01,2,Eixample,6,la Sagrada Família,25,2035,3,10
2026-01-01,2,Eixample,6,la Sagrada Família,25,2035,50,11
2026-01-01,2,Eixample,6,la Sagrada Família,25,2035,42,12
2026-01-01,2,Eixample,6,la Sagrada Família,25,2036,44,1
2026-01-01,2,Eixample,6,la Sagrada Família,25,2036,28,2
2026-01-01,2,Eixample,6,la Sagrada Família,25,2036,76,3
2026-01-01,2,Eixample,6,la Sagrada Família,25,2036,16,4
2026-01-01,2,Eixample,6,la Sagrada Família,25,2036,62,5
2026-01-01,2,Eixample,6,la Sagrada Família,25,2036,57,6
2026-01-01,2,Eixample,6,la Sagrada Família,25,2036,26,7
2026-01-01,2,Eixample,6,la Sagrada Família,25,2036,99,8
2026-01-01,2,Eixample,6,la Sagrada Família,25,2036,7,9
2026-01-01,2,Eixample,6,la Sagrada Família,25,2036,4,10
2026-01-01,2,Eixample,6,la Sagrada Família,25,2036,54,11
2026-01-01,2,Eixample,6,la Sagrada Família,25,2036,34,12
2026-01-01,2,Eixample,6,la Sagrada Família,25,2037,52,1
2026-01-01,2,Eixample,6,la Sagrada Família,25,2037,45,2
2026-01-01,2,Eixample,6,la Sagrada Família,25,2037,59,3
2026-01-01,2,Eixample,6,la Sagrada Família,25,2037,16,4
2026-01-01,2,Eixample,6,la Sagrada Família,25,2037,58,5
2026-01-01,2,Eixample,6,la Sagrada Família,25,2037,51,6
2026-01-01,2,Eixample,6,la Sagrada Família,25,2037,26,7
2026-01-01,2,Eixample,6,la Sagrada Família,25,2037,121,8
2026-01-01,2,Eixample,6,la Sagrada Família,25,2037,13,9
2026-01-01,2,Eixample,6,la Sagrada Família,25,2037,2,10
2026-01-01,2,Eixample,6,la Sagrada Família,25,2037,52,11
2026-01-01,2,Eixample,6,la Sagrada Família,25,2037,20,12
2026-01-01,2,Eixample,6,la Sagrada Família,25,2038,63,1
2026-01-01,2,Eixample,6,la Sagrada Família,25,2038,62,2
2026-01-01,2,Eixample,6,la Sagrada Família,25,2038,56,3
2026-01-01,2,Eixample,6,la Sagrada Família,25,2038,22,4
2026-01-01,2,Eixample,6,la Sagrada Família,25,2038,96,5
2026-01-01,2,Eixample,6,la Sagrada Família,25,2038,51,6
2026-01-01,2,Eixample,6,la Sagrada Família,25,2038,42,7
2026-01-01,2,Eixample,6,la Sagrada Família,25,2038,167,8
2026-01-01,2,Eixample,6,la Sagrada Família,25,2038,14,9
2026-01-01,2,Eixample,6,la Sagrada Família,25,2038,1,10
2026-01-01,2,Eixample,6,la Sagrada Família,25,2038,54,11
2026-01-01,2,Eixample,6,la Sagrada Família,25,2038,23,12
2026-01-01,2,Eixample,6,la Sagrada Família,25,2039,70,1
2026-01-01,2,Eixample,6,la Sagrada Família,25,2039,67,2
2026-01-01,2,Eixample,6,la Sagrada Família,25,2039,87,3
2026-01-01,2,Eixample,6,la Sagrada Família,25,2039,22,4
2026-01-01,2,Eixample,6,la Sagrada Família,25,2039,133,5
2026-01-01,2,Eixample,6,la Sagrada Família,25,2039,55,6
2026-01-01,2,Eixample,6,la Sagrada Família,25,2039,45,7
2026-01-01,2,Eixample,6,la Sagrada Família,25,2039,159,8
2026-01-01,2,Eixample,6,la Sagrada Família,25,2039,20,9
2026-01-01,2,Eixample,6,la Sagrada Família,25,2039,2,10
2026-01-01,2,Eixample,6,la Sagrada Família,25,2039,68,11
2026-01-01,2,Eixample,6,la Sagrada Família,25,2039,53,12
2026-01-01,2,Eixample,6,la Sagrada Família,25,2040,90,1
2026-01-01,2,Eixample,6,la Sagrada Família,25,2040,76,2
2026-01-01,2,Eixample,6,la Sagrada Família,25,2040,56,3
2026-01-01,2,Eixample,6,la Sagrada Família,25,2040,27,4
2026-01-01,2,Eixample,6,la Sagrada Família,25,2040,136,5
2026-01-01,2,Eixample,6,la Sagrada Família,25,2040,55,6
2026-01-01,2,Eixample,6,la Sagrada Família,25,2040,38,7
2026-01-01,2,Eixample,6,la Sagrada Família,25,2040,155,8
2026-01-01,2,Eixample,6,la Sagrada Família,25,2040,15,9
2026-01-01,2,Eixample,6,la Sagrada Família,25,2040,5,10
2026-01-01,2,Eixample,6,la Sagrada Família,25,2040,59,11
2026-01-01,2,Eixample,6,la Sagrada Família,25,2040,41,12
2026-01-01,2,Eixample,6,la Sagrada Família,26,2041,76,1
2026-01-01,2,Eixample,6,la Sagrada Família,26,2041,62,2
2026-01-01,2,Eixample,6,la Sagrada Família,26,2041,90,3
2026-01-01,2,Eixample,6,la Sagrada Família,26,2041,24,4
2026-01-01,2,Eixample,6,la Sagrada Família,26,2041,100,5
2026-01-01,2,Eixample,6,la Sagrada Família,26,2041,69,6
2026-01-01,2,Eixample,6,la Sagrada Família,26,2041,46,7
2026-01-01,2,Eixample,6,la Sagrada Família,26,2041,120,8
2026-01-01,2,Eixample,6,la Sagrada Família,26,2041,16,9
2026-01-01,2,Eixample,6,la Sagrada Família,26,2041,5,10
2026-01-01,2,Eixample,6,la Sagrada Família,26,2041,66,11
2026-01-01,2,Eixample,6,la Sagrada Família,26,2041,48,12
2026-01-01,2,Eixample,6,la Sagrada Família,26,2042,50,1
2026-01-01,2,Eixample,6,la Sagrada Família,26,2042,32,2
2026-01-01,2,Eixample,6,la Sagrada Família,26,2042,101,3
2026-01-01,2,Eixample,6,la Sagrada Família,26,2042,37,4
2026-01-01,2,Eixample,6,la Sagrada Família,26,2042,73,5
2026-01-01,2,Eixample,6,la Sagrada Família,26,2042,87,6
2026-01-01,2,Eixample,6,la Sagrada Família,26,2042,44,7
2026-01-01,2,Eixample,6,la Sagrada Família,26,2042,141,8
2026-01-01,2,Eixample,6,la Sagrada Família,26,2042,14,9
2026-01-01,2,Eixample,6,la Sagrada Família,26,2042,3,10
2026-01-01,2,Eixample,6,la Sagrada Família,26,2042,62,11
2026-01-01,2,Eixample,6,la Sagrada Família,26,2042,51,12
2026-01-01,2,Eixample,6,la Sagrada Família,26,2043,56,1
2026-01-01,2,Eixample,6,la Sagrada Família,26,2043,59,2
2026-01-01,2,Eixample,6,la Sagrada Família,26,2043,54,3
2026-01-01,2,Eixample,6,la Sagrada Família,26,2043,17,4
2026-01-01,2,Eixample,6,la Sagrada Família,26,2043,82,5
2026-01-01,2,Eixample,6,la Sagrada Família,26,2043,55,6
2026-01-01,2,Eixample,6,la Sagrada Família,26,2043,42,7
2026-01-01,2,Eixample,6,la Sagrada Família,26,2043,124,8
2026-01-01,2,Eixample,6,la Sagrada Família,26,2043,11,9
2026-01-01,2,Eixample,6,la Sagrada Família,26,2043,3,10
2026-01-01,2,Eixample,6,la Sagrada Família,26,2043,74,11
2026-01-01,2,Eixample,6,la Sagrada Família,26,2043,41,12
2026-01-01,2,Eixample,6,la Sagrada Família,26,2044,38,1
2026-01-01,2,Eixample,6,la Sagrada Família,26,2044,35,2
2026-01-01,2,Eixample,6,la Sagrada Família,26,2044,74,3
2026-01-01,2,Eixample,6,la Sagrada Família,26,2044,13,4
2026-01-01,2,Eixample,6,la Sagrada Família,26,2044,65,5
2026-01-01,2,Eixample,6,la Sagrada Família,26,2044,59,6
2026-01-01,2,Eixample,6,la Sagrada Família,26,2044,34,7
2026-01-01,2,Eixample,6,la Sagrada Família,26,2044,91,8
2026-01-01,2,Eixample,6,la Sagrada Família,26,2044,11,9
2026-01-01,2,Eixample,6,la Sagrada Família,26,2044,3,10
2026-01-01,2,Eixample,6,la Sagrada Família,26,2044,52,11
2026-01-01,2,Eixample,6,la Sagrada Família,26,2044,45,12
2026-01-01,2,Eixample,6,la Sagrada Família,26,2045,45,1
2026-01-01,2,Eixample,6,la Sagrada Família,26,2045,33,2
2026-01-01,2,Eixample,6,la Sagrada Família,26,2045,45,3
2026-01-01,2,Eixample,6,la Sagrada Família,26,2045,14,4
2026-01-01,2,Eixample,6,la Sagrada Família,26,2045,61,5
2026-01-01,2,Eixample,6,la Sagrada Família,26,2045,56,6
2026-01-01,2,Eixample,6,la Sagrada Família,26,2045,25,7
2026-01-01,2,Eixample,6,la Sagrada Família,26,2045,99,8
2026-01-01,2,Eixample,6,la Sagrada Família,26,2045,9,9
2026-01-01,2,Eixample,6,la Sagrada Família,26,2045,6,10
2026-01-01,2,Eixample,6,la Sagrada Família,26,2045,53,11
2026-01-01,2,Eixample,6,la Sagrada Família,26,2045,36,12
2026-01-01,2,Eixample,6,la Sagrada Família,26,2046,76,1
2026-01-01,2,Eixample,6,la Sagrada Família,26,2046,76,2
2026-01-01,2,Eixample,6,la Sagrada Família,26,2046,97,3
2026-01-01,2,Eixample,6,la Sagrada Família,26,2046,35,4
2026-01-01,2,Eixample,6,la Sagrada Família,26,2046,100,5
2026-01-01,2,Eixample,6,la Sagrada Família,26,2046,54,6
2026-01-01,2,Eixample,6,la Sagrada Família,26,2046,37,7
2026-01-01,2,Eixample,6,la Sagrada Família,26,2046,163,8
2026-01-01,2,Eixample,6,la Sagrada Família,26,2046,18,9
2026-01-01,2,Eixample,6,la Sagrada Família,26,2046,5,10
2026-01-01,2,Eixample,6,la Sagrada Família,26,2046,91,11
2026-01-01,2,Eixample,6,la Sagrada Família,26,2046,59,12
2026-01-01,2,Eixample,6,la Sagrada Família,26,2047,67,1
2026-01-01,2,Eixample,6,la Sagrada Família,26,2047,58,2
2026-01-01,2,Eixample,6,la Sagrada Família,26,2047,88,3
2026-01-01,2,Eixample,6,la Sagrada Família,26,2047,37,4
2026-01-01,2,Eixample,6,la Sagrada Família,26,2047,101,5
2026-01-01,2,Eixample,6,la Sagrada Família,26,2047,72,6
2026-01-01,2,Eixample,6,la Sagrada Família,26,2047,56,7
2026-01-01,2,Eixample,6,la Sagrada Família,26,2047,170,8
2026-01-01,2,Eixample,6,la Sagrada Família,26,2047,15,9
2026-01-01,2,Eixample,6,la Sagrada Família,26,2047,2,10
2026-01-01,2,Eixample,6,la Sagrada Família,26,2047,68,11
2026-01-01,2,Eixample,6,la Sagrada Família,26,2047,50,12
2026-01-01,2,Eixample,6,la Sagrada Família,26,2048,52,1
2026-01-01,2,Eixample,6,la Sagrada Família,26,2048,58,2
2026-01-01,2,Eixample,6,la Sagrada Família,26,2048,59,3
2026-01-01,2,Eixample,6,la Sagrada Família,26,2048,17,4
2026-01-01,2,Eixample,6,la Sagrada Família,26,2048,101,5
2026-01-01,2,Eixample,6,la Sagrada Família,26,2048,43,6
2026-01-01,2,Eixample,6,la Sagrada Família,26,2048,30,7
2026-01-01,2,Eixample,6,la Sagrada Família,26,2048,118,8
2026-01-01,2,Eixample,6,la Sagrada Família,26,2048,7,9
2026-01-01,2,Eixample,6,la Sagrada Família,26,2048,3,10
2026-01-01,2,Eixample,6,la Sagrada Família,26,2048,59,11
2026-01-01,2,Eixample,6,la Sagrada Família,26,2048,36,12
2026-01-01,2,Eixample,6,la Sagrada Família,27,2049,119,1
2026-01-01,2,Eixample,6,la Sagrada Família,27,2049,86,2
2026-01-01,2,Eixample,6,la Sagrada Família,27,2049,106,3
2026-01-01,2,Eixample,6,la Sagrada Família,27,2049,37,4
2026-01-01,2,Eixample,6,la Sagrada Família,27,2049,142,5
2026-01-01,2,Eixample,6,la Sagrada Família,27,2049,74,6
2026-01-01,2,Eixample,6,la Sagrada Família,27,2049,38,7
2026-01-01,2,Eixample,6,la Sagrada Família,27,2049,179,8
2026-01-01,2,Eixample,6,la Sagrada Família,27,2049,20,9
2026-01-01,2,Eixample,6,la Sagrada Família,27,2049,3,10
2026-01-01,2,Eixample,6,la Sagrada Família,27,2049,60,11
2026-01-01,2,Eixample,6,la Sagrada Família,27,2049,52,12
2026-01-01,2,Eixample,6,la Sagrada Família,27,2050,105,1
2026-01-01,2,Eixample,6,la Sagrada Família,27,2050,74,2
2026-01-01,2,Eixample,6,la Sagrada Família,27,2050,73,3
2026-01-01,2,Eixample,6,la Sagrada Família,27,2050,31,4
2026-01-01,2,Eixample,6,la Sagrada Família,27,2050,112,5
2026-01-01,2,Eixample,6,la Sagrada Família,27,2050,47,6
2026-01-01,2,Eixample,6,la Sagrada Família,27,2050,44,7
2026-01-01,2,Eixample,6,la Sagrada Família,27,2050,152,8
2026-01-01,2,Eixample,6,la Sagrada Família,27,2050,11,9
2026-01-01,2,Eixample,6,la Sagrada Família,27,2050,2,10
2026-01-01,2,Eixample,6,la Sagrada Família,27,2050,52,11
2026-01-01,2,Eixample,6,la Sagrada Família,27,2050,42,12
2026-01-01,2,Eixample,6,la Sagrada Família,27,2051,107,1
2026-01-01,2,Eixample,6,la Sagrada Família,27,2051,83,2
2026-01-01,2,Eixample,6,la Sagrada Família,27,2051,99,3
2026-01-01,2,Eixample,6,la Sagrada Família,27,2051,23,4
2026-01-01,2,Eixample,6,la Sagrada Família,27,2051,127,5
2026-01-01,2,Eixample,6,la Sagrada Família,27,2051,50,6
2026-01-01,2,Eixample,6,la Sagrada Família,27,2051,35,7
2026-01-01,2,Eixample,6,la Sagrada Família,27,2051,172,8
2026-01-01,2,Eixample,6,la Sagrada Família,27,2051,14,9
2026-01-01,2,Eixample,6,la Sagrada Família,27,2051,1,10
2026-01-01,2,Eixample,6,la Sagrada Família,27,2051,56,11
2026-01-01,2,Eixample,6,la Sagrada Família,27,2051,46,12
2026-01-01,2,Eixample,6,la Sagrada Família,27,2052,97,1
2026-01-01,2,Eixample,6,la Sagrada Família,27,2052,87,2
2026-01-01,2,Eixample,6,la Sagrada Família,27,2052,83,3
2026-01-01,2,Eixample,6,la Sagrada Família,27,2052,22,4
2026-01-01,2,Eixample,6,la Sagrada Família,27,2052,154,5
2026-01-01,2,Eixample,6,la Sagrada Família,27,2052,53,6
2026-01-01,2,Eixample,6,la Sagrada Família,27,2052,26,7
2026-01-01,2,Eixample,6,la Sagrada Família,27,2052,144,8
2026-01-01,2,Eixample,6,la Sagrada Família,27,2052,14,9
2026-01-01,2,Eixample,6,la Sagrada Família,27,2052,6,10
2026-01-01,2,Eixample,6,la Sagrada Família,27,2052,66,11
2026-01-01,2,Eixample,6,la Sagrada Família,27,2052,45,12
2026-01-01,2,Eixample,6,la Sagrada Família,27,2053,110,1
2026-01-01,2,Eixample,6,la Sagrada Família,27,2053,103,2
2026-01-01,2,Eixample,6,la Sagrada Família,27,2053,91,3
2026-01-01,2,Eixample,6,la Sagrada Família,27,2053,30,4
2026-01-01,2,Eixample,6,la Sagrada Família,27,2053,157,5
2026-01-01,2,Eixample,6,la Sagrada Família,27,2053,46,6
2026-01-01,2,Eixample,6,la Sagrada Família,27,2053,30,7
2026-01-01,2,Eixample,6,la Sagrada Família,27,2053,159,8
2026-01-01,2,Eixample,6,la Sagrada Família,27,2053,16,9
2026-01-01,2,Eixample,6,la Sagrada Família,27,2053,6,10
2026-01-01,2,Eixample,6,la Sagrada Família,27,2053,74,11
2026-01-01,2,Eixample,6,la Sagrada Família,27,2053,44,12
2026-01-01,2,Eixample,6,la Sagrada Família,27,2054,87,1
2026-01-01,2,Eixample,6,la Sagrada Família,27,2054,71,2
2026-01-01,2,Eixample,6,la Sagrada Família,27,2054,89,3
2026-01-01,2,Eixample,6,la Sagrada Família,27,2054,30,4
2026-01-01,2,Eixample,6,la Sagrada Família,27,2054,118,5
2026-01-01,2,Eixample,6,la Sagrada Família,27,2054,68,6
2026-01-01,2,Eixample,6,la Sagrada Família,27,2054,44,7
2026-01-01,2,Eixample,6,la Sagrada Família,27,2054,153,8
2026-01-01,2,Eixample,6,la Sagrada Família,27,2054,10,9
2026-01-01,2,Eixample,6,la Sagrada Família,27,2054,6,10
2026-01-01,2,Eixample,6,la Sagrada Família,27,2054,101,11
2026-01-01,2,Eixample,6,la Sagrada Família,27,2054,52,12
2026-01-01,2,Eixample,7,la Dreta de l'Eixample,28,2055,88,1
2026-01-01,2,Eixample,7,la Dreta de l'Eixample,28,2055,78,2
2026-01-01,2,Eixample,7,la Dreta de l'Eixample,28,2055,92,3
2026-01-01,2,Eixample,7,la Dreta de l'Eixample,28,2055,25,4
2026-01-01,2,Eixample,7,la Dreta de l'Eixample,28,2055,122,5
2026-01-01,2,Eixample,7,la Dreta de l'Eixample,28,2055,65,6
2026-01-01,2,Eixample,7,la Dreta de l'Eixample,28,2055,46,7
2026-01-01,2,Eixample,7,la Dreta de l'Eixample,28,2055,148,8
2026-01-01,2,Eixample,7,la Dreta de l'Eixample,28,2055,16,9
2026-01-01,2,Eixample,7,la Dreta de l'Eixample,28,2055,7,10
2026-01-01,2,Eixample,7,la Dreta de l'Eixample,28,2055,80,11
2026-01-01,2,Eixample,7,la Dreta de l'Eixample,28,2055,37,12
2026-01-01,2,Eixample,7,la Dreta de l'Eixample,28,2056,73,1
2026-01-01,2,Eixample,7,la Dreta de l'Eixample,28,2056,73,2
2026-01-01,2,Eixample,7,la Dreta de l'Eixample,28,2056,64,3
2026-01-01,2,Eixample,7,la Dreta de l'Eixample,28,2056,13,4
2026-01-01,2,Eixample,7,la Dreta de l'Eixample,28,2056,118,5
2026-01-01,2,Eixample,7,la Dreta de l'Eixample,28,2056,29,6
2026-01-01,2,Eixample,7,la Dreta de l'Eixample,28,2056,28,7
2026-01-01,2,Eixample,7,la Dreta de l'Eixample,28,2056,118,8
2026-01-01,2,Eixample,7,la Dreta de l'Eixample,28,2056,10,9
2026-01-01,2,Eixample,7,la Dreta de l'Eixample,28,2056,3,10
2026-01-01,2,Eixample,7,la Dreta de l'Eixample,28,2056,76,11
2026-01-01,2,Eixample,7,la Dreta de l'Eixample,28,2056,40,12
2026-01-01,2,Eixample,7,la Dreta de l'Eixample,28,2057,34,1
2026-01-01,2,Eixample,7,la Dreta de l'Eixample,28,2057,44,2
2026-01-01,2,Eixample,7,la Dreta de l'Eixample,28,2057,64,3
2026-01-01,2,Eixample,7,la Dreta de l'Eixample,28,2057,19,4
2026-01-01,2,Eixample,7,la Dreta de l'Eixample,28,2057,59,5
2026-01-01,2,Eixample,7,la Dreta de l'Eixample,28,2057,67,6
2026-01-01,2,Eixample,7,la Dreta de l'Eixample,28,2057,31,7
2026-01-01,2,Eixample,7,la Dreta de l'Eixample,28,2057,93,8
2026-01-01,2,Eixample,7,la Dreta de l'Eixample,28,2057,7,9
2026-01-01,2,Eixample,7,la Dreta de l'Eixample,28,2057,2,10
2026-01-01,2,Eixample,7,la Dreta de l'Eixample,28,2057,78,11
2026-01-01,2,Eixample,7,la Dreta de l'Eixample,28,2057,29,12
2026-01-01,2,Eixample,7,la Dreta de l'Eixample,28,2058,53,1
2026-01-01,2,Eixample,7,la Dreta de l'Eixample,28,2058,56,2
2026-01-01,2,Eixample,7,la Dreta de l'Eixample,28,2058,88,3
2026-01-01,2,Eixample,7,la Dreta de l'Eixample,28,2058,26,4
2026-01-01,2,Eixample,7,la Dreta de l'Eixample,28,2058,96,5
2026-01-01,2,Eixample,7,la Dreta de l'Eixample,28,2058,59,6
2026-01-01,2,Eixample,7,la Dreta de l'Eixample,28,2058,35,7
2026-01-01,2,Eixample,7,la Dreta de l'Eixample,28,2058,93,8
2026-01-01,2,Eixample,7,la Dreta de l'Eixample,28,2058,13,9
2026-01-01,2,Eixample,7,la Dreta de l'Eixample,28,2058,6,10
2026-01-01,2,Eixample,7,la Dreta de l'Eixample,28,2058,76,11
2026-01-01,2,Eixample,7,la Dreta de l'Eixample,28,2058,39,12
2026-01-01,2,Eixample,7,la Dreta de l'Eixample,28,2059,62,1
2026-01-01,2,Eixample,7,la Dreta de l'Eixample,28,2059,47,2
2026-01-01,2,Eixample,7,la Dreta de l'Eixample,28,2059,75,3
2026-01-01,2,Eixample,7,la Dreta de l'Eixample,28,2059,20,4
2026-01-01,2,Eixample,7,la Dreta de l'Eixample,28,2059,88,5
2026-01-01,2,Eixample,7,la Dreta de l'Eixample,28,2059,63,6
2026-01-01,2,Eixample,7,la Dreta de l'Eixample,28,2059,37,7
2026-01-01,2,Eixample,7,la Dreta de l'Eixample,28,2059,158,8
2026-01-01,2,Eixample,7,la Dreta de l'Eixample,28,2059,10,9
2026-01-01,2,Eixample,7,la Dreta de l'Eixample,28,2059,4,10
2026-01-01,2,Eixample,7,la Dreta de l'Eixample,28,2059,70,11
2026-01-01,2,Eixample,7,la Dreta de l'Eixample,28,2059,42,12
2026-01-01,2,Eixample,7,la Dreta de l'Eixample,28,2060,61,1
2026-01-01,2,Eixample,7,la Dreta de l'Eixample,28,2060,68,2
2026-01-01,2,Eixample,7,la Dreta de l'Eixample,28,2060,105,3
2026-01-01,2,Eixample,7,la Dreta de l'Eixample,28,2060,25,4
2026-01-01,2,Eixample,7,la Dreta de l'Eixample,28,2060,101,5
2026-01-01,2,Eixample,7,la Dreta de l'Eixample,28,2060,49,6
2026-01-01,2,Eixample,7,la Dreta de l'Eixample,28,2060,35,7
2026-01-01,2,Eixample,7,la Dreta de l'Eixample,28,2060,148,8
2026-01-01,2,Eixample,7,la Dreta de l'Eixample,28,2060,19,9
2026-01-01,2,Eixample,7,la Dreta de l'Eixample,28,2060,4,10
2026-01-01,2,Eixample,7,la Dreta de l'Eixample,28,2060,90,11
2026-01-01,2,Eixample,7,la Dreta de l'Eixample,28,2060,40,12
2026-01-01,2,Eixample,7,la Dreta de l'Eixample,29,2061,79,1
2026-01-01,2,Eixample,7,la Dreta de l'Eixample,29,2061,71,2
2026-01-01,2,Eixample,7,la Dreta de l'Eixample,29,2061,71,3
2026-01-01,2,Eixample,7,la Dreta de l'Eixample,29,2061,18,4
2026-01-01,2,Eixample,7,la Dreta de l'Eixample,29,2061,115,5
2026-01-01,2,Eixample,7,la Dreta de l'Eixample,29,2061,35,6
2026-01-01,2,Eixample,7,la Dreta de l'Eixample,29,2061,24,7
2026-01-01,2,Eixample,7,la Dreta de l'Eixample,29,2061,109,8
2026-01-01,2,Eixample,7,la Dreta de l'Eixample,29,2061,17,9
2026-01-01,2,Eixample,7,la Dreta de l'Eixample,29,2061,3,10
2026-01-01,2,Eixample,7,la Dreta de l'Eixample,29,2061,57,11
2026-01-01,2,Eixample,7,la Dreta de l'Eixample,29,2061,28,12
2026-01-01,2,Eixample,7,la Dreta de l'Eixample,29,2062,90,1
2026-01-01,2,Eixample,7,la Dreta de l'Eixample,29,2062,59,2
2026-01-01,2,Eixample,7,la Dreta de l'Eixample,29,2062,59,3
2026-01-01,2,Eixample,7,la Dreta de l'Eixample,29,2062,22,4
2026-01-01,2,Eixample,7,la Dreta de l'Eixample,29,2062,111,5
2026-01-01,2,Eixample,7,la Dreta de l'Eixample,29,2062,47,6
2026-01-01,2,Eixample,7,la Dreta de l'Eixample,29,2062,26,7
2026-01-01,2,Eixample,7,la Dreta de l'Eixample,29,2062,140,8
2026-01-01,2,Eixample,7,la Dreta de l'Eixample,29,2062,21,9
2026-01-01,2,Eixample,7,la Dreta de l'Eixample,29,2062,3,10
2026-01-01,2,Eixample,7,la Dreta de l'Eixample,29,2062,83,11
2026-01-01,2,Eixample,7,la Dreta de l'Eixample,29,2062,27,12
2026-01-01,2,Eixample,7,la Dreta de l'Eixample,29,2063,38,1
2026-01-01,2,Eixample,7,la Dreta de l'Eixample,29,2063,32,2
2026-01-01,2,Eixample,7,la Dreta de l'Eixample,29,2063,42,3
2026-01-01,2,Eixample,7,la Dreta de l'Eixample,29,2063,15,4
2026-01-01,2,Eixample,7,la Dreta de l'Eixample,29,2063,82,5
2026-01-01,2,Eixample,7,la Dreta de l'Eixample,29,2063,27,6
2026-01-01,2,Eixample,7,la Dreta de l'Eixample,29,2063,29,7
2026-01-01,2,Eixample,7,la Dreta de l'Eixample,29,2063,96,8
2026-01-01,2,Eixample,7,la Dreta de l'Eixample,29,2063,6,9
2026-01-01,2,Eixample,7,la Dreta de l'Eixample,29,2063,5,10
2026-01-01,2,Eixample,7,la Dreta de l'Eixample,29,2063,43,11
2026-01-01,2,Eixample,7,la Dreta de l'Eixample,29,2063,34,12
2026-01-01,2,Eixample,7,la Dreta de l'Eixample,29,2064,51,1
2026-01-01,2,Eixample,7,la Dreta de l'Eixample,29,2064,38,2
2026-01-01,2,Eixample,7,la Dreta de l'Eixample,29,2064,61,3
2026-01-01,2,Eixample,7,la Dreta de l'Eixample,29,2064,22,4
2026-01-01,2,Eixample,7,la Dreta de l'Eixample,29,2064,54,5
2026-01-01,2,Eixample,7,la Dreta de l'Eixample,29,2064,69,6
2026-01-01,2,Eixample,7,la Dreta de l'Eixample,29,2064,27,7
2026-01-01,2,Eixample,7,la Dreta de l'Eixample,29,2064,117,8
2026-01-01,2,Eixample,7,la Dreta de l'Eixample,29,2064,15,9
2026-01-01,2,Eixample,7,la Dreta de l'Eixample,29,2064,4,10
2026-01-01,2,Eixample,7,la Dreta de l'Eixample,29,2064,71,11
2026-01-01,2,Eixample,7,la Dreta de l'Eixample,29,2064,30,12
2026-01-01,2,Eixample,7,la Dreta de l'Eixample,29,2065,104,1
2026-01-01,2,Eixample,7,la Dreta de l'Eixample,29,2065,73,2
2026-01-01,2,Eixample,7,la Dreta de l'Eixample,29,2065,63,3
2026-01-01,2,Eixample,7,la Dreta de l'Eixample,29,2065,28,4
2026-01-01,2,Eixample,7,la Dreta de l'Eixample,29,2065,120,5
2026-01-01,2,Eixample,7,la Dreta de l'Eixample,29,2065,50,6
2026-01-01,2,Eixample,7,la Dreta de l'Eixample,29,2065,33,7
2026-01-01,2,Eixample,7,la Dreta de l'Eixample,29,2065,147,8
2026-01-01,2,Eixample,7,la Dreta de l'Eixample,29,2065,23,9
2026-01-01,2,Eixample,7,la Dreta de l'Eixample,29,2065,7,10
2026-01-01,2,Eixample,7,la Dreta de l'Eixample,29,2065,88,11
2026-01-01,2,Eixample,7,la Dreta de l'Eixample,29,2065,47,12
2026-01-01,2,Eixample,7,la Dreta de l'Eixample,30,2066,64,1
2026-01-01,2,Eixample,7,la Dreta de l'Eixample,30,2066,71,2
2026-01-01,2,Eixample,7,la Dreta de l'Eixample,30,2066,95,3
2026-01-01,2,Eixample,7,la Dreta de l'Eixample,30,2066,33,4
2026-01-01,2,Eixample,7,la Dreta de l'Eixample,30,2066,99,5
2026-01-01,2,Eixample,7,la Dreta de l'Eixample,30,2066,72,6
2026-01-01,2,Eixample,7,la Dreta de l'Eixample,30,2066,34,7
2026-01-01,2,Eixample,7,la Dreta de l'Eixample,30,2066,165,8
2026-01-01,2,Eixample,7,la Dreta de l'Eixample,30,2066,18,9
2026-01-01,2,Eixample,7,la Dreta de l'Eixample,30,2066,3,10
2026-01-01,2,Eixample,7,la Dreta de l'Eixample,30,2066,65,11
2026-01-01,2,Eixample,7,la Dreta de l'Eixample,30,2066,52,12
2026-01-01,2,Eixample,7,la Dreta de l'Eixample,30,2067,98,1
2026-01-01,2,Eixample,7,la Dreta de l'Eixample,30,2067,70,2
2026-01-01,2,Eixample,7,la Dreta de l'Eixample,30,2067,77,3
2026-01-01,2,Eixample,7,la Dreta de l'Eixample,30,2067,28,4
2026-01-01,2,Eixample,7,la Dreta de l'Eixample,30,2067,138,5
2026-01-01,2,Eixample,7,la Dreta de l'Eixample,30,2067,42,6
2026-01-01,2,Eixample,7,la Dreta de l'Eixample,30,2067,30,7
2026-01-01,2,Eixample,7,la Dreta de l'Eixample,30,2067,139,8
2026-01-01,2,Eixample,7,la Dreta de l'Eixample,30,2067,12,9
2026-01-01,2,Eixample,7,la Dreta de l'Eixample,30,2067,2,10
2026-01-01,2,Eixample,7,la Dreta de l'Eixample,30,2067,73,11
2026-01-01,2,Eixample,7,la Dreta de l'Eixample,30,2067,39,12
2026-01-01,2,Eixample,7,la Dreta de l'Eixample,30,2068,63,1
2026-01-01,2,Eixample,7,la Dreta de l'Eixample,30,2068,54,2
2026-01-01,2,Eixample,7,la Dreta de l'Eixample,30,2068,62,3
2026-01-01,2,Eixample,7,la Dreta de l'Eixample,30,2068,29,4
2026-01-01,2,Eixample,7,la Dreta de l'Eixample,30,2068,103,5
2026-01-01,2,Eixample,7,la Dreta de l'Eixample,30,2068,65,6
2026-01-01,2,Eixample,7,la Dreta de l'Eixample,30,2068,38,7
2026-01-01,2,Eixample,7,la Dreta de l'Eixample,30,2068,143,8
2026-01-01,2,Eixample,7,la Dreta de l'Eixample,30,2068,18,9
2026-01-01,2,Eixample,7,la Dreta de l'Eixample,30,2068,3,10
2026-01-01,2,Eixample,7,la Dreta de l'Eixample,30,2068,73,11
2026-01-01,2,Eixample,7,la Dreta de l'Eixample,30,2068,45,12
2026-01-01,2,Eixample,7,la Dreta de l'Eixample,30,2069,64,1
2026-01-01,2,Eixample,7,la Dreta de l'Eixample,30,2069,45,2
2026-01-01,2,Eixample,7,la Dreta de l'Eixample,30,2069,65,3
2026-01-01,2,Eixample,7,la Dreta de l'Eixample,30,2069,22,4
2026-01-01,2,Eixample,7,la Dreta de l'Eixample,30,2069,80,5
2026-01-01,2,Eixample,7,la Dreta de l'Eixample,30,2069,54,6
2026-01-01,2,Eixample,7,la Dreta de l'Eixample,30,2069,29,7
2026-01-01,2,Eixample,7,la Dreta de l'Eixample,30,2069,111,8
2026-01-01,2,Eixample,7,la Dreta de l'Eixample,30,2069,14,9
2026-01-01,2,Eixample,7,la Dreta de l'Eixample,30,2069,2,10
2026-01-01,2,Eixample,7,la Dreta de l'Eixample,30,2069,67,11
2026-01-01,2,Eixample,7,la Dreta de l'Eixample,30,2069,36,12
2026-01-01,2,Eixample,7,la Dreta de l'Eixample,31,2070,66,1
2026-01-01,2,Eixample,7,la Dreta de l'Eixample,31,2070,55,2
2026-01-01,2,Eixample,7,la Dreta de l'Eixample,31,2070,50,3
2026-01-01,2,Eixample,7,la Dreta de l'Eixample,31,2070,12,4
2026-01-01,2,Eixample,7,la Dreta de l'Eixample,31,2070,84,5
2026-01-01,2,Eixample,7,la Dreta de l'Eixample,31,2070,40,6
2026-01-01,2,Eixample,7,la Dreta de l'Eixample,31,2070,25,7
2026-01-01,2,Eixample,7,la Dreta de l'Eixample,31,2070,100,8
2026-01-01,2,Eixample,7,la Dreta de l'Eixample,31,2070,11,9
2026-01-01,2,Eixample,7,la Dreta de l'Eixample,31,2070,1,10
2026-01-01,2,Eixample,7,la Dreta de l'Eixample,31,2070,62,11
2026-01-01,2,Eixample,7,la Dreta de l'Eixample,31,2070,25,12
2026-01-01,2,Eixample,7,la Dreta de l'Eixample,31,2071,55,1
2026-01-01,2,Eixample,7,la Dreta de l'Eixample,31,2071,62,2
2026-01-01,2,Eixample,7,la Dreta de l'Eixample,31,2071,66,3
2026-01-01,2,Eixample,7,la Dreta de l'Eixample,31,2071,29,4
2026-01-01,2,Eixample,7,la Dreta de l'Eixample,31,2071,114,5
2026-01-01,2,Eixample,7,la Dreta de l'Eixample,31,2071,63,6
2026-01-01,2,Eixample,7,la Dreta de l'Eixample,31,2071,34,7
2026-01-01,2,Eixample,7,la Dreta de l'Eixample,31,2071,162,8
2026-01-01,2,Eixample,7,la Dreta de l'Eixample,31,2071,13,9
2026-01-01,2,Eixample,7,la Dreta de l'Eixample,31,2071,8,10
2026-01-01,2,Eixample,7,la Dreta de l'Eixample,31,2071,77,11
2026-01-01,2,Eixample,7,la Dreta de l'Eixample,31,2071,25,12
2026-01-01,2,Eixample,7,la Dreta de l'Eixample,31,2072,49,1
2026-01-01,2,Eixample,7,la Dreta de l'Eixample,31,2072,48,2
2026-01-01,2,Eixample,7,la Dreta de l'Eixample,31,2072,50,3
2026-01-01,2,Eixample,7,la Dreta de l'Eixample,31,2072,26,4
2026-01-01,2,Eixample,7,la Dreta de l'Eixample,31,2072,66,5
2026-01-01,2,Eixample,7,la Dreta de l'Eixample,31,2072,45,6
2026-01-01,2,Eixample,7,la Dreta de l'Eixample,31,2072,19,7
2026-01-01,2,Eixample,7,la Dreta de l'Eixample,31,2072,119,8
2026-01-01,2,Eixample,7,la Dreta de l'Eixample,31,2072,10,9
2026-01-01,2,Eixample,7,la Dreta de l'Eixample,31,2072,1,10
2026-01-01,2,Eixample,7,la Dreta de l'Eixample,31,2072,57,11
2026-01-01,2,Eixample,7,la Dreta de l'Eixample,31,2072,30,12
2026-01-01,2,Eixample,7,la Dreta de l'Eixample,32,2073,104,1
2026-01-01,2,Eixample,7,la Dreta de l'Eixample,32,2073,79,2
2026-01-01,2,Eixample,7,la Dreta de l'Eixample,32,2073,55,3
2026-01-01,2,Eixample,7,la Dreta de l'Eixample,32,2073,18,4
2026-01-01,2,Eixample,7,la Dreta de l'Eixample,32,2073,103,5
2026-01-01,2,Eixample,7,la Dreta de l'Eixample,32,2073,44,6
2026-01-01,2,Eixample,7,la Dreta de l'Eixample,32,2073,30,7
2026-01-01,2,Eixample,7,la Dreta de l'Eixample,32,2073,158,8
2026-01-01,2,Eixample,7,la Dreta de l'Eixample,32,2073,18,9
2026-01-01,2,Eixample,7,la Dreta de l'Eixample,32,2073,4,10
2026-01-01,2,Eixample,7,la Dreta de l'Eixample,32,2073,83,11
2026-01-01,2,Eixample,7,la Dreta de l'Eixample,32,2073,38,12
2026-01-01,2,Eixample,7,la Dreta de l'Eixample,32,2074,55,1
2026-01-01,2,Eixample,7,la Dreta de l'Eixample,32,2074,39,2
2026-01-01,2,Eixample,7,la Dreta de l'Eixample,32,2074,51,3
2026-01-01,2,Eixample,7,la Dreta de l'Eixample,32,2074,10,4
2026-01-01,2,Eixample,7,la Dreta de l'Eixample,32,2074,94,5
2026-01-01,2,Eixample,7,la Dreta de l'Eixample,32,2074,35,6
2026-01-01,2,Eixample,7,la Dreta de l'Eixample,32,2074,23,7
2026-01-01,2,Eixample,7,la Dreta de l'Eixample,32,2074,109,8
2026-01-01,2,Eixample,7,la Dreta de l'Eixample,32,2074,9,9
2026-01-01,2,Eixample,7,la Dreta de l'Eixample,32,2074,4,10
2026-01-01,2,Eixample,7,la Dreta de l'Eixample,32,2074,53,11
2026-01-01,2,Eixample,7,la Dreta de l'Eixample,32,2074,36,12
2026-01-01,2,Eixample,7,la Dreta de l'Eixample,32,2075,59,1
2026-01-01,2,Eixample,7,la Dreta de l'Eixample,32,2075,55,2
2026-01-01,2,Eixample,7,la Dreta de l'Eixample,32,2075,38,3
2026-01-01,2,Eixample,7,la Dreta de l'Eixample,32,2075,26,4
2026-01-01,2,Eixample,7,la Dreta de l'Eixample,32,2075,94,5
2026-01-01,2,Eixample,7,la Dreta de l'Eixample,32,2075,38,6
2026-01-01,2,Eixample,7,la Dreta de l'Eixample,32,2075,29,7
2026-01-01,2,Eixample,7,la Dreta de l'Eixample,32,2075,99,8
2026-01-01,2,Eixample,7,la Dreta de l'Eixample,32,2075,8,9
2026-01-01,2,Eixample,7,la Dreta de l'Eixample,32,2075,1,10
2026-01-01,2,Eixample,7,la Dreta de l'Eixample,32,2075,44,11
2026-01-01,2,Eixample,7,la Dreta de l'Eixample,32,2075,34,12
2026-01-01,2,Eixample,7,la Dreta de l'Eixample,32,2076,73,1
2026-01-01,2,Eixample,7,la Dreta de l'Eixample,32,2076,67,2
2026-01-01,2,Eixample,7,la Dreta de l'Eixample,32,2076,51,3
2026-01-01,2,Eixample,7,la Dreta de l'Eixample,32,2076,32,4
2026-01-01,2,Eixample,7,la Dreta de l'Eixample,32,2076,102,5
2026-01-01,2,Eixample,7,la Dreta de l'Eixample,32,2076,40,6
2026-01-01,2,Eixample,7,la Dreta de l'Eixample,32,2076,34,7
2026-01-01,2,Eixample,7,la Dreta de l'Eixample,32,2076,138,8
2026-01-01,2,Eixample,7,la Dreta de l'Eixample,32,2076,12,9
2026-01-01,2,Eixample,7,la Dreta de l'Eixample,32,2076,1,10
2026-01-01,2,Eixample,7,la Dreta de l'Eixample,32,2076,72,11
2026-01-01,2,Eixample,7,la Dreta de l'Eixample,32,2076,42,12
2026-01-01,2,Eixample,7,la Dreta de l'Eixample,33,2077,93,1
2026-01-01,2,Eixample,7,la Dreta de l'Eixample,33,2077,112,2
2026-01-01,2,Eixample,7,la Dreta de l'Eixample,33,2077,55,3
2026-01-01,2,Eixample,7,la Dreta de l'Eixample,33,2077,34,4
2026-01-01,2,Eixample,7,la Dreta de l'Eixample,33,2077,130,5
2026-01-01,2,Eixample,7,la Dreta de l'Eixample,33,2077,30,6
2026-01-01,2,Eixample,7,la Dreta de l'Eixample,33,2077,20,7
2026-01-01,2,Eixample,7,la Dreta de l'Eixample,33,2077,170,8
2026-01-01,2,Eixample,7,la Dreta de l'Eixample,33,2077,10,9
2026-01-01,2,Eixample,7,la Dreta de l'Eixample,33,2077,7,10
2026-01-01,2,Eixample,7,la Dreta de l'Eixample,33,2077,53,11
2026-01-01,2,Eixample,7,la Dreta de l'Eixample,33,2077,36,12
2026-01-01,2,Eixample,7,la Dreta de l'Eixample,34,2078,80,1
2026-01-01,2,Eixample,7,la Dreta de l'Eixample,34,2078,70,2
2026-01-01,2,Eixample,7,la Dreta de l'Eixample,34,2078,70,3
2026-01-01,2,Eixample,7,la Dreta de l'Eixample,34,2078,35,4
2026-01-01,2,Eixample,7,la Dreta de l'Eixample,34,2078,92,5
2026-01-01,2,Eixample,7,la Dreta de l'Eixample,34,2078,44,6
2026-01-01,2,Eixample,7,la Dreta de l'Eixample,34,2078,28,7
2026-01-01,2,Eixample,7,la Dreta de l'Eixample,34,2078,104,8
2026-01-01,2,Eixample,7,la Dreta de l'Eixample,34,2078,15,9
2026-01-01,2,Eixample,7,la Dreta de l'Eixample,34,2078,3,10
2026-01-01,2,Eixample,7,la Dreta de l'Eixample,34,2078,54,11
2026-01-01,2,Eixample,7,la Dreta de l'Eixample,34,2078,30,12
2026-01-01,2,Eixample,7,la Dreta de l'Eixample,34,2079,80,1
2026-01-01,2,Eixample,7,la Dreta de l'Eixample,34,2079,86,2
2026-01-01,2,Eixample,7,la Dreta de l'Eixample,34,2079,51,3
2026-01-01,2,Eixample,7,la Dreta de l'Eixample,34,2079,20,4
2026-01-01,2,Eixample,7,la Dreta de l'Eixample,34,2079,93,5
2026-01-01,2,Eixample,7,la Dreta de l'Eixample,34,2079,45,6
2026-01-01,2,Eixample,7,la Dreta de l'Eixample,34,2079,26,7
2026-01-01,2,Eixample,7,la Dreta de l'Eixample,34,2079,121,8
2026-01-01,2,Eixample,7,la Dreta de l'Eixample,34,2079,13,9
2026-01-01,2,Eixample,7,la Dreta de l'Eixample,34,2079,1,10
2026-01-01,2,Eixample,7,la Dreta de l'Eixample,34,2079,61,11
2026-01-01,2,Eixample,7,la Dreta de l'Eixample,34,2079,32,12
2026-01-01,2,Eixample,7,la Dreta de l'Eixample,35,2080,74,1
2026-01-01,2,Eixample,7,la Dreta de l'Eixample,35,2080,82,2
2026-01-01,2,Eixample,7,la Dreta de l'Eixample,35,2080,55,3
2026-01-01,2,Eixample,7,la Dreta de l'Eixample,35,2080,28,4
2026-01-01,2,Eixample,7,la Dreta de l'Eixample,35,2080,108,5
2026-01-01,2,Eixample,7,la Dreta de l'Eixample,35,2080,38,6
2026-01-01,2,Eixample,7,la Dreta de l'Eixample,35,2080,32,7
2026-01-01,2,Eixample,7,la Dreta de l'Eixample,35,2080,123,8
2026-01-01,2,Eixample,7,la Dreta de l'Eixample,35,2080,18,9
2026-01-01,2,Eixample,7,la Dreta de l'Eixample,35,2080,5,10
2026-01-01,2,Eixample,7,la Dreta de l'Eixample,35,2080,76,11
2026-01-01,2,Eixample,7,la Dreta de l'Eixample,35,2080,40,12
2026-01-01,2,Eixample,7,la Dreta de l'Eixample,35,2081,108,1
2026-01-01,2,Eixample,7,la Dreta de l'Eixample,35,2081,108,2
2026-01-01,2,Eixample,7,la Dreta de l'Eixample,35,2081,98,3
2026-01-01,2,Eixample,7,la Dreta de l'Eixample,35,2081,39,4
2026-01-01,2,Eixample,7,la Dreta de l'Eixample,35,2081,173,5
2026-01-01,2,Eixample,7,la Dreta de l'Eixample,35,2081,77,6
2026-01-01,2,Eixample,7,la Dreta de l'Eixample,35,2081,44,7
2026-01-01,2,Eixample,7,la Dreta de l'Eixample,35,2081,174,8
2026-01-01,2,Eixample,7,la Dreta de l'Eixample,35,2081,22,9
2026-01-01,2,Eixample,7,la Dreta de l'Eixample,35,2081,6,10
2026-01-01,2,Eixample,7,la Dreta de l'Eixample,35,2081,96,11
2026-01-01,2,Eixample,7,la Dreta de l'Eixample,35,2081,43,12
2026-01-01,2,Eixample,7,la Dreta de l'Eixample,36,2082,59,1
2026-01-01,2,Eixample,7,la Dreta de l'Eixample,36,2082,49,2
2026-01-01,2,Eixample,7,la Dreta de l'Eixample,36,2082,35,3
2026-01-01,2,Eixample,7,la Dreta de l'Eixample,36,2082,9,4
2026-01-01,2,Eixample,7,la Dreta de l'Eixample,36,2082,66,5
2026-01-01,2,Eixample,7,la Dreta de l'Eixample,36,2082,26,6
2026-01-01,2,Eixample,7,la Dreta de l'Eixample,36,2082,31,7
2026-01-01,2,Eixample,7,la Dreta de l'Eixample,36,2082,79,8
2026-01-01,2,Eixample,7,la Dreta de l'Eixample,36,2082,11,9
2026-01-01,2,Eixample,7,la Dreta de l'Eixample,36,2082,4,10
2026-01-01,2,Eixample,7,la Dreta de l'Eixample,36,2082,45,11
2026-01-01,2,Eixample,7,la Dreta de l'Eixample,36,2082,18,12
2026-01-01,2,Eixample,7,la Dreta de l'Eixample,36,2083,114,1
2026-01-01,2,Eixample,7,la Dreta de l'Eixample,36,2083,105,2
2026-01-01,2,Eixample,7,la Dreta de l'Eixample,36,2083,85,3
2026-01-01,2,Eixample,7,la Dreta de l'Eixample,36,2083,39,4
2026-01-01,2,Eixample,7,la Dreta de l'Eixample,36,2083,125,5
2026-01-01,2,Eixample,7,la Dreta de l'Eixample,36,2083,60,6
2026-01-01,2,Eixample,7,la Dreta de l'Eixample,36,2083,49,7
2026-01-01,2,Eixample,7,la Dreta de l'Eixample,36,2083,157,8
2026-01-01,2,Eixample,7,la Dreta de l'Eixample,36,2083,20,9
2026-01-01,2,Eixample,7,la Dreta de l'Eixample,36,2083,3,10
2026-01-01,2,Eixample,7,la Dreta de l'Eixample,36,2083,88,11
2026-01-01,2,Eixample,7,la Dreta de l'Eixample,36,2083,40,12
2026-01-01,2,Eixample,8,l'Antiga Esquerra de l'Eixample,37,2084,115,1
2026-01-01,2,Eixample,8,l'Antiga Esquerra de l'Eixample,37,2084,106,2
2026-01-01,2,Eixample,8,l'Antiga Esquerra de l'Eixample,37,2084,91,3
2026-01-01,2,Eixample,8,l'Antiga Esquerra de l'Eixample,37,2084,41,4
2026-01-01,2,Eixample,8,l'Antiga Esquerra de l'Eixample,37,2084,159,5
2026-01-01,2,Eixample,8,l'Antiga Esquerra de l'Eixample,37,2084,47,6
2026-01-01,2,Eixample,8,l'Antiga Esquerra de l'Eixample,37,2084,48,7
2026-01-01,2,Eixample,8,l'Antiga Esquerra de l'Eixample,37,2084,173,8
2026-01-01,2,Eixample,8,l'Antiga Esquerra de l'Eixample,37,2084,14,9
2026-01-01,2,Eixample,8,l'Antiga Esquerra de l'Eixample,37,2084,4,10
2026-01-01,2,Eixample,8,l'Antiga Esquerra de l'Eixample,37,2084,79,11
2026-01-01,2,Eixample,8,l'Antiga Esquerra de l'Eixample,37,2084,51,12
2026-01-01,2,Eixample,8,l'Antiga Esquerra de l'Eixample,37,2085,99,1
2026-01-01,2,Eixample,8,l'Antiga Esquerra de l'Eixample,37,2085,73,2
2026-01-01,2,Eixample,8,l'Antiga Esquerra de l'Eixample,37,2085,71,3
2026-01-01,2,Eixample,8,l'Antiga Esquerra de l'Eixample,37,2085,23,4
2026-01-01,2,Eixample,8,l'Antiga Esquerra de l'Eixample,37,2085,110,5
2026-01-01,2,Eixample,8,l'Antiga Esquerra de l'Eixample,37,2085,44,6
2026-01-01,2,Eixample,8,l'Antiga Esquerra de l'Eixample,37,2085,29,7
2026-01-01,2,Eixample,8,l'Antiga Esquerra de l'Eixample,37,2085,112,8
2026-01-01,2,Eixample,8,l'Antiga Esquerra de l'Eixample,37,2085,24,9
2026-01-01,2,Eixample,8,l'Antiga Esquerra de l'Eixample,37,2085,2,10
2026-01-01,2,Eixample,8,l'Antiga Esquerra de l'Eixample,37,2085,50,11
2026-01-01,2,Eixample,8,l'Antiga Esquerra de l'Eixample,37,2085,35,12
2026-01-01,2,Eixample,8,l'Antiga Esquerra de l'Eixample,37,2086,73,1
2026-01-01,2,Eixample,8,l'Antiga Esquerra de l'Eixample,37,2086,62,2
2026-01-01,2,Eixample,8,l'Antiga Esquerra de l'Eixample,37,2086,63,3
2026-01-01,2,Eixample,8,l'Antiga Esquerra de l'Eixample,37,2086,18,4
2026-01-01,2,Eixample,8,l'Antiga Esquerra de l'Eixample,37,2086,101,5
2026-01-01,2,Eixample,8,l'Antiga Esquerra de l'Eixample,37,2086,37,6
2026-01-01,2,Eixample,8,l'Antiga Esquerra de l'Eixample,37,2086,28,7
2026-01-01,2,Eixample,8,l'Antiga Esquerra de l'Eixample,37,2086,107,8
2026-01-01,2,Eixample,8,l'Antiga Esquerra de l'Eixample,37,2086,11,9
2026-01-01,2,Eixample,8,l'Antiga Esquerra de l'Eixample,37,2086,3,10
2026-01-01,2,Eixample,8,l'Antiga Esquerra de l'Eixample,37,2086,72,11
2026-01-01,2,Eixample,8,l'Antiga Esquerra de l'Eixample,37,2086,37,12
2026-01-01,2,Eixample,8,l'Antiga Esquerra de l'Eixample,37,2087,65,1
2026-01-01,2,Eixample,8,l'Antiga Esquerra de l'Eixample,37,2087,53,2
2026-01-01,2,Eixample,8,l'Antiga Esquerra de l'Eixample,37,2087,86,3
2026-01-01,2,Eixample,8,l'Antiga Esquerra de l'Eixample,37,2087,22,4
2026-01-01,2,Eixample,8,l'Antiga Esquerra de l'Eixample,37,2087,101,5
2026-01-01,2,Eixample,8,l'Antiga Esquerra de l'Eixample,37,2087,33,6
2026-01-01,2,Eixample,8,l'Antiga Esquerra de l'Eixample,37,2087,34,7
2026-01-01,2,Eixample,8,l'Antiga Esquerra de l'Eixample,37,2087,122,8
2026-01-01,2,Eixample,8,l'Antiga Esquerra de l'Eixample,37,2087,10,9
2026-01-01,2,Eixample,8,l'Antiga Esquerra de l'Eixample,37,2087,3,10
2026-01-01,2,Eixample,8,l'Antiga Esquerra de l'Eixample,37,2087,65,11
2026-01-01,2,Eixample,8,l'Antiga Esquerra de l'Eixample,37,2087,36,12
2026-01-01,2,Eixample,8,l'Antiga Esquerra de l'Eixample,38,2088,91,1
2026-01-01,2,Eixample,8,l'Antiga Esquerra de l'Eixample,38,2088,96,2
2026-01-01,2,Eixample,8,l'Antiga Esquerra de l'Eixample,38,2088,72,3
2026-01-01,2,Eixample,8,l'Antiga Esquerra de l'Eixample,38,2088,37,4
2026-01-01,2,Eixample,8,l'Antiga Esquerra de l'Eixample,38,2088,121,5
2026-01-01,2,Eixample,8,l'Antiga Esquerra de l'Eixample,38,2088,51,6
2026-01-01,2,Eixample,8,l'Antiga Esquerra de l'Eixample,38,2088,40,7
2026-01-01,2,Eixample,8,l'Antiga Esquerra de l'Eixample,38,2088,146,8
2026-01-01,2,Eixample,8,l'Antiga Esquerra de l'Eixample,38,2088,13,9
2026-01-01,2,Eixample,8,l'Antiga Esquerra de l'Eixample,38,2088,4,10
2026-01-01,2,Eixample,8,l'Antiga Esquerra de l'Eixample,38,2088,59,11
2026-01-01,2,Eixample,8,l'Antiga Esquerra de l'Eixample,38,2088,35,12
2026-01-01,2,Eixample,8,l'Antiga Esquerra de l'Eixample,38,2089,105,1
2026-01-01,2,Eixample,8,l'Antiga Esquerra de l'Eixample,38,2089,93,2
2026-01-01,2,Eixample,8,l'Antiga Esquerra de l'Eixample,38,2089,89,3
2026-01-01,2,Eixample,8,l'Antiga Esquerra de l'Eixample,38,2089,29,4
2026-01-01,2,Eixample,8,l'Antiga Esquerra de l'Eixample,38,2089,136,5
2026-01-01,2,Eixample,8,l'Antiga Esquerra de l'Eixample,38,2089,38,6
2026-01-01,2,Eixample,8,l'Antiga Esquerra de l'Eixample,38,2089,48,7
2026-01-01,2,Eixample,8,l'Antiga Esquerra de l'Eixample,38,2089,167,8
2026-01-01,2,Eixample,8,l'Antiga Esquerra de l'Eixample,38,2089,10,9
2026-01-01,2,Eixample,8,l'Antiga Esquerra de l'Eixample,38,2089,5,10
2026-01-01,2,Eixample,8,l'Antiga Esquerra de l'Eixample,38,2089,73,11
2026-01-01,2,Eixample,8,l'Antiga Esquerra de l'Eixample,38,2089,40,12
2026-01-01,2,Eixample,8,l'Antiga Esquerra de l'Eixample,38,2090,101,1
2026-01-01,2,Eixample,8,l'Antiga Esquerra de l'Eixample,38,2090,97,2
2026-01-01,2,Eixample,8,l'Antiga Esquerra de l'Eixample,38,2090,68,3
2026-01-01,2,Eixample,8,l'Antiga Esquerra de l'Eixample,38,2090,28,4
2026-01-01,2,Eixample,8,l'Antiga Esquerra de l'Eixample,38,2090,134,5
2026-01-01,2,Eixample,8,l'Antiga Esquerra de l'Eixample,38,2090,42,6
2026-01-01,2,Eixample,8,l'Antiga Esquerra de l'Eixample,38,2090,28,7
2026-01-01,2,Eixample,8,l'Antiga Esquerra de l'Eixample,38,2090,141,8
2026-01-01,2,Eixample,8,l'Antiga Esquerra de l'Eixample,38,2090,12,9
2026-01-01,2,Eixample,8,l'Antiga Esquerra de l'Eixample,38,2090,3,10
2026-01-01,2,Eixample,8,l'Antiga Esquerra de l'Eixample,38,2090,62,11
2026-01-01,2,Eixample,8,l'Antiga Esquerra de l'Eixample,38,2090,47,12
2026-01-01,2,Eixample,8,l'Antiga Esquerra de l'Eixample,39,2091,90,1
2026-01-01,2,Eixample,8,l'Antiga Esquerra de l'Eixample,39,2091,82,2
2026-01-01,2,Eixample,8,l'Antiga Esquerra de l'Eixample,39,2091,66,3
2026-01-01,2,Eixample,8,l'Antiga Esquerra de l'Eixample,39,2091,30,4
2026-01-01,2,Eixample,8,l'Antiga Esquerra de l'Eixample,39,2091,144,5
2026-01-01,2,Eixample,8,l'Antiga Esquerra de l'Eixample,39,2091,46,6
2026-01-01,2,Eixample,8,l'Antiga Esquerra de l'Eixample,39,2091,48,7
2026-01-01,2,Eixample,8,l'Antiga Esquerra de l'Eixample,39,2091,163,8
2026-01-01,2,Eixample,8,l'Antiga Esquerra de l'Eixample,39,2091,16,9
2026-01-01,2,Eixample,8,l'Antiga Esquerra de l'Eixample,39,2091,5,10
2026-01-01,2,Eixample,8,l'Antiga Esquerra de l'Eixample,39,2091,70,11
2026-01-01,2,Eixample,8,l'Antiga Esquerra de l'Eixample,39,2091,28,12
2026-01-01,2,Eixample,8,l'Antiga Esquerra de l'Eixample,39,2092,91,1
2026-01-01,2,Eixample,8,l'Antiga Esquerra de l'Eixample,39,2092,119,2
2026-01-01,2,Eixample,8,l'Antiga Esquerra de l'Eixample,39,2092,58,3
2026-01-01,2,Eixample,8,l'Antiga Esquerra de l'Eixample,39,2092,34,4
2026-01-01,2,Eixample,8,l'Antiga Esquerra de l'Eixample,39,2092,142,5
2026-01-01,2,Eixample,8,l'Antiga Esquerra de l'Eixample,39,2092,47,6
2026-01-01,2,Eixample,8,l'Antiga Esquerra de l'Eixample,39,2092,37,7
2026-01-01,2,Eixample,8,l'Antiga Esquerra de l'Eixample,39,2092,156,8
2026-01-01,2,Eixample,8,l'Antiga Esquerra de l'Eixample,39,2092,7,9
2026-01-01,2,Eixample,8,l'Antiga Esquerra de l'Eixample,39,2092,5,10
2026-01-01,2,Eixample,8,l'Antiga Esquerra de l'Eixample,39,2092,63,11
2026-01-01,2,Eixample,8,l'Antiga Esquerra de l'Eixample,39,2092,34,12
2026-01-01,2,Eixample,8,l'Antiga Esquerra de l'Eixample,40,2093,66,1
2026-01-01,2,Eixample,8,l'Antiga Esquerra de l'Eixample,40,2093,77,2
2026-01-01,2,Eixample,8,l'Antiga Esquerra de l'Eixample,40,2093,67,3
2026-01-01,2,Eixample,8,l'Antiga Esquerra de l'Eixample,40,2093,35,4
2026-01-01,2,Eixample,8,l'Antiga Esquerra de l'Eixample,40,2093,112,5
2026-01-01,2,Eixample,8,l'Antiga Esquerra de l'Eixample,40,2093,58,6
2026-01-01,2,Eixample,8,l'Antiga Esquerra de l'Eixample,40,2093,42,7
2026-01-01,2,Eixample,8,l'Antiga Esquerra de l'Eixample,40,2093,157,8
2026-01-01,2,Eixample,8,l'Antiga Esquerra de l'Eixample,40,2093,11,9
2026-01-01,2,Eixample,8,l'Antiga Esquerra de l'Eixample,40,2093,44,11
2026-01-01,2,Eixample,8,l'Antiga Esquerra de l'Eixample,40,2093,46,12
2026-01-01,2,Eixample,8,l'Antiga Esquerra de l'Eixample,40,2094,62,1
2026-01-01,2,Eixample,8,l'Antiga Esquerra de l'Eixample,40,2094,66,2
2026-01-01,2,Eixample,8,l'Antiga Esquerra de l'Eixample,40,2094,63,3
2026-01-01,2,Eixample,8,l'Antiga Esquerra de l'Eixample,40,2094,28,4
2026-01-01,2,Eixample,8,l'Antiga Esquerra de l'Eixample,40,2094,108,5
2026-01-01,2,Eixample,8,l'Antiga Esquerra de l'Eixample,40,2094,52,6
2026-01-01,2,Eixample,8,l'Antiga Esquerra de l'Eixample,40,2094,32,7
2026-01-01,2,Eixample,8,l'Antiga Esquerra de l'Eixample,40,2094,154,8
2026-01-01,2,Eixample,8,l'Antiga Esquerra de l'Eixample,40,2094,8,9
2026-01-01,2,Eixample,8,l'Antiga Esquerra de l'Eixample,40,2094,3,10
2026-01-01,2,Eixample,8,l'Antiga Esquerra de l'Eixample,40,2094,35,11
2026-01-01,2,Eixample,8,l'Antiga Esquerra de l'Eixample,40,2094,32,12
2026-01-01,2,Eixample,8,l'Antiga Esquerra de l'Eixample,40,2095,64,1
2026-01-01,2,Eixample,8,l'Antiga Esquerra de l'Eixample,40,2095,75,2
2026-01-01,2,Eixample,8,l'Antiga Esquerra de l'Eixample,40,2095,63,3
2026-01-01,2,Eixample,8,l'Antiga Esquerra de l'Eixample,40,2095,18,4
2026-01-01,2,Eixample,8,l'Antiga Esquerra de l'Eixample,40,2095,120,5
2026-01-01,2,Eixample,8,l'Antiga Esquerra de l'Eixample,40,2095,48,6
2026-01-01,2,Eixample,8,l'Antiga Esquerra de l'Eixample,40,2095,31,7
2026-01-01,2,Eixample,8,l'Antiga Esquerra de l'Eixample,40,2095,140,8
2026-01-01,2,Eixample,8,l'Antiga Esquerra de l'Eixample,40,2095,7,9
2026-01-01,2,Eixample,8,l'Antiga Esquerra de l'Eixample,40,2095,2,10
2026-01-01,2,Eixample,8,l'Antiga Esquerra de l'Eixample,40,2095,55,11
2026-01-01,2,Eixample,8,l'Antiga Esquerra de l'Eixample,40,2095,36,12
2026-01-01,2,Eixample,8,l'Antiga Esquerra de l'Eixample,40,2096,67,1
2026-01-01,2,Eixample,8,l'Antiga Esquerra de l'Eixample,40,2096,76,2
2026-01-01,2,Eixample,8,l'Antiga Esquerra de l'Eixample,40,2096,68,3
2026-01-01,2,Eixample,8,l'Antiga Esquerra de l'Eixample,40,2096,19,4
2026-01-01,2,Eixample,8,l'Antiga Esquerra de l'Eixample,40,2096,101,5
2026-01-01,2,Eixample,8,l'Antiga Esquerra de l'Eixample,40,2096,44,6
2026-01-01,2,Eixample,8,l'Antiga Esquerra de l'Eixample,40,2096,27,7
2026-01-01,2,Eixample,8,l'Antiga Esquerra de l'Eixample,40,2096,127,8
2026-01-01,2,Eixample,8,l'Antiga Esquerra de l'Eixample,40,2096,8,9
2026-01-01,2,Eixample,8,l'Antiga Esquerra de l'Eixample,40,2096,2,10
2026-01-01,2,Eixample,8,l'Antiga Esquerra de l'Eixample,40,2096,37,11
2026-01-01,2,Eixample,8,l'Antiga Esquerra de l'Eixample,40,2096,33,12
2026-01-01,2,Eixample,8,l'Antiga Esquerra de l'Eixample,40,2097,65,1
2026-01-01,2,Eixample,8,l'Antiga Esquerra de l'Eixample,40,2097,46,2
2026-01-01,2,Eixample,8,l'Antiga Esquerra de l'Eixample,40,2097,43,3
2026-01-01,2,Eixample,8,l'Antiga Esquerra de l'Eixample,40,2097,14,4
2026-01-01,2,Eixample,8,l'Antiga Esquerra de l'Eixample,40,2097,72,5
2026-01-01,2,Eixample,8,l'Antiga Esquerra de l'Eixample,40,2097,31,6
2026-01-01,2,Eixample,8,l'Antiga Esquerra de l'Eixample,40,2097,30,7
2026-01-01,2,Eixample,8,l'Antiga Esquerra de l'Eixample,40,2097,108,8
2026-01-01,2,Eixample,8,l'Antiga Esquerra de l'Eixample,40,2097,5,9
2026-01-01,2,Eixample,8,l'Antiga Esquerra de l'Eixample,40,2097,2,10
2026-01-01,2,Eixample,8,l'Antiga Esquerra de l'Eixample,40,2097,40,11
2026-01-01,2,Eixample,8,l'Antiga Esquerra de l'Eixample,40,2097,28,12
2026-01-01,2,Eixample,8,l'Antiga Esquerra de l'Eixample,41,2098,79,1
2026-01-01,2,Eixample,8,l'Antiga Esquerra de l'Eixample,41,2098,82,2
2026-01-01,2,Eixample,8,l'Antiga Esquerra de l'Eixample,41,2098,69,3
2026-01-01,2,Eixample,8,l'Antiga Esquerra de l'Eixample,41,2098,22,4
2026-01-01,2,Eixample,8,l'Antiga Esquerra de l'Eixample,41,2098,124,5
2026-01-01,2,Eixample,8,l'Antiga Esquerra de l'Eixample,41,2098,48,6
2026-01-01,2,Eixample,8,l'Antiga Esquerra de l'Eixample,41,2098,31,7
2026-01-01,2,Eixample,8,l'Antiga Esquerra de l'Eixample,41,2098,141,8
2026-01-01,2,Eixample,8,l'Antiga Esquerra de l'Eixample,41,2098,14,9
2026-01-01,2,Eixample,8,l'Antiga Esquerra de l'Eixample,41,2098,1,10
2026-01-01,2,Eixample,8,l'Antiga Esquerra de l'Eixample,41,2098,58,11
2026-01-01,2,Eixample,8,l'Antiga Esquerra de l'Eixample,41,2098,25,12
2026-01-01,2,Eixample,8,l'Antiga Esquerra de l'Eixample,41,2099,67,1
2026-01-01,2,Eixample,8,l'Antiga Esquerra de l'Eixample,41,2099,63,2
2026-01-01,2,Eixample,8,l'Antiga Esquerra de l'Eixample,41,2099,53,3
2026-01-01,2,Eixample,8,l'Antiga Esquerra de l'Eixample,41,2099,24,4
2026-01-01,2,Eixample,8,l'Antiga Esquerra de l'Eixample,41,2099,87,5
2026-01-01,2,Eixample,8,l'Antiga Esquerra de l'Eixample,41,2099,43,6
2026-01-01,2,Eixample,8,l'Antiga Esquerra de l'Eixample,41,2099,22,7
2026-01-01,2,Eixample,8,l'Antiga Esquerra de l'Eixample,41,2099,134,8
2026-01-01,2,Eixample,8,l'Antiga Esquerra de l'Eixample,41,2099,13,9
2026-01-01,2,Eixample,8,l'Antiga Esquerra de l'Eixample,41,2099,5,10
2026-01-01,2,Eixample,8,l'Antiga Esquerra de l'Eixample,41,2099,66,11
2026-01-01,2,Eixample,8,l'Antiga Esquerra de l'Eixample,41,2099,40,12
2026-01-01,2,Eixample,8,l'Antiga Esquerra de l'Eixample,41,2100,55,1
2026-01-01,2,Eixample,8,l'Antiga Esquerra de l'Eixample,41,2100,60,2
2026-01-01,2,Eixample,8,l'Antiga Esquerra de l'Eixample,41,2100,78,3
2026-01-01,2,Eixample,8,l'Antiga Esquerra de l'Eixample,41,2100,32,4
2026-01-01,2,Eixample,8,l'Antiga Esquerra de l'Eixample,41,2100,80,5
2026-01-01,2,Eixample,8,l'Antiga Esquerra de l'Eixample,41,2100,61,6
2026-01-01,2,Eixample,8,l'Antiga Esquerra de l'Eixample,41,2100,44,7
2026-01-01,2,Eixample,8,l'Antiga Esquerra de l'Eixample,41,2100,117,8
2026-01-01,2,Eixample,8,l'Antiga Esquerra de l'Eixample,41,2100,7,9
2026-01-01,2,Eixample,8,l'Antiga Esquerra de l'Eixample,41,2100,1,10
2026-01-01,2,Eixample,8,l'Antiga Esquerra de l'Eixample,41,2100,60,11
2026-01-01,2,Eixample,8,l'Antiga Esquerra de l'Eixample,41,2100,28,12
2026-01-01,2,Eixample,8,l'Antiga Esquerra de l'Eixample,41,2101,100,1
2026-01-01,2,Eixample,8,l'Antiga Esquerra de l'Eixample,41,2101,77,2
2026-01-01,2,Eixample,8,l'Antiga Esquerra de l'Eixample,41,2101,101,3
2026-01-01,2,Eixample,8,l'Antiga Esquerra de l'Eixample,41,2101,38,4
2026-01-01,2,Eixample,8,l'Antiga Esquerra de l'Eixample,41,2101,148,5
2026-01-01,2,Eixample,8,l'Antiga Esquerra de l'Eixample,41,2101,75,6
2026-01-01,2,Eixample,8,l'Antiga Esquerra de l'Eixample,41,2101,44,7
2026-01-01,2,Eixample,8,l'Antiga Esquerra de l'Eixample,41,2101,181,8
2026-01-01,2,Eixample,8,l'Antiga Esquerra de l'Eixample,41,2101,20,9
2026-01-01,2,Eixample,8,l'Antiga Esquerra de l'Eixample,41,2101,5,10
2026-01-01,2,Eixample,8,l'Antiga Esquerra de l'Eixample,41,2101,90,11
2026-01-01,2,Eixample,8,l'Antiga Esquerra de l'Eixample,41,2101,60,12
2026-01-01,2,Eixample,8,l'Antiga Esquerra de l'Eixample,42,2102,62,1
2026-01-01,2,Eixample,8,l'Antiga Esquerra de l'Eixample,42,2102,52,2
2026-01-01,2,Eixample,8,l'Antiga Esquerra de l'Eixample,42,2102,78,3
2026-01-01,2,Eixample,8,l'Antiga Esquerra de l'Eixample,42,2102,25,4
2026-01-01,2,Eixample,8,l'Antiga Esquerra de l'Eixample,42,2102,72,5
2026-01-01,2,Eixample,8,l'Antiga Esquerra de l'Eixample,42,2102,52,6
2026-01-01,2,Eixample,8,l'Antiga Esquerra de l'Eixample,42,2102,33,7
2026-01-01,2,Eixample,8,l'Antiga Esquerra de l'Eixample,42,2102,120,8
2026-01-01,2,Eixample,8,l'Antiga Esquerra de l'Eixample,42,2102,14,9
2026-01-01,2,Eixample,8,l'Antiga Esquerra de l'Eixample,42,2102,4,10
2026-01-01,2,Eixample,8,l'Antiga Esquerra de l'Eixample,42,2102,67,11
2026-01-01,2,Eixample,8,l'Antiga Esquerra de l'Eixample,42,2102,27,12
2026-01-01,2,Eixample,8,l'Antiga Esquerra de l'Eixample,42,2103,112,1
2026-01-01,2,Eixample,8,l'Antiga Esquerra de l'Eixample,42,2103,86,2
2026-01-01,2,Eixample,8,l'Antiga Esquerra de l'Eixample,42,2103,81,3
2026-01-01,2,Eixample,8,l'Antiga Esquerra de l'Eixample,42,2103,34,4
2026-01-01,2,Eixample,8,l'Antiga Esquerra de l'Eixample,42,2103,137,5
2026-01-01,2,Eixample,8,l'Antiga Esquerra de l'Eixample,42,2103,45,6
2026-01-01,2,Eixample,8,l'Antiga Esquerra de l'Eixample,42,2103,38,7
2026-01-01,2,Eixample,8,l'Antiga Esquerra de l'Eixample,42,2103,133,8
2026-01-01,2,Eixample,8,l'Antiga Esquerra de l'Eixample,42,2103,13,9
2026-01-01,2,Eixample,8,l'Antiga Esquerra de l'Eixample,42,2103,3,10
2026-01-01,2,Eixample,8,l'Antiga Esquerra de l'Eixample,42,2103,62,11
2026-01-01,2,Eixample,8,l'Antiga Esquerra de l'Eixample,42,2103,37,12
2026-01-01,2,Eixample,8,l'Antiga Esquerra de l'Eixample,42,2104,35,1
2026-01-01,2,Eixample,8,l'Antiga Esquerra de l'Eixample,42,2104,40,2
2026-01-01,2,Eixample,8,l'Antiga Esquerra de l'Eixample,42,2104,61,3
2026-01-01,2,Eixample,8,l'Antiga Esquerra de l'Eixample,42,2104,23,4
2026-01-01,2,Eixample,8,l'Antiga Esquerra de l'Eixample,42,2104,66,5
2026-01-01,2,Eixample,8,l'Antiga Esquerra de l'Eixample,42,2104,59,6
2026-01-01,2,Eixample,8,l'Antiga Esquerra de l'Eixample,42,2104,42,7
2026-01-01,2,Eixample,8,l'Antiga Esquerra de l'Eixample,42,2104,101,8
2026-01-01,2,Eixample,8,l'Antiga Esquerra de l'Eixample,42,2104,7,9
2026-01-01,2,Eixample,8,l'Antiga Esquerra de l'Eixample,42,2104,2,10
2026-01-01,2,Eixample,8,l'Antiga Esquerra de l'Eixample,42,2104,52,11
2026-01-01,2,Eixample,8,l'Antiga Esquerra de l'Eixample,42,2104,20,12
2026-01-01,2,Eixample,8,l'Antiga Esquerra de l'Eixample,42,2105,114,1
2026-01-01,2,Eixample,8,l'Antiga Esquerra de l'Eixample,42,2105,89,2
2026-01-01,2,Eixample,8,l'Antiga Esquerra de l'Eixample,42,2105,96,3
2026-01-01,2,Eixample,8,l'Antiga Esquerra de l'Eixample,42,2105,38,4
2026-01-01,2,Eixample,8,l'Antiga Esquerra de l'Eixample,42,2105,160,5
2026-01-01,2,Eixample,8,l'Antiga Esquerra de l'Eixample,42,2105,60,6
2026-01-01,2,Eixample,8,l'Antiga Esquerra de l'Eixample,42,2105,43,7
2026-01-01,2,Eixample,8,l'Antiga Esquerra de l'Eixample,42,2105,186,8
2026-01-01,2,Eixample,8,l'Antiga Esquerra de l'Eixample,42,2105,16,9
2026-01-01,2,Eixample,8,l'Antiga Esquerra de l'Eixample,42,2105,3,10
2026-01-01,2,Eixample,8,l'Antiga Esquerra de l'Eixample,42,2105,94,11
2026-01-01,2,Eixample,8,l'Antiga Esquerra de l'Eixample,42,2105,43,12
2026-01-01,2,Eixample,8,l'Antiga Esquerra de l'Eixample,43,2106,68,1
2026-01-01,2,Eixample,8,l'Antiga Esquerra de l'Eixample,43,2106,62,2
2026-01-01,2,Eixample,8,l'Antiga Esquerra de l'Eixample,43,2106,60,3
2026-01-01,2,Eixample,8,l'Antiga Esquerra de l'Eixample,43,2106,23,4
2026-01-01,2,Eixample,8,l'Antiga Esquerra de l'Eixample,43,2106,83,5
2026-01-01,2,Eixample,8,l'Antiga Esquerra de l'Eixample,43,2106,57,6
2026-01-01,2,Eixample,8,l'Antiga Esquerra de l'Eixample,43,2106,27,7
2026-01-01,2,Eixample,8,l'Antiga Esquerra de l'Eixample,43,2106,111,8
2026-01-01,2,Eixample,8,l'Antiga Esquerra de l'Eixample,43,2106,14,9
2026-01-01,2,Eixample,8,l'Antiga Esquerra de l'Eixample,43,2106,5,10
2026-01-01,2,Eixample,8,l'Antiga Esquerra de l'Eixample,43,2106,66,11
2026-01-01,2,Eixample,8,l'Antiga Esquerra de l'Eixample,43,2106,44,12
2026-01-01,2,Eixample,8,l'Antiga Esquerra de l'Eixample,43,2107,67,1
2026-01-01,2,Eixample,8,l'Antiga Esquerra de l'Eixample,43,2107,57,2
2026-01-01,2,Eixample,8,l'Antiga Esquerra de l'Eixample,43,2107,90,3
2026-01-01,2,Eixample,8,l'Antiga Esquerra de l'Eixample,43,2107,31,4
2026-01-01,2,Eixample,8,l'Antiga Esquerra de l'Eixample,43,2107,89,5
2026-01-01,2,Eixample,8,l'Antiga Esquerra de l'Eixample,43,2107,73,6
2026-01-01,2,Eixample,8,l'Antiga Esquerra de l'Eixample,43,2107,50,7
2026-01-01,2,Eixample,8,l'Antiga Esquerra de l'Eixample,43,2107,119,8
2026-01-01,2,Eixample,8,l'Antiga Esquerra de l'Eixample,43,2107,19,9
2026-01-01,2,Eixample,8,l'Antiga Esquerra de l'Eixample,43,2107,6,10
2026-01-01,2,Eixample,8,l'Antiga Esquerra de l'Eixample,43,2107,94,11
2026-01-01,2,Eixample,8,l'Antiga Esquerra de l'Eixample,43,2107,29,12
2026-01-01,2,Eixample,8,l'Antiga Esquerra de l'Eixample,43,2108,67,1
2026-01-01,2,Eixample,8,l'Antiga Esquerra de l'Eixample,43,2108,53,2
2026-01-01,2,Eixample,8,l'Antiga Esquerra de l'Eixample,43,2108,103,3
2026-01-01,2,Eixample,8,l'Antiga Esquerra de l'Eixample,43,2108,25,4
2026-01-01,2,Eixample,8,l'Antiga Esquerra de l'Eixample,43,2108,87,5
2026-01-01,2,Eixample,8,l'Antiga Esquerra de l'Eixample,43,2108,79,6
2026-01-01,2,Eixample,8,l'Antiga Esquerra de l'Eixample,43,2108,46,7
2026-01-01,2,Eixample,8,l'Antiga Esquerra de l'Eixample,43,2108,115,8
2026-01-01,2,Eixample,8,l'Antiga Esquerra de l'Eixample,43,2108,20,9
2026-01-01,2,Eixample,8,l'Antiga Esquerra de l'Eixample,43,2108,5,10
2026-01-01,2,Eixample,8,l'Antiga Esquerra de l'Eixample,43,2108,77,11
2026-01-01,2,Eixample,8,l'Antiga Esquerra de l'Eixample,43,2108,40,12
2026-01-01,2,Eixample,8,l'Antiga Esquerra de l'Eixample,43,2109,88,1
2026-01-01,2,Eixample,8,l'Antiga Esquerra de l'Eixample,43,2109,63,2
2026-01-01,2,Eixample,8,l'Antiga Esquerra de l'Eixample,43,2109,138,3
2026-01-01,2,Eixample,8,l'Antiga Esquerra de l'Eixample,43,2109,37,4
2026-01-01,2,Eixample,8,l'Antiga Esquerra de l'Eixample,43,2109,118,5
2026-01-01,2,Eixample,8,l'Antiga Esquerra de l'Eixample,43,2109,85,6
2026-01-01,2,Eixample,8,l'Antiga Esquerra de l'Eixample,43,2109,32,7
2026-01-01,2,Eixample,8,l'Antiga Esquerra de l'Eixample,43,2109,190,8
2026-01-01,2,Eixample,8,l'Antiga Esquerra de l'Eixample,43,2109,18,9
2026-01-01,2,Eixample,8,l'Antiga Esquerra de l'Eixample,43,2109,2,10
2026-01-01,2,Eixample,8,l'Antiga Esquerra de l'Eixample,43,2109,106,11
2026-01-01,2,Eixample,8,l'Antiga Esquerra de l'Eixample,43,2109,60,12
2026-01-01,2,Eixample,9,la Nova Esquerra de l'Eixample,44,2110,91,1
2026-01-01,2,Eixample,9,la Nova Esquerra de l'Eixample,44,2110,100,2
2026-01-01,2,Eixample,9,la Nova Esquerra de l'Eixample,44,2110,101,3
2026-01-01,2,Eixample,9,la Nova Esquerra de l'Eixample,44,2110,25,4
2026-01-01,2,Eixample,9,la Nova Esquerra de l'Eixample,44,2110,149,5
2026-01-01,2,Eixample,9,la Nova Esquerra de l'Eixample,44,2110,49,6
2026-01-01,2,Eixample,9,la Nova Esquerra de l'Eixample,44,2110,34,7
2026-01-01,2,Eixample,9,la Nova Esquerra de l'Eixample,44,2110,135,8
2026-01-01,2,Eixample,9,la Nova Esquerra de l'Eixample,44,2110,19,9
2026-01-01,2,Eixample,9,la Nova Esquerra de l'Eixample,44,2110,6,10
2026-01-01,2,Eixample,9,la Nova Esquerra de l'Eixample,44,2110,109,11
2026-01-01,2,Eixample,9,la Nova Esquerra de l'Eixample,44,2110,42,12
2026-01-01,2,Eixample,9,la Nova Esquerra de l'Eixample,44,2111,91,1
2026-01-01,2,Eixample,9,la Nova Esquerra de l'Eixample,44,2111,79,2
2026-01-01,2,Eixample,9,la Nova Esquerra de l'Eixample,44,2111,81,3
2026-01-01,2,Eixample,9,la Nova Esquerra de l'Eixample,44,2111,39,4
2026-01-01,2,Eixample,9,la Nova Esquerra de l'Eixample,44,2111,127,5
2026-01-01,2,Eixample,9,la Nova Esquerra de l'Eixample,44,2111,58,6
2026-01-01,2,Eixample,9,la Nova Esquerra de l'Eixample,44,2111,46,7
2026-01-01,2,Eixample,9,la Nova Esquerra de l'Eixample,44,2111,159,8
2026-01-01,2,Eixample,9,la Nova Esquerra de l'Eixample,44,2111,15,9
2026-01-01,2,Eixample,9,la Nova Esquerra de l'Eixample,44,2111,5,10
2026-01-01,2,Eixample,9,la Nova Esquerra de l'Eixample,44,2111,95,11
2026-01-01,2,Eixample,9,la Nova Esquerra de l'Eixample,44,2111,52,12
2026-01-01,2,Eixample,9,la Nova Esquerra de l'Eixample,44,2112,43,1
2026-01-01,2,Eixample,9,la Nova Esquerra de l'Eixample,44,2112,44,2
2026-01-01,2,Eixample,9,la Nova Esquerra de l'Eixample,44,2112,75,3
2026-01-01,2,Eixample,9,la Nova Esquerra de l'Eixample,44,2112,33,4
2026-01-01,2,Eixample,9,la Nova Esquerra de l'Eixample,44,2112,52,5
2026-01-01,2,Eixample,9,la Nova Esquerra de l'Eixample,44,2112,76,6
2026-01-01,2,Eixample,9,la Nova Esquerra de l'Eixample,44,2112,39,7
2026-01-01,2,Eixample,9,la Nova Esquerra de l'Eixample,44,2112,105,8
2026-01-01,2,Eixample,9,la Nova Esquerra de l'Eixample,44,2112,16,9
2026-01-01,2,Eixample,9,la Nova Esquerra de l'Eixample,44,2112,2,10
2026-01-01,2,Eixample,9,la Nova Esquerra de l'Eixample,44,2112,52,11
2026-01-01,2,Eixample,9,la Nova Esquerra de l'Eixample,44,2112,28,12
2026-01-01,2,Eixample,9,la Nova Esquerra de l'Eixample,44,2113,80,1
2026-01-01,2,Eixample,9,la Nova Esquerra de l'Eixample,44,2113,65,2
2026-01-01,2,Eixample,9,la Nova Esquerra de l'Eixample,44,2113,110,3
2026-01-01,2,Eixample,9,la Nova Esquerra de l'Eixample,44,2113,33,4
2026-01-01,2,Eixample,9,la Nova Esquerra de l'Eixample,44,2113,89,5
2026-01-01,2,Eixample,9,la Nova Esquerra de l'Eixample,44,2113,114,6
2026-01-01,2,Eixample,9,la Nova Esquerra de l'Eixample,44,2113,46,7
2026-01-01,2,Eixample,9,la Nova Esquerra de l'Eixample,44,2113,174,8
2026-01-01,2,Eixample,9,la Nova Esquerra de l'Eixample,44,2113,20,9
2026-01-01,2,Eixample,9,la Nova Esquerra de l'Eixample,44,2113,10,10
2026-01-01,2,Eixample,9,la Nova Esquerra de l'Eixample,44,2113,134,11
2026-01-01,2,Eixample,9,la Nova Esquerra de l'Eixample,44,2113,56,12
2026-01-01,2,Eixample,9,la Nova Esquerra de l'Eixample,44,2114,73,1
2026-01-01,2,Eixample,9,la Nova Esquerra de l'Eixample,44,2114,49,2
2026-01-01,2,Eixample,9,la Nova Esquerra de l'Eixample,44,2114,130,3
2026-01-01,2,Eixample,9,la Nova Esquerra de l'Eixample,44,2114,37,4
2026-01-01,2,Eixample,9,la Nova Esquerra de l'Eixample,44,2114,104,5
2026-01-01,2,Eixample,9,la Nova Esquerra de l'Eixample,44,2114,81,6
2026-01-01,2,Eixample,9,la Nova Esquerra de l'Eixample,44,2114,43,7
2026-01-01,2,Eixample,9,la Nova Esquerra de l'Eixample,44,2114,118,8
2026-01-01,2,Eixample,9,la Nova Esquerra de l'Eixample,44,2114,11,9
2026-01-01,2,Eixample,9,la Nova Esquerra de l'Eixample,44,2114,4,10
2026-01-01,2,Eixample,9,la Nova Esquerra de l'Eixample,44,2114,76,11
2026-01-01,2,Eixample,9,la Nova Esquerra de l'Eixample,44,2114,26,12
2026-01-01,2,Eixample,9,la Nova Esquerra de l'Eixample,45,2115,59,1
2026-01-01,2,Eixample,9,la Nova Esquerra de l'Eixample,45,2115,62,2
2026-01-01,2,Eixample,9,la Nova Esquerra de l'Eixample,45,2115,79,3
2026-01-01,2,Eixample,9,la Nova Esquerra de l'Eixample,45,2115,21,4
2026-01-01,2,Eixample,9,la Nova Esquerra de l'Eixample,45,2115,92,5
2026-01-01,2,Eixample,9,la Nova Esquerra de l'Eixample,45,2115,34,6
2026-01-01,2,Eixample,9,la Nova Esquerra de l'Eixample,45,2115,34,7
2026-01-01,2,Eixample,9,la Nova Esquerra de l'Eixample,45,2115,119,8
2026-01-01,2,Eixample,9,la Nova Esquerra de l'Eixample,45,2115,8,9
2026-01-01,2,Eixample,9,la Nova Esquerra de l'Eixample,45,2115,64,11
2026-01-01,2,Eixample,9,la Nova Esquerra de l'Eixample,45,2115,48,12
2026-01-01,2,Eixample,9,la Nova Esquerra de l'Eixample,45,2116,30,1
2026-01-01,2,Eixample,9,la Nova Esquerra de l'Eixample,45,2116,27,2
2026-01-01,2,Eixample,9,la Nova Esquerra de l'Eixample,45,2116,48,3
2026-01-01,2,Eixample,9,la Nova Esquerra de l'Eixample,45,2116,24,4
2026-01-01,2,Eixample,9,la Nova Esquerra de l'Eixample,45,2116,41,5
2026-01-01,2,Eixample,9,la Nova Esquerra de l'Eixample,45,2116,49,6
2026-01-01,2,Eixample,9,la Nova Esquerra de l'Eixample,45,2116,35,7
2026-01-01,2,Eixample,9,la Nova Esquerra de l'Eixample,45,2116,83,8
2026-01-01,2,Eixample,9,la Nova Esquerra de l'Eixample,45,2116,9,9
2026-01-01,2,Eixample,9,la Nova Esquerra de l'Eixample,45,2116,6,10
2026-01-01,2,Eixample,9,la Nova Esquerra de l'Eixample,45,2116,47,11
2026-01-01,2,Eixample,9,la Nova Esquerra de l'Eixample,45,2116,24,12
2026-01-01,2,Eixample,9,la Nova Esquerra de l'Eixample,45,2117,39,1
2026-01-01,2,Eixample,9,la Nova Esquerra de l'Eixample,45,2117,37,2
2026-01-01,2,Eixample,9,la Nova Esquerra de l'Eixample,45,2117,76,3
2026-01-01,2,Eixample,9,la Nova Esquerra de l'Eixample,45,2117,17,4
2026-01-01,2,Eixample,9,la Nova Esquerra de l'Eixample,45,2117,55,5
2026-01-01,2,Eixample,9,la Nova Esquerra de l'Eixample,45,2117,63,6
2026-01-01,2,Eixample,9,la Nova Esquerra de l'Eixample,45,2117,18,7
2026-01-01,2,Eixample,9,la Nova Esquerra de l'Eixample,45,2117,101,8
2026-01-01,2,Eixample,9,la Nova Esquerra de l'Eixample,45,2117,6,9
2026-01-01,2,Eixample,9,la Nova Esquerra de l'Eixample,45,2117,1,10
2026-01-01,2,Eixample,9,la Nova Esquerra de l'Eixample,45,2117,59,11
2026-01-01,2,Eixample,9,la Nova Esquerra de l'Eixample,45,2117,30,12
2026-01-01,2,Eixample,9,la Nova Esquerra de l'Eixample,45,2118,55,1
2026-01-01,2,Eixample,9,la Nova Esquerra de l'Eixample,45,2118,58,2
2026-01-01,2,Eixample,9,la Nova Esquerra de l'Eixample,45,2118,68,3
2026-01-01,2,Eixample,9,la Nova Esquerra de l'Eixample,45,2118,23,4
2026-01-01,2,Eixample,9,la Nova Esquerra de l'Eixample,45,2118,90,5
2026-01-01,2,Eixample,9,la Nova Esquerra de l'Eixample,45,2118,56,6
2026-01-01,2,Eixample,9,la Nova Esquerra de l'Eixample,45,2118,34,7
2026-01-01,2,Eixample,9,la Nova Esquerra de l'Eixample,45,2118,126,8
2026-01-01,2,Eixample,9,la Nova Esquerra de l'Eixample,45,2118,12,9
2026-01-01,2,Eixample,9,la Nova Esquerra de l'Eixample,45,2118,5,10
2026-01-01,2,Eixample,9,la Nova Esquerra de l'Eixample,45,2118,64,11
2026-01-01,2,Eixample,9,la Nova Esquerra de l'Eixample,45,2118,30,12
2026-01-01,2,Eixample,9,la Nova Esquerra de l'Eixample,45,2119,43,1
2026-01-01,2,Eixample,9,la Nova Esquerra de l'Eixample,45,2119,52,2
2026-01-01,2,Eixample,9,la Nova Esquerra de l'Eixample,45,2119,71,3
2026-01-01,2,Eixample,9,la Nova Esquerra de l'Eixample,45,2119,24,4
2026-01-01,2,Eixample,9,la Nova Esquerra de l'Eixample,45,2119,75,5
2026-01-01,2,Eixample,9,la Nova Esquerra de l'Eixample,45,2119,73,6
2026-01-01,2,Eixample,9,la Nova Esquerra de l'Eixample,45,2119,32,7
2026-01-01,2,Eixample,9,la Nova Esquerra de l'Eixample,45,2119,96,8
2026-01-01,2,Eixample,9,la Nova Esquerra de l'Eixample,45,2119,15,9
2026-01-01,2,Eixample,9,la Nova Esquerra de l'Eixample,45,2119,3,10
2026-01-01,2,Eixample,9,la Nova Esquerra de l'Eixample,45,2119,61,11
2026-01-01,2,Eixample,9,la Nova Esquerra de l'Eixample,45,2119,30,12
2026-01-01,2,Eixample,9,la Nova Esquerra de l'Eixample,45,2120,56,1
2026-01-01,2,Eixample,9,la Nova Esquerra de l'Eixample,45,2120,50,2
2026-01-01,2,Eixample,9,la Nova Esquerra de l'Eixample,45,2120,50,3
2026-01-01,2,Eixample,9,la Nova Esquerra de l'Eixample,45,2120,16,4
2026-01-01,2,Eixample,9,la Nova Esquerra de l'Eixample,45,2120,68,5
2026-01-01,2,Eixample,9,la Nova Esquerra de l'Eixample,45,2120,55,6
2026-01-01,2,Eixample,9,la Nova Esquerra de l'Eixample,45,2120,26,7
2026-01-01,2,Eixample,9,la Nova Esquerra de l'Eixample,45,2120,103,8
2026-01-01,2,Eixample,9,la Nova Esquerra de l'Eixample,45,2120,12,9
2026-01-01,2,Eixample,9,la Nova Esquerra de l'Eixample,45,2120,2,10
2026-01-01,2,Eixample,9,la Nova Esquerra de l'Eixample,45,2120,42,11
2026-01-01,2,Eixample,9,la Nova Esquerra de l'Eixample,45,2120,29,12
2026-01-01,2,Eixample,9,la Nova Esquerra de l'Eixample,45,2121,52,1
2026-01-01,2,Eixample,9,la Nova Esquerra de l'Eixample,45,2121,50,2
2026-01-01,2,Eixample,9,la Nova Esquerra de l'Eixample,45,2121,77,3
2026-01-01,2,Eixample,9,la Nova Esquerra de l'Eixample,45,2121,28,4
2026-01-01,2,Eixample,9,la Nova Esquerra de l'Eixample,45,2121,84,5
2026-01-01,2,Eixample,9,la Nova Esquerra de l'Eixample,45,2121,46,6
2026-01-01,2,Eixample,9,la Nova Esquerra de l'Eixample,45,2121,41,7
2026-01-01,2,Eixample,9,la Nova Esquerra de l'Eixample,45,2121,93,8
2026-01-01,2,Eixample,9,la Nova Esquerra de l'Eixample,45,2121,7,9
2026-01-01,2,Eixample,9,la Nova Esquerra de l'Eixample,45,2121,2,10
2026-01-01,2,Eixample,9,la Nova Esquerra de l'Eixample,45,2121,54,11
2026-01-01,2,Eixample,9,la Nova Esquerra de l'Eixample,45,2121,32,12
2026-01-01,2,Eixample,9,la Nova Esquerra de l'Eixample,45,2122,34,1
2026-01-01,2,Eixample,9,la Nova Esquerra de l'Eixample,45,2122,32,2
2026-01-01,2,Eixample,9,la Nova Esquerra de l'Eixample,45,2122,60,3
2026-01-01,2,Eixample,9,la Nova Esquerra de l'Eixample,45,2122,15,4
2026-01-01,2,Eixample,9,la Nova Esquerra de l'Eixample,45,2122,51,5
2026-01-01,2,Eixample,9,la Nova Esquerra de l'Eixample,45,2122,74,6
2026-01-01,2,Eixample,9,la Nova Esquerra de l'Eixample,45,2122,20,7
2026-01-01,2,Eixample,9,la Nova Esquerra de l'Eixample,45,2122,92,8
2026-01-01,2,Eixample,9,la Nova Esquerra de l'Eixample,45,2122,7,9
2026-01-01,2,Eixample,9,la Nova Esquerra de l'Eixample,45,2122,2,10
2026-01-01,2,Eixample,9,la Nova Esquerra de l'Eixample,45,2122,51,11
2026-01-01,2,Eixample,9,la Nova Esquerra de l'Eixample,45,2122,20,12
2026-01-01,2,Eixample,9,la Nova Esquerra de l'Eixample,45,2123,66,1
2026-01-01,2,Eixample,9,la Nova Esquerra de l'Eixample,45,2123,59,2
2026-01-01,2,Eixample,9,la Nova Esquerra de l'Eixample,45,2123,49,3
2026-01-01,2,Eixample,9,la Nova Esquerra de l'Eixample,45,2123,24,4
2026-01-01,2,Eixample,9,la Nova Esquerra de l'Eixample,45,2123,92,5
2026-01-01,2,Eixample,9,la Nova Esquerra de l'Eixample,45,2123,46,6
2026-01-01,2,Eixample,9,la Nova Esquerra de l'Eixample,45,2123,21,7
2026-01-01,2,Eixample,9,la Nova Esquerra de l'Eixample,45,2123,95,8
2026-01-01,2,Eixample,9,la Nova Esquerra de l'Eixample,45,2123,10,9
2026-01-01,2,Eixample,9,la Nova Esquerra de l'Eixample,45,2123,3,10
2026-01-01,2,Eixample,9,la Nova Esquerra de l'Eixample,45,2123,43,11
2026-01-01,2,Eixample,9,la Nova Esquerra de l'Eixample,45,2123,21,12
2026-01-01,2,Eixample,9,la Nova Esquerra de l'Eixample,46,2124,33,1
2026-01-01,2,Eixample,9,la Nova Esquerra de l'Eixample,46,2124,30,2
2026-01-01,2,Eixample,9,la Nova Esquerra de l'Eixample,46,2124,79,3
2026-01-01,2,Eixample,9,la Nova Esquerra de l'Eixample,46,2124,21,4
2026-01-01,2,Eixample,9,la Nova Esquerra de l'Eixample,46,2124,42,5
2026-01-01,2,Eixample,9,la Nova Esquerra de l'Eixample,46,2124,55,6
2026-01-01,2,Eixample,9,la Nova Esquerra de l'Eixample,46,2124,33,7
2026-01-01,2,Eixample,9,la Nova Esquerra de l'Eixample,46,2124,85,8
2026-01-01,2,Eixample,9,la Nova Esquerra de l'Eixample,46,2124,11,9
2026-01-01,2,Eixample,9,la Nova Esquerra de l'Eixample,46,2124,2,10
2026-01-01,2,Eixample,9,la Nova Esquerra de l'Eixample,46,2124,57,11
2026-01-01,2,Eixample,9,la Nova Esquerra de l'Eixample,46,2124,35,12
2026-01-01,2,Eixample,9,la Nova Esquerra de l'Eixample,46,2125,60,1
2026-01-01,2,Eixample,9,la Nova Esquerra de l'Eixample,46,2125,50,2
2026-01-01,2,Eixample,9,la Nova Esquerra de l'Eixample,46,2125,102,3
2026-01-01,2,Eixample,9,la Nova Esquerra de l'Eixample,46,2125,21,4
2026-01-01,2,Eixample,9,la Nova Esquerra de l'Eixample,46,2125,102,5
2026-01-01,2,Eixample,9,la Nova Esquerra de l'Eixample,46,2125,83,6
2026-01-01,2,Eixample,9,la Nova Esquerra de l'Eixample,46,2125,46,7
2026-01-01,2,Eixample,9,la Nova Esquerra de l'Eixample,46,2125,140,8
2026-01-01,2,Eixample,9,la Nova Esquerra de l'Eixample,46,2125,17,9
2026-01-01,2,Eixample,9,la Nova Esquerra de l'Eixample,46,2125,5,10
2026-01-01,2,Eixample,9,la Nova Esquerra de l'Eixample,46,2125,61,11
2026-01-01,2,Eixample,9,la Nova Esquerra de l'Eixample,46,2125,41,12
2026-01-01,2,Eixample,9,la Nova Esquerra de l'Eixample,46,2126,41,1
2026-01-01,2,Eixample,9,la Nova Esquerra de l'Eixample,46,2126,49,2
2026-01-01,2,Eixample,9,la Nova Esquerra de l'Eixample,46,2126,78,3
2026-01-01,2,Eixample,9,la Nova Esquerra de l'Eixample,46,2126,19,4
2026-01-01,2,Eixample,9,la Nova Esquerra de l'Eixample,46,2126,73,5
2026-01-01,2,Eixample,9,la Nova Esquerra de l'Eixample,46,2126,81,6
2026-01-01,2,Eixample,9,la Nova Esquerra de l'Eixample,46,2126,38,7
2026-01-01,2,Eixample,9,la Nova Esquerra de l'Eixample,46,2126,143,8
2026-01-01,2,Eixample,9,la Nova Esquerra de l'Eixample,46,2126,6,9
2026-01-01,2,Eixample,9,la Nova Esquerra de l'Eixample,46,2126,5,10
2026-01-01,2,Eixample,9,la Nova Esquerra de l'Eixample,46,2126,66,11
2026-01-01,2,Eixample,9,la Nova Esquerra de l'Eixample,46,2126,26,12
2026-01-01,2,Eixample,9,la Nova Esquerra de l'Eixample,46,2127,74,1
2026-01-01,2,Eixample,9,la Nova Esquerra de l'Eixample,46,2127,60,2
2026-01-01,2,Eixample,9,la Nova Esquerra de l'Eixample,46,2127,72,3
2026-01-01,2,Eixample,9,la Nova Esquerra de l'Eixample,46,2127,17,4
2026-01-01,2,Eixample,9,la Nova Esquerra de l'Eixample,46,2127,86,5
2026-01-01,2,Eixample,9,la Nova Esquerra de l'Eixample,46,2127,29,6
2026-01-01,2,Eixample,9,la Nova Esquerra de l'Eixample,46,2127,30,7
2026-01-01,2,Eixample,9,la Nova Esquerra de l'Eixample,46,2127,87,8
2026-01-01,2,Eixample,9,la Nova Esquerra de l'Eixample,46,2127,12,9
2026-01-01,2,Eixample,9,la Nova Esquerra de l'Eixample,46,2127,4,10
2026-01-01,2,Eixample,9,la Nova Esquerra de l'Eixample,46,2127,62,11
2026-01-01,2,Eixample,9,la Nova Esquerra de l'Eixample,46,2127,24,12
2026-01-01,2,Eixample,9,la Nova Esquerra de l'Eixample,46,2128,68,1
2026-01-01,2,Eixample,9,la Nova Esquerra de l'Eixample,46,2128,59,2
2026-01-01,2,Eixample,9,la Nova Esquerra de l'Eixample,46,2128,67,3
2026-01-01,2,Eixample,9,la Nova Esquerra de l'Eixample,46,2128,17,4
2026-01-01,2,Eixample,9,la Nova Esquerra de l'Eixample,46,2128,97,5
2026-01-01,2,Eixample,9,la Nova Esquerra de l'Eixample,46,2128,44,6
2026-01-01,2,Eixample,9,la Nova Esquerra de l'Eixample,46,2128,30,7
2026-01-01,2,Eixample,9,la Nova Esquerra de l'Eixample,46,2128,102,8
2026-01-01,2,Eixample,9,la Nova Esquerra de l'Eixample,46,2128,9,9
2026-01-01,2,Eixample,9,la Nova Esquerra de l'Eixample,46,2128,1,10
2026-01-01,2,Eixample,9,la Nova Esquerra de l'Eixample,46,2128,60,11
2026-01-01,2,Eixample,9,la Nova Esquerra de l'Eixample,46,2128,35,12
2026-01-01,2,Eixample,9,la Nova Esquerra de l'Eixample,46,2129,61,1
2026-01-01,2,Eixample,9,la Nova Esquerra de l'Eixample,46,2129,44,2
2026-01-01,2,Eixample,9,la Nova Esquerra de l'Eixample,46,2129,80,3
2026-01-01,2,Eixample,9,la Nova Esquerra de l'Eixample,46,2129,35,4
2026-01-01,2,Eixample,9,la Nova Esquerra de l'Eixample,46,2129,89,5
2026-01-01,2,Eixample,9,la Nova Esquerra de l'Eixample,46,2129,77,6
2026-01-01,2,Eixample,9,la Nova Esquerra de l'Eixample,46,2129,46,7
2026-01-01,2,Eixample,9,la Nova Esquerra de l'Eixample,46,2129,135,8
2026-01-01,2,Eixample,9,la Nova Esquerra de l'Eixample,46,2129,3,9
2026-01-01,2,Eixample,9,la Nova Esquerra de l'Eixample,46,2129,2,10
2026-01-01,2,Eixample,9,la Nova Esquerra de l'Eixample,46,2129,55,11
2026-01-01,2,Eixample,9,la Nova Esquerra de l'Eixample,46,2129,40,12
2026-01-01,2,Eixample,9,la Nova Esquerra de l'Eixample,47,2130,30,1
2026-01-01,2,Eixample,9,la Nova Esquerra de l'Eixample,47,2130,30,2
2026-01-01,2,Eixample,9,la Nova Esquerra de l'Eixample,47,2130,54,3
2026-01-01,2,Eixample,9,la Nova Esquerra de l'Eixample,47,2130,22,4
2026-01-01,2,Eixample,9,la Nova Esquerra de l'Eixample,47,2130,23,5
2026-01-01,2,Eixample,9,la Nova Esquerra de l'Eixample,47,2130,79,6
2026-01-01,2,Eixample,9,la Nova Esquerra de l'Eixample,47,2130,33,7
2026-01-01,2,Eixample,9,la Nova Esquerra de l'Eixample,47,2130,96,8
2026-01-01,2,Eixample,9,la Nova Esquerra de l'Eixample,47,2130,8,9
2026-01-01,2,Eixample,9,la Nova Esquerra de l'Eixample,47,2130,1,10
2026-01-01,2,Eixample,9,la Nova Esquerra de l'Eixample,47,2130,48,11
2026-01-01,2,Eixample,9,la Nova Esquerra de l'Eixample,47,2130,26,12
2026-01-01,2,Eixample,9,la Nova Esquerra de l'Eixample,47,2131,45,1
2026-01-01,2,Eixample,9,la Nova Esquerra de l'Eixample,47,2131,53,2
2026-01-01,2,Eixample,9,la Nova Esquerra de l'Eixample,47,2131,61,3
2026-01-01,2,Eixample,9,la Nova Esquerra de l'Eixample,47,2131,12,4
2026-01-01,2,Eixample,9,la Nova Esquerra de l'Eixample,47,2131,69,5
2026-01-01,2,Eixample,9,la Nova Esquerra de l'Eixample,47,2131,56,6
2026-01-01,2,Eixample,9,la Nova Esquerra de l'Eixample,47,2131,28,7
2026-01-01,2,Eixample,9,la Nova Esquerra de l'Eixample,47,2131,90,8
2026-01-01,2,Eixample,9,la Nova Esquerra de l'Eixample,47,2131,6,9
2026-01-01,2,Eixample,9,la Nova Esquerra de l'Eixample,47,2131,3,10
2026-01-01,2,Eixample,9,la Nova Esquerra de l'Eixample,47,2131,40,11
2026-01-01,2,Eixample,9,la Nova Esquerra de l'Eixample,47,2131,38,12
2026-01-01,2,Eixample,9,la Nova Esquerra de l'Eixample,47,2132,45,1
2026-01-01,2,Eixample,9,la Nova Esquerra de l'Eixample,47,2132,47,2
2026-01-01,2,Eixample,9,la Nova Esquerra de l'Eixample,47,2132,43,3
2026-01-01,2,Eixample,9,la Nova Esquerra de l'Eixample,47,2132,17,4
2026-01-01,2,Eixample,9,la Nova Esquerra de l'Eixample,47,2132,59,5
2026-01-01,2,Eixample,9,la Nova Esquerra de l'Eixample,47,2132,58,6
2026-01-01,2,Eixample,9,la Nova Esquerra de l'Eixample,47,2132,30,7
2026-01-01,2,Eixample,9,la Nova Esquerra de l'Eixample,47,2132,95,8
2026-01-01,2,Eixample,9,la Nova Esquerra de l'Eixample,47,2132,7,9
2026-01-01,2,Eixample,9,la Nova Esquerra de l'Eixample,47,2132,1,10
2026-01-01,2,Eixample,9,la Nova Esquerra de l'Eixample,47,2132,37,11
2026-01-01,2,Eixample,9,la Nova Esquerra de l'Eixample,47,2132,20,12
2026-01-01,2,Eixample,9,la Nova Esquerra de l'Eixample,47,2133,24,1
2026-01-01,2,Eixample,9,la Nova Esquerra de l'Eixample,47,2133,19,2
2026-01-01,2,Eixample,9,la Nova Esquerra de l'Eixample,47,2133,62,3
2026-01-01,2,Eixample,9,la Nova Esquerra de l'Eixample,47,2133,15,4
2026-01-01,2,Eixample,9,la Nova Esquerra de l'Eixample,47,2133,39,5
2026-01-01,2,Eixample,9,la Nova Esquerra de l'Eixample,47,2133,56,6
2026-01-01,2,Eixample,9,la Nova Esquerra de l'Eixample,47,2133,25,7
2026-01-01,2,Eixample,9,la Nova Esquerra de l'Eixample,47,2133,69,8
2026-01-01,2,Eixample,9,la Nova Esquerra de l'Eixample,47,2133,8,9
2026-01-01,2,Eixample,9,la Nova Esquerra de l'Eixample,47,2133,2,10
2026-01-01,2,Eixample,9,la Nova Esquerra de l'Eixample,47,2133,41,11
2026-01-01,2,Eixample,9,la Nova Esquerra de l'Eixample,47,2133,18,12
2026-01-01,2,Eixample,9,la Nova Esquerra de l'Eixample,47,2134,55,1
2026-01-01,2,Eixample,9,la Nova Esquerra de l'Eixample,47,2134,55,2
2026-01-01,2,Eixample,9,la Nova Esquerra de l'Eixample,47,2134,74,3
2026-01-01,2,Eixample,9,la Nova Esquerra de l'Eixample,47,2134,34,4
2026-01-01,2,Eixample,9,la Nova Esquerra de l'Eixample,47,2134,100,5
2026-01-01,2,Eixample,9,la Nova Esquerra de l'Eixample,47,2134,65,6
2026-01-01,2,Eixample,9,la Nova Esquerra de l'Eixample,47,2134,41,7
2026-01-01,2,Eixample,9,la Nova Esquerra de l'Eixample,47,2134,115,8
2026-01-01,2,Eixample,9,la Nova Esquerra de l'Eixample,47,2134,11,9
2026-01-01,2,Eixample,9,la Nova Esquerra de l'Eixample,47,2134,2,10
2026-01-01,2,Eixample,9,la Nova Esquerra de l'Eixample,47,2134,57,11
2026-01-01,2,Eixample,9,la Nova Esquerra de l'Eixample,47,2134,45,12
2026-01-01,2,Eixample,9,la Nova Esquerra de l'Eixample,47,2135,103,1
2026-01-01,2,Eixample,9,la Nova Esquerra de l'Eixample,47,2135,99,2
2026-01-01,2,Eixample,9,la Nova Esquerra de l'Eixample,47,2135,91,3
2026-01-01,2,Eixample,9,la Nova Esquerra de l'Eixample,47,2135,40,4
2026-01-01,2,Eixample,9,la Nova Esquerra de l'Eixample,47,2135,157,5
2026-01-01,2,Eixample,9,la Nova Esquerra de l'Eixample,47,2135,60,6
2026-01-01,2,Eixample,9,la Nova Esquerra de l'Eixample,47,2135,34,7
2026-01-01,2,Eixample,9,la Nova Esquerra de l'Eixample,47,2135,185,8
2026-01-01,2,Eixample,9,la Nova Esquerra de l'Eixample,47,2135,17,9
2026-01-01,2,Eixample,9,la Nova Esquerra de l'Eixample,47,2135,4,10
2026-01-01,2,Eixample,9,la Nova Esquerra de l'Eixample,47,2135,88,11
2026-01-01,2,Eixample,9,la Nova Esquerra de l'Eixample,47,2135,42,12
2026-01-01,2,Eixample,9,la Nova Esquerra de l'Eixample,47,2136,40,1
2026-01-01,2,Eixample,9,la Nova Esquerra de l'Eixample,47,2136,26,2
2026-01-01,2,Eixample,9,la Nova Esquerra de l'Eixample,47,2136,57,3
2026-01-01,2,Eixample,9,la Nova Esquerra de l'Eixample,47,2136,10,4
2026-01-01,2,Eixample,9,la Nova Esquerra de l'Eixample,47,2136,50,5
2026-01-01,2,Eixample,9,la Nova Esquerra de l'Eixample,47,2136,42,6
2026-01-01,2,Eixample,9,la Nova Esquerra de l'Eixample,47,2136,23,7
2026-01-01,2,Eixample,9,la Nova Esquerra de l'Eixample,47,2136,76,8
2026-01-01,2,Eixample,9,la Nova Esquerra de l'Eixample,47,2136,7,9
2026-01-01,2,Eixample,9,la Nova Esquerra de l'Eixample,47,2136,2,10
2026-01-01,2,Eixample,9,la Nova Esquerra de l'Eixample,47,2136,29,11
2026-01-01,2,Eixample,9,la Nova Esquerra de l'Eixample,47,2136,23,12
2026-01-01,2,Eixample,9,la Nova Esquerra de l'Eixample,48,2137,67,1
2026-01-01,2,Eixample,9,la Nova Esquerra de l'Eixample,48,2137,53,2
2026-01-01,2,Eixample,9,la Nova Esquerra de l'Eixample,48,2137,60,3
2026-01-01,2,Eixample,9,la Nova Esquerra de l'Eixample,48,2137,20,4
2026-01-01,2,Eixample,9,la Nova Esquerra de l'Eixample,48,2137,106,5
2026-01-01,2,Eixample,9,la Nova Esquerra de l'Eixample,48,2137,42,6
2026-01-01,2,Eixample,9,la Nova Esquerra de l'Eixample,48,2137,50,7
2026-01-01,2,Eixample,9,la Nova Esquerra de l'Eixample,48,2137,144,8
2026-01-01,2,Eixample,9,la Nova Esquerra de l'Eixample,48,2137,8,9
2026-01-01,2,Eixample,9,la Nova Esquerra de l'Eixample,48,2137,4,10
2026-01-01,2,Eixample,9,la Nova Esquerra de l'Eixample,48,2137,51,11
2026-01-01,2,Eixample,9,la Nova Esquerra de l'Eixample,48,2137,32,12
2026-01-01,2,Eixample,9,la Nova Esquerra de l'Eixample,48,2138,70,1
2026-01-01,2,Eixample,9,la Nova Esquerra de l'Eixample,48,2138,61,2
2026-01-01,2,Eixample,9,la Nova Esquerra de l'Eixample,48,2138,89,3
2026-01-01,2,Eixample,9,la Nova Esquerra de l'Eixample,48,2138,21,4
2026-01-01,2,Eixample,9,la Nova Esquerra de l'Eixample,48,2138,94,5
2026-01-01,2,Eixample,9,la Nova Esquerra de l'Eixample,48,2138,78,6
2026-01-01,2,Eixample,9,la Nova Esquerra de l'Eixample,48,2138,64,7
2026-01-01,2,Eixample,9,la Nova Esquerra de l'Eixample,48,2138,177,8
2026-01-01,2,Eixample,9,la Nova Esquerra de l'Eixample,48,2138,9,9
2026-01-01,2,Eixample,9,la Nova Esquerra de l'Eixample,48,2138,6,10
2026-01-01,2,Eixample,9,la Nova Esquerra de l'Eixample,48,2138,87,11
2026-01-01,2,Eixample,9,la Nova Esquerra de l'Eixample,48,2138,50,12
2026-01-01,2,Eixample,9,la Nova Esquerra de l'Eixample,48,2139,115,1
2026-01-01,2,Eixample,9,la Nova Esquerra de l'Eixample,48,2139,110,2
2026-01-01,2,Eixample,9,la Nova Esquerra de l'Eixample,48,2139,82,3
2026-01-01,2,Eixample,9,la Nova Esquerra de l'Eixample,48,2139,16,4
2026-01-01,2,Eixample,9,la Nova Esquerra de l'Eixample,48,2139,135,5
2026-01-01,2,Eixample,9,la Nova Esquerra de l'Eixample,48,2139,51,6
2026-01-01,2,Eixample,9,la Nova Esquerra de l'Eixample,48,2139,33,7
2026-01-01,2,Eixample,9,la Nova Esquerra de l'Eixample,48,2139,151,8
2026-01-01,2,Eixample,9,la Nova Esquerra de l'Eixample,48,2139,14,9
2026-01-01,2,Eixample,9,la Nova Esquerra de l'Eixample,48,2139,4,10
2026-01-01,2,Eixample,9,la Nova Esquerra de l'Eixample,48,2139,55,11
2026-01-01,2,Eixample,9,la Nova Esquerra de l'Eixample,48,2139,32,12
2026-01-01,2,Eixample,9,la Nova Esquerra de l'Eixample,48,2140,82,1
2026-01-01,2,Eixample,9,la Nova Esquerra de l'Eixample,48,2140,83,2
2026-01-01,2,Eixample,9,la Nova Esquerra de l'Eixample,48,2140,76,3
2026-01-01,2,Eixample,9,la Nova Esquerra de l'Eixample,48,2140,32,4
2026-01-01,2,Eixample,9,la Nova Esquerra de l'Eixample,48,2140,137,5
2026-01-01,2,Eixample,9,la Nova Esquerra de l'Eixample,48,2140,75,6
2026-01-01,2,Eixample,9,la Nova Esquerra de l'Eixample,48,2140,41,7
2026-01-01,2,Eixample,9,la Nova Esquerra de l'Eixample,48,2140,158,8
2026-01-01,2,Eixample,9,la Nova Esquerra de l'Eixample,48,2140,15,9
2026-01-01,2,Eixample,9,la Nova Esquerra de l'Eixample,48,2140,8,10
2026-01-01,2,Eixample,9,la Nova Esquerra de l'Eixample,48,2140,90,11
2026-01-01,2,Eixample,9,la Nova Esquerra de l'Eixample,48,2140,31,12
2026-01-01,2,Eixample,9,la Nova Esquerra de l'Eixample,48,2141,42,1
2026-01-01,2,Eixample,9,la Nova Esquerra de l'Eixample,48,2141,41,2
2026-01-01,2,Eixample,9,la Nova Esquerra de l'Eixample,48,2141,66,3
2026-01-01,2,Eixample,9,la Nova Esquerra de l'Eixample,48,2141,19,4
2026-01-01,2,Eixample,9,la Nova Esquerra de l'Eixample,48,2141,77,5
2026-01-01,2,Eixample,9,la Nova Esquerra de l'Eixample,48,2141,47,6
2026-01-01,2,Eixample,9,la Nova Esquerra de l'Eixample,48,2141,36,7
2026-01-01,2,Eixample,9,la Nova Esquerra de l'Eixample,48,2141,95,8
2026-01-01,2,Eixample,9,la Nova Esquerra de l'Eixample,48,2141,9,9
2026-01-01,2,Eixample,9,la Nova Esquerra de l'Eixample,48,2141,1,10
2026-01-01,2,Eixample,9,la Nova Esquerra de l'Eixample,48,2141,48,11
2026-01-01,2,Eixample,9,la Nova Esquerra de l'Eixample,48,2141,36,12
2026-01-01,2,Eixample,9,la Nova Esquerra de l'Eixample,49,2142,92,1
2026-01-01,2,Eixample,9,la Nova Esquerra de l'Eixample,49,2142,82,2
2026-01-01,2,Eixample,9,la Nova Esquerra de l'Eixample,49,2142,81,3
2026-01-01,2,Eixample,9,la Nova Esquerra de l'Eixample,49,2142,21,4
2026-01-01,2,Eixample,9,la Nova Esquerra de l'Eixample,49,2142,113,5
2026-01-01,2,Eixample,9,la Nova Esquerra de l'Eixample,49,2142,55,6
2026-01-01,2,Eixample,9,la Nova Esquerra de l'Eixample,49,2142,45,7
2026-01-01,2,Eixample,9,la Nova Esquerra de l'Eixample,49,2142,187,8
2026-01-01,2,Eixample,9,la Nova Esquerra de l'Eixample,49,2142,20,9
2026-01-01,2,Eixample,9,la Nova Esquerra de l'Eixample,49,2142,6,10
2026-01-01,2,Eixample,9,la Nova Esquerra de l'Eixample,49,2142,63,11
2026-01-01,2,Eixample,9,la Nova Esquerra de l'Eixample,49,2142,55,12
2026-01-01,2,Eixample,9,la Nova Esquerra de l'Eixample,49,2143,67,1
2026-01-01,2,Eixample,9,la Nova Esquerra de l'Eixample,49,2143,60,2
2026-01-01,2,Eixample,9,la Nova Esquerra de l'Eixample,49,2143,68,3
2026-01-01,2,Eixample,9,la Nova Esquerra de l'Eixample,49,2143,33,4
2026-01-01,2,Eixample,9,la Nova Esquerra de l'Eixample,49,2143,99,5
2026-01-01,2,Eixample,9,la Nova Esquerra de l'Eixample,49,2143,63,6
2026-01-01,2,Eixample,9,la Nova Esquerra de l'Eixample,49,2143,33,7
2026-01-01,2,Eixample,9,la Nova Esquerra de l'Eixample,49,2143,141,8
2026-01-01,2,Eixample,9,la Nova Esquerra de l'Eixample,49,2143,15,9
2026-01-01,2,Eixample,9,la Nova Esquerra de l'Eixample,49,2143,4,10
2026-01-01,2,Eixample,9,la Nova Esquerra de l'Eixample,49,2143,74,11
2026-01-01,2,Eixample,9,la Nova Esquerra de l'Eixample,49,2143,25,12
2026-01-01,2,Eixample,9,la Nova Esquerra de l'Eixample,49,2144,51,1
2026-01-01,2,Eixample,9,la Nova Esquerra de l'Eixample,49,2144,64,2
2026-01-01,2,Eixample,9,la Nova Esquerra de l'Eixample,49,2144,57,3
2026-01-01,2,Eixample,9,la Nova Esquerra de l'Eixample,49,2144,26,4
2026-01-01,2,Eixample,9,la Nova Esquerra de l'Eixample,49,2144,107,5
2026-01-01,2,Eixample,9,la Nova Esquerra de l'Eixample,49,2144,51,6
2026-01-01,2,Eixample,9,la Nova Esquerra de l'Eixample,49,2144,34,7
2026-01-01,2,Eixample,9,la Nova Esquerra de l'Eixample,49,2144,133,8
2026-01-01,2,Eixample,9,la Nova Esquerra de l'Eixample,49,2144,7,9
2026-01-01,2,Eixample,9,la Nova Esquerra de l'Eixample,49,2144,1,10
2026-01-01,2,Eixample,9,la Nova Esquerra de l'Eixample,49,2144,72,11
2026-01-01,2,Eixample,9,la Nova Esquerra de l'Eixample,49,2144,28,12
2026-01-01,2,Eixample,9,la Nova Esquerra de l'Eixample,49,2145,53,1
2026-01-01,2,Eixample,9,la Nova Esquerra de l'Eixample,49,2145,47,2
2026-01-01,2,Eixample,9,la Nova Esquerra de l'Eixample,49,2145,34,3
2026-01-01,2,Eixample,9,la Nova Esquerra de l'Eixample,49,2145,19,4
2026-01-01,2,Eixample,9,la Nova Esquerra de l'Eixample,49,2145,82,5
2026-01-01,2,Eixample,9,la Nova Esquerra de l'Eixample,49,2145,31,6
2026-01-01,2,Eixample,9,la Nova Esquerra de l'Eixample,49,2145,25,7
2026-01-01,2,Eixample,9,la Nova Esquerra de l'Eixample,49,2145,120,8
2026-01-01,2,Eixample,9,la Nova Esquerra de l'Eixample,49,2145,9,9
2026-01-01,2,Eixample,9,la Nova Esquerra de l'Eixample,49,2145,1,10
2026-01-01,2,Eixample,9,la Nova Esquerra de l'Eixample,49,2145,37,11
2026-01-01,2,Eixample,9,la Nova Esquerra de l'Eixample,49,2145,36,12
2026-01-01,2,Eixample,9,la Nova Esquerra de l'Eixample,50,2146,38,1
2026-01-01,2,Eixample,9,la Nova Esquerra de l'Eixample,50,2146,46,2
2026-01-01,2,Eixample,9,la Nova Esquerra de l'Eixample,50,2146,48,3
2026-01-01,2,Eixample,9,la Nova Esquerra de l'Eixample,50,2146,15,4
2026-01-01,2,Eixample,9,la Nova Esquerra de l'Eixample,50,2146,69,5
2026-01-01,2,Eixample,9,la Nova Esquerra de l'Eixample,50,2146,44,6
2026-01-01,2,Eixample,9,la Nova Esquerra de l'Eixample,50,2146,27,7
2026-01-01,2,Eixample,9,la Nova Esquerra de l'Eixample,50,2146,113,8
2026-01-01,2,Eixample,9,la Nova Esquerra de l'Eixample,50,2146,10,9
2026-01-01,2,Eixample,9,la Nova Esquerra de l'Eixample,50,2146,2,10
2026-01-01,2,Eixample,9,la Nova Esquerra de l'Eixample,50,2146,50,11
2026-01-01,2,Eixample,9,la Nova Esquerra de l'Eixample,50,2146,34,12
2026-01-01,2,Eixample,9,la Nova Esquerra de l'Eixample,50,2147,97,1
2026-01-01,2,Eixample,9,la Nova Esquerra de l'Eixample,50,2147,101,2
2026-01-01,2,Eixample,9,la Nova Esquerra de l'Eixample,50,2147,83,3
2026-01-01,2,Eixample,9,la Nova Esquerra de l'Eixample,50,2147,28,4
2026-01-01,2,Eixample,9,la Nova Esquerra de l'Eixample,50,2147,153,5
2026-01-01,2,Eixample,9,la Nova Esquerra de l'Eixample,50,2147,88,6
2026-01-01,2,Eixample,9,la Nova Esquerra de l'Eixample,50,2147,41,7
2026-01-01,2,Eixample,9,la Nova Esquerra de l'Eixample,50,2147,179,8
2026-01-01,2,Eixample,9,la Nova Esquerra de l'Eixample,50,2147,21,9
2026-01-01,2,Eixample,9,la Nova Esquerra de l'Eixample,50,2147,6,10
2026-01-01,2,Eixample,9,la Nova Esquerra de l'Eixample,50,2147,90,11
2026-01-01,2,Eixample,9,la Nova Esquerra de l'Eixample,50,2147,41,12
2026-01-01,2,Eixample,9,la Nova Esquerra de l'Eixample,50,2148,58,1
2026-01-01,2,Eixample,9,la Nova Esquerra de l'Eixample,50,2148,73,2
2026-01-01,2,Eixample,9,la Nova Esquerra de l'Eixample,50,2148,83,3
2026-01-01,2,Eixample,9,la Nova Esquerra de l'Eixample,50,2148,31,4
2026-01-01,2,Eixample,9,la Nova Esquerra de l'Eixample,50,2148,116,5
2026-01-01,2,Eixample,9,la Nova Esquerra de l'Eixample,50,2148,68,6
2026-01-01,2,Eixample,9,la Nova Esquerra de l'Eixample,50,2148,44,7
2026-01-01,2,Eixample,9,la Nova Esquerra de l'Eixample,50,2148,112,8
2026-01-01,2,Eixample,9,la Nova Esquerra de l'Eixample,50,2148,22,9
2026-01-01,2,Eixample,9,la Nova Esquerra de l'Eixample,50,2148,6,10
2026-01-01,2,Eixample,9,la Nova Esquerra de l'Eixample,50,2148,78,11
2026-01-01,2,Eixample,9,la Nova Esquerra de l'Eixample,50,2148,28,12
2026-01-01,2,Eixample,9,la Nova Esquerra de l'Eixample,50,2149,63,1
2026-01-01,2,Eixample,9,la Nova Esquerra de l'Eixample,50,2149,93,2
2026-01-01,2,Eixample,9,la Nova Esquerra de l'Eixample,50,2149,78,3
2026-01-01,2,Eixample,9,la Nova Esquerra de l'Eixample,50,2149,26,4
2026-01-01,2,Eixample,9,la Nova Esquerra de l'Eixample,50,2149,108,5
2026-01-01,2,Eixample,9,la Nova Esquerra de l'Eixample,50,2149,49,6
2026-01-01,2,Eixample,9,la Nova Esquerra de l'Eixample,50,2149,33,7
2026-01-01,2,Eixample,9,la Nova Esquerra de l'Eixample,50,2149,153,8
2026-01-01,2,Eixample,9,la Nova Esquerra de l'Eixample,50,2149,20,9
2026-01-01,2,Eixample,9,la Nova Esquerra de l'Eixample,50,2149,3,10
2026-01-01,2,Eixample,9,la Nova Esquerra de l'Eixample,50,2149,80,11
2026-01-01,2,Eixample,9,la Nova Esquerra de l'Eixample,50,2149,56,12
2026-01-01,2,Eixample,10,Sant Antoni,51,2150,44,1
2026-01-01,2,Eixample,10,Sant Antoni,51,2150,70,2
2026-01-01,2,Eixample,10,Sant Antoni,51,2150,69,3
2026-01-01,2,Eixample,10,Sant Antoni,51,2150,13,4
2026-01-01,2,Eixample,10,Sant Antoni,51,2150,97,5
2026-01-01,2,Eixample,10,Sant Antoni,51,2150,44,6
2026-01-01,2,Eixample,10,Sant Antoni,51,2150,19,7
2026-01-01,2,Eixample,10,Sant Antoni,51,2150,149,8
2026-01-01,2,Eixample,10,Sant Antoni,51,2150,10,9
2026-01-01,2,Eixample,10,Sant Antoni,51,2150,3,10
2026-01-01,2,Eixample,10,Sant Antoni,51,2150,39,11
2026-01-01,2,Eixample,10,Sant Antoni,51,2150,38,12
2026-01-01,2,Eixample,10,Sant Antoni,51,2151,64,1
2026-01-01,2,Eixample,10,Sant Antoni,51,2151,63,2
2026-01-01,2,Eixample,10,Sant Antoni,51,2151,76,3
2026-01-01,2,Eixample,10,Sant Antoni,51,2151,21,4
2026-01-01,2,Eixample,10,Sant Antoni,51,2151,93,5
2026-01-01,2,Eixample,10,Sant Antoni,51,2151,50,6
2026-01-01,2,Eixample,10,Sant Antoni,51,2151,34,7
2026-01-01,2,Eixample,10,Sant Antoni,51,2151,133,8
2026-01-01,2,Eixample,10,Sant Antoni,51,2151,12,9
2026-01-01,2,Eixample,10,Sant Antoni,51,2151,1,10
2026-01-01,2,Eixample,10,Sant Antoni,51,2151,56,11
2026-01-01,2,Eixample,10,Sant Antoni,51,2151,43,12
2026-01-01,2,Eixample,10,Sant Antoni,51,2152,36,1
2026-01-01,2,Eixample,10,Sant Antoni,51,2152,34,2
2026-01-01,2,Eixample,10,Sant Antoni,51,2152,75,3
2026-01-01,2,Eixample,10,Sant Antoni,51,2152,15,4
2026-01-01,2,Eixample,10,Sant Antoni,51,2152,60,5
2026-01-01,2,Eixample,10,Sant Antoni,51,2152,79,6
2026-01-01,2,Eixample,10,Sant Antoni,51,2152,33,7
2026-01-01,2,Eixample,10,Sant Antoni,51,2152,112,8
2026-01-01,2,Eixample,10,Sant Antoni,51,2152,7,9
2026-01-01,2,Eixample,10,Sant Antoni,51,2152,2,10
2026-01-01,2,Eixample,10,Sant Antoni,51,2152,44,11
2026-01-01,2,Eixample,10,Sant Antoni,51,2152,30,12
2026-01-01,2,Eixample,10,Sant Antoni,51,2153,36,1
2026-01-01,2,Eixample,10,Sant Antoni,51,2153,35,2
2026-01-01,2,Eixample,10,Sant Antoni,51,2153,80,3
2026-01-01,2,Eixample,10,Sant Antoni,51,2153,20,4
2026-01-01,2,Eixample,10,Sant Antoni,51,2153,74,5
2026-01-01,2,Eixample,10,Sant Antoni,51,2153,66,6
2026-01-01,2,Eixample,10,Sant Antoni,51,2153,37,7
2026-01-01,2,Eixample,10,Sant Antoni,51,2153,113,8
2026-01-01,2,Eixample,10,Sant Antoni,51,2153,8,9
2026-01-01,2,Eixample,10,Sant Antoni,51,2153,5,10
2026-01-01,2,Eixample,10,Sant Antoni,51,2153,68,11
2026-01-01,2,Eixample,10,Sant Antoni,51,2153,39,12
2026-01-01,2,Eixample,10,Sant Antoni,51,2154,46,1
2026-01-01,2,Eixample,10,Sant Antoni,51,2154,41,2
2026-01-01,2,Eixample,10,Sant Antoni,51,2154,45,3
2026-01-01,2,Eixample,10,Sant Antoni,51,2154,17,4
2026-01-01,2,Eixample,10,Sant Antoni,51,2154,78,5
2026-01-01,2,Eixample,10,Sant Antoni,51,2154,25,6
2026-01-01,2,Eixample,10,Sant Antoni,51,2154,16,7
2026-01-01,2,Eixample,10,Sant Antoni,51,2154,81,8
2026-01-01,2,Eixample,10,Sant Antoni,51,2154,5,9
2026-01-01,2,Eixample,10,Sant Antoni,51,2154,2,10
2026-01-01,2,Eixample,10,Sant Antoni,51,2154,35,11
2026-01-01,2,Eixample,10,Sant Antoni,51,2154,34,12
2026-01-01,2,Eixample,10,Sant Antoni,51,2155,66,1
2026-01-01,2,Eixample,10,Sant Antoni,51,2155,72,2
2026-01-01,2,Eixample,10,Sant Antoni,51,2155,99,3
2026-01-01,2,Eixample,10,Sant Antoni,51,2155,30,4
2026-01-01,2,Eixample,10,Sant Antoni,51,2155,102,5
2026-01-01,2,Eixample,10,Sant Antoni,51,2155,77,6
2026-01-01,2,Eixample,10,Sant Antoni,51,2155,43,7
2026-01-01,2,Eixample,10,Sant Antoni,51,2155,164,8
2026-01-01,2,Eixample,10,Sant Antoni,51,2155,17,9
2026-01-01,2,Eixample,10,Sant Antoni,51,2155,6,10
2026-01-01,2,Eixample,10,Sant Antoni,51,2155,67,11
2026-01-01,2,Eixample,10,Sant Antoni,51,2155,39,12
2026-01-01,2,Eixample,10,Sant Antoni,51,2156,44,1
2026-01-01,2,Eixample,10,Sant Antoni,51,2156,44,2
2026-01-01,2,Eixample,10,Sant Antoni,51,2156,73,3
2026-01-01,2,Eixample,10,Sant Antoni,51,2156,26,4
2026-01-01,2,Eixample,10,Sant Antoni,51,2156,62,5
2026-01-01,2,Eixample,10,Sant Antoni,51,2156,57,6
2026-01-01,2,Eixample,10,Sant Antoni,51,2156,41,7
2026-01-01,2,Eixample,10,Sant Antoni,51,2156,111,8
2026-01-01,2,Eixample,10,Sant Antoni,51,2156,12,9
2026-01-01,2,Eixample,10,Sant Antoni,51,2156,3,10
2026-01-01,2,Eixample,10,Sant Antoni,51,2156,53,11
2026-01-01,2,Eixample,10,Sant Antoni,51,2156,34,12
2026-01-01,2,Eixample,10,Sant Antoni,51,2157,46,1
2026-01-01,2,Eixample,10,Sant Antoni,51,2157,39,2
2026-01-01,2,Eixample,10,Sant Antoni,51,2157,64,3
2026-01-01,2,Eixample,10,Sant Antoni,51,2157,15,4
2026-01-01,2,Eixample,10,Sant Antoni,51,2157,72,5
2026-01-01,2,Eixample,10,Sant Antoni,51,2157,43,6
2026-01-01,2,Eixample,10,Sant Antoni,51,2157,23,7
2026-01-01,2,Eixample,10,Sant Antoni,51,2157,103,8
2026-01-01,2,Eixample,10,Sant Antoni,51,2157,13,9
2026-01-01,2,Eixample,10,Sant Antoni,51,2157,3,10
2026-01-01,2,Eixample,10,Sant Antoni,51,2157,69,11
2026-01-01,2,Eixample,10,Sant Antoni,51,2157,34,12
2026-01-01,2,Eixample,10,Sant Antoni,52,2158,56,1
2026-01-01,2,Eixample,10,Sant Antoni,52,2158,51,2
2026-01-01,2,Eixample,10,Sant Antoni,52,2158,76,3
2026-01-01,2,Eixample,10,Sant Antoni,52,2158,24,4
2026-01-01,2,Eixample,10,Sant Antoni,52,2158,81,5
2026-01-01,2,Eixample,10,Sant Antoni,52,2158,68,6
2026-01-01,2,Eixample,10,Sant Antoni,52,2158,47,7
2026-01-01,2,Eixample,10,Sant Antoni,52,2158,137,8
2026-01-01,2,Eixample,10,Sant Antoni,52,2158,11,9
2026-01-01,2,Eixample,10,Sant Antoni,52,2158,2,10
2026-01-01,2,Eixample,10,Sant Antoni,52,2158,79,11
2026-01-01,2,Eixample,10,Sant Antoni,52,2158,46,12
2026-01-01,2,Eixample,10,Sant Antoni,52,2159,69,1
2026-01-01,2,Eixample,10,Sant Antoni,52,2159,69,2
2026-01-01,2,Eixample,10,Sant Antoni,52,2159,86,3
2026-01-01,2,Eixample,10,Sant Antoni,52,2159,26,4
2026-01-01,2,Eixample,10,Sant Antoni,52,2159,120,5
2026-01-01,2,Eixample,10,Sant Antoni,52,2159,71,6
2026-01-01,2,Eixample,10,Sant Antoni,52,2159,39,7
2026-01-01,2,Eixample,10,Sant Antoni,52,2159,153,8
2026-01-01,2,Eixample,10,Sant Antoni,52,2159,18,9
2026-01-01,2,Eixample,10,Sant Antoni,52,2159,1,10
2026-01-01,2,Eixample,10,Sant Antoni,52,2159,82,11
2026-01-01,2,Eixample,10,Sant Antoni,52,2159,59,12
2026-01-01,2,Eixample,10,Sant Antoni,52,2160,88,1
2026-01-01,2,Eixample,10,Sant Antoni,52,2160,95,2
2026-01-01,2,Eixample,10,Sant Antoni,52,2160,88,3
2026-01-01,2,Eixample,10,Sant Antoni,52,2160,31,4
2026-01-01,2,Eixample,10,Sant Antoni,52,2160,130,5
2026-01-01,2,Eixample,10,Sant Antoni,52,2160,79,6
2026-01-01,2,Eixample,10,Sant Antoni,52,2160,39,7
2026-01-01,2,Eixample,10,Sant Antoni,52,2160,181,8
2026-01-01,2,Eixample,10,Sant Antoni,52,2160,17,9
2026-01-01,2,Eixample,10,Sant Antoni,52,2160,3,10
2026-01-01,2,Eixample,10,Sant Antoni,52,2160,85,11
2026-01-01,2,Eixample,10,Sant Antoni,52,2160,46,12
2026-01-01,2,Eixample,10,Sant Antoni,52,2161,43,1
2026-01-01,2,Eixample,10,Sant Antoni,52,2161,53,2
2026-01-01,2,Eixample,10,Sant Antoni,52,2161,45,3
2026-01-01,2,Eixample,10,Sant Antoni,52,2161,26,4
2026-01-01,2,Eixample,10,Sant Antoni,52,2161,76,5
2026-01-01,2,Eixample,10,Sant Antoni,52,2161,32,6
2026-01-01,2,Eixample,10,Sant Antoni,52,2161,21,7
2026-01-01,2,Eixample,10,Sant Antoni,52,2161,102,8
2026-01-01,2,Eixample,10,Sant Antoni,52,2161,7,9
2026-01-01,2,Eixample,10,Sant Antoni,52,2161,4,10
2026-01-01,2,Eixample,10,Sant Antoni,52,2161,41,11
2026-01-01,2,Eixample,10,Sant Antoni,52,2161,31,12
2026-01-01,2,Eixample,10,Sant Antoni,52,2162,63,1
2026-01-01,2,Eixample,10,Sant Antoni,52,2162,58,2
2026-01-01,2,Eixample,10,Sant Antoni,52,2162,90,3
2026-01-01,2,Eixample,10,Sant Antoni,52,2162,22,4
2026-01-01,2,Eixample,10,Sant Antoni,52,2162,88,5
2026-01-01,2,Eixample,10,Sant Antoni,52,2162,49,6
2026-01-01,2,Eixample,10,Sant Antoni,52,2162,29,7
2026-01-01,2,Eixample,10,Sant Antoni,52,2162,116,8
2026-01-01,2,Eixample,10,Sant Antoni,52,2162,11,9
2026-01-01,2,Eixample,10,Sant Antoni,52,2162,2,10
2026-01-01,2,Eixample,10,Sant Antoni,52,2162,45,11
2026-01-01,2,Eixample,10,Sant Antoni,52,2162,32,12
2026-01-01,2,Eixample,10,Sant Antoni,53,2163,72,1
2026-01-01,2,Eixample,10,Sant Antoni,53,2163,89,2
2026-01-01,2,Eixample,10,Sant Antoni,53,2163,72,3
2026-01-01,2,Eixample,10,Sant Antoni,53,2163,28,4
2026-01-01,2,Eixample,10,Sant Antoni,53,2163,113,5
2026-01-01,2,Eixample,10,Sant Antoni,53,2163,65,6
2026-01-01,2,Eixample,10,Sant Antoni,53,2163,48,7
2026-01-01,2,Eixample,10,Sant Antoni,53,2163,159,8
2026-01-01,2,Eixample,10,Sant Antoni,53,2163,13,9
2026-01-01,2,Eixample,10,Sant Antoni,53,2163,2,10
2026-01-01,2,Eixample,10,Sant Antoni,53,2163,69,11
2026-01-01,2,Eixample,10,Sant Antoni,53,2163,35,12
2026-01-01,2,Eixample,10,Sant Antoni,53,2164,79,1
2026-01-01,2,Eixample,10,Sant Antoni,53,2164,97,2
2026-01-01,2,Eixample,10,Sant Antoni,53,2164,51,3
2026-01-01,2,Eixample,10,Sant Antoni,53,2164,24,4
2026-01-01,2,Eixample,10,Sant Antoni,53,2164,113,5
2026-01-01,2,Eixample,10,Sant Antoni,53,2164,31,6
2026-01-01,2,Eixample,10,Sant Antoni,53,2164,38,7
2026-01-01,2,Eixample,10,Sant Antoni,53,2164,138,8
2026-01-01,2,Eixample,10,Sant Antoni,53,2164,7,9
2026-01-01,2,Eixample,10,Sant Antoni,53,2164,2,10
2026-01-01,2,Eixample,10,Sant Antoni,53,2164,52,11
2026-01-01,2,Eixample,10,Sant Antoni,53,2164,42,12
2026-01-01,2,Eixample,10,Sant Antoni,53,2165,79,1
2026-01-01,2,Eixample,10,Sant Antoni,53,2165,97,2
2026-01-01,2,Eixample,10,Sant Antoni,53,2165,71,3
2026-01-01,2,Eixample,10,Sant Antoni,53,2165,22,4
2026-01-01,2,Eixample,10,Sant Antoni,53,2165,128,5
2026-01-01,2,Eixample,10,Sant Antoni,53,2165,46,6
2026-01-01,2,Eixample,10,Sant Antoni,53,2165,39,7
2026-01-01,2,Eixample,10,Sant Antoni,53,2165,142,8
2026-01-01,2,Eixample,10,Sant Antoni,53,2165,12,9
2026-01-01,2,Eixample,10,Sant Antoni,53,2165,2,10
2026-01-01,2,Eixample,10,Sant Antoni,53,2165,70,11
2026-01-01,2,Eixample,10,Sant Antoni,53,2165,35,12
2026-01-01,2,Eixample,10,Sant Antoni,54,2166,101,1
2026-01-01,2,Eixample,10,Sant Antoni,54,2166,110,2
2026-01-01,2,Eixample,10,Sant Antoni,54,2166,93,3
2026-01-01,2,Eixample,10,Sant Antoni,54,2166,34,4
2026-01-01,2,Eixample,10,Sant Antoni,54,2166,151,5
2026-01-01,2,Eixample,10,Sant Antoni,54,2166,53,6
2026-01-01,2,Eixample,10,Sant Antoni,54,2166,45,7
2026-01-01,2,Eixample,10,Sant Antoni,54,2166,162,8
2026-01-01,2,Eixample,10,Sant Antoni,54,2166,21,9
2026-01-01,2,Eixample,10,Sant Antoni,54,2166,4,10
2026-01-01,2,Eixample,10,Sant Antoni,54,2166,81,11
2026-01-01,2,Eixample,10,Sant Antoni,54,2166,55,12
2026-01-01,2,Eixample,10,Sant Antoni,54,2167,70,1
2026-01-01,2,Eixample,10,Sant Antoni,54,2167,73,2
2026-01-01,2,Eixample,10,Sant Antoni,54,2167,95,3
2026-01-01,2,Eixample,10,Sant Antoni,54,2167,27,4
2026-01-01,2,Eixample,10,Sant Antoni,54,2167,101,5
2026-01-01,2,Eixample,10,Sant Antoni,54,2167,94,6
2026-01-01,2,Eixample,10,Sant Antoni,54,2167,46,7
2026-01-01,2,Eixample,10,Sant Antoni,54,2167,185,8
2026-01-01,2,Eixample,10,Sant Antoni,54,2167,12,9
2026-01-01,2,Eixample,10,Sant Antoni,54,2167,4,10
2026-01-01,2,Eixample,10,Sant Antoni,54,2167,94,11
2026-01-01,2,Eixample,10,Sant Antoni,54,2167,71,12
2026-01-01,2,Eixample,10,Sant Antoni,54,2168,104,1
2026-01-01,2,Eixample,10,Sant Antoni,54,2168,105,2
2026-01-01,2,Eixample,10,Sant Antoni,54,2168,97,3
2026-01-01,2,Eixample,10,Sant Antoni,54,2168,43,4
2026-01-01,2,Eixample,10,Sant Antoni,54,2168,170,5
2026-01-01,2,Eixample,10,Sant Antoni,54,2168,70,6
2026-01-01,2,Eixample,10,Sant Antoni,54,2168,37,7
2026-01-01,2,Eixample,10,Sant Antoni,54,2168,181,8
2026-01-01,2,Eixample,10,Sant Antoni,54,2168,24,9
2026-01-01,2,Eixample,10,Sant Antoni,54,2168,3,10
2026-01-01,2,Eixample,10,Sant Antoni,54,2168,86,11
2026-01-01,2,Eixample,10,Sant Antoni,54,2168,61,12
2026-01-01,2,Eixample,10,Sant Antoni,55,2169,82,1
2026-01-01,2,Eixample,10,Sant Antoni,55,2169,81,2
2026-01-01,2,Eixample,10,Sant Antoni,55,2169,82,3
2026-01-01,2,Eixample,10,Sant Antoni,55,2169,34,4
2026-01-01,2,Eixample,10,Sant Antoni,55,2169,128,5
2026-01-01,2,Eixample,10,Sant Antoni,55,2169,34,6
2026-01-01,2,Eixample,10,Sant Antoni,55,2169,29,7
2026-01-01,2,Eixample,10,Sant Antoni,55,2169,115,8
2026-01-01,2,Eixample,10,Sant Antoni,55,2169,15,9
2026-01-01,2,Eixample,10,Sant Antoni,55,2169,3,10
2026-01-01,2,Eixample,10,Sant Antoni,55,2169,50,11
2026-01-01,2,Eixample,10,Sant Antoni,55,2169,40,12
2026-01-01,2,Eixample,10,Sant Antoni,55,2170,51,1
2026-01-01,2,Eixample,10,Sant Antoni,55,2170,58,2
2026-01-01,2,Eixample,10,Sant Antoni,55,2170,70,3
2026-01-01,2,Eixample,10,Sant Antoni,55,2170,22,4
2026-01-01,2,Eixample,10,Sant Antoni,55,2170,102,5
2026-01-01,2,Eixample,10,Sant Antoni,55,2170,49,6
2026-01-01,2,Eixample,10,Sant Antoni,55,2170,45,7
2026-01-01,2,Eixample,10,Sant Antoni,55,2170,137,8
2026-01-01,2,Eixample,10,Sant Antoni,55,2170,8,9
2026-01-01,2,Eixample,10,Sant Antoni,55,2170,7,10
2026-01-01,2,Eixample,10,Sant Antoni,55,2170,59,11
2026-01-01,2,Eixample,10,Sant Antoni,55,2170,38,12
2026-01-01,2,Eixample,10,Sant Antoni,55,2171,66,1
2026-01-01,2,Eixample,10,Sant Antoni,55,2171,62,2
2026-01-01,2,Eixample,10,Sant Antoni,55,2171,65,3
2026-01-01,2,Eixample,10,Sant Antoni,55,2171,33,4
2026-01-01,2,Eixample,10,Sant Antoni,55,2171,121,5
2026-01-01,2,Eixample,10,Sant Antoni,55,2171,64,6
2026-01-01,2,Eixample,10,Sant Antoni,55,2171,29,7
2026-01-01,2,Eixample,10,Sant Antoni,55,2171,125,8
2026-01-01,2,Eixample,10,Sant Antoni,55,2171,16,9
2026-01-01,2,Eixample,10,Sant Antoni,55,2171,3,10
2026-01-01,2,Eixample,10,Sant Antoni,55,2171,57,11
2026-01-01,2,Eixample,10,Sant Antoni,55,2171,45,12
2026-01-01,2,Eixample,10,Sant Antoni,55,2172,103,1
2026-01-01,2,Eixample,10,Sant Antoni,55,2172,85,2
2026-01-01,2,Eixample,10,Sant Antoni,55,2172,66,3
2026-01-01,2,Eixample,10,Sant Antoni,55,2172,24,4
2026-01-01,2,Eixample,10,Sant Antoni,55,2172,122,5
2026-01-01,2,Eixample,10,Sant Antoni,55,2172,33,6
2026-01-01,2,Eixample,10,Sant Antoni,55,2172,25,7
2026-01-01,2,Eixample,10,Sant Antoni,55,2172,104,8
2026-01-01,2,Eixample,10,Sant Antoni,55,2172,21,9
2026-01-01,2,Eixample,10,Sant Antoni,55,2172,3,10
2026-01-01,2,Eixample,10,Sant Antoni,55,2172,69,11
2026-01-01,2,Eixample,10,Sant Antoni,55,2172,32,12
2026-01-01,2,Eixample,10,Sant Antoni,55,2173,71,1
2026-01-01,2,Eixample,10,Sant Antoni,55,2173,84,2
2026-01-01,2,Eixample,10,Sant Antoni,55,2173,64,3
2026-01-01,2,Eixample,10,Sant Antoni,55,2173,28,4
2026-01-01,2,Eixample,10,Sant Antoni,55,2173,92,5
2026-01-01,2,Eixample,10,Sant Antoni,55,2173,48,6
2026-01-01,2,Eixample,10,Sant Antoni,55,2173,39,7
2026-01-01,2,Eixample,10,Sant Antoni,55,2173,116,8
2026-01-01,2,Eixample,10,Sant Antoni,55,2173,6,9
2026-01-01,2,Eixample,10,Sant Antoni,55,2173,2,10
2026-01-01,2,Eixample,10,Sant Antoni,55,2173,59,11
2026-01-01,2,Eixample,10,Sant Antoni,55,2173,45,12
2026-01-01,3,Sants-Montjuïc,11,el Poble-sec,56,3001,53,1
2026-01-01,3,Sants-Montjuïc,11,el Poble-sec,56,3001,58,2
2026-01-01,3,Sants-Montjuïc,11,el Poble-sec,56,3001,79,3
2026-01-01,3,Sants-Montjuïc,11,el Poble-sec,56,3001,25,4
2026-01-01,3,Sants-Montjuïc,11,el Poble-sec,56,3001,95,5
2026-01-01,3,Sants-Montjuïc,11,el Poble-sec,56,3001,77,6
2026-01-01,3,Sants-Montjuïc,11,el Poble-sec,56,3001,49,7
2026-01-01,3,Sants-Montjuïc,11,el Poble-sec,56,3001,131,8
2026-01-01,3,Sants-Montjuïc,11,el Poble-sec,56,3001,16,9
2026-01-01,3,Sants-Montjuïc,11,el Poble-sec,56,3001,5,10
2026-01-01,3,Sants-Montjuïc,11,el Poble-sec,56,3001,52,11
2026-01-01,3,Sants-Montjuïc,11,el Poble-sec,56,3001,60,12
2026-01-01,3,Sants-Montjuïc,11,el Poble-sec,56,3002,101,1
2026-01-01,3,Sants-Montjuïc,11,el Poble-sec,56,3002,128,2
2026-01-01,3,Sants-Montjuïc,11,el Poble-sec,56,3002,77,3
2026-01-01,3,Sants-Montjuïc,11,el Poble-sec,56,3002,29,4
2026-01-01,3,Sants-Montjuïc,11,el Poble-sec,56,3002,159,5
2026-01-01,3,Sants-Montjuïc,11,el Poble-sec,56,3002,50,6
2026-01-01,3,Sants-Montjuïc,11,el Poble-sec,56,3002,36,7
2026-01-01,3,Sants-Montjuïc,11,el Poble-sec,56,3002,130,8
2026-01-01,3,Sants-Montjuïc,11,el Poble-sec,56,3002,13,9
2026-01-01,3,Sants-Montjuïc,11,el Poble-sec,56,3002,2,10
2026-01-01,3,Sants-Montjuïc,11,el Poble-sec,56,3002,67,11
2026-01-01,3,Sants-Montjuïc,11,el Poble-sec,56,3002,56,12
2026-01-01,3,Sants-Montjuïc,11,el Poble-sec,56,3003,91,1
2026-01-01,3,Sants-Montjuïc,11,el Poble-sec,56,3003,94,2
2026-01-01,3,Sants-Montjuïc,11,el Poble-sec,56,3003,59,3
2026-01-01,3,Sants-Montjuïc,11,el Poble-sec,56,3003,20,4
2026-01-01,3,Sants-Montjuïc,11,el Poble-sec,56,3003,132,5
2026-01-01,3,Sants-Montjuïc,11,el Poble-sec,56,3003,34,6
2026-01-01,3,Sants-Montjuïc,11,el Poble-sec,56,3003,29,7
2026-01-01,3,Sants-Montjuïc,11,el Poble-sec,56,3003,113,8
2026-01-01,3,Sants-Montjuïc,11,el Poble-sec,56,3003,11,9
2026-01-01,3,Sants-Montjuïc,11,el Poble-sec,56,3003,1,10
2026-01-01,3,Sants-Montjuïc,11,el Poble-sec,56,3003,45,11
2026-01-01,3,Sants-Montjuïc,11,el Poble-sec,56,3003,65,12
2026-01-01,3,Sants-Montjuïc,11,el Poble-sec,56,3004,82,1
2026-01-01,3,Sants-Montjuïc,11,el Poble-sec,56,3004,73,2
2026-01-01,3,Sants-Montjuïc,11,el Poble-sec,56,3004,71,3
2026-01-01,3,Sants-Montjuïc,11,el Poble-sec,56,3004,29,4
2026-01-01,3,Sants-Montjuïc,11,el Poble-sec,56,3004,113,5
2026-01-01,3,Sants-Montjuïc,11,el Poble-sec,56,3004,44,6
2026-01-01,3,Sants-Montjuïc,11,el Poble-sec,56,3004,48,7
2026-01-01,3,Sants-Montjuïc,11,el Poble-sec,56,3004,107,8
2026-01-01,3,Sants-Montjuïc,11,el Poble-sec,56,3004,10,9
2026-01-01,3,Sants-Montjuïc,11,el Poble-sec,56,3004,2,10
2026-01-01,3,Sants-Montjuïc,11,el Poble-sec,56,3004,52,11
2026-01-01,3,Sants-Montjuïc,11,el Poble-sec,56,3004,52,12
2026-01-01,3,Sants-Montjuïc,11,el Poble-sec,56,3005,62,1
2026-01-01,3,Sants-Montjuïc,11,el Poble-sec,56,3005,64,2
2026-01-01,3,Sants-Montjuïc,11,el Poble-sec,56,3005,56,3
2026-01-01,3,Sants-Montjuïc,11,el Poble-sec,56,3005,21,4
2026-01-01,3,Sants-Montjuïc,11,el Poble-sec,56,3005,89,5
2026-01-01,3,Sants-Montjuïc,11,el Poble-sec,56,3005,43,6
2026-01-01,3,Sants-Montjuïc,11,el Poble-sec,56,3005,26,7
2026-01-01,3,Sants-Montjuïc,11,el Poble-sec,56,3005,93,8
2026-01-01,3,Sants-Montjuïc,11,el Poble-sec,56,3005,15,9
2026-01-01,3,Sants-Montjuïc,11,el Poble-sec,56,3005,2,10
2026-01-01,3,Sants-Montjuïc,11,el Poble-sec,56,3005,48,11
2026-01-01,3,Sants-Montjuïc,11,el Poble-sec,56,3005,27,12
2026-01-01,3,Sants-Montjuïc,11,el Poble-sec,56,3006,75,1
2026-01-01,3,Sants-Montjuïc,11,el Poble-sec,56,3006,76,2
2026-01-01,3,Sants-Montjuïc,11,el Poble-sec,56,3006,45,3
2026-01-01,3,Sants-Montjuïc,11,el Poble-sec,56,3006,17,4
2026-01-01,3,Sants-Montjuïc,11,el Poble-sec,56,3006,94,5
2026-01-01,3,Sants-Montjuïc,11,el Poble-sec,56,3006,25,6
2026-01-01,3,Sants-Montjuïc,11,el Poble-sec,56,3006,17,7
2026-01-01,3,Sants-Montjuïc,11,el Poble-sec,56,3006,113,8
2026-01-01,3,Sants-Montjuïc,11,el Poble-sec,56,3006,6,9
2026-01-01,3,Sants-Montjuïc,11,el Poble-sec,56,3006,1,10
2026-01-01,3,Sants-Montjuïc,11,el Poble-sec,56,3006,66,11
2026-01-01,3,Sants-Montjuïc,11,el Poble-sec,56,3006,41,12
2026-01-01,3,Sants-Montjuïc,11,el Poble-sec,56,3007,75,1
2026-01-01,3,Sants-Montjuïc,11,el Poble-sec,56,3007,74,2
2026-01-01,3,Sants-Montjuïc,11,el Poble-sec,56,3007,62,3
2026-01-01,3,Sants-Montjuïc,11,el Poble-sec,56,3007,29,4
2026-01-01,3,Sants-Montjuïc,11,el Poble-sec,56,3007,123,5
2026-01-01,3,Sants-Montjuïc,11,el Poble-sec,56,3007,49,6
2026-01-01,3,Sants-Montjuïc,11,el Poble-sec,56,3007,35,7
2026-01-01,3,Sants-Montjuïc,11,el Poble-sec,56,3007,119,8
2026-01-01,3,Sants-Montjuïc,11,el Poble-sec,56,3007,13,9
2026-01-01,3,Sants-Montjuïc,11,el Poble-sec,56,3007,2,10
2026-01-01,3,Sants-Montjuïc,11,el Poble-sec,56,3007,55,11
2026-01-01,3,Sants-Montjuïc,11,el Poble-sec,56,3007,54,12
2026-01-01,3,Sants-Montjuïc,11,el Poble-sec,56,3008,84,1
2026-01-01,3,Sants-Montjuïc,11,el Poble-sec,56,3008,70,2
2026-01-01,3,Sants-Montjuïc,11,el Poble-sec,56,3008,45,3
2026-01-01,3,Sants-Montjuïc,11,el Poble-sec,56,3008,26,4
2026-01-01,3,Sants-Montjuïc,11,el Poble-sec,56,3008,95,5
2026-01-01,3,Sants-Montjuïc,11,el Poble-sec,56,3008,22,6
2026-01-01,3,Sants-Montjuïc,11,el Poble-sec,56,3008,18,7
2026-01-01,3,Sants-Montjuïc,11,el Poble-sec,56,3008,77,8
2026-01-01,3,Sants-Montjuïc,11,el Poble-sec,56,3008,15,9
2026-01-01,3,Sants-Montjuïc,11,el Poble-sec,56,3008,2,10
2026-01-01,3,Sants-Montjuïc,11,el Poble-sec,56,3008,41,11
2026-01-01,3,Sants-Montjuïc,11,el Poble-sec,56,3008,39,12
2026-01-01,3,Sants-Montjuïc,11,el Poble-sec,56,3009,57,1
2026-01-01,3,Sants-Montjuïc,11,el Poble-sec,56,3009,53,2
2026-01-01,3,Sants-Montjuïc,11,el Poble-sec,56,3009,54,3
2026-01-01,3,Sants-Montjuïc,11,el Poble-sec,56,3009,14,4
2026-01-01,3,Sants-Montjuïc,11,el Poble-sec,56,3009,72,5
2026-01-01,3,Sants-Montjuïc,11,el Poble-sec,56,3009,37,6
2026-01-01,3,Sants-Montjuïc,11,el Poble-sec,56,3009,25,7
2026-01-01,3,Sants-Montjuïc,11,el Poble-sec,56,3009,100,8
2026-01-01,3,Sants-Montjuïc,11,el Poble-sec,56,3009,5,9
2026-01-01,3,Sants-Montjuïc,11,el Poble-sec,56,3009,1,10
2026-01-01,3,Sants-Montjuïc,11,el Poble-sec,56,3009,37,11
2026-01-01,3,Sants-Montjuïc,11,el Poble-sec,56,3009,46,12
2026-01-01,3,Sants-Montjuïc,11,el Poble-sec,57,3010,61,1
2026-01-01,3,Sants-Montjuïc,11,el Poble-sec,57,3010,64,2
2026-01-01,3,Sants-Montjuïc,11,el Poble-sec,57,3010,48,3
2026-01-01,3,Sants-Montjuïc,11,el Poble-sec,57,3010,21,4
2026-01-01,3,Sants-Montjuïc,11,el Poble-sec,57,3010,99,5
2026-01-01,3,Sants-Montjuïc,11,el Poble-sec,57,3010,31,6
2026-01-01,3,Sants-Montjuïc,11,el Poble-sec,57,3010,37,7
2026-01-01,3,Sants-Montjuïc,11,el Poble-sec,57,3010,138,8
2026-01-01,3,Sants-Montjuïc,11,el Poble-sec,57,3010,19,9
2026-01-01,3,Sants-Montjuïc,11,el Poble-sec,57,3010,5,10
2026-01-01,3,Sants-Montjuïc,11,el Poble-sec,57,3010,64,11
2026-01-01,3,Sants-Montjuïc,11,el Poble-sec,57,3010,49,12
2026-01-01,3,Sants-Montjuïc,11,el Poble-sec,57,3011,111,1
2026-01-01,3,Sants-Montjuïc,11,el Poble-sec,57,3011,109,2
2026-01-01,3,Sants-Montjuïc,11,el Poble-sec,57,3011,49,3
2026-01-01,3,Sants-Montjuïc,11,el Poble-sec,57,3011,20,4
2026-01-01,3,Sants-Montjuïc,11,el Poble-sec,57,3011,146,5
2026-01-01,3,Sants-Montjuïc,11,el Poble-sec,57,3011,16,6
2026-01-01,3,Sants-Montjuïc,11,el Poble-sec,57,3011,24,7
2026-01-01,3,Sants-Montjuïc,11,el Poble-sec,57,3011,124,8
2026-01-01,3,Sants-Montjuïc,11,el Poble-sec,57,3011,19,9
2026-01-01,3,Sants-Montjuïc,11,el Poble-sec,57,3011,3,10
2026-01-01,3,Sants-Montjuïc,11,el Poble-sec,57,3011,60,11
2026-01-01,3,Sants-Montjuïc,11,el Poble-sec,57,3011,68,12
2026-01-01,3,Sants-Montjuïc,11,el Poble-sec,57,3012,108,1
2026-01-01,3,Sants-Montjuïc,11,el Poble-sec,57,3012,97,2
2026-01-01,3,Sants-Montjuïc,11,el Poble-sec,57,3012,61,3
2026-01-01,3,Sants-Montjuïc,11,el Poble-sec,57,3012,22,4
2026-01-01,3,Sants-Montjuïc,11,el Poble-sec,57,3012,150,5
2026-01-01,3,Sants-Montjuïc,11,el Poble-sec,57,3012,44,6
2026-01-01,3,Sants-Montjuïc,11,el Poble-sec,57,3012,48,7
2026-01-01,3,Sants-Montjuïc,11,el Poble-sec,57,3012,178,8
2026-01-01,3,Sants-Montjuïc,11,el Poble-sec,57,3012,15,9
2026-01-01,3,Sants-Montjuïc,11,el Poble-sec,57,3012,5,10
2026-01-01,3,Sants-Montjuïc,11,el Poble-sec,57,3012,63,11
2026-01-01,3,Sants-Montjuïc,11,el Poble-sec,57,3012,67,12
2026-01-01,3,Sants-Montjuïc,11,el Poble-sec,57,3013,96,1
2026-01-01,3,Sants-Montjuïc,11,el Poble-sec,57,3013,105,2
2026-01-01,3,Sants-Montjuïc,11,el Poble-sec,57,3013,51,3
2026-01-01,3,Sants-Montjuïc,11,el Poble-sec,57,3013,25,4
2026-01-01,3,Sants-Montjuïc,11,el Poble-sec,57,3013,151,5
2026-01-01,3,Sants-Montjuïc,11,el Poble-sec,57,3013,20,6
2026-01-01,3,Sants-Montjuïc,11,el Poble-sec,57,3013,22,7
2026-01-01,3,Sants-Montjuïc,11,el Poble-sec,57,3013,140,8
2026-01-01,3,Sants-Montjuïc,11,el Poble-sec,57,3013,10,9
2026-01-01,3,Sants-Montjuïc,11,el Poble-sec,57,3013,5,10
2026-01-01,3,Sants-Montjuïc,11,el Poble-sec,57,3013,63,11
2026-01-01,3,Sants-Montjuïc,11,el Poble-sec,57,3013,52,12
2026-01-01,3,Sants-Montjuïc,11,el Poble-sec,57,3014,91,1
2026-01-01,3,Sants-Montjuïc,11,el Poble-sec,57,3014,94,2
2026-01-01,3,Sants-Montjuïc,11,el Poble-sec,57,3014,41,3
2026-01-01,3,Sants-Montjuïc,11,el Poble-sec,57,3014,23,4
2026-01-01,3,Sants-Montjuïc,11,el Poble-sec,57,3014,159,5
2026-01-01,3,Sants-Montjuïc,11,el Poble-sec,57,3014,31,6
2026-01-01,3,Sants-Montjuïc,11,el Poble-sec,57,3014,27,7
2026-01-01,3,Sants-Montjuïc,11,el Poble-sec,57,3014,139,8
2026-01-01,3,Sants-Montjuïc,11,el Poble-sec,57,3014,16,9
2026-01-01,3,Sants-Montjuïc,11,el Poble-sec,57,3014,3,10
2026-01-01,3,Sants-Montjuïc,11,el Poble-sec,57,3014,64,11
2026-01-01,3,Sants-Montjuïc,11,el Poble-sec,57,3014,57,12
2026-01-01,3,Sants-Montjuïc,11,el Poble-sec,57,3015,132,1
2026-01-01,3,Sants-Montjuïc,11,el Poble-sec,57,3015,149,2
2026-01-01,3,Sants-Montjuïc,11,el Poble-sec,57,3015,101,3
2026-01-01,3,Sants-Montjuïc,11,el Poble-sec,57,3015,46,4
2026-01-01,3,Sants-Montjuïc,11,el Poble-sec,57,3015,217,5
2026-01-01,3,Sants-Montjuïc,11,el Poble-sec,57,3015,35,6
2026-01-01,3,Sants-Montjuïc,11,el Poble-sec,57,3015,53,7
2026-01-01,3,Sants-Montjuïc,11,el Poble-sec,57,3015,261,8
2026-01-01,3,Sants-Montjuïc,11,el Poble-sec,57,3015,30,9
2026-01-01,3,Sants-Montjuïc,11,el Poble-sec,57,3015,7,10
2026-01-01,3,Sants-Montjuïc,11,el Poble-sec,57,3015,101,11
2026-01-01,3,Sants-Montjuïc,11,el Poble-sec,57,3015,104,12
2026-01-01,3,Sants-Montjuïc,11,el Poble-sec,57,3016,37,1
2026-01-01,3,Sants-Montjuïc,11,el Poble-sec,57,3016,39,2
2026-01-01,3,Sants-Montjuïc,11,el Poble-sec,57,3016,34,3
2026-01-01,3,Sants-Montjuïc,11,el Poble-sec,57,3016,13,4
2026-01-01,3,Sants-Montjuïc,11,el Poble-sec,57,3016,93,5
2026-01-01,3,Sants-Montjuïc,11,el Poble-sec,57,3016,16,6
2026-01-01,3,Sants-Montjuïc,11,el Poble-sec,57,3016,31,7
2026-01-01,3,Sants-Montjuïc,11,el Poble-sec,57,3016,118,8
2026-01-01,3,Sants-Montjuïc,11,el Poble-sec,57,3016,6,9
2026-01-01,3,Sants-Montjuïc,11,el Poble-sec,57,3016,1,10
2026-01-01,3,Sants-Montjuïc,11,el Poble-sec,57,3016,35,11
2026-01-01,3,Sants-Montjuïc,11,el Poble-sec,57,3016,41,12
2026-01-01,3,Sants-Montjuïc,11,el Poble-sec,57,3017,84,1
2026-01-01,3,Sants-Montjuïc,11,el Poble-sec,57,3017,100,2
2026-01-01,3,Sants-Montjuïc,11,el Poble-sec,57,3017,44,3
2026-01-01,3,Sants-Montjuïc,11,el Poble-sec,57,3017,24,4
2026-01-01,3,Sants-Montjuïc,11,el Poble-sec,57,3017,121,5
2026-01-01,3,Sants-Montjuïc,11,el Poble-sec,57,3017,24,6
2026-01-01,3,Sants-Montjuïc,11,el Poble-sec,57,3017,26,7
2026-01-01,3,Sants-Montjuïc,11,el Poble-sec,57,3017,124,8
2026-01-01,3,Sants-Montjuïc,11,el Poble-sec,57,3017,13,9
2026-01-01,3,Sants-Montjuïc,11,el Poble-sec,57,3017,1,10
2026-01-01,3,Sants-Montjuïc,11,el Poble-sec,57,3017,53,11
2026-01-01,3,Sants-Montjuïc,11,el Poble-sec,57,3017,58,12
2026-01-01,3,Sants-Montjuïc,11,el Poble-sec,58,3018,48,1
2026-01-01,3,Sants-Montjuïc,11,el Poble-sec,58,3018,60,2
2026-01-01,3,Sants-Montjuïc,11,el Poble-sec,58,3018,46,3
2026-01-01,3,Sants-Montjuïc,11,el Poble-sec,58,3018,19,4
2026-01-01,3,Sants-Montjuïc,11,el Poble-sec,58,3018,96,5
2026-01-01,3,Sants-Montjuïc,11,el Poble-sec,58,3018,59,6
2026-01-01,3,Sants-Montjuïc,11,el Poble-sec,58,3018,37,7
2026-01-01,3,Sants-Montjuïc,11,el Poble-sec,58,3018,147,8
2026-01-01,3,Sants-Montjuïc,11,el Poble-sec,58,3018,8,9
2026-01-01,3,Sants-Montjuïc,11,el Poble-sec,58,3018,2,10
2026-01-01,3,Sants-Montjuïc,11,el Poble-sec,58,3018,58,11
2026-01-01,3,Sants-Montjuïc,11,el Poble-sec,58,3018,66,12
2026-01-01,3,Sants-Montjuïc,11,el Poble-sec,58,3019,62,1
2026-01-01,3,Sants-Montjuïc,11,el Poble-sec,58,3019,65,2
2026-01-01,3,Sants-Montjuïc,11,el Poble-sec,58,3019,41,3
2026-01-01,3,Sants-Montjuïc,11,el Poble-sec,58,3019,25,4
2026-01-01,3,Sants-Montjuïc,11,el Poble-sec,58,3019,91,5
2026-01-01,3,Sants-Montjuïc,11,el Poble-sec,58,3019,28,6
2026-01-01,3,Sants-Montjuïc,11,el Poble-sec,58,3019,33,7
2026-01-01,3,Sants-Montjuïc,11,el Poble-sec,58,3019,129,8
2026-01-01,3,Sants-Montjuïc,11,el Poble-sec,58,3019,11,9
2026-01-01,3,Sants-Montjuïc,11,el Poble-sec,58,3019,2,10
2026-01-01,3,Sants-Montjuïc,11,el Poble-sec,58,3019,48,11
2026-01-01,3,Sants-Montjuïc,11,el Poble-sec,58,3019,57,12
2026-01-01,3,Sants-Montjuïc,11,el Poble-sec,58,3020,30,1
2026-01-01,3,Sants-Montjuïc,11,el Poble-sec,58,3020,44,2
2026-01-01,3,Sants-Montjuïc,11,el Poble-sec,58,3020,43,3
2026-01-01,3,Sants-Montjuïc,11,el Poble-sec,58,3020,22,4
2026-01-01,3,Sants-Montjuïc,11,el Poble-sec,58,3020,58,5
2026-01-01,3,Sants-Montjuïc,11,el Poble-sec,58,3020,53,6
2026-01-01,3,Sants-Montjuïc,11,el Poble-sec,58,3020,39,7
2026-01-01,3,Sants-Montjuïc,11,el Poble-sec,58,3020,97,8
2026-01-01,3,Sants-Montjuïc,11,el Poble-sec,58,3020,8,9
2026-01-01,3,Sants-Montjuïc,11,el Poble-sec,58,3020,3,10
2026-01-01,3,Sants-Montjuïc,11,el Poble-sec,58,3020,40,11
2026-01-01,3,Sants-Montjuïc,11,el Poble-sec,58,3020,40,12
2026-01-01,3,Sants-Montjuïc,11,el Poble-sec,58,3021,32,1
2026-01-01,3,Sants-Montjuïc,11,el Poble-sec,58,3021,28,2
2026-01-01,3,Sants-Montjuïc,11,el Poble-sec,58,3021,51,3
2026-01-01,3,Sants-Montjuïc,11,el Poble-sec,58,3021,13,4
2026-01-01,3,Sants-Montjuïc,11,el Poble-sec,58,3021,52,5
2026-01-01,3,Sants-Montjuïc,11,el Poble-sec,58,3021,52,6
2026-01-01,3,Sants-Montjuïc,11,el Poble-sec,58,3021,29,7
2026-01-01,3,Sants-Montjuïc,11,el Poble-sec,58,3021,93,8
2026-01-01,3,Sants-Montjuïc,11,el Poble-sec,58,3021,4,9
2026-01-01,3,Sants-Montjuïc,11,el Poble-sec,58,3021,2,10
2026-01-01,3,Sants-Montjuïc,11,el Poble-sec,58,3021,36,11
2026-01-01,3,Sants-Montjuïc,11,el Poble-sec,58,3021,33,12
2026-01-01,3,Sants-Montjuïc,11,el Poble-sec,58,3022,69,1
2026-01-01,3,Sants-Montjuïc,11,el Poble-sec,58,3022,72,2
2026-01-01,3,Sants-Montjuïc,11,el Poble-sec,58,3022,52,3
2026-01-01,3,Sants-Montjuïc,11,el Poble-sec,58,3022,30,4
2026-01-01,3,Sants-Montjuïc,11,el Poble-sec,58,3022,96,5
2026-01-01,3,Sants-Montjuïc,11,el Poble-sec,58,3022,39,6
2026-01-01,3,Sants-Montjuïc,11,el Poble-sec,58,3022,41,7
2026-01-01,3,Sants-Montjuïc,11,el Poble-sec,58,3022,107,8
2026-01-01,3,Sants-Montjuïc,11,el Poble-sec,58,3022,15,9
2026-01-01,3,Sants-Montjuïc,11,el Poble-sec,58,3022,3,10
2026-01-01,3,Sants-Montjuïc,11,el Poble-sec,58,3022,47,11
2026-01-01,3,Sants-Montjuïc,11,el Poble-sec,58,3022,41,12
2026-01-01,3,Sants-Montjuïc,11,el Poble-sec,59,3023,97,1
2026-01-01,3,Sants-Montjuïc,11,el Poble-sec,59,3023,99,2
2026-01-01,3,Sants-Montjuïc,11,el Poble-sec,59,3023,52,3
2026-01-01,3,Sants-Montjuïc,11,el Poble-sec,59,3023,20,4
2026-01-01,3,Sants-Montjuïc,11,el Poble-sec,59,3023,116,5
2026-01-01,3,Sants-Montjuïc,11,el Poble-sec,59,3023,37,6
2026-01-01,3,Sants-Montjuïc,11,el Poble-sec,59,3023,24,7
2026-01-01,3,Sants-Montjuïc,11,el Poble-sec,59,3023,150,8
2026-01-01,3,Sants-Montjuïc,11,el Poble-sec,59,3023,18,9
2026-01-01,3,Sants-Montjuïc,11,el Poble-sec,59,3023,1,10
2026-01-01,3,Sants-Montjuïc,11,el Poble-sec,59,3023,69,11
2026-01-01,3,Sants-Montjuïc,11,el Poble-sec,59,3023,59,12
2026-01-01,3,Sants-Montjuïc,11,el Poble-sec,59,3024,109,1
2026-01-01,3,Sants-Montjuïc,11,el Poble-sec,59,3024,106,2
2026-01-01,3,Sants-Montjuïc,11,el Poble-sec,59,3024,63,3
2026-01-01,3,Sants-Montjuïc,11,el Poble-sec,59,3024,26,4
2026-01-01,3,Sants-Montjuïc,11,el Poble-sec,59,3024,169,5
2026-01-01,3,Sants-Montjuïc,11,el Poble-sec,59,3024,21,6
2026-01-01,3,Sants-Montjuïc,11,el Poble-sec,59,3024,37,7
2026-01-01,3,Sants-Montjuïc,11,el Poble-sec,59,3024,150,8
2026-01-01,3,Sants-Montjuïc,11,el Poble-sec,59,3024,20,9
2026-01-01,3,Sants-Montjuïc,11,el Poble-sec,59,3024,5,10
2026-01-01,3,Sants-Montjuïc,11,el Poble-sec,59,3024,77,11
2026-01-01,3,Sants-Montjuïc,11,el Poble-sec,59,3024,60,12
2026-01-01,3,Sants-Montjuïc,12,la Marina del Prat Vermell,60,3025,150,1
2026-01-01,3,Sants-Montjuïc,12,la Marina del Prat Vermell,60,3025,181,2
2026-01-01,3,Sants-Montjuïc,12,la Marina del Prat Vermell,60,3025,52,3
2026-01-01,3,Sants-Montjuïc,12,la Marina del Prat Vermell,60,3025,31,4
2026-01-01,3,Sants-Montjuïc,12,la Marina del Prat Vermell,60,3025,219,5
2026-01-01,3,Sants-Montjuïc,12,la Marina del Prat Vermell,60,3025,27,6
2026-01-01,3,Sants-Montjuïc,12,la Marina del Prat Vermell,60,3025,58,7
2026-01-01,3,Sants-Montjuïc,12,la Marina del Prat Vermell,60,3025,157,8
2026-01-01,3,Sants-Montjuïc,12,la Marina del Prat Vermell,60,3025,66,9
2026-01-01,3,Sants-Montjuïc,12,la Marina del Prat Vermell,60,3025,8,10
2026-01-01,3,Sants-Montjuïc,12,la Marina del Prat Vermell,60,3025,220,11
2026-01-01,3,Sants-Montjuïc,12,la Marina del Prat Vermell,60,3025,102,12
2026-01-01,3,Sants-Montjuïc,13,la Marina de Port,61,3026,17,1
2026-01-01,3,Sants-Montjuïc,13,la Marina de Port,61,3026,32,2
2026-01-01,3,Sants-Montjuïc,13,la Marina de Port,61,3026,65,3
2026-01-01,3,Sants-Montjuïc,13,la Marina de Port,61,3026,24,4
2026-01-01,3,Sants-Montjuïc,13,la Marina de Port,61,3026,40,5
2026-01-01,3,Sants-Montjuïc,13,la Marina de Port,61,3026,67,6
2026-01-01,3,Sants-Montjuïc,13,la Marina de Port,61,3026,23,7
2026-01-01,3,Sants-Montjuïc,13,la Marina de Port,61,3026,78,8
2026-01-01,3,Sants-Montjuïc,13,la Marina de Port,61,3026,12,9
2026-01-01,3,Sants-Montjuïc,13,la Marina de Port,61,3026,2,10
2026-01-01,3,Sants-Montjuïc,13,la Marina de Port,61,3026,34,11
2026-01-01,3,Sants-Montjuïc,13,la Marina de Port,61,3026,42,12
2026-01-01,3,Sants-Montjuïc,13,la Marina de Port,61,3027,59,1
2026-01-01,3,Sants-Montjuïc,13,la Marina de Port,61,3027,59,2
2026-01-01,3,Sants-Montjuïc,13,la Marina de Port,61,3027,98,3
2026-01-01,3,Sants-Montjuïc,13,la Marina de Port,61,3027,48,4
2026-01-01,3,Sants-Montjuïc,13,la Marina de Port,61,3027,92,5
2026-01-01,3,Sants-Montjuïc,13,la Marina de Port,61,3027,55,6
2026-01-01,3,Sants-Montjuïc,13,la Marina de Port,61,3027,40,7
2026-01-01,3,Sants-Montjuïc,13,la Marina de Port,61,3027,158,8
2026-01-01,3,Sants-Montjuïc,13,la Marina de Port,61,3027,20,9
2026-01-01,3,Sants-Montjuïc,13,la Marina de Port,61,3027,1,10
2026-01-01,3,Sants-Montjuïc,13,la Marina de Port,61,3027,61,11
2026-01-01,3,Sants-Montjuïc,13,la Marina de Port,61,3027,46,12
2026-01-01,3,Sants-Montjuïc,13,la Marina de Port,61,3028,93,1
2026-01-01,3,Sants-Montjuïc,13,la Marina de Port,61,3028,96,2
2026-01-01,3,Sants-Montjuïc,13,la Marina de Port,61,3028,112,3
2026-01-01,3,Sants-Montjuïc,13,la Marina de Port,61,3028,39,4
2026-01-01,3,Sants-Montjuïc,13,la Marina de Port,61,3028,132,5
2026-01-01,3,Sants-Montjuïc,13,la Marina de Port,61,3028,56,6
2026-01-01,3,Sants-Montjuïc,13,la Marina de Port,61,3028,42,7
2026-01-01,3,Sants-Montjuïc,13,la Marina de Port,61,3028,195,8
2026-01-01,3,Sants-Montjuïc,13,la Marina de Port,61,3028,25,9
2026-01-01,3,Sants-Montjuïc,13,la Marina de Port,61,3028,7,10
2026-01-01,3,Sants-Montjuïc,13,la Marina de Port,61,3028,160,11
2026-01-01,3,Sants-Montjuïc,13,la Marina de Port,61,3028,100,12
2026-01-01,3,Sants-Montjuïc,13,la Marina de Port,61,3029,28,1
2026-01-01,3,Sants-Montjuïc,13,la Marina de Port,61,3029,50,2
2026-01-01,3,Sants-Montjuïc,13,la Marina de Port,61,3029,43,3
2026-01-01,3,Sants-Montjuïc,13,la Marina de Port,61,3029,15,4
2026-01-01,3,Sants-Montjuïc,13,la Marina de Port,61,3029,61,5
2026-01-01,3,Sants-Montjuïc,13,la Marina de Port,61,3029,28,6
2026-01-01,3,Sants-Montjuïc,13,la Marina de Port,61,3029,51,7
2026-01-01,3,Sants-Montjuïc,13,la Marina de Port,61,3029,114,8
2026-01-01,3,Sants-Montjuïc,13,la Marina de Port,61,3029,13,9
2026-01-01,3,Sants-Montjuïc,13,la Marina de Port,61,3029,4,10
2026-01-01,3,Sants-Montjuïc,13,la Marina de Port,61,3029,62,11
2026-01-01,3,Sants-Montjuïc,13,la Marina de Port,61,3029,38,12
2026-01-01,3,Sants-Montjuïc,13,la Marina de Port,61,3030,51,1
2026-01-01,3,Sants-Montjuïc,13,la Marina de Port,61,3030,46,2
2026-01-01,3,Sants-Montjuïc,13,la Marina de Port,61,3030,80,3
2026-01-01,3,Sants-Montjuïc,13,la Marina de Port,61,3030,21,4
2026-01-01,3,Sants-Montjuïc,13,la Marina de Port,61,3030,89,5
2026-01-01,3,Sants-Montjuïc,13,la Marina de Port,61,3030,45,6
2026-01-01,3,Sants-Montjuïc,13,la Marina de Port,61,3030,47,7
2026-01-01,3,Sants-Montjuïc,13,la Marina de Port,61,3030,131,8
2026-01-01,3,Sants-Montjuïc,13,la Marina de Port,61,3030,14,9
2026-01-01,3,Sants-Montjuïc,13,la Marina de Port,61,3030,5,10
2026-01-01,3,Sants-Montjuïc,13,la Marina de Port,61,3030,67,11
2026-01-01,3,Sants-Montjuïc,13,la Marina de Port,61,3030,62,12
2026-01-01,3,Sants-Montjuïc,13,la Marina de Port,62,3031,51,1
2026-01-01,3,Sants-Montjuïc,13,la Marina de Port,62,3031,68,2
2026-01-01,3,Sants-Montjuïc,13,la Marina de Port,62,3031,96,3
2026-01-01,3,Sants-Montjuïc,13,la Marina de Port,62,3031,33,4
2026-01-01,3,Sants-Montjuïc,13,la Marina de Port,62,3031,83,5
2026-01-01,3,Sants-Montjuïc,13,la Marina de Port,62,3031,131,6
2026-01-01,3,Sants-Montjuïc,13,la Marina de Port,62,3031,66,7
2026-01-01,3,Sants-Montjuïc,13,la Marina de Port,62,3031,211,8
2026-01-01,3,Sants-Montjuïc,13,la Marina de Port,62,3031,17,9
2026-01-01,3,Sants-Montjuïc,13,la Marina de Port,62,3031,4,10
2026-01-01,3,Sants-Montjuïc,13,la Marina de Port,62,3031,104,11
2026-01-01,3,Sants-Montjuïc,13,la Marina de Port,62,3031,81,12
2026-01-01,3,Sants-Montjuïc,13,la Marina de Port,62,3032,67,1
2026-01-01,3,Sants-Montjuïc,13,la Marina de Port,62,3032,83,2
2026-01-01,3,Sants-Montjuïc,13,la Marina de Port,62,3032,69,3
2026-01-01,3,Sants-Montjuïc,13,la Marina de Port,62,3032,31,4
2026-01-01,3,Sants-Montjuïc,13,la Marina de Port,62,3032,83,5
2026-01-01,3,Sants-Montjuïc,13,la Marina de Port,62,3032,40,6
2026-01-01,3,Sants-Montjuïc,13,la Marina de Port,62,3032,37,7
2026-01-01,3,Sants-Montjuïc,13,la Marina de Port,62,3032,111,8
2026-01-01,3,Sants-Montjuïc,13,la Marina de Port,62,3032,22,9
2026-01-01,3,Sants-Montjuïc,13,la Marina de Port,62,3032,4,10
2026-01-01,3,Sants-Montjuïc,13,la Marina de Port,62,3032,105,11
2026-01-01,3,Sants-Montjuïc,13,la Marina de Port,62,3032,67,12
2026-01-01,3,Sants-Montjuïc,13,la Marina de Port,62,3033,45,1
2026-01-01,3,Sants-Montjuïc,13,la Marina de Port,62,3033,54,2
2026-01-01,3,Sants-Montjuïc,13,la Marina de Port,62,3033,49,3
2026-01-01,3,Sants-Montjuïc,13,la Marina de Port,62,3033,16,4
2026-01-01,3,Sants-Montjuïc,13,la Marina de Port,62,3033,71,5
2026-01-01,3,Sants-Montjuïc,13,la Marina de Port,62,3033,35,6
2026-01-01,3,Sants-Montjuïc,13,la Marina de Port,62,3033,31,7
2026-01-01,3,Sants-Montjuïc,13,la Marina de Port,62,3033,107,8
2026-01-01,3,Sants-Montjuïc,13,la Marina de Port,62,3033,15,9
2026-01-01,3,Sants-Montjuïc,13,la Marina de Port,62,3033,2,10
2026-01-01,3,Sants-Montjuïc,13,la Marina de Port,62,3033,59,11
2026-01-01,3,Sants-Montjuïc,13,la Marina de Port,62,3033,78,12
2026-01-01,3,Sants-Montjuïc,13,la Marina de Port,62,3034,44,1
2026-01-01,3,Sants-Montjuïc,13,la Marina de Port,62,3034,28,2
2026-01-01,3,Sants-Montjuïc,13,la Marina de Port,62,3034,50,3
2026-01-01,3,Sants-Montjuïc,13,la Marina de Port,62,3034,20,4
2026-01-01,3,Sants-Montjuïc,13,la Marina de Port,62,3034,68,5
2026-01-01,3,Sants-Montjuïc,13,la Marina de Port,62,3034,71,6
2026-01-01,3,Sants-Montjuïc,13,la Marina de Port,62,3034,43,7
2026-01-01,3,Sants-Montjuïc,13,la Marina de Port,62,3034,143,8
2026-01-01,3,Sants-Montjuïc,13,la Marina de Port,62,3034,11,9
2026-01-01,3,Sants-Montjuïc,13,la Marina de Port,62,3034,3,10
2026-01-01,3,Sants-Montjuïc,13,la Marina de Port,62,3034,60,11
2026-01-01,3,Sants-Montjuïc,13,la Marina de Port,62,3034,47,12
2026-01-01,3,Sants-Montjuïc,13,la Marina de Port,62,3211,26,1
2026-01-01,3,Sants-Montjuïc,13,la Marina de Port,62,3211,21,2
2026-01-01,3,Sants-Montjuïc,13,la Marina de Port,62,3211,35,3
2026-01-01,3,Sants-Montjuïc,13,la Marina de Port,62,3211,15,4
2026-01-01,3,Sants-Montjuïc,13,la Marina de Port,62,3211,68,5
2026-01-01,3,Sants-Montjuïc,13,la Marina de Port,62,3211,51,6
2026-01-01,3,Sants-Montjuïc,13,la Marina de Port,62,3211,25,7
2026-01-01,3,Sants-Montjuïc,13,la Marina de Port,62,3211,166,8
2026-01-01,3,Sants-Montjuïc,13,la Marina de Port,62,3211,6,9
2026-01-01,3,Sants-Montjuïc,13,la Marina de Port,62,3211,3,10
2026-01-01,3,Sants-Montjuïc,13,la Marina de Port,62,3211,55,11
2026-01-01,3,Sants-Montjuïc,13,la Marina de Port,62,3211,55,12
2026-01-01,3,Sants-Montjuïc,13,la Marina de Port,63,3035,28,1
2026-01-01,3,Sants-Montjuïc,13,la Marina de Port,63,3035,46,2
2026-01-01,3,Sants-Montjuïc,13,la Marina de Port,63,3035,101,3
2026-01-01,3,Sants-Montjuïc,13,la Marina de Port,63,3035,28,4
2026-01-01,3,Sants-Montjuïc,13,la Marina de Port,63,3035,84,5
2026-01-01,3,Sants-Montjuïc,13,la Marina de Port,63,3035,143,6
2026-01-01,3,Sants-Montjuïc,13,la Marina de Port,63,3035,63,7
2026-01-01,3,Sants-Montjuïc,13,la Marina de Port,63,3035,212,8
2026-01-01,3,Sants-Montjuïc,13,la Marina de Port,63,3035,11,9
2026-01-01,3,Sants-Montjuïc,13,la Marina de Port,63,3035,6,10
2026-01-01,3,Sants-Montjuïc,13,la Marina de Port,63,3035,82,11
2026-01-01,3,Sants-Montjuïc,13,la Marina de Port,63,3035,68,12
2026-01-01,3,Sants-Montjuïc,13,la Marina de Port,63,3036,97,1
2026-01-01,3,Sants-Montjuïc,13,la Marina de Port,63,3036,76,2
2026-01-01,3,Sants-Montjuïc,13,la Marina de Port,63,3036,89,3
2026-01-01,3,Sants-Montjuïc,13,la Marina de Port,63,3036,22,4
2026-01-01,3,Sants-Montjuïc,13,la Marina de Port,63,3036,121,5
2026-01-01,3,Sants-Montjuïc,13,la Marina de Port,63,3036,108,6
2026-01-01,3,Sants-Montjuïc,13,la Marina de Port,63,3036,51,7
2026-01-01,3,Sants-Montjuïc,13,la Marina de Port,63,3036,200,8
2026-01-01,3,Sants-Montjuïc,13,la Marina de Port,63,3036,19,9
2026-01-01,3,Sants-Montjuïc,13,la Marina de Port,63,3036,6,10
2026-01-01,3,Sants-Montjuïc,13,la Marina de Port,63,3036,105,11
2026-01-01,3,Sants-Montjuïc,13,la Marina de Port,63,3036,78,12
2026-01-01,3,Sants-Montjuïc,13,la Marina de Port,63,3037,19,1
2026-01-01,3,Sants-Montjuïc,13,la Marina de Port,63,3037,25,2
2026-01-01,3,Sants-Montjuïc,13,la Marina de Port,63,3037,33,3
2026-01-01,3,Sants-Montjuïc,13,la Marina de Port,63,3037,22,4
2026-01-01,3,Sants-Montjuïc,13,la Marina de Port,63,3037,54,5
2026-01-01,3,Sants-Montjuïc,13,la Marina de Port,63,3037,40,6
2026-01-01,3,Sants-Montjuïc,13,la Marina de Port,63,3037,25,7
2026-01-01,3,Sants-Montjuïc,13,la Marina de Port,63,3037,117,8
2026-01-01,3,Sants-Montjuïc,13,la Marina de Port,63,3037,6,9
2026-01-01,3,Sants-Montjuïc,13,la Marina de Port,63,3037,2,10
2026-01-01,3,Sants-Montjuïc,13,la Marina de Port,63,3037,27,11
2026-01-01,3,Sants-Montjuïc,13,la Marina de Port,63,3037,29,12
2026-01-01,3,Sants-Montjuïc,13,la Marina de Port,63,3212,51,1
2026-01-01,3,Sants-Montjuïc,13,la Marina de Port,63,3212,62,2
2026-01-01,3,Sants-Montjuïc,13,la Marina de Port,63,3212,125,3
2026-01-01,3,Sants-Montjuïc,13,la Marina de Port,63,3212,29,4
2026-01-01,3,Sants-Montjuïc,13,la Marina de Port,63,3212,106,5
2026-01-01,3,Sants-Montjuïc,13,la Marina de Port,63,3212,95,6
2026-01-01,3,Sants-Montjuïc,13,la Marina de Port,63,3212,70,7
2026-01-01,3,Sants-Montjuïc,13,la Marina de Port,63,3212,205,8
2026-01-01,3,Sants-Montjuïc,13,la Marina de Port,63,3212,8,9
2026-01-01,3,Sants-Montjuïc,13,la Marina de Port,63,3212,5,10
2026-01-01,3,Sants-Montjuïc,13,la Marina de Port,63,3212,87,11
2026-01-01,3,Sants-Montjuïc,13,la Marina de Port,63,3212,116,12
2026-01-01,3,Sants-Montjuïc,13,la Marina de Port,63,3213,55,1
2026-01-01,3,Sants-Montjuïc,13,la Marina de Port,63,3213,59,2
2026-01-01,3,Sants-Montjuïc,13,la Marina de Port,63,3213,61,3
2026-01-01,3,Sants-Montjuïc,13,la Marina de Port,63,3213,28,4
2026-01-01,3,Sants-Montjuïc,13,la Marina de Port,63,3213,115,5
2026-01-01,3,Sants-Montjuïc,13,la Marina de Port,63,3213,61,6
2026-01-01,3,Sants-Montjuïc,13,la Marina de Port,63,3213,57,7
2026-01-01,3,Sants-Montjuïc,13,la Marina de Port,63,3213,223,8
2026-01-01,3,Sants-Montjuïc,13,la Marina de Port,63,3213,16,9
2026-01-01,3,Sants-Montjuïc,13,la Marina de Port,63,3213,81,11
2026-01-01,3,Sants-Montjuïc,13,la Marina de Port,63,3213,107,12
2026-01-01,3,Sants-Montjuïc,13,la Marina de Port,64,3038,22,1
2026-01-01,3,Sants-Montjuïc,13,la Marina de Port,64,3038,32,2
2026-01-01,3,Sants-Montjuïc,13,la Marina de Port,64,3038,18,3
2026-01-01,3,Sants-Montjuïc,13,la Marina de Port,64,3038,17,4
2026-01-01,3,Sants-Montjuïc,13,la Marina de Port,64,3038,39,5
2026-01-01,3,Sants-Montjuïc,13,la Marina de Port,64,3038,32,6
2026-01-01,3,Sants-Montjuïc,13,la Marina de Port,64,3038,28,7
2026-01-01,3,Sants-Montjuïc,13,la Marina de Port,64,3038,74,8
2026-01-01,3,Sants-Montjuïc,13,la Marina de Port,64,3038,18,9
2026-01-01,3,Sants-Montjuïc,13,la Marina de Port,64,3038,1,10
2026-01-01,3,Sants-Montjuïc,13,la Marina de Port,64,3038,47,11
2026-01-01,3,Sants-Montjuïc,13,la Marina de Port,64,3038,38,12
2026-01-01,3,Sants-Montjuïc,13,la Marina de Port,64,3039,81,1
2026-01-01,3,Sants-Montjuïc,13,la Marina de Port,64,3039,79,2
2026-01-01,3,Sants-Montjuïc,13,la Marina de Port,64,3039,84,3
2026-01-01,3,Sants-Montjuïc,13,la Marina de Port,64,3039,28,4
2026-01-01,3,Sants-Montjuïc,13,la Marina de Port,64,3039,136,5
2026-01-01,3,Sants-Montjuïc,13,la Marina de Port,64,3039,51,6
2026-01-01,3,Sants-Montjuïc,13,la Marina de Port,64,3039,62,7
2026-01-01,3,Sants-Montjuïc,13,la Marina de Port,64,3039,169,8
2026-01-01,3,Sants-Montjuïc,13,la Marina de Port,64,3039,43,9
2026-01-01,3,Sants-Montjuïc,13,la Marina de Port,64,3039,8,10
2026-01-01,3,Sants-Montjuïc,13,la Marina de Port,64,3039,123,11
2026-01-01,3,Sants-Montjuïc,13,la Marina de Port,64,3039,131,12
2026-01-01,3,Sants-Montjuïc,14,la Font de la Guatlla,65,3040,46,1
2026-01-01,3,Sants-Montjuïc,14,la Font de la Guatlla,65,3040,60,2
2026-01-01,3,Sants-Montjuïc,14,la Font de la Guatlla,65,3040,84,3
2026-01-01,3,Sants-Montjuïc,14,la Font de la Guatlla,65,3040,29,4
2026-01-01,3,Sants-Montjuïc,14,la Font de la Guatlla,65,3040,99,5
2026-01-01,3,Sants-Montjuïc,14,la Font de la Guatlla,65,3040,85,6
2026-01-01,3,Sants-Montjuïc,14,la Font de la Guatlla,65,3040,35,7
2026-01-01,3,Sants-Montjuïc,14,la Font de la Guatlla,65,3040,119,8
2026-01-01,3,Sants-Montjuïc,14,la Font de la Guatlla,65,3040,11,9
2026-01-01,3,Sants-Montjuïc,14,la Font de la Guatlla,65,3040,61,11
2026-01-01,3,Sants-Montjuïc,14,la Font de la Guatlla,65,3040,29,12
2026-01-01,3,Sants-Montjuïc,14,la Font de la Guatlla,65,3041,28,1
2026-01-01,3,Sants-Montjuïc,14,la Font de la Guatlla,65,3041,54,2
2026-01-01,3,Sants-Montjuïc,14,la Font de la Guatlla,65,3041,73,3
2026-01-01,3,Sants-Montjuïc,14,la Font de la Guatlla,65,3041,27,4
2026-01-01,3,Sants-Montjuïc,14,la Font de la Guatlla,65,3041,80,5
2026-01-01,3,Sants-Montjuïc,14,la Font de la Guatlla,65,3041,45,6
2026-01-01,3,Sants-Montjuïc,14,la Font de la Guatlla,65,3041,29,7
2026-01-01,3,Sants-Montjuïc,14,la Font de la Guatlla,65,3041,124,8
2026-01-01,3,Sants-Montjuïc,14,la Font de la Guatlla,65,3041,12,9
2026-01-01,3,Sants-Montjuïc,14,la Font de la Guatlla,65,3041,1,10
2026-01-01,3,Sants-Montjuïc,14,la Font de la Guatlla,65,3041,46,11
2026-01-01,3,Sants-Montjuïc,14,la Font de la Guatlla,65,3041,45,12
2026-01-01,3,Sants-Montjuïc,14,la Font de la Guatlla,65,3042,59,1
2026-01-01,3,Sants-Montjuïc,14,la Font de la Guatlla,65,3042,61,2
2026-01-01,3,Sants-Montjuïc,14,la Font de la Guatlla,65,3042,55,3
2026-01-01,3,Sants-Montjuïc,14,la Font de la Guatlla,65,3042,13,4
2026-01-01,3,Sants-Montjuïc,14,la Font de la Guatlla,65,3042,101,5
2026-01-01,3,Sants-Montjuïc,14,la Font de la Guatlla,65,3042,47,6
2026-01-01,3,Sants-Montjuïc,14,la Font de la Guatlla,65,3042,31,7
2026-01-01,3,Sants-Montjuïc,14,la Font de la Guatlla,65,3042,123,8
2026-01-01,3,Sants-Montjuïc,14,la Font de la Guatlla,65,3042,12,9
2026-01-01,3,Sants-Montjuïc,14,la Font de la Guatlla,65,3042,4,10
2026-01-01,3,Sants-Montjuïc,14,la Font de la Guatlla,65,3042,47,11
2026-01-01,3,Sants-Montjuïc,14,la Font de la Guatlla,65,3042,37,12
2026-01-01,3,Sants-Montjuïc,14,la Font de la Guatlla,65,3043,54,1
2026-01-01,3,Sants-Montjuïc,14,la Font de la Guatlla,65,3043,79,2
2026-01-01,3,Sants-Montjuïc,14,la Font de la Guatlla,65,3043,67,3
2026-01-01,3,Sants-Montjuïc,14,la Font de la Guatlla,65,3043,21,4
2026-01-01,3,Sants-Montjuïc,14,la Font de la Guatlla,65,3043,88,5
2026-01-01,3,Sants-Montjuïc,14,la Font de la Guatlla,65,3043,63,6
2026-01-01,3,Sants-Montjuïc,14,la Font de la Guatlla,65,3043,41,7
2026-01-01,3,Sants-Montjuïc,14,la Font de la Guatlla,65,3043,120,8
2026-01-01,3,Sants-Montjuïc,14,la Font de la Guatlla,65,3043,10,9
2026-01-01,3,Sants-Montjuïc,14,la Font de la Guatlla,65,3043,2,10
2026-01-01,3,Sants-Montjuïc,14,la Font de la Guatlla,65,3043,50,11
2026-01-01,3,Sants-Montjuïc,14,la Font de la Guatlla,65,3043,45,12
2026-01-01,3,Sants-Montjuïc,14,la Font de la Guatlla,65,3044,83,1
2026-01-01,3,Sants-Montjuïc,14,la Font de la Guatlla,65,3044,72,2
2026-01-01,3,Sants-Montjuïc,14,la Font de la Guatlla,65,3044,77,3
2026-01-01,3,Sants-Montjuïc,14,la Font de la Guatlla,65,3044,29,4
2026-01-01,3,Sants-Montjuïc,14,la Font de la Guatlla,65,3044,126,5
2026-01-01,3,Sants-Montjuïc,14,la Font de la Guatlla,65,3044,45,6
2026-01-01,3,Sants-Montjuïc,14,la Font de la Guatlla,65,3044,37,7
2026-01-01,3,Sants-Montjuïc,14,la Font de la Guatlla,65,3044,154,8
2026-01-01,3,Sants-Montjuïc,14,la Font de la Guatlla,65,3044,21,9
2026-01-01,3,Sants-Montjuïc,14,la Font de la Guatlla,65,3044,2,10
2026-01-01,3,Sants-Montjuïc,14,la Font de la Guatlla,65,3044,61,11
2026-01-01,3,Sants-Montjuïc,14,la Font de la Guatlla,65,3044,54,12
2026-01-01,3,Sants-Montjuïc,14,la Font de la Guatlla,65,3045,53,1
2026-01-01,3,Sants-Montjuïc,14,la Font de la Guatlla,65,3045,84,2
2026-01-01,3,Sants-Montjuïc,14,la Font de la Guatlla,65,3045,45,3
2026-01-01,3,Sants-Montjuïc,14,la Font de la Guatlla,65,3045,18,4
2026-01-01,3,Sants-Montjuïc,14,la Font de la Guatlla,65,3045,63,5
2026-01-01,3,Sants-Montjuïc,14,la Font de la Guatlla,65,3045,29,6
2026-01-01,3,Sants-Montjuïc,14,la Font de la Guatlla,65,3045,25,7
2026-01-01,3,Sants-Montjuïc,14,la Font de la Guatlla,65,3045,88,8
2026-01-01,3,Sants-Montjuïc,14,la Font de la Guatlla,65,3045,11,9
2026-01-01,3,Sants-Montjuïc,14,la Font de la Guatlla,65,3045,5,10
2026-01-01,3,Sants-Montjuïc,14,la Font de la Guatlla,65,3045,60,11
2026-01-01,3,Sants-Montjuïc,14,la Font de la Guatlla,65,3045,24,12
2026-01-01,3,Sants-Montjuïc,14,la Font de la Guatlla,65,3046,40,1
2026-01-01,3,Sants-Montjuïc,14,la Font de la Guatlla,65,3046,30,2
2026-01-01,3,Sants-Montjuïc,14,la Font de la Guatlla,65,3046,76,3
2026-01-01,3,Sants-Montjuïc,14,la Font de la Guatlla,65,3046,19,4
2026-01-01,3,Sants-Montjuïc,14,la Font de la Guatlla,65,3046,79,5
2026-01-01,3,Sants-Montjuïc,14,la Font de la Guatlla,65,3046,85,6
2026-01-01,3,Sants-Montjuïc,14,la Font de la Guatlla,65,3046,39,7
2026-01-01,3,Sants-Montjuïc,14,la Font de la Guatlla,65,3046,137,8
2026-01-01,3,Sants-Montjuïc,14,la Font de la Guatlla,65,3046,9,9
2026-01-01,3,Sants-Montjuïc,14,la Font de la Guatlla,65,3046,63,11
2026-01-01,3,Sants-Montjuïc,14,la Font de la Guatlla,65,3046,37,12
2026-01-01,3,Sants-Montjuïc,15,Hostafrancs,66,3047,94,1
2026-01-01,3,Sants-Montjuïc,15,Hostafrancs,66,3047,99,2
2026-01-01,3,Sants-Montjuïc,15,Hostafrancs,66,3047,66,3
2026-01-01,3,Sants-Montjuïc,15,Hostafrancs,66,3047,24,4
2026-01-01,3,Sants-Montjuïc,15,Hostafrancs,66,3047,132,5
2026-01-01,3,Sants-Montjuïc,15,Hostafrancs,66,3047,51,6
2026-01-01,3,Sants-Montjuïc,15,Hostafrancs,66,3047,33,7
2026-01-01,3,Sants-Montjuïc,15,Hostafrancs,66,3047,140,8
2026-01-01,3,Sants-Montjuïc,15,Hostafrancs,66,3047,18,9
2026-01-01,3,Sants-Montjuïc,15,Hostafrancs,66,3047,2,10
2026-01-01,3,Sants-Montjuïc,15,Hostafrancs,66,3047,57,11
2026-01-01,3,Sants-Montjuïc,15,Hostafrancs,66,3047,57,12
2026-01-01,3,Sants-Montjuïc,15,Hostafrancs,66,3048,62,1
2026-01-01,3,Sants-Montjuïc,15,Hostafrancs,66,3048,55,2
2026-01-01,3,Sants-Montjuïc,15,Hostafrancs,66,3048,62,3
2026-01-01,3,Sants-Montjuïc,15,Hostafrancs,66,3048,22,4
2026-01-01,3,Sants-Montjuïc,15,Hostafrancs,66,3048,69,5
2026-01-01,3,Sants-Montjuïc,15,Hostafrancs,66,3048,66,6
2026-01-01,3,Sants-Montjuïc,15,Hostafrancs,66,3048,33,7
2026-01-01,3,Sants-Montjuïc,15,Hostafrancs,66,3048,118,8
2026-01-01,3,Sants-Montjuïc,15,Hostafrancs,66,3048,8,9
2026-01-01,3,Sants-Montjuïc,15,Hostafrancs,66,3048,5,10
2026-01-01,3,Sants-Montjuïc,15,Hostafrancs,66,3048,47,11
2026-01-01,3,Sants-Montjuïc,15,Hostafrancs,66,3048,41,12
2026-01-01,3,Sants-Montjuïc,15,Hostafrancs,66,3049,78,1
2026-01-01,3,Sants-Montjuïc,15,Hostafrancs,66,3049,64,2
2026-01-01,3,Sants-Montjuïc,15,Hostafrancs,66,3049,71,3
2026-01-01,3,Sants-Montjuïc,15,Hostafrancs,66,3049,20,4
2026-01-01,3,Sants-Montjuïc,15,Hostafrancs,66,3049,122,5
2026-01-01,3,Sants-Montjuïc,15,Hostafrancs,66,3049,76,6
2026-01-01,3,Sants-Montjuïc,15,Hostafrancs,66,3049,39,7
2026-01-01,3,Sants-Montjuïc,15,Hostafrancs,66,3049,108,8
2026-01-01,3,Sants-Montjuïc,15,Hostafrancs,66,3049,12,9
2026-01-01,3,Sants-Montjuïc,15,Hostafrancs,66,3049,3,10
2026-01-01,3,Sants-Montjuïc,15,Hostafrancs,66,3049,81,11
2026-01-01,3,Sants-Montjuïc,15,Hostafrancs,66,3049,52,12
2026-01-01,3,Sants-Montjuïc,15,Hostafrancs,66,3050,97,1
2026-01-01,3,Sants-Montjuïc,15,Hostafrancs,66,3050,96,2
2026-01-01,3,Sants-Montjuïc,15,Hostafrancs,66,3050,50,3
2026-01-01,3,Sants-Montjuïc,15,Hostafrancs,66,3050,18,4
2026-01-01,3,Sants-Montjuïc,15,Hostafrancs,66,3050,125,5
2026-01-01,3,Sants-Montjuïc,15,Hostafrancs,66,3050,55,6
2026-01-01,3,Sants-Montjuïc,15,Hostafrancs,66,3050,38,7
2026-01-01,3,Sants-Montjuïc,15,Hostafrancs,66,3050,128,8
2026-01-01,3,Sants-Montjuïc,15,Hostafrancs,66,3050,14,9
2026-01-01,3,Sants-Montjuïc,15,Hostafrancs,66,3050,1,10
2026-01-01,3,Sants-Montjuïc,15,Hostafrancs,66,3050,75,11
2026-01-01,3,Sants-Montjuïc,15,Hostafrancs,66,3050,38,12
2026-01-01,3,Sants-Montjuïc,15,Hostafrancs,67,3051,93,1
2026-01-01,3,Sants-Montjuïc,15,Hostafrancs,67,3051,97,2
2026-01-01,3,Sants-Montjuïc,15,Hostafrancs,67,3051,50,3
2026-01-01,3,Sants-Montjuïc,15,Hostafrancs,67,3051,11,4
2026-01-01,3,Sants-Montjuïc,15,Hostafrancs,67,3051,128,5
2026-01-01,3,Sants-Montjuïc,15,Hostafrancs,67,3051,39,6
2026-01-01,3,Sants-Montjuïc,15,Hostafrancs,67,3051,25,7
2026-01-01,3,Sants-Montjuïc,15,Hostafrancs,67,3051,149,8
2026-01-01,3,Sants-Montjuïc,15,Hostafrancs,67,3051,25,9
2026-01-01,3,Sants-Montjuïc,15,Hostafrancs,67,3051,4,10
2026-01-01,3,Sants-Montjuïc,15,Hostafrancs,67,3051,80,11
2026-01-01,3,Sants-Montjuïc,15,Hostafrancs,67,3051,60,12
2026-01-01,3,Sants-Montjuïc,15,Hostafrancs,67,3052,64,1
2026-01-01,3,Sants-Montjuïc,15,Hostafrancs,67,3052,64,2
2026-01-01,3,Sants-Montjuïc,15,Hostafrancs,67,3052,39,3
2026-01-01,3,Sants-Montjuïc,15,Hostafrancs,67,3052,12,4
2026-01-01,3,Sants-Montjuïc,15,Hostafrancs,67,3052,124,5
2026-01-01,3,Sants-Montjuïc,15,Hostafrancs,67,3052,30,6
2026-01-01,3,Sants-Montjuïc,15,Hostafrancs,67,3052,27,7
2026-01-01,3,Sants-Montjuïc,15,Hostafrancs,67,3052,94,8
2026-01-01,3,Sants-Montjuïc,15,Hostafrancs,67,3052,3,9
2026-01-01,3,Sants-Montjuïc,15,Hostafrancs,67,3052,4,10
2026-01-01,3,Sants-Montjuïc,15,Hostafrancs,67,3052,67,11
2026-01-01,3,Sants-Montjuïc,15,Hostafrancs,67,3052,49,12
2026-01-01,3,Sants-Montjuïc,15,Hostafrancs,67,3053,107,1
2026-01-01,3,Sants-Montjuïc,15,Hostafrancs,67,3053,118,2
2026-01-01,3,Sants-Montjuïc,15,Hostafrancs,67,3053,83,3
2026-01-01,3,Sants-Montjuïc,15,Hostafrancs,67,3053,28,4
2026-01-01,3,Sants-Montjuïc,15,Hostafrancs,67,3053,167,5
2026-01-01,3,Sants-Montjuïc,15,Hostafrancs,67,3053,44,6
2026-01-01,3,Sants-Montjuïc,15,Hostafrancs,67,3053,38,7
2026-01-01,3,Sants-Montjuïc,15,Hostafrancs,67,3053,148,8
2026-01-01,3,Sants-Montjuïc,15,Hostafrancs,67,3053,26,9
2026-01-01,3,Sants-Montjuïc,15,Hostafrancs,67,3053,3,10
2026-01-01,3,Sants-Montjuïc,15,Hostafrancs,67,3053,102,11
2026-01-01,3,Sants-Montjuïc,15,Hostafrancs,67,3053,75,12
2026-01-01,3,Sants-Montjuïc,15,Hostafrancs,67,3054,46,1
2026-01-01,3,Sants-Montjuïc,15,Hostafrancs,67,3054,60,2
2026-01-01,3,Sants-Montjuïc,15,Hostafrancs,67,3054,65,3
2026-01-01,3,Sants-Montjuïc,15,Hostafrancs,67,3054,29,4
2026-01-01,3,Sants-Montjuïc,15,Hostafrancs,67,3054,85,5
2026-01-01,3,Sants-Montjuïc,15,Hostafrancs,67,3054,81,6
2026-01-01,3,Sants-Montjuïc,15,Hostafrancs,67,3054,39,7
2026-01-01,3,Sants-Montjuïc,15,Hostafrancs,67,3054,158,8
2026-01-01,3,Sants-Montjuïc,15,Hostafrancs,67,3054,11,9
2026-01-01,3,Sants-Montjuïc,15,Hostafrancs,67,3054,1,10
2026-01-01,3,Sants-Montjuïc,15,Hostafrancs,67,3054,43,11
2026-01-01,3,Sants-Montjuïc,15,Hostafrancs,67,3054,62,12
2026-01-01,3,Sants-Montjuïc,15,Hostafrancs,67,3055,84,1
2026-01-01,3,Sants-Montjuïc,15,Hostafrancs,67,3055,65,2
2026-01-01,3,Sants-Montjuïc,15,Hostafrancs,67,3055,66,3
2026-01-01,3,Sants-Montjuïc,15,Hostafrancs,67,3055,29,4
2026-01-01,3,Sants-Montjuïc,15,Hostafrancs,67,3055,98,5
2026-01-01,3,Sants-Montjuïc,15,Hostafrancs,67,3055,71,6
2026-01-01,3,Sants-Montjuïc,15,Hostafrancs,67,3055,42,7
2026-01-01,3,Sants-Montjuïc,15,Hostafrancs,67,3055,114,8
2026-01-01,3,Sants-Montjuïc,15,Hostafrancs,67,3055,13,9
2026-01-01,3,Sants-Montjuïc,15,Hostafrancs,67,3055,3,10
2026-01-01,3,Sants-Montjuïc,15,Hostafrancs,67,3055,68,11
2026-01-01,3,Sants-Montjuïc,15,Hostafrancs,67,3055,42,12
2026-01-01,3,Sants-Montjuïc,15,Hostafrancs,67,3056,34,1
2026-01-01,3,Sants-Montjuïc,15,Hostafrancs,67,3056,25,2
2026-01-01,3,Sants-Montjuïc,15,Hostafrancs,67,3056,73,3
2026-01-01,3,Sants-Montjuïc,15,Hostafrancs,67,3056,12,4
2026-01-01,3,Sants-Montjuïc,15,Hostafrancs,67,3056,50,5
2026-01-01,3,Sants-Montjuïc,15,Hostafrancs,67,3056,39,6
2026-01-01,3,Sants-Montjuïc,15,Hostafrancs,67,3056,23,7
2026-01-01,3,Sants-Montjuïc,15,Hostafrancs,67,3056,78,8
2026-01-01,3,Sants-Montjuïc,15,Hostafrancs,67,3056,10,9
2026-01-01,3,Sants-Montjuïc,15,Hostafrancs,67,3056,1,10
2026-01-01,3,Sants-Montjuïc,15,Hostafrancs,67,3056,30,11
2026-01-01,3,Sants-Montjuïc,15,Hostafrancs,67,3056,27,12
2026-01-01,3,Sants-Montjuïc,16,la Bordeta,68,3057,49,1
2026-01-01,3,Sants-Montjuïc,16,la Bordeta,68,3057,55,2
2026-01-01,3,Sants-Montjuïc,16,la Bordeta,68,3057,84,3
2026-01-01,3,Sants-Montjuïc,16,la Bordeta,68,3057,19,4
2026-01-01,3,Sants-Montjuïc,16,la Bordeta,68,3057,78,5
2026-01-01,3,Sants-Montjuïc,16,la Bordeta,68,3057,76,6
2026-01-01,3,Sants-Montjuïc,16,la Bordeta,68,3057,43,7
2026-01-01,3,Sants-Montjuïc,16,la Bordeta,68,3057,119,8
2026-01-01,3,Sants-Montjuïc,16,la Bordeta,68,3057,12,9
2026-01-01,3,Sants-Montjuïc,16,la Bordeta,68,3057,3,10
2026-01-01,3,Sants-Montjuïc,16,la Bordeta,68,3057,73,11
2026-01-01,3,Sants-Montjuïc,16,la Bordeta,68,3057,36,12
2026-01-01,3,Sants-Montjuïc,16,la Bordeta,68,3058,53,1
2026-01-01,3,Sants-Montjuïc,16,la Bordeta,68,3058,79,2
2026-01-01,3,Sants-Montjuïc,16,la Bordeta,68,3058,60,3
2026-01-01,3,Sants-Montjuïc,16,la Bordeta,68,3058,19,4
2026-01-01,3,Sants-Montjuïc,16,la Bordeta,68,3058,127,5
2026-01-01,3,Sants-Montjuïc,16,la Bordeta,68,3058,54,6
2026-01-01,3,Sants-Montjuïc,16,la Bordeta,68,3058,34,7
2026-01-01,3,Sants-Montjuïc,16,la Bordeta,68,3058,136,8
2026-01-01,3,Sants-Montjuïc,16,la Bordeta,68,3058,18,9
2026-01-01,3,Sants-Montjuïc,16,la Bordeta,68,3058,4,10
2026-01-01,3,Sants-Montjuïc,16,la Bordeta,68,3058,103,11
2026-01-01,3,Sants-Montjuïc,16,la Bordeta,68,3058,59,12
2026-01-01,3,Sants-Montjuïc,16,la Bordeta,68,3059,56,1
2026-01-01,3,Sants-Montjuïc,16,la Bordeta,68,3059,49,2
2026-01-01,3,Sants-Montjuïc,16,la Bordeta,68,3059,47,3
2026-01-01,3,Sants-Montjuïc,16,la Bordeta,68,3059,24,4
2026-01-01,3,Sants-Montjuïc,16,la Bordeta,68,3059,82,5
2026-01-01,3,Sants-Montjuïc,16,la Bordeta,68,3059,58,6
2026-01-01,3,Sants-Montjuïc,16,la Bordeta,68,3059,38,7
2026-01-01,3,Sants-Montjuïc,16,la Bordeta,68,3059,94,8
2026-01-01,3,Sants-Montjuïc,16,la Bordeta,68,3059,13,9
2026-01-01,3,Sants-Montjuïc,16,la Bordeta,68,3059,6,10
2026-01-01,3,Sants-Montjuïc,16,la Bordeta,68,3059,63,11
2026-01-01,3,Sants-Montjuïc,16,la Bordeta,68,3059,34,12
2026-01-01,3,Sants-Montjuïc,16,la Bordeta,68,3060,40,1
2026-01-01,3,Sants-Montjuïc,16,la Bordeta,68,3060,37,2
2026-01-01,3,Sants-Montjuïc,16,la Bordeta,68,3060,72,3
2026-01-01,3,Sants-Montjuïc,16,la Bordeta,68,3060,38,4
2026-01-01,3,Sants-Montjuïc,16,la Bordeta,68,3060,62,5
2026-01-01,3,Sants-Montjuïc,16,la Bordeta,68,3060,65,6
2026-01-01,3,Sants-Montjuïc,16,la Bordeta,68,3060,26,7
2026-01-01,3,Sants-Montjuïc,16,la Bordeta,68,3060,112,8
2026-01-01,3,Sants-Montjuïc,16,la Bordeta,68,3060,10,9
2026-01-01,3,Sants-Montjuïc,16,la Bordeta,68,3060,2,10
2026-01-01,3,Sants-Montjuïc,16,la Bordeta,68,3060,69,11
2026-01-01,3,Sants-Montjuïc,16,la Bordeta,68,3060,38,12
2026-01-01,3,Sants-Montjuïc,16,la Bordeta,68,3061,46,1
2026-01-01,3,Sants-Montjuïc,16,la Bordeta,68,3061,55,2
2026-01-01,3,Sants-Montjuïc,16,la Bordeta,68,3061,69,3
2026-01-01,3,Sants-Montjuïc,16,la Bordeta,68,3061,18,4
2026-01-01,3,Sants-Montjuïc,16,la Bordeta,68,3061,91,5
2026-01-01,3,Sants-Montjuïc,16,la Bordeta,68,3061,44,6
2026-01-01,3,Sants-Montjuïc,16,la Bordeta,68,3061,18,7
2026-01-01,3,Sants-Montjuïc,16,la Bordeta,68,3061,75,8
2026-01-01,3,Sants-Montjuïc,16,la Bordeta,68,3061,12,9
2026-01-01,3,Sants-Montjuïc,16,la Bordeta,68,3061,2,10
2026-01-01,3,Sants-Montjuïc,16,la Bordeta,68,3061,58,11
2026-01-01,3,Sants-Montjuïc,16,la Bordeta,68,3061,33,12
2026-01-01,3,Sants-Montjuïc,16,la Bordeta,69,3062,74,1
2026-01-01,3,Sants-Montjuïc,16,la Bordeta,69,3062,70,2
2026-01-01,3,Sants-Montjuïc,16,la Bordeta,69,3062,76,3
2026-01-01,3,Sants-Montjuïc,16,la Bordeta,69,3062,21,4
2026-01-01,3,Sants-Montjuïc,16,la Bordeta,69,3062,114,5
2026-01-01,3,Sants-Montjuïc,16,la Bordeta,69,3062,55,6
2026-01-01,3,Sants-Montjuïc,16,la Bordeta,69,3062,43,7
2026-01-01,3,Sants-Montjuïc,16,la Bordeta,69,3062,134,8
2026-01-01,3,Sants-Montjuïc,16,la Bordeta,69,3062,15,9
2026-01-01,3,Sants-Montjuïc,16,la Bordeta,69,3062,3,10
2026-01-01,3,Sants-Montjuïc,16,la Bordeta,69,3062,82,11
2026-01-01,3,Sants-Montjuïc,16,la Bordeta,69,3062,43,12
2026-01-01,3,Sants-Montjuïc,16,la Bordeta,69,3063,74,1
2026-01-01,3,Sants-Montjuïc,16,la Bordeta,69,3063,81,2
2026-01-01,3,Sants-Montjuïc,16,la Bordeta,69,3063,58,3
2026-01-01,3,Sants-Montjuïc,16,la Bordeta,69,3063,22,4
2026-01-01,3,Sants-Montjuïc,16,la Bordeta,69,3063,101,5
2026-01-01,3,Sants-Montjuïc,16,la Bordeta,69,3063,30,6
2026-01-01,3,Sants-Montjuïc,16,la Bordeta,69,3063,26,7
2026-01-01,3,Sants-Montjuïc,16,la Bordeta,69,3063,123,8
2026-01-01,3,Sants-Montjuïc,16,la Bordeta,69,3063,30,9
2026-01-01,3,Sants-Montjuïc,16,la Bordeta,69,3063,4,10
2026-01-01,3,Sants-Montjuïc,16,la Bordeta,69,3063,157,11
2026-01-01,3,Sants-Montjuïc,16,la Bordeta,69,3063,74,12
2026-01-01,3,Sants-Montjuïc,16,la Bordeta,69,3064,70,1
2026-01-01,3,Sants-Montjuïc,16,la Bordeta,69,3064,82,2
2026-01-01,3,Sants-Montjuïc,16,la Bordeta,69,3064,50,3
2026-01-01,3,Sants-Montjuïc,16,la Bordeta,69,3064,15,4
2026-01-01,3,Sants-Montjuïc,16,la Bordeta,69,3064,153,5
2026-01-01,3,Sants-Montjuïc,16,la Bordeta,69,3064,62,6
2026-01-01,3,Sants-Montjuïc,16,la Bordeta,69,3064,25,7
2026-01-01,3,Sants-Montjuïc,16,la Bordeta,69,3064,175,8
2026-01-01,3,Sants-Montjuïc,16,la Bordeta,69,3064,14,9
2026-01-01,3,Sants-Montjuïc,16,la Bordeta,69,3064,2,10
2026-01-01,3,Sants-Montjuïc,16,la Bordeta,69,3064,104,11
2026-01-01,3,Sants-Montjuïc,16,la Bordeta,69,3064,59,12
2026-01-01,3,Sants-Montjuïc,16,la Bordeta,69,3065,26,1
2026-01-01,3,Sants-Montjuïc,16,la Bordeta,69,3065,21,2
2026-01-01,3,Sants-Montjuïc,16,la Bordeta,69,3065,47,3
2026-01-01,3,Sants-Montjuïc,16,la Bordeta,69,3065,18,4
2026-01-01,3,Sants-Montjuïc,16,la Bordeta,69,3065,51,5
2026-01-01,3,Sants-Montjuïc,16,la Bordeta,69,3065,81,6
2026-01-01,3,Sants-Montjuïc,16,la Bordeta,69,3065,56,7
2026-01-01,3,Sants-Montjuïc,16,la Bordeta,69,3065,132,8
2026-01-01,3,Sants-Montjuïc,16,la Bordeta,69,3065,7,9
2026-01-01,3,Sants-Montjuïc,16,la Bordeta,69,3065,1,10
2026-01-01,3,Sants-Montjuïc,16,la Bordeta,69,3065,48,11
2026-01-01,3,Sants-Montjuïc,16,la Bordeta,69,3065,42,12
2026-01-01,3,Sants-Montjuïc,16,la Bordeta,69,3066,54,1
2026-01-01,3,Sants-Montjuïc,16,la Bordeta,69,3066,68,2
2026-01-01,3,Sants-Montjuïc,16,la Bordeta,69,3066,82,3
2026-01-01,3,Sants-Montjuïc,16,la Bordeta,69,3066,22,4
2026-01-01,3,Sants-Montjuïc,16,la Bordeta,69,3066,107,5
2026-01-01,3,Sants-Montjuïc,16,la Bordeta,69,3066,110,6
2026-01-01,3,Sants-Montjuïc,16,la Bordeta,69,3066,50,7
2026-01-01,3,Sants-Montjuïc,16,la Bordeta,69,3066,227,8
2026-01-01,3,Sants-Montjuïc,16,la Bordeta,69,3066,15,9
2026-01-01,3,Sants-Montjuïc,16,la Bordeta,69,3066,2,10
2026-01-01,3,Sants-Montjuïc,16,la Bordeta,69,3066,104,11
2026-01-01,3,Sants-Montjuïc,16,la Bordeta,69,3066,74,12
2026-01-01,3,Sants-Montjuïc,16,la Bordeta,69,3067,40,1
2026-01-01,3,Sants-Montjuïc,16,la Bordeta,69,3067,40,2
2026-01-01,3,Sants-Montjuïc,16,la Bordeta,69,3067,78,3
2026-01-01,3,Sants-Montjuïc,16,la Bordeta,69,3067,25,4
2026-01-01,3,Sants-Montjuïc,16,la Bordeta,69,3067,75,5
2026-01-01,3,Sants-Montjuïc,16,la Bordeta,69,3067,93,6
2026-01-01,3,Sants-Montjuïc,16,la Bordeta,69,3067,43,7
2026-01-01,3,Sants-Montjuïc,16,la Bordeta,69,3067,144,8
2026-01-01,3,Sants-Montjuïc,16,la Bordeta,69,3067,17,9
2026-01-01,3,Sants-Montjuïc,16,la Bordeta,69,3067,2,10
2026-01-01,3,Sants-Montjuïc,16,la Bordeta,69,3067,78,11
2026-01-01,3,Sants-Montjuïc,16,la Bordeta,69,3067,52,12
2026-01-01,3,Sants-Montjuïc,16,la Bordeta,69,3068,51,1
2026-01-01,3,Sants-Montjuïc,16,la Bordeta,69,3068,45,2
2026-01-01,3,Sants-Montjuïc,16,la Bordeta,69,3068,75,3
2026-01-01,3,Sants-Montjuïc,16,la Bordeta,69,3068,20,4
2026-01-01,3,Sants-Montjuïc,16,la Bordeta,69,3068,68,5
2026-01-01,3,Sants-Montjuïc,16,la Bordeta,69,3068,54,6
2026-01-01,3,Sants-Montjuïc,16,la Bordeta,69,3068,31,7
2026-01-01,3,Sants-Montjuïc,16,la Bordeta,69,3068,86,8
2026-01-01,3,Sants-Montjuïc,16,la Bordeta,69,3068,10,9
2026-01-01,3,Sants-Montjuïc,16,la Bordeta,69,3068,4,10
2026-01-01,3,Sants-Montjuïc,16,la Bordeta,69,3068,39,11
2026-01-01,3,Sants-Montjuïc,16,la Bordeta,69,3068,35,12
2026-01-01,3,Sants-Montjuïc,16,la Bordeta,69,3069,15,1
2026-01-01,3,Sants-Montjuïc,16,la Bordeta,69,3069,47,2
2026-01-01,3,Sants-Montjuïc,16,la Bordeta,69,3069,50,3
2026-01-01,3,Sants-Montjuïc,16,la Bordeta,69,3069,16,4
2026-01-01,3,Sants-Montjuïc,16,la Bordeta,69,3069,53,5
2026-01-01,3,Sants-Montjuïc,16,la Bordeta,69,3069,73,6
2026-01-01,3,Sants-Montjuïc,16,la Bordeta,69,3069,33,7
2026-01-01,3,Sants-Montjuïc,16,la Bordeta,69,3069,93,8
2026-01-01,3,Sants-Montjuïc,16,la Bordeta,69,3069,8,9
2026-01-01,3,Sants-Montjuïc,16,la Bordeta,69,3069,2,10
2026-01-01,3,Sants-Montjuïc,16,la Bordeta,69,3069,51,11
2026-01-01,3,Sants-Montjuïc,16,la Bordeta,69,3069,40,12
2026-01-01,3,Sants-Montjuïc,17,Sants - Badal,70,3070,38,1
2026-01-01,3,Sants-Montjuïc,17,Sants - Badal,70,3070,40,2
2026-01-01,3,Sants-Montjuïc,17,Sants - Badal,70,3070,64,3
2026-01-01,3,Sants-Montjuïc,17,Sants - Badal,70,3070,17,4
2026-01-01,3,Sants-Montjuïc,17,Sants - Badal,70,3070,69,5
2026-01-01,3,Sants-Montjuïc,17,Sants - Badal,70,3070,55,6
2026-01-01,3,Sants-Montjuïc,17,Sants - Badal,70,3070,35,7
2026-01-01,3,Sants-Montjuïc,17,Sants - Badal,70,3070,114,8
2026-01-01,3,Sants-Montjuïc,17,Sants - Badal,70,3070,7,9
2026-01-01,3,Sants-Montjuïc,17,Sants - Badal,70,3070,2,10
2026-01-01,3,Sants-Montjuïc,17,Sants - Badal,70,3070,40,11
2026-01-01,3,Sants-Montjuïc,17,Sants - Badal,70,3070,50,12
2026-01-01,3,Sants-Montjuïc,17,Sants - Badal,70,3071,80,1
2026-01-01,3,Sants-Montjuïc,17,Sants - Badal,70,3071,65,2
2026-01-01,3,Sants-Montjuïc,17,Sants - Badal,70,3071,61,3
2026-01-01,3,Sants-Montjuïc,17,Sants - Badal,70,3071,24,4
2026-01-01,3,Sants-Montjuïc,17,Sants - Badal,70,3071,88,5
2026-01-01,3,Sants-Montjuïc,17,Sants - Badal,70,3071,40,6
2026-01-01,3,Sants-Montjuïc,17,Sants - Badal,70,3071,31,7
2026-01-01,3,Sants-Montjuïc,17,Sants - Badal,70,3071,96,8
2026-01-01,3,Sants-Montjuïc,17,Sants - Badal,70,3071,16,9
2026-01-01,3,Sants-Montjuïc,17,Sants - Badal,70,3071,4,10
2026-01-01,3,Sants-Montjuïc,17,Sants - Badal,70,3071,59,11
2026-01-01,3,Sants-Montjuïc,17,Sants - Badal,70,3071,44,12
2026-01-01,3,Sants-Montjuïc,17,Sants - Badal,70,3072,73,1
2026-01-01,3,Sants-Montjuïc,17,Sants - Badal,70,3072,64,2
2026-01-01,3,Sants-Montjuïc,17,Sants - Badal,70,3072,54,3
2026-01-01,3,Sants-Montjuïc,17,Sants - Badal,70,3072,27,4
2026-01-01,3,Sants-Montjuïc,17,Sants - Badal,70,3072,90,5
2026-01-01,3,Sants-Montjuïc,17,Sants - Badal,70,3072,50,6
2026-01-01,3,Sants-Montjuïc,17,Sants - Badal,70,3072,36,7
2026-01-01,3,Sants-Montjuïc,17,Sants - Badal,70,3072,90,8
2026-01-01,3,Sants-Montjuïc,17,Sants - Badal,70,3072,12,9
2026-01-01,3,Sants-Montjuïc,17,Sants - Badal,70,3072,2,10
2026-01-01,3,Sants-Montjuïc,17,Sants - Badal,70,3072,50,11
2026-01-01,3,Sants-Montjuïc,17,Sants - Badal,70,3072,46,12
2026-01-01,3,Sants-Montjuïc,17,Sants - Badal,70,3073,56,1
2026-01-01,3,Sants-Montjuïc,17,Sants - Badal,70,3073,42,2
2026-01-01,3,Sants-Montjuïc,17,Sants - Badal,70,3073,79,3
2026-01-01,3,Sants-Montjuïc,17,Sants - Badal,70,3073,29,4
2026-01-01,3,Sants-Montjuïc,17,Sants - Badal,70,3073,113,5
2026-01-01,3,Sants-Montjuïc,17,Sants - Badal,70,3073,87,6
2026-01-01,3,Sants-Montjuïc,17,Sants - Badal,70,3073,37,7
2026-01-01,3,Sants-Montjuïc,17,Sants - Badal,70,3073,120,8
2026-01-01,3,Sants-Montjuïc,17,Sants - Badal,70,3073,12,9
2026-01-01,3,Sants-Montjuïc,17,Sants - Badal,70,3073,4,10
2026-01-01,3,Sants-Montjuïc,17,Sants - Badal,70,3073,62,11
2026-01-01,3,Sants-Montjuïc,17,Sants - Badal,70,3073,48,12
2026-01-01,3,Sants-Montjuïc,17,Sants - Badal,70,3074,76,1
2026-01-01,3,Sants-Montjuïc,17,Sants - Badal,70,3074,66,2
2026-01-01,3,Sants-Montjuïc,17,Sants - Badal,70,3074,70,3
2026-01-01,3,Sants-Montjuïc,17,Sants - Badal,70,3074,32,4
2026-01-01,3,Sants-Montjuïc,17,Sants - Badal,70,3074,116,5
2026-01-01,3,Sants-Montjuïc,17,Sants - Badal,70,3074,72,6
2026-01-01,3,Sants-Montjuïc,17,Sants - Badal,70,3074,49,7
2026-01-01,3,Sants-Montjuïc,17,Sants - Badal,70,3074,117,8
2026-01-01,3,Sants-Montjuïc,17,Sants - Badal,70,3074,21,9
2026-01-01,3,Sants-Montjuïc,17,Sants - Badal,70,3074,3,10
2026-01-01,3,Sants-Montjuïc,17,Sants - Badal,70,3074,69,11
2026-01-01,3,Sants-Montjuïc,17,Sants - Badal,70,3074,60,12
2026-01-01,3,Sants-Montjuïc,17,Sants - Badal,70,3075,58,1
2026-01-01,3,Sants-Montjuïc,17,Sants - Badal,70,3075,59,2
2026-01-01,3,Sants-Montjuïc,17,Sants - Badal,70,3075,71,3
2026-01-01,3,Sants-Montjuïc,17,Sants - Badal,70,3075,26,4
2026-01-01,3,Sants-Montjuïc,17,Sants - Badal,70,3075,89,5
2026-01-01,3,Sants-Montjuïc,17,Sants - Badal,70,3075,61,6
2026-01-01,3,Sants-Montjuïc,17,Sants - Badal,70,3075,46,7
2026-01-01,3,Sants-Montjuïc,17,Sants - Badal,70,3075,138,8
2026-01-01,3,Sants-Montjuïc,17,Sants - Badal,70,3075,14,9
2026-01-01,3,Sants-Montjuïc,17,Sants - Badal,70,3075,2,10
2026-01-01,3,Sants-Montjuïc,17,Sants - Badal,70,3075,66,11
2026-01-01,3,Sants-Montjuïc,17,Sants - Badal,70,3075,71,12
2026-01-01,3,Sants-Montjuïc,17,Sants - Badal,70,3076,41,1
2026-01-01,3,Sants-Montjuïc,17,Sants - Badal,70,3076,45,2
2026-01-01,3,Sants-Montjuïc,17,Sants - Badal,70,3076,50,3
2026-01-01,3,Sants-Montjuïc,17,Sants - Badal,70,3076,18,4
2026-01-01,3,Sants-Montjuïc,17,Sants - Badal,70,3076,54,5
2026-01-01,3,Sants-Montjuïc,17,Sants - Badal,70,3076,52,6
2026-01-01,3,Sants-Montjuïc,17,Sants - Badal,70,3076,37,7
2026-01-01,3,Sants-Montjuïc,17,Sants - Badal,70,3076,79,8
2026-01-01,3,Sants-Montjuïc,17,Sants - Badal,70,3076,8,9
2026-01-01,3,Sants-Montjuïc,17,Sants - Badal,70,3076,2,10
2026-01-01,3,Sants-Montjuïc,17,Sants - Badal,70,3076,47,11
2026-01-01,3,Sants-Montjuïc,17,Sants - Badal,70,3076,30,12
2026-01-01,3,Sants-Montjuïc,17,Sants - Badal,70,3077,54,1
2026-01-01,3,Sants-Montjuïc,17,Sants - Badal,70,3077,35,2
2026-01-01,3,Sants-Montjuïc,17,Sants - Badal,70,3077,55,3
2026-01-01,3,Sants-Montjuïc,17,Sants - Badal,70,3077,22,4
2026-01-01,3,Sants-Montjuïc,17,Sants - Badal,70,3077,88,5
2026-01-01,3,Sants-Montjuïc,17,Sants - Badal,70,3077,64,6
2026-01-01,3,Sants-Montjuïc,17,Sants - Badal,70,3077,22,7
2026-01-01,3,Sants-Montjuïc,17,Sants - Badal,70,3077,114,8
2026-01-01,3,Sants-Montjuïc,17,Sants - Badal,70,3077,15,9
2026-01-01,3,Sants-Montjuïc,17,Sants - Badal,70,3077,3,10
2026-01-01,3,Sants-Montjuïc,17,Sants - Badal,70,3077,55,11
2026-01-01,3,Sants-Montjuïc,17,Sants - Badal,70,3077,53,12
2026-01-01,3,Sants-Montjuïc,17,Sants - Badal,70,3078,84,1
2026-01-01,3,Sants-Montjuïc,17,Sants - Badal,70,3078,61,2
2026-01-01,3,Sants-Montjuïc,17,Sants - Badal,70,3078,63,3
2026-01-01,3,Sants-Montjuïc,17,Sants - Badal,70,3078,22,4
2026-01-01,3,Sants-Montjuïc,17,Sants - Badal,70,3078,95,5
2026-01-01,3,Sants-Montjuïc,17,Sants - Badal,70,3078,60,6
2026-01-01,3,Sants-Montjuïc,17,Sants - Badal,70,3078,30,7
2026-01-01,3,Sants-Montjuïc,17,Sants - Badal,70,3078,145,8
2026-01-01,3,Sants-Montjuïc,17,Sants - Badal,70,3078,10,9
2026-01-01,3,Sants-Montjuïc,17,Sants - Badal,70,3078,3,10
2026-01-01,3,Sants-Montjuïc,17,Sants - Badal,70,3078,59,11
2026-01-01,3,Sants-Montjuïc,17,Sants - Badal,70,3078,71,12
2026-01-01,3,Sants-Montjuïc,17,Sants - Badal,70,3079,75,1
2026-01-01,3,Sants-Montjuïc,17,Sants - Badal,70,3079,76,2
2026-01-01,3,Sants-Montjuïc,17,Sants - Badal,70,3079,63,3
2026-01-01,3,Sants-Montjuïc,17,Sants - Badal,70,3079,21,4
2026-01-01,3,Sants-Montjuïc,17,Sants - Badal,70,3079,115,5
2026-01-01,3,Sants-Montjuïc,17,Sants - Badal,70,3079,42,6
2026-01-01,3,Sants-Montjuïc,17,Sants - Badal,70,3079,41,7
2026-01-01,3,Sants-Montjuïc,17,Sants - Badal,70,3079,154,8
2026-01-01,3,Sants-Montjuïc,17,Sants - Badal,70,3079,17,9
2026-01-01,3,Sants-Montjuïc,17,Sants - Badal,70,3079,3,10
2026-01-01,3,Sants-Montjuïc,17,Sants - Badal,70,3079,62,11
2026-01-01,3,Sants-Montjuïc,17,Sants - Badal,70,3079,65,12
2026-01-01,3,Sants-Montjuïc,17,Sants - Badal,70,3080,42,1
2026-01-01,3,Sants-Montjuïc,17,Sants - Badal,70,3080,56,2
2026-01-01,3,Sants-Montjuïc,17,Sants - Badal,70,3080,82,3
2026-01-01,3,Sants-Montjuïc,17,Sants - Badal,70,3080,29,4
2026-01-01,3,Sants-Montjuïc,17,Sants - Badal,70,3080,86,5
2026-01-01,3,Sants-Montjuïc,17,Sants - Badal,70,3080,62,6
2026-01-01,3,Sants-Montjuïc,17,Sants - Badal,70,3080,43,7
2026-01-01,3,Sants-Montjuïc,17,Sants - Badal,70,3080,130,8
2026-01-01,3,Sants-Montjuïc,17,Sants - Badal,70,3080,11,9
2026-01-01,3,Sants-Montjuïc,17,Sants - Badal,70,3080,5,10
2026-01-01,3,Sants-Montjuïc,17,Sants - Badal,70,3080,54,11
2026-01-01,3,Sants-Montjuïc,17,Sants - Badal,70,3080,42,12
2026-01-01,3,Sants-Montjuïc,17,Sants - Badal,71,3081,65,1
2026-01-01,3,Sants-Montjuïc,17,Sants - Badal,71,3081,47,2
2026-01-01,3,Sants-Montjuïc,17,Sants - Badal,71,3081,98,3
2026-01-01,3,Sants-Montjuïc,17,Sants - Badal,71,3081,19,4
2026-01-01,3,Sants-Montjuïc,17,Sants - Badal,71,3081,87,5
2026-01-01,3,Sants-Montjuïc,17,Sants - Badal,71,3081,95,6
2026-01-01,3,Sants-Montjuïc,17,Sants - Badal,71,3081,42,7
2026-01-01,3,Sants-Montjuïc,17,Sants - Badal,71,3081,193,8
2026-01-01,3,Sants-Montjuïc,17,Sants - Badal,71,3081,20,9
2026-01-01,3,Sants-Montjuïc,17,Sants - Badal,71,3081,2,10
2026-01-01,3,Sants-Montjuïc,17,Sants - Badal,71,3081,71,11
2026-01-01,3,Sants-Montjuïc,17,Sants - Badal,71,3081,55,12
2026-01-01,3,Sants-Montjuïc,17,Sants - Badal,71,3082,76,1
2026-01-01,3,Sants-Montjuïc,17,Sants - Badal,71,3082,86,2
2026-01-01,3,Sants-Montjuïc,17,Sants - Badal,71,3082,83,3
2026-01-01,3,Sants-Montjuïc,17,Sants - Badal,71,3082,15,4
2026-01-01,3,Sants-Montjuïc,17,Sants - Badal,71,3082,98,5
2026-01-01,3,Sants-Montjuïc,17,Sants - Badal,71,3082,78,6
2026-01-01,3,Sants-Montjuïc,17,Sants - Badal,71,3082,49,7
2026-01-01,3,Sants-Montjuïc,17,Sants - Badal,71,3082,143,8
2026-01-01,3,Sants-Montjuïc,17,Sants - Badal,71,3082,16,9
2026-01-01,3,Sants-Montjuïc,17,Sants - Badal,71,3082,2,10
2026-01-01,3,Sants-Montjuïc,17,Sants - Badal,71,3082,94,11
2026-01-01,3,Sants-Montjuïc,17,Sants - Badal,71,3082,53,12
2026-01-01,3,Sants-Montjuïc,17,Sants - Badal,71,3083,52,1
2026-01-01,3,Sants-Montjuïc,17,Sants - Badal,71,3083,52,2
2026-01-01,3,Sants-Montjuïc,17,Sants - Badal,71,3083,70,3
2026-01-01,3,Sants-Montjuïc,17,Sants - Badal,71,3083,13,4
2026-01-01,3,Sants-Montjuïc,17,Sants - Badal,71,3083,81,5
2026-01-01,3,Sants-Montjuïc,17,Sants - Badal,71,3083,76,6
2026-01-01,3,Sants-Montjuïc,17,Sants - Badal,71,3083,38,7
2026-01-01,3,Sants-Montjuïc,17,Sants - Badal,71,3083,105,8
2026-01-01,3,Sants-Montjuïc,17,Sants - Badal,71,3083,7,9
2026-01-01,3,Sants-Montjuïc,17,Sants - Badal,71,3083,3,10
2026-01-01,3,Sants-Montjuïc,17,Sants - Badal,71,3083,51,11
2026-01-01,3,Sants-Montjuïc,17,Sants - Badal,71,3083,37,12
2026-01-01,3,Sants-Montjuïc,17,Sants - Badal,71,3084,38,1
2026-01-01,3,Sants-Montjuïc,17,Sants - Badal,71,3084,37,2
2026-01-01,3,Sants-Montjuïc,17,Sants - Badal,71,3084,73,3
2026-01-01,3,Sants-Montjuïc,17,Sants - Badal,71,3084,20,4
2026-01-01,3,Sants-Montjuïc,17,Sants - Badal,71,3084,66,5
2026-01-01,3,Sants-Montjuïc,17,Sants - Badal,71,3084,92,6
2026-01-01,3,Sants-Montjuïc,17,Sants - Badal,71,3084,35,7
2026-01-01,3,Sants-Montjuïc,17,Sants - Badal,71,3084,118,8
2026-01-01,3,Sants-Montjuïc,17,Sants - Badal,71,3084,6,9
2026-01-01,3,Sants-Montjuïc,17,Sants - Badal,71,3084,3,10
2026-01-01,3,Sants-Montjuïc,17,Sants - Badal,71,3084,58,11
2026-01-01,3,Sants-Montjuïc,17,Sants - Badal,71,3084,47,12
2026-01-01,3,Sants-Montjuïc,17,Sants - Badal,71,3085,69,1
2026-01-01,3,Sants-Montjuïc,17,Sants - Badal,71,3085,53,2
2026-01-01,3,Sants-Montjuïc,17,Sants - Badal,71,3085,78,3
2026-01-01,3,Sants-Montjuïc,17,Sants - Badal,71,3085,23,4
2026-01-01,3,Sants-Montjuïc,17,Sants - Badal,71,3085,70,5
2026-01-01,3,Sants-Montjuïc,17,Sants - Badal,71,3085,43,6
2026-01-01,3,Sants-Montjuïc,17,Sants - Badal,71,3085,24,7
2026-01-01,3,Sants-Montjuïc,17,Sants - Badal,71,3085,109,8
2026-01-01,3,Sants-Montjuïc,17,Sants - Badal,71,3085,17,9
2026-01-01,3,Sants-Montjuïc,17,Sants - Badal,71,3085,4,10
2026-01-01,3,Sants-Montjuïc,17,Sants - Badal,71,3085,70,11
2026-01-01,3,Sants-Montjuïc,17,Sants - Badal,71,3085,30,12
2026-01-01,3,Sants-Montjuïc,18,Sants,72,3086,30,1
2026-01-01,3,Sants-Montjuïc,18,Sants,72,3086,36,2
2026-01-01,3,Sants-Montjuïc,18,Sants,72,3086,62,3
2026-01-01,3,Sants-Montjuïc,18,Sants,72,3086,35,4
2026-01-01,3,Sants-Montjuïc,18,Sants,72,3086,48,5
2026-01-01,3,Sants-Montjuïc,18,Sants,72,3086,88,6
2026-01-01,3,Sants-Montjuïc,18,Sants,72,3086,34,7
2026-01-01,3,Sants-Montjuïc,18,Sants,72,3086,116,8
2026-01-01,3,Sants-Montjuïc,18,Sants,72,3086,4,9
2026-01-01,3,Sants-Montjuïc,18,Sants,72,3086,1,10
2026-01-01,3,Sants-Montjuïc,18,Sants,72,3086,58,11
2026-01-01,3,Sants-Montjuïc,18,Sants,72,3086,24,12
2026-01-01,3,Sants-Montjuïc,18,Sants,72,3087,35,1
2026-01-01,3,Sants-Montjuïc,18,Sants,72,3087,46,2
2026-01-01,3,Sants-Montjuïc,18,Sants,72,3087,81,3
2026-01-01,3,Sants-Montjuïc,18,Sants,72,3087,15,4
2026-01-01,3,Sants-Montjuïc,18,Sants,72,3087,73,5
2026-01-01,3,Sants-Montjuïc,18,Sants,72,3087,64,6
2026-01-01,3,Sants-Montjuïc,18,Sants,72,3087,29,7
2026-01-01,3,Sants-Montjuïc,18,Sants,72,3087,132,8
2026-01-01,3,Sants-Montjuïc,18,Sants,72,3087,14,9
2026-01-01,3,Sants-Montjuïc,18,Sants,72,3087,2,10
2026-01-01,3,Sants-Montjuïc,18,Sants,72,3087,70,11
2026-01-01,3,Sants-Montjuïc,18,Sants,72,3087,49,12
2026-01-01,3,Sants-Montjuïc,18,Sants,72,3088,71,1
2026-01-01,3,Sants-Montjuïc,18,Sants,72,3088,50,2
2026-01-01,3,Sants-Montjuïc,18,Sants,72,3088,86,3
2026-01-01,3,Sants-Montjuïc,18,Sants,72,3088,14,4
2026-01-01,3,Sants-Montjuïc,18,Sants,72,3088,83,5
2026-01-01,3,Sants-Montjuïc,18,Sants,72,3088,57,6
2026-01-01,3,Sants-Montjuïc,18,Sants,72,3088,33,7
2026-01-01,3,Sants-Montjuïc,18,Sants,72,3088,111,8
2026-01-01,3,Sants-Montjuïc,18,Sants,72,3088,8,9
2026-01-01,3,Sants-Montjuïc,18,Sants,72,3088,2,10
2026-01-01,3,Sants-Montjuïc,18,Sants,72,3088,64,11
2026-01-01,3,Sants-Montjuïc,18,Sants,72,3088,32,12
2026-01-01,3,Sants-Montjuïc,18,Sants,72,3089,42,1
2026-01-01,3,Sants-Montjuïc,18,Sants,72,3089,55,2
2026-01-01,3,Sants-Montjuïc,18,Sants,72,3089,60,3
2026-01-01,3,Sants-Montjuïc,18,Sants,72,3089,19,4
2026-01-01,3,Sants-Montjuïc,18,Sants,72,3089,68,5
2026-01-01,3,Sants-Montjuïc,18,Sants,72,3089,73,6
2026-01-01,3,Sants-Montjuïc,18,Sants,72,3089,39,7
2026-01-01,3,Sants-Montjuïc,18,Sants,72,3089,89,8
2026-01-01,3,Sants-Montjuïc,18,Sants,72,3089,12,9
2026-01-01,3,Sants-Montjuïc,18,Sants,72,3089,2,10
2026-01-01,3,Sants-Montjuïc,18,Sants,72,3089,56,11
2026-01-01,3,Sants-Montjuïc,18,Sants,72,3089,24,12
2026-01-01,3,Sants-Montjuïc,18,Sants,72,3090,48,1
2026-01-01,3,Sants-Montjuïc,18,Sants,72,3090,33,2
2026-01-01,3,Sants-Montjuïc,18,Sants,72,3090,51,3
2026-01-01,3,Sants-Montjuïc,18,Sants,72,3090,11,4
2026-01-01,3,Sants-Montjuïc,18,Sants,72,3090,53,5
2026-01-01,3,Sants-Montjuïc,18,Sants,72,3090,42,6
2026-01-01,3,Sants-Montjuïc,18,Sants,72,3090,29,7
2026-01-01,3,Sants-Montjuïc,18,Sants,72,3090,100,8
2026-01-01,3,Sants-Montjuïc,18,Sants,72,3090,7,9
2026-01-01,3,Sants-Montjuïc,18,Sants,72,3090,1,10
2026-01-01,3,Sants-Montjuïc,18,Sants,72,3090,38,11
2026-01-01,3,Sants-Montjuïc,18,Sants,72,3090,21,12
2026-01-01,3,Sants-Montjuïc,18,Sants,72,3091,64,1
2026-01-01,3,Sants-Montjuïc,18,Sants,72,3091,67,2
2026-01-01,3,Sants-Montjuïc,18,Sants,72,3091,44,3
2026-01-01,3,Sants-Montjuïc,18,Sants,72,3091,12,4
2026-01-01,3,Sants-Montjuïc,18,Sants,72,3091,83,5
2026-01-01,3,Sants-Montjuïc,18,Sants,72,3091,44,6
2026-01-01,3,Sants-Montjuïc,18,Sants,72,3091,28,7
2026-01-01,3,Sants-Montjuïc,18,Sants,72,3091,126,8
2026-01-01,3,Sants-Montjuïc,18,Sants,72,3091,18,9
2026-01-01,3,Sants-Montjuïc,18,Sants,72,3091,2,10
2026-01-01,3,Sants-Montjuïc,18,Sants,72,3091,53,11
2026-01-01,3,Sants-Montjuïc,18,Sants,72,3091,42,12
2026-01-01,3,Sants-Montjuïc,18,Sants,72,3092,48,1
2026-01-01,3,Sants-Montjuïc,18,Sants,72,3092,47,2
2026-01-01,3,Sants-Montjuïc,18,Sants,72,3092,41,3
2026-01-01,3,Sants-Montjuïc,18,Sants,72,3092,23,4
2026-01-01,3,Sants-Montjuïc,18,Sants,72,3092,73,5
2026-01-01,3,Sants-Montjuïc,18,Sants,72,3092,42,6
2026-01-01,3,Sants-Montjuïc,18,Sants,72,3092,44,7
2026-01-01,3,Sants-Montjuïc,18,Sants,72,3092,97,8
2026-01-01,3,Sants-Montjuïc,18,Sants,72,3092,14,9
2026-01-01,3,Sants-Montjuïc,18,Sants,72,3092,3,10
2026-01-01,3,Sants-Montjuïc,18,Sants,72,3092,69,11
2026-01-01,3,Sants-Montjuïc,18,Sants,72,3092,25,12
2026-01-01,3,Sants-Montjuïc,18,Sants,72,3093,59,1
2026-01-01,3,Sants-Montjuïc,18,Sants,72,3093,41,2
2026-01-01,3,Sants-Montjuïc,18,Sants,72,3093,82,3
2026-01-01,3,Sants-Montjuïc,18,Sants,72,3093,25,4
2026-01-01,3,Sants-Montjuïc,18,Sants,72,3093,80,5
2026-01-01,3,Sants-Montjuïc,18,Sants,72,3093,78,6
2026-01-01,3,Sants-Montjuïc,18,Sants,72,3093,41,7
2026-01-01,3,Sants-Montjuïc,18,Sants,72,3093,117,8
2026-01-01,3,Sants-Montjuïc,18,Sants,72,3093,13,9
2026-01-01,3,Sants-Montjuïc,18,Sants,72,3093,1,10
2026-01-01,3,Sants-Montjuïc,18,Sants,72,3093,54,11
2026-01-01,3,Sants-Montjuïc,18,Sants,72,3093,37,12
2026-01-01,3,Sants-Montjuïc,18,Sants,72,3094,68,1
2026-01-01,3,Sants-Montjuïc,18,Sants,72,3094,54,2
2026-01-01,3,Sants-Montjuïc,18,Sants,72,3094,60,3
2026-01-01,3,Sants-Montjuïc,18,Sants,72,3094,11,4
2026-01-01,3,Sants-Montjuïc,18,Sants,72,3094,83,5
2026-01-01,3,Sants-Montjuïc,18,Sants,72,3094,57,6
2026-01-01,3,Sants-Montjuïc,18,Sants,72,3094,26,7
2026-01-01,3,Sants-Montjuïc,18,Sants,72,3094,84,8
2026-01-01,3,Sants-Montjuïc,18,Sants,72,3094,18,9
2026-01-01,3,Sants-Montjuïc,18,Sants,72,3094,2,10
2026-01-01,3,Sants-Montjuïc,18,Sants,72,3094,61,11
2026-01-01,3,Sants-Montjuïc,18,Sants,72,3094,29,12
2026-01-01,3,Sants-Montjuïc,18,Sants,73,3095,76,1
2026-01-01,3,Sants-Montjuïc,18,Sants,73,3095,75,2
2026-01-01,3,Sants-Montjuïc,18,Sants,73,3095,70,3
2026-01-01,3,Sants-Montjuïc,18,Sants,73,3095,21,4
2026-01-01,3,Sants-Montjuïc,18,Sants,73,3095,105,5
2026-01-01,3,Sants-Montjuïc,18,Sants,73,3095,64,6
2026-01-01,3,Sants-Montjuïc,18,Sants,73,3095,40,7
2026-01-01,3,Sants-Montjuïc,18,Sants,73,3095,125,8
2026-01-01,3,Sants-Montjuïc,18,Sants,73,3095,18,9
2026-01-01,3,Sants-Montjuïc,18,Sants,73,3095,5,10
2026-01-01,3,Sants-Montjuïc,18,Sants,73,3095,67,11
2026-01-01,3,Sants-Montjuïc,18,Sants,73,3095,37,12
2026-01-01,3,Sants-Montjuïc,18,Sants,73,3096,88,1
2026-01-01,3,Sants-Montjuïc,18,Sants,73,3096,49,2
2026-01-01,3,Sants-Montjuïc,18,Sants,73,3096,58,3
2026-01-01,3,Sants-Montjuïc,18,Sants,73,3096,22,4
2026-01-01,3,Sants-Montjuïc,18,Sants,73,3096,128,5
2026-01-01,3,Sants-Montjuïc,18,Sants,73,3096,40,6
2026-01-01,3,Sants-Montjuïc,18,Sants,73,3096,31,7
2026-01-01,3,Sants-Montjuïc,18,Sants,73,3096,115,8
2026-01-01,3,Sants-Montjuïc,18,Sants,73,3096,14,9
2026-01-01,3,Sants-Montjuïc,18,Sants,73,3096,4,10
2026-01-01,3,Sants-Montjuïc,18,Sants,73,3096,75,11
2026-01-01,3,Sants-Montjuïc,18,Sants,73,3096,47,12
2026-01-01,3,Sants-Montjuïc,18,Sants,73,3097,95,1
2026-01-01,3,Sants-Montjuïc,18,Sants,73,3097,101,2
2026-01-01,3,Sants-Montjuïc,18,Sants,73,3097,46,3
2026-01-01,3,Sants-Montjuïc,18,Sants,73,3097,20,4
2026-01-01,3,Sants-Montjuïc,18,Sants,73,3097,129,5
2026-01-01,3,Sants-Montjuïc,18,Sants,73,3097,19,6
2026-01-01,3,Sants-Montjuïc,18,Sants,73,3097,28,7
2026-01-01,3,Sants-Montjuïc,18,Sants,73,3097,125,8
2026-01-01,3,Sants-Montjuïc,18,Sants,73,3097,15,9
2026-01-01,3,Sants-Montjuïc,18,Sants,73,3097,2,10
2026-01-01,3,Sants-Montjuïc,18,Sants,73,3097,63,11
2026-01-01,3,Sants-Montjuïc,18,Sants,73,3097,50,12
2026-01-01,3,Sants-Montjuïc,18,Sants,73,3098,68,1
2026-01-01,3,Sants-Montjuïc,18,Sants,73,3098,60,2
2026-01-01,3,Sants-Montjuïc,18,Sants,73,3098,48,3
2026-01-01,3,Sants-Montjuïc,18,Sants,73,3098,19,4
2026-01-01,3,Sants-Montjuïc,18,Sants,73,3098,93,5
2026-01-01,3,Sants-Montjuïc,18,Sants,73,3098,33,6
2026-01-01,3,Sants-Montjuïc,18,Sants,73,3098,29,7
2026-01-01,3,Sants-Montjuïc,18,Sants,73,3098,123,8
2026-01-01,3,Sants-Montjuïc,18,Sants,73,3098,8,9
2026-01-01,3,Sants-Montjuïc,18,Sants,73,3098,3,10
2026-01-01,3,Sants-Montjuïc,18,Sants,73,3098,63,11
2026-01-01,3,Sants-Montjuïc,18,Sants,73,3098,51,12
2026-01-01,3,Sants-Montjuïc,18,Sants,73,3099,80,1
2026-01-01,3,Sants-Montjuïc,18,Sants,73,3099,51,2
2026-01-01,3,Sants-Montjuïc,18,Sants,73,3099,41,3
2026-01-01,3,Sants-Montjuïc,18,Sants,73,3099,12,4
2026-01-01,3,Sants-Montjuïc,18,Sants,73,3099,74,5
2026-01-01,3,Sants-Montjuïc,18,Sants,73,3099,22,6
2026-01-01,3,Sants-Montjuïc,18,Sants,73,3099,21,7
2026-01-01,3,Sants-Montjuïc,18,Sants,73,3099,75,8
2026-01-01,3,Sants-Montjuïc,18,Sants,73,3099,14,9
2026-01-01,3,Sants-Montjuïc,18,Sants,73,3099,53,11
2026-01-01,3,Sants-Montjuïc,18,Sants,73,3099,26,12
2026-01-01,3,Sants-Montjuïc,18,Sants,73,3100,67,1
2026-01-01,3,Sants-Montjuïc,18,Sants,73,3100,62,2
2026-01-01,3,Sants-Montjuïc,18,Sants,73,3100,77,3
2026-01-01,3,Sants-Montjuïc,18,Sants,73,3100,20,4
2026-01-01,3,Sants-Montjuïc,18,Sants,73,3100,96,5
2026-01-01,3,Sants-Montjuïc,18,Sants,73,3100,38,6
2026-01-01,3,Sants-Montjuïc,18,Sants,73,3100,22,7
2026-01-01,3,Sants-Montjuïc,18,Sants,73,3100,84,8
2026-01-01,3,Sants-Montjuïc,18,Sants,73,3100,18,9
2026-01-01,3,Sants-Montjuïc,18,Sants,73,3100,3,10
2026-01-01,3,Sants-Montjuïc,18,Sants,73,3100,62,11
2026-01-01,3,Sants-Montjuïc,18,Sants,73,3100,41,12
2026-01-01,3,Sants-Montjuïc,18,Sants,74,3101,95,1
2026-01-01,3,Sants-Montjuïc,18,Sants,74,3101,76,2
2026-01-01,3,Sants-Montjuïc,18,Sants,74,3101,54,3
2026-01-01,3,Sants-Montjuïc,18,Sants,74,3101,10,4
2026-01-01,3,Sants-Montjuïc,18,Sants,74,3101,95,5
2026-01-01,3,Sants-Montjuïc,18,Sants,74,3101,34,6
2026-01-01,3,Sants-Montjuïc,18,Sants,74,3101,24,7
2026-01-01,3,Sants-Montjuïc,18,Sants,74,3101,95,8
2026-01-01,3,Sants-Montjuïc,18,Sants,74,3101,17,9
2026-01-01,3,Sants-Montjuïc,18,Sants,74,3101,2,10
2026-01-01,3,Sants-Montjuïc,18,Sants,74,3101,70,11
2026-01-01,3,Sants-Montjuïc,18,Sants,74,3101,26,12
2026-01-01,3,Sants-Montjuïc,18,Sants,74,3102,61,1
2026-01-01,3,Sants-Montjuïc,18,Sants,74,3102,53,2
2026-01-01,3,Sants-Montjuïc,18,Sants,74,3102,62,3
2026-01-01,3,Sants-Montjuïc,18,Sants,74,3102,18,4
2026-01-01,3,Sants-Montjuïc,18,Sants,74,3102,91,5
2026-01-01,3,Sants-Montjuïc,18,Sants,74,3102,40,6
2026-01-01,3,Sants-Montjuïc,18,Sants,74,3102,31,7
2026-01-01,3,Sants-Montjuïc,18,Sants,74,3102,116,8
2026-01-01,3,Sants-Montjuïc,18,Sants,74,3102,9,9
2026-01-01,3,Sants-Montjuïc,18,Sants,74,3102,63,11
2026-01-01,3,Sants-Montjuïc,18,Sants,74,3102,41,12
2026-01-01,3,Sants-Montjuïc,18,Sants,74,3103,43,1
2026-01-01,3,Sants-Montjuïc,18,Sants,74,3103,47,2
2026-01-01,3,Sants-Montjuïc,18,Sants,74,3103,83,3
2026-01-01,3,Sants-Montjuïc,18,Sants,74,3103,22,4
2026-01-01,3,Sants-Montjuïc,18,Sants,74,3103,49,5
2026-01-01,3,Sants-Montjuïc,18,Sants,74,3103,72,6
2026-01-01,3,Sants-Montjuïc,18,Sants,74,3103,26,7
2026-01-01,3,Sants-Montjuïc,18,Sants,74,3103,85,8
2026-01-01,3,Sants-Montjuïc,18,Sants,74,3103,9,9
2026-01-01,3,Sants-Montjuïc,18,Sants,74,3103,62,11
2026-01-01,3,Sants-Montjuïc,18,Sants,74,3103,25,12
2026-01-01,3,Sants-Montjuïc,18,Sants,74,3104,70,1
2026-01-01,3,Sants-Montjuïc,18,Sants,74,3104,72,2
2026-01-01,3,Sants-Montjuïc,18,Sants,74,3104,57,3
2026-01-01,3,Sants-Montjuïc,18,Sants,74,3104,23,4
2026-01-01,3,Sants-Montjuïc,18,Sants,74,3104,84,5
2026-01-01,3,Sants-Montjuïc,18,Sants,74,3104,43,6
2026-01-01,3,Sants-Montjuïc,18,Sants,74,3104,26,7
2026-01-01,3,Sants-Montjuïc,18,Sants,74,3104,115,8
2026-01-01,3,Sants-Montjuïc,18,Sants,74,3104,14,9
2026-01-01,3,Sants-Montjuïc,18,Sants,74,3104,2,10
2026-01-01,3,Sants-Montjuïc,18,Sants,74,3104,62,11
2026-01-01,3,Sants-Montjuïc,18,Sants,74,3104,43,12
2026-01-01,3,Sants-Montjuïc,18,Sants,75,3105,70,1
2026-01-01,3,Sants-Montjuïc,18,Sants,75,3105,58,2
2026-01-01,3,Sants-Montjuïc,18,Sants,75,3105,45,3
2026-01-01,3,Sants-Montjuïc,18,Sants,75,3105,16,4
2026-01-01,3,Sants-Montjuïc,18,Sants,75,3105,84,5
2026-01-01,3,Sants-Montjuïc,18,Sants,75,3105,27,6
2026-01-01,3,Sants-Montjuïc,18,Sants,75,3105,32,7
2026-01-01,3,Sants-Montjuïc,18,Sants,75,3105,86,8
2026-01-01,3,Sants-Montjuïc,18,Sants,75,3105,17,9
2026-01-01,3,Sants-Montjuïc,18,Sants,75,3105,4,10
2026-01-01,3,Sants-Montjuïc,18,Sants,75,3105,50,11
2026-01-01,3,Sants-Montjuïc,18,Sants,75,3105,31,12
2026-01-01,3,Sants-Montjuïc,18,Sants,75,3106,79,1
2026-01-01,3,Sants-Montjuïc,18,Sants,75,3106,61,2
2026-01-01,3,Sants-Montjuïc,18,Sants,75,3106,41,3
2026-01-01,3,Sants-Montjuïc,18,Sants,75,3106,23,4
2026-01-01,3,Sants-Montjuïc,18,Sants,75,3106,132,5
2026-01-01,3,Sants-Montjuïc,18,Sants,75,3106,21,6
2026-01-01,3,Sants-Montjuïc,18,Sants,75,3106,33,7
2026-01-01,3,Sants-Montjuïc,18,Sants,75,3106,100,8
2026-01-01,3,Sants-Montjuïc,18,Sants,75,3106,10,9
2026-01-01,3,Sants-Montjuïc,18,Sants,75,3106,1,10
2026-01-01,3,Sants-Montjuïc,18,Sants,75,3106,55,11
2026-01-01,3,Sants-Montjuïc,18,Sants,75,3106,29,12
2026-01-01,3,Sants-Montjuïc,18,Sants,76,3107,81,1
2026-01-01,3,Sants-Montjuïc,18,Sants,76,3107,74,2
2026-01-01,3,Sants-Montjuïc,18,Sants,76,3107,50,3
2026-01-01,3,Sants-Montjuïc,18,Sants,76,3107,29,4
2026-01-01,3,Sants-Montjuïc,18,Sants,76,3107,99,5
2026-01-01,3,Sants-Montjuïc,18,Sants,76,3107,74,6
2026-01-01,3,Sants-Montjuïc,18,Sants,76,3107,35,7
2026-01-01,3,Sants-Montjuïc,18,Sants,76,3107,123,8
2026-01-01,3,Sants-Montjuïc,18,Sants,76,3107,18,9
2026-01-01,3,Sants-Montjuïc,18,Sants,76,3107,5,10
2026-01-01,3,Sants-Montjuïc,18,Sants,76,3107,59,11
2026-01-01,3,Sants-Montjuïc,18,Sants,76,3107,39,12
2026-01-01,3,Sants-Montjuïc,18,Sants,76,3108,81,1
2026-01-01,3,Sants-Montjuïc,18,Sants,76,3108,73,2
2026-01-01,3,Sants-Montjuïc,18,Sants,76,3108,76,3
2026-01-01,3,Sants-Montjuïc,18,Sants,76,3108,25,4
2026-01-01,3,Sants-Montjuïc,18,Sants,76,3108,102,5
2026-01-01,3,Sants-Montjuïc,18,Sants,76,3108,44,6
2026-01-01,3,Sants-Montjuïc,18,Sants,76,3108,25,7
2026-01-01,3,Sants-Montjuïc,18,Sants,76,3108,125,8
2026-01-01,3,Sants-Montjuïc,18,Sants,76,3108,18,9
2026-01-01,3,Sants-Montjuïc,18,Sants,76,3108,3,10
2026-01-01,3,Sants-Montjuïc,18,Sants,76,3108,71,11
2026-01-01,3,Sants-Montjuïc,18,Sants,76,3108,52,12
2026-01-01,3,Sants-Montjuïc,18,Sants,76,3109,75,1
2026-01-01,3,Sants-Montjuïc,18,Sants,76,3109,83,2
2026-01-01,3,Sants-Montjuïc,18,Sants,76,3109,56,3
2026-01-01,3,Sants-Montjuïc,18,Sants,76,3109,16,4
2026-01-01,3,Sants-Montjuïc,18,Sants,76,3109,108,5
2026-01-01,3,Sants-Montjuïc,18,Sants,76,3109,45,6
2026-01-01,3,Sants-Montjuïc,18,Sants,76,3109,27,7
2026-01-01,3,Sants-Montjuïc,18,Sants,76,3109,118,8
2026-01-01,3,Sants-Montjuïc,18,Sants,76,3109,22,9
2026-01-01,3,Sants-Montjuïc,18,Sants,76,3109,7,10
2026-01-01,3,Sants-Montjuïc,18,Sants,76,3109,79,11
2026-01-01,3,Sants-Montjuïc,18,Sants,76,3109,37,12
2026-01-01,3,Sants-Montjuïc,18,Sants,76,3110,118,1
2026-01-01,3,Sants-Montjuïc,18,Sants,76,3110,71,2
2026-01-01,3,Sants-Montjuïc,18,Sants,76,3110,54,3
2026-01-01,3,Sants-Montjuïc,18,Sants,76,3110,26,4
2026-01-01,3,Sants-Montjuïc,18,Sants,76,3110,116,5
2026-01-01,3,Sants-Montjuïc,18,Sants,76,3110,51,6
2026-01-01,3,Sants-Montjuïc,18,Sants,76,3110,35,7
2026-01-01,3,Sants-Montjuïc,18,Sants,76,3110,100,8
2026-01-01,3,Sants-Montjuïc,18,Sants,76,3110,20,9
2026-01-01,3,Sants-Montjuïc,18,Sants,76,3110,4,10
2026-01-01,3,Sants-Montjuïc,18,Sants,76,3110,62,11
2026-01-01,3,Sants-Montjuïc,18,Sants,76,3110,23,12
2026-01-01,3,Sants-Montjuïc,18,Sants,76,3111,67,1
2026-01-01,3,Sants-Montjuïc,18,Sants,76,3111,68,2
2026-01-01,3,Sants-Montjuïc,18,Sants,76,3111,41,3
2026-01-01,3,Sants-Montjuïc,18,Sants,76,3111,18,4
2026-01-01,3,Sants-Montjuïc,18,Sants,76,3111,101,5
2026-01-01,3,Sants-Montjuïc,18,Sants,76,3111,35,6
2026-01-01,3,Sants-Montjuïc,18,Sants,76,3111,27,7
2026-01-01,3,Sants-Montjuïc,18,Sants,76,3111,108,8
2026-01-01,3,Sants-Montjuïc,18,Sants,76,3111,13,9
2026-01-01,3,Sants-Montjuïc,18,Sants,76,3111,69,11
2026-01-01,3,Sants-Montjuïc,18,Sants,76,3111,33,12
2026-01-01,3,Sants-Montjuïc,18,Sants,76,3112,67,1
2026-01-01,3,Sants-Montjuïc,18,Sants,76,3112,60,2
2026-01-01,3,Sants-Montjuïc,18,Sants,76,3112,80,3
2026-01-01,3,Sants-Montjuïc,18,Sants,76,3112,26,4
2026-01-01,3,Sants-Montjuïc,18,Sants,76,3112,108,5
2026-01-01,3,Sants-Montjuïc,18,Sants,76,3112,103,6
2026-01-01,3,Sants-Montjuïc,18,Sants,76,3112,44,7
2026-01-01,3,Sants-Montjuïc,18,Sants,76,3112,150,8
2026-01-01,3,Sants-Montjuïc,18,Sants,76,3112,19,9
2026-01-01,3,Sants-Montjuïc,18,Sants,76,3112,3,10
2026-01-01,3,Sants-Montjuïc,18,Sants,76,3112,85,11
2026-01-01,3,Sants-Montjuïc,18,Sants,76,3112,43,12
2026-01-01,3,Sants-Montjuïc,18,Sants,76,3113,52,1
2026-01-01,3,Sants-Montjuïc,18,Sants,76,3113,56,2
2026-01-01,3,Sants-Montjuïc,18,Sants,76,3113,88,3
2026-01-01,3,Sants-Montjuïc,18,Sants,76,3113,30,4
2026-01-01,3,Sants-Montjuïc,18,Sants,76,3113,77,5
2026-01-01,3,Sants-Montjuïc,18,Sants,76,3113,65,6
2026-01-01,3,Sants-Montjuïc,18,Sants,76,3113,40,7
2026-01-01,3,Sants-Montjuïc,18,Sants,76,3113,140,8
2026-01-01,3,Sants-Montjuïc,18,Sants,76,3113,15,9
2026-01-01,3,Sants-Montjuïc,18,Sants,76,3113,5,10
2026-01-01,3,Sants-Montjuïc,18,Sants,76,3113,73,11
2026-01-01,3,Sants-Montjuïc,18,Sants,76,3113,36,12
2026-01-01,3,Sants-Montjuïc,18,Sants,76,3114,49,1
2026-01-01,3,Sants-Montjuïc,18,Sants,76,3114,44,2
2026-01-01,3,Sants-Montjuïc,18,Sants,76,3114,72,3
2026-01-01,3,Sants-Montjuïc,18,Sants,76,3114,22,4
2026-01-01,3,Sants-Montjuïc,18,Sants,76,3114,52,5
2026-01-01,3,Sants-Montjuïc,18,Sants,76,3114,67,6
2026-01-01,3,Sants-Montjuïc,18,Sants,76,3114,48,7
2026-01-01,3,Sants-Montjuïc,18,Sants,76,3114,140,8
2026-01-01,3,Sants-Montjuïc,18,Sants,76,3114,18,9
2026-01-01,3,Sants-Montjuïc,18,Sants,76,3114,49,11
2026-01-01,3,Sants-Montjuïc,18,Sants,76,3114,39,12
2026-01-01,4,Les Corts,19,les Corts,77,4001,50,1
2026-01-01,4,Les Corts,19,les Corts,77,4001,41,2
2026-01-01,4,Les Corts,19,les Corts,77,4001,58,3
2026-01-01,4,Les Corts,19,les Corts,77,4001,19,4
2026-01-01,4,Les Corts,19,les Corts,77,4001,69,5
2026-01-01,4,Les Corts,19,les Corts,77,4001,51,6
2026-01-01,4,Les Corts,19,les Corts,77,4001,25,7
2026-01-01,4,Les Corts,19,les Corts,77,4001,104,8
2026-01-01,4,Les Corts,19,les Corts,77,4001,16,9
2026-01-01,4,Les Corts,19,les Corts,77,4001,3,10
2026-01-01,4,Les Corts,19,les Corts,77,4001,61,11
2026-01-01,4,Les Corts,19,les Corts,77,4001,31,12
2026-01-01,4,Les Corts,19,les Corts,77,4002,67,1
2026-01-01,4,Les Corts,19,les Corts,77,4002,44,2
2026-01-01,4,Les Corts,19,les Corts,77,4002,83,3
2026-01-01,4,Les Corts,19,les Corts,77,4002,28,4
2026-01-01,4,Les Corts,19,les Corts,77,4002,85,5
2026-01-01,4,Les Corts,19,les Corts,77,4002,101,6
2026-01-01,4,Les Corts,19,les Corts,77,4002,47,7
2026-01-01,4,Les Corts,19,les Corts,77,4002,170,8
2026-01-01,4,Les Corts,19,les Corts,77,4002,11,9
2026-01-01,4,Les Corts,19,les Corts,77,4002,1,10
2026-01-01,4,Les Corts,19,les Corts,77,4002,95,11
2026-01-01,4,Les Corts,19,les Corts,77,4002,44,12
2026-01-01,4,Les Corts,19,les Corts,77,4003,27,1
2026-01-01,4,Les Corts,19,les Corts,77,4003,39,2
2026-01-01,4,Les Corts,19,les Corts,77,4003,50,3
2026-01-01,4,Les Corts,19,les Corts,77,4003,28,4
2026-01-01,4,Les Corts,19,les Corts,77,4003,59,5
2026-01-01,4,Les Corts,19,les Corts,77,4003,57,6
2026-01-01,4,Les Corts,19,les Corts,77,4003,32,7
2026-01-01,4,Les Corts,19,les Corts,77,4003,96,8
2026-01-01,4,Les Corts,19,les Corts,77,4003,11,9
2026-01-01,4,Les Corts,19,les Corts,77,4003,1,10
2026-01-01,4,Les Corts,19,les Corts,77,4003,49,11
2026-01-01,4,Les Corts,19,les Corts,77,4003,17,12
2026-01-01,4,Les Corts,19,les Corts,77,4004,46,1
2026-01-01,4,Les Corts,19,les Corts,77,4004,43,2
2026-01-01,4,Les Corts,19,les Corts,77,4004,50,3
2026-01-01,4,Les Corts,19,les Corts,77,4004,23,4
2026-01-01,4,Les Corts,19,les Corts,77,4004,57,5
2026-01-01,4,Les Corts,19,les Corts,77,4004,52,6
2026-01-01,4,Les Corts,19,les Corts,77,4004,26,7
2026-01-01,4,Les Corts,19,les Corts,77,4004,83,8
2026-01-01,4,Les Corts,19,les Corts,77,4004,6,9
2026-01-01,4,Les Corts,19,les Corts,77,4004,2,10
2026-01-01,4,Les Corts,19,les Corts,77,4004,40,11
2026-01-01,4,Les Corts,19,les Corts,77,4004,34,12
2026-01-01,4,Les Corts,19,les Corts,77,4005,43,1
2026-01-01,4,Les Corts,19,les Corts,77,4005,44,2
2026-01-01,4,Les Corts,19,les Corts,77,4005,65,3
2026-01-01,4,Les Corts,19,les Corts,77,4005,24,4
2026-01-01,4,Les Corts,19,les Corts,77,4005,64,5
2026-01-01,4,Les Corts,19,les Corts,77,4005,67,6
2026-01-01,4,Les Corts,19,les Corts,77,4005,30,7
2026-01-01,4,Les Corts,19,les Corts,77,4005,104,8
2026-01-01,4,Les Corts,19,les Corts,77,4005,6,9
2026-01-01,4,Les Corts,19,les Corts,77,4005,2,10
2026-01-01,4,Les Corts,19,les Corts,77,4005,53,11
2026-01-01,4,Les Corts,19,les Corts,77,4005,28,12
2026-01-01,4,Les Corts,19,les Corts,77,4006,48,1
2026-01-01,4,Les Corts,19,les Corts,77,4006,35,2
2026-01-01,4,Les Corts,19,les Corts,77,4006,71,3
2026-01-01,4,Les Corts,19,les Corts,77,4006,23,4
2026-01-01,4,Les Corts,19,les Corts,77,4006,56,5
2026-01-01,4,Les Corts,19,les Corts,77,4006,48,6
2026-01-01,4,Les Corts,19,les Corts,77,4006,30,7
2026-01-01,4,Les Corts,19,les Corts,77,4006,90,8
2026-01-01,4,Les Corts,19,les Corts,77,4006,6,9
2026-01-01,4,Les Corts,19,les Corts,77,4006,1,10
2026-01-01,4,Les Corts,19,les Corts,77,4006,64,11
2026-01-01,4,Les Corts,19,les Corts,77,4006,32,12
2026-01-01,4,Les Corts,19,les Corts,77,4007,31,1
2026-01-01,4,Les Corts,19,les Corts,77,4007,34,2
2026-01-01,4,Les Corts,19,les Corts,77,4007,53,3
2026-01-01,4,Les Corts,19,les Corts,77,4007,18,4
2026-01-01,4,Les Corts,19,les Corts,77,4007,74,5
2026-01-01,4,Les Corts,19,les Corts,77,4007,51,6
2026-01-01,4,Les Corts,19,les Corts,77,4007,24,7
2026-01-01,4,Les Corts,19,les Corts,77,4007,77,8
2026-01-01,4,Les Corts,19,les Corts,77,4007,15,9
2026-01-01,4,Les Corts,19,les Corts,77,4007,4,10
2026-01-01,4,Les Corts,19,les Corts,77,4007,41,11
2026-01-01,4,Les Corts,19,les Corts,77,4007,23,12
2026-01-01,4,Les Corts,19,les Corts,77,4008,60,1
2026-01-01,4,Les Corts,19,les Corts,77,4008,51,2
2026-01-01,4,Les Corts,19,les Corts,77,4008,59,3
2026-01-01,4,Les Corts,19,les Corts,77,4008,17,4
2026-01-01,4,Les Corts,19,les Corts,77,4008,52,5
2026-01-01,4,Les Corts,19,les Corts,77,4008,47,6
2026-01-01,4,Les Corts,19,les Corts,77,4008,24,7
2026-01-01,4,Les Corts,19,les Corts,77,4008,82,8
2026-01-01,4,Les Corts,19,les Corts,77,4008,18,9
2026-01-01,4,Les Corts,19,les Corts,77,4008,3,10
2026-01-01,4,Les Corts,19,les Corts,77,4008,47,11
2026-01-01,4,Les Corts,19,les Corts,77,4008,19,12
2026-01-01,4,Les Corts,19,les Corts,77,4009,77,1
2026-01-01,4,Les Corts,19,les Corts,77,4009,73,2
2026-01-01,4,Les Corts,19,les Corts,77,4009,81,3
2026-01-01,4,Les Corts,19,les Corts,77,4009,23,4
2026-01-01,4,Les Corts,19,les Corts,77,4009,75,5
2026-01-01,4,Les Corts,19,les Corts,77,4009,65,6
2026-01-01,4,Les Corts,19,les Corts,77,4009,40,7
2026-01-01,4,Les Corts,19,les Corts,77,4009,102,8
2026-01-01,4,Les Corts,19,les Corts,77,4009,12,9
2026-01-01,4,Les Corts,19,les Corts,77,4009,4,10
2026-01-01,4,Les Corts,19,les Corts,77,4009,74,11
2026-01-01,4,Les Corts,19,les Corts,77,4009,34,12
2026-01-01,4,Les Corts,19,les Corts,78,4010,26,1
2026-01-01,4,Les Corts,19,les Corts,78,4010,29,2
2026-01-01,4,Les Corts,19,les Corts,78,4010,41,3
2026-01-01,4,Les Corts,19,les Corts,78,4010,14,4
2026-01-01,4,Les Corts,19,les Corts,78,4010,29,5
2026-01-01,4,Les Corts,19,les Corts,78,4010,45,6
2026-01-01,4,Les Corts,19,les Corts,78,4010,18,7
2026-01-01,4,Les Corts,19,les Corts,78,4010,79,8
2026-01-01,4,Les Corts,19,les Corts,78,4010,11,9
2026-01-01,4,Les Corts,19,les Corts,78,4010,1,10
2026-01-01,4,Les Corts,19,les Corts,78,4010,42,11
2026-01-01,4,Les Corts,19,les Corts,78,4010,24,12
2026-01-01,4,Les Corts,19,les Corts,78,4011,22,1
2026-01-01,4,Les Corts,19,les Corts,78,4011,37,2
2026-01-01,4,Les Corts,19,les Corts,78,4011,107,3
2026-01-01,4,Les Corts,19,les Corts,78,4011,36,4
2026-01-01,4,Les Corts,19,les Corts,78,4011,51,5
2026-01-01,4,Les Corts,19,les Corts,78,4011,132,6
2026-01-01,4,Les Corts,19,les Corts,78,4011,43,7
2026-01-01,4,Les Corts,19,les Corts,78,4011,112,8
2026-01-01,4,Les Corts,19,les Corts,78,4011,21,9
2026-01-01,4,Les Corts,19,les Corts,78,4011,7,10
2026-01-01,4,Les Corts,19,les Corts,78,4011,104,11
2026-01-01,4,Les Corts,19,les Corts,78,4011,47,12
2026-01-01,4,Les Corts,19,les Corts,78,4012,32,1
2026-01-01,4,Les Corts,19,les Corts,78,4012,36,2
2026-01-01,4,Les Corts,19,les Corts,78,4012,94,3
2026-01-01,4,Les Corts,19,les Corts,78,4012,26,4
2026-01-01,4,Les Corts,19,les Corts,78,4012,52,5
2026-01-01,4,Les Corts,19,les Corts,78,4012,94,6
2026-01-01,4,Les Corts,19,les Corts,78,4012,45,7
2026-01-01,4,Les Corts,19,les Corts,78,4012,116,8
2026-01-01,4,Les Corts,19,les Corts,78,4012,7,9
2026-01-01,4,Les Corts,19,les Corts,78,4012,4,10
2026-01-01,4,Les Corts,19,les Corts,78,4012,60,11
2026-01-01,4,Les Corts,19,les Corts,78,4012,20,12
2026-01-01,4,Les Corts,19,les Corts,78,4013,48,1
2026-01-01,4,Les Corts,19,les Corts,78,4013,30,2
2026-01-01,4,Les Corts,19,les Corts,78,4013,83,3
2026-01-01,4,Les Corts,19,les Corts,78,4013,22,4
2026-01-01,4,Les Corts,19,les Corts,78,4013,39,5
2026-01-01,4,Les Corts,19,les Corts,78,4013,61,6
2026-01-01,4,Les Corts,19,les Corts,78,4013,36,7
2026-01-01,4,Les Corts,19,les Corts,78,4013,103,8
2026-01-01,4,Les Corts,19,les Corts,78,4013,14,9
2026-01-01,4,Les Corts,19,les Corts,78,4013,4,10
2026-01-01,4,Les Corts,19,les Corts,78,4013,57,11
2026-01-01,4,Les Corts,19,les Corts,78,4013,29,12
2026-01-01,4,Les Corts,19,les Corts,78,4014,20,1
2026-01-01,4,Les Corts,19,les Corts,78,4014,13,2
2026-01-01,4,Les Corts,19,les Corts,78,4014,64,3
2026-01-01,4,Les Corts,19,les Corts,78,4014,23,4
2026-01-01,4,Les Corts,19,les Corts,78,4014,21,5
2026-01-01,4,Les Corts,19,les Corts,78,4014,37,6
2026-01-01,4,Les Corts,19,les Corts,78,4014,14,7
2026-01-01,4,Les Corts,19,les Corts,78,4014,59,8
2026-01-01,4,Les Corts,19,les Corts,78,4014,10,9
2026-01-01,4,Les Corts,19,les Corts,78,4014,3,10
2026-01-01,4,Les Corts,19,les Corts,78,4014,32,11
2026-01-01,4,Les Corts,19,les Corts,78,4014,15,12
2026-01-01,4,Les Corts,19,les Corts,78,4015,74,1
2026-01-01,4,Les Corts,19,les Corts,78,4015,57,2
2026-01-01,4,Les Corts,19,les Corts,78,4015,94,3
2026-01-01,4,Les Corts,19,les Corts,78,4015,23,4
2026-01-01,4,Les Corts,19,les Corts,78,4015,78,5
2026-01-01,4,Les Corts,19,les Corts,78,4015,80,6
2026-01-01,4,Les Corts,19,les Corts,78,4015,52,7
2026-01-01,4,Les Corts,19,les Corts,78,4015,164,8
2026-01-01,4,Les Corts,19,les Corts,78,4015,17,9
2026-01-01,4,Les Corts,19,les Corts,78,4015,2,10
2026-01-01,4,Les Corts,19,les Corts,78,4015,103,11
2026-01-01,4,Les Corts,19,les Corts,78,4015,51,12
2026-01-01,4,Les Corts,19,les Corts,78,4016,36,1
2026-01-01,4,Les Corts,19,les Corts,78,4016,35,2
2026-01-01,4,Les Corts,19,les Corts,78,4016,70,3
2026-01-01,4,Les Corts,19,les Corts,78,4016,20,4
2026-01-01,4,Les Corts,19,les Corts,78,4016,63,5
2026-01-01,4,Les Corts,19,les Corts,78,4016,49,6
2026-01-01,4,Les Corts,19,les Corts,78,4016,33,7
2026-01-01,4,Les Corts,19,les Corts,78,4016,89,8
2026-01-01,4,Les Corts,19,les Corts,78,4016,8,9
2026-01-01,4,Les Corts,19,les Corts,78,4016,49,11
2026-01-01,4,Les Corts,19,les Corts,78,4016,25,12
2026-01-01,4,Les Corts,19,les Corts,79,4017,46,1
2026-01-01,4,Les Corts,19,les Corts,79,4017,37,2
2026-01-01,4,Les Corts,19,les Corts,79,4017,78,3
2026-01-01,4,Les Corts,19,les Corts,79,4017,16,4
2026-01-01,4,Les Corts,19,les Corts,79,4017,58,5
2026-01-01,4,Les Corts,19,les Corts,79,4017,69,6
2026-01-01,4,Les Corts,19,les Corts,79,4017,28,7
2026-01-01,4,Les Corts,19,les Corts,79,4017,75,8
2026-01-01,4,Les Corts,19,les Corts,79,4017,13,9
2026-01-01,4,Les Corts,19,les Corts,79,4017,3,10
2026-01-01,4,Les Corts,19,les Corts,79,4017,57,11
2026-01-01,4,Les Corts,19,les Corts,79,4017,34,12
2026-01-01,4,Les Corts,19,les Corts,79,4018,44,1
2026-01-01,4,Les Corts,19,les Corts,79,4018,43,2
2026-01-01,4,Les Corts,19,les Corts,79,4018,87,3
2026-01-01,4,Les Corts,19,les Corts,79,4018,30,4
2026-01-01,4,Les Corts,19,les Corts,79,4018,71,5
2026-01-01,4,Les Corts,19,les Corts,79,4018,69,6
2026-01-01,4,Les Corts,19,les Corts,79,4018,37,7
2026-01-01,4,Les Corts,19,les Corts,79,4018,145,8
2026-01-01,4,Les Corts,19,les Corts,79,4018,14,9
2026-01-01,4,Les Corts,19,les Corts,79,4018,4,10
2026-01-01,4,Les Corts,19,les Corts,79,4018,77,11
2026-01-01,4,Les Corts,19,les Corts,79,4018,38,12
2026-01-01,4,Les Corts,19,les Corts,79,4019,37,1
2026-01-01,4,Les Corts,19,les Corts,79,4019,34,2
2026-01-01,4,Les Corts,19,les Corts,79,4019,75,3
2026-01-01,4,Les Corts,19,les Corts,79,4019,15,4
2026-01-01,4,Les Corts,19,les Corts,79,4019,50,5
2026-01-01,4,Les Corts,19,les Corts,79,4019,49,6
2026-01-01,4,Les Corts,19,les Corts,79,4019,38,7
2026-01-01,4,Les Corts,19,les Corts,79,4019,126,8
2026-01-01,4,Les Corts,19,les Corts,79,4019,8,9
2026-01-01,4,Les Corts,19,les Corts,79,4019,2,10
2026-01-01,4,Les Corts,19,les Corts,79,4019,62,11
2026-01-01,4,Les Corts,19,les Corts,79,4019,49,12
2026-01-01,4,Les Corts,19,les Corts,79,4020,43,1
2026-01-01,4,Les Corts,19,les Corts,79,4020,40,2
2026-01-01,4,Les Corts,19,les Corts,79,4020,72,3
2026-01-01,4,Les Corts,19,les Corts,79,4020,11,4
2026-01-01,4,Les Corts,19,les Corts,79,4020,64,5
2026-01-01,4,Les Corts,19,les Corts,79,4020,59,6
2026-01-01,4,Les Corts,19,les Corts,79,4020,37,7
2026-01-01,4,Les Corts,19,les Corts,79,4020,125,8
2026-01-01,4,Les Corts,19,les Corts,79,4020,10,9
2026-01-01,4,Les Corts,19,les Corts,79,4020,4,10
2026-01-01,4,Les Corts,19,les Corts,79,4020,89,11
2026-01-01,4,Les Corts,19,les Corts,79,4020,35,12
2026-01-01,4,Les Corts,19,les Corts,79,4021,68,1
2026-01-01,4,Les Corts,19,les Corts,79,4021,60,2
2026-01-01,4,Les Corts,19,les Corts,79,4021,80,3
2026-01-01,4,Les Corts,19,les Corts,79,4021,18,4
2026-01-01,4,Les Corts,19,les Corts,79,4021,59,5
2026-01-01,4,Les Corts,19,les Corts,79,4021,50,6
2026-01-01,4,Les Corts,19,les Corts,79,4021,33,7
2026-01-01,4,Les Corts,19,les Corts,79,4021,107,8
2026-01-01,4,Les Corts,19,les Corts,79,4021,10,9
2026-01-01,4,Les Corts,19,les Corts,79,4021,7,10
2026-01-01,4,Les Corts,19,les Corts,79,4021,74,11
2026-01-01,4,Les Corts,19,les Corts,79,4021,24,12
2026-01-01,4,Les Corts,19,les Corts,80,4022,70,1
2026-01-01,4,Les Corts,19,les Corts,80,4022,78,2
2026-01-01,4,Les Corts,19,les Corts,80,4022,90,3
2026-01-01,4,Les Corts,19,les Corts,80,4022,23,4
2026-01-01,4,Les Corts,19,les Corts,80,4022,104,5
2026-01-01,4,Les Corts,19,les Corts,80,4022,71,6
2026-01-01,4,Les Corts,19,les Corts,80,4022,32,7
2026-01-01,4,Les Corts,19,les Corts,80,4022,114,8
2026-01-01,4,Les Corts,19,les Corts,80,4022,12,9
2026-01-01,4,Les Corts,19,les Corts,80,4022,7,10
2026-01-01,4,Les Corts,19,les Corts,80,4022,65,11
2026-01-01,4,Les Corts,19,les Corts,80,4022,37,12
2026-01-01,4,Les Corts,19,les Corts,81,4023,13,1
2026-01-01,4,Les Corts,19,les Corts,81,4023,17,2
2026-01-01,4,Les Corts,19,les Corts,81,4023,49,3
2026-01-01,4,Les Corts,19,les Corts,81,4023,19,4
2026-01-01,4,Les Corts,19,les Corts,81,4023,12,5
2026-01-01,4,Les Corts,19,les Corts,81,4023,46,6
2026-01-01,4,Les Corts,19,les Corts,81,4023,30,7
2026-01-01,4,Les Corts,19,les Corts,81,4023,97,8
2026-01-01,4,Les Corts,19,les Corts,81,4023,9,9
2026-01-01,4,Les Corts,19,les Corts,81,4023,2,10
2026-01-01,4,Les Corts,19,les Corts,81,4023,60,11
2026-01-01,4,Les Corts,19,les Corts,81,4023,34,12
2026-01-01,4,Les Corts,19,les Corts,81,4024,11,1
2026-01-01,4,Les Corts,19,les Corts,81,4024,13,2
2026-01-01,4,Les Corts,19,les Corts,81,4024,41,3
2026-01-01,4,Les Corts,19,les Corts,81,4024,13,4
2026-01-01,4,Les Corts,19,les Corts,81,4024,22,5
2026-01-01,4,Les Corts,19,les Corts,81,4024,70,6
2026-01-01,4,Les Corts,19,les Corts,81,4024,26,7
2026-01-01,4,Les Corts,19,les Corts,81,4024,82,8
2026-01-01,4,Les Corts,19,les Corts,81,4024,6,9
2026-01-01,4,Les Corts,19,les Corts,81,4024,4,10
2026-01-01,4,Les Corts,19,les Corts,81,4024,56,11
2026-01-01,4,Les Corts,19,les Corts,81,4024,28,12
2026-01-01,4,Les Corts,19,les Corts,82,4025,53,1
2026-01-01,4,Les Corts,19,les Corts,82,4025,60,2
2026-01-01,4,Les Corts,19,les Corts,82,4025,69,3
2026-01-01,4,Les Corts,19,les Corts,82,4025,21,4
2026-01-01,4,Les Corts,19,les Corts,82,4025,62,5
2026-01-01,4,Les Corts,19,les Corts,82,4025,35,6
2026-01-01,4,Les Corts,19,les Corts,82,4025,36,7
2026-01-01,4,Les Corts,19,les Corts,82,4025,76,8
2026-01-01,4,Les Corts,19,les Corts,82,4025,12,9
2026-01-01,4,Les Corts,19,les Corts,82,4025,8,10
2026-01-01,4,Les Corts,19,les Corts,82,4025,67,11
2026-01-01,4,Les Corts,19,les Corts,82,4025,33,12
2026-01-01,4,Les Corts,19,les Corts,82,4026,45,1
2026-01-01,4,Les Corts,19,les Corts,82,4026,37,2
2026-01-01,4,Les Corts,19,les Corts,82,4026,66,3
2026-01-01,4,Les Corts,19,les Corts,82,4026,21,4
2026-01-01,4,Les Corts,19,les Corts,82,4026,60,5
2026-01-01,4,Les Corts,19,les Corts,82,4026,62,6
2026-01-01,4,Les Corts,19,les Corts,82,4026,40,7
2026-01-01,4,Les Corts,19,les Corts,82,4026,90,8
2026-01-01,4,Les Corts,19,les Corts,82,4026,21,9
2026-01-01,4,Les Corts,19,les Corts,82,4026,71,11
2026-01-01,4,Les Corts,19,les Corts,82,4026,33,12
2026-01-01,4,Les Corts,19,les Corts,82,4027,66,1
2026-01-01,4,Les Corts,19,les Corts,82,4027,73,2
2026-01-01,4,Les Corts,19,les Corts,82,4027,76,3
2026-01-01,4,Les Corts,19,les Corts,82,4027,16,4
2026-01-01,4,Les Corts,19,les Corts,82,4027,69,5
2026-01-01,4,Les Corts,19,les Corts,82,4027,47,6
2026-01-01,4,Les Corts,19,les Corts,82,4027,33,7
2026-01-01,4,Les Corts,19,les Corts,82,4027,89,8
2026-01-01,4,Les Corts,19,les Corts,82,4027,14,9
2026-01-01,4,Les Corts,19,les Corts,82,4027,2,10
2026-01-01,4,Les Corts,19,les Corts,82,4027,79,11
2026-01-01,4,Les Corts,19,les Corts,82,4027,40,12
2026-01-01,4,Les Corts,19,les Corts,83,4028,49,1
2026-01-01,4,Les Corts,19,les Corts,83,4028,44,2
2026-01-01,4,Les Corts,19,les Corts,83,4028,74,3
2026-01-01,4,Les Corts,19,les Corts,83,4028,20,4
2026-01-01,4,Les Corts,19,les Corts,83,4028,73,5
2026-01-01,4,Les Corts,19,les Corts,83,4028,61,6
2026-01-01,4,Les Corts,19,les Corts,83,4028,39,7
2026-01-01,4,Les Corts,19,les Corts,83,4028,82,8
2026-01-01,4,Les Corts,19,les Corts,83,4028,18,9
2026-01-01,4,Les Corts,19,les Corts,83,4028,5,10
2026-01-01,4,Les Corts,19,les Corts,83,4028,81,11
2026-01-01,4,Les Corts,19,les Corts,83,4028,30,12
2026-01-01,4,Les Corts,19,les Corts,83,4029,36,1
2026-01-01,4,Les Corts,19,les Corts,83,4029,32,2
2026-01-01,4,Les Corts,19,les Corts,83,4029,75,3
2026-01-01,4,Les Corts,19,les Corts,83,4029,21,4
2026-01-01,4,Les Corts,19,les Corts,83,4029,40,5
2026-01-01,4,Les Corts,19,les Corts,83,4029,73,6
2026-01-01,4,Les Corts,19,les Corts,83,4029,29,7
2026-01-01,4,Les Corts,19,les Corts,83,4029,76,8
2026-01-01,4,Les Corts,19,les Corts,83,4029,11,9
2026-01-01,4,Les Corts,19,les Corts,83,4029,5,10
2026-01-01,4,Les Corts,19,les Corts,83,4029,61,11
2026-01-01,4,Les Corts,19,les Corts,83,4029,27,12
2026-01-01,4,Les Corts,19,les Corts,83,4030,32,1
2026-01-01,4,Les Corts,19,les Corts,83,4030,52,2
2026-01-01,4,Les Corts,19,les Corts,83,4030,97,3
2026-01-01,4,Les Corts,19,les Corts,83,4030,22,4
2026-01-01,4,Les Corts,19,les Corts,83,4030,52,5
2026-01-01,4,Les Corts,19,les Corts,83,4030,114,6
2026-01-01,4,Les Corts,19,les Corts,83,4030,42,7
2026-01-01,4,Les Corts,19,les Corts,83,4030,137,8
2026-01-01,4,Les Corts,19,les Corts,83,4030,12,9
2026-01-01,4,Les Corts,19,les Corts,83,4030,5,10
2026-01-01,4,Les Corts,19,les Corts,83,4030,96,11
2026-01-01,4,Les Corts,19,les Corts,83,4030,57,12
2026-01-01,4,Les Corts,19,les Corts,84,4031,53,1
2026-01-01,4,Les Corts,19,les Corts,84,4031,57,2
2026-01-01,4,Les Corts,19,les Corts,84,4031,75,3
2026-01-01,4,Les Corts,19,les Corts,84,4031,20,4
2026-01-01,4,Les Corts,19,les Corts,84,4031,68,5
2026-01-01,4,Les Corts,19,les Corts,84,4031,67,6
2026-01-01,4,Les Corts,19,les Corts,84,4031,31,7
2026-01-01,4,Les Corts,19,les Corts,84,4031,133,8
2026-01-01,4,Les Corts,19,les Corts,84,4031,11,9
2026-01-01,4,Les Corts,19,les Corts,84,4031,1,10
2026-01-01,4,Les Corts,19,les Corts,84,4031,77,11
2026-01-01,4,Les Corts,19,les Corts,84,4031,30,12
2026-01-01,4,Les Corts,19,les Corts,84,4032,71,1
2026-01-01,4,Les Corts,19,les Corts,84,4032,44,2
2026-01-01,4,Les Corts,19,les Corts,84,4032,85,3
2026-01-01,4,Les Corts,19,les Corts,84,4032,21,4
2026-01-01,4,Les Corts,19,les Corts,84,4032,73,5
2026-01-01,4,Les Corts,19,les Corts,84,4032,78,6
2026-01-01,4,Les Corts,19,les Corts,84,4032,38,7
2026-01-01,4,Les Corts,19,les Corts,84,4032,111,8
2026-01-01,4,Les Corts,19,les Corts,84,4032,16,9
2026-01-01,4,Les Corts,19,les Corts,84,4032,3,10
2026-01-01,4,Les Corts,19,les Corts,84,4032,85,11
2026-01-01,4,Les Corts,19,les Corts,84,4032,50,12
2026-01-01,4,Les Corts,19,les Corts,84,4033,47,1
2026-01-01,4,Les Corts,19,les Corts,84,4033,37,2
2026-01-01,4,Les Corts,19,les Corts,84,4033,73,3
2026-01-01,4,Les Corts,19,les Corts,84,4033,21,4
2026-01-01,4,Les Corts,19,les Corts,84,4033,54,5
2026-01-01,4,Les Corts,19,les Corts,84,4033,62,6
2026-01-01,4,Les Corts,19,les Corts,84,4033,28,7
2026-01-01,4,Les Corts,19,les Corts,84,4033,76,8
2026-01-01,4,Les Corts,19,les Corts,84,4033,14,9
2026-01-01,4,Les Corts,19,les Corts,84,4033,4,10
2026-01-01,4,Les Corts,19,les Corts,84,4033,67,11
2026-01-01,4,Les Corts,19,les Corts,84,4033,32,12
2026-01-01,4,Les Corts,19,les Corts,84,4034,20,1
2026-01-01,4,Les Corts,19,les Corts,84,4034,34,2
2026-01-01,4,Les Corts,19,les Corts,84,4034,93,3
2026-01-01,4,Les Corts,19,les Corts,84,4034,22,4
2026-01-01,4,Les Corts,19,les Corts,84,4034,36,5
2026-01-01,4,Les Corts,19,les Corts,84,4034,89,6
2026-01-01,4,Les Corts,19,les Corts,84,4034,43,7
2026-01-01,4,Les Corts,19,les Corts,84,4034,125,8
2026-01-01,4,Les Corts,19,les Corts,84,4034,6,9
2026-01-01,4,Les Corts,19,les Corts,84,4034,4,10
2026-01-01,4,Les Corts,19,les Corts,84,4034,65,11
2026-01-01,4,Les Corts,19,les Corts,84,4034,35,12
2026-01-01,4,Les Corts,19,les Corts,84,4035,48,1
2026-01-01,4,Les Corts,19,les Corts,84,4035,30,2
2026-01-01,4,Les Corts,19,les Corts,84,4035,88,3
2026-01-01,4,Les Corts,19,les Corts,84,4035,27,4
2026-01-01,4,Les Corts,19,les Corts,84,4035,59,5
2026-01-01,4,Les Corts,19,les Corts,84,4035,86,6
2026-01-01,4,Les Corts,19,les Corts,84,4035,38,7
2026-01-01,4,Les Corts,19,les Corts,84,4035,108,8
2026-01-01,4,Les Corts,19,les Corts,84,4035,16,9
2026-01-01,4,Les Corts,19,les Corts,84,4035,7,10
2026-01-01,4,Les Corts,19,les Corts,84,4035,72,11
2026-01-01,4,Les Corts,19,les Corts,84,4035,21,12
2026-01-01,4,Les Corts,20,la Maternitat i Sant Ramon,85,4036,47,1
2026-01-01,4,Les Corts,20,la Maternitat i Sant Ramon,85,4036,58,2
2026-01-01,4,Les Corts,20,la Maternitat i Sant Ramon,85,4036,89,3
2026-01-01,4,Les Corts,20,la Maternitat i Sant Ramon,85,4036,18,4
2026-01-01,4,Les Corts,20,la Maternitat i Sant Ramon,85,4036,82,5
2026-01-01,4,Les Corts,20,la Maternitat i Sant Ramon,85,4036,60,6
2026-01-01,4,Les Corts,20,la Maternitat i Sant Ramon,85,4036,45,7
2026-01-01,4,Les Corts,20,la Maternitat i Sant Ramon,85,4036,144,8
2026-01-01,4,Les Corts,20,la Maternitat i Sant Ramon,85,4036,18,9
2026-01-01,4,Les Corts,20,la Maternitat i Sant Ramon,85,4036,3,10
2026-01-01,4,Les Corts,20,la Maternitat i Sant Ramon,85,4036,88,11
2026-01-01,4,Les Corts,20,la Maternitat i Sant Ramon,85,4036,63,12
2026-01-01,4,Les Corts,20,la Maternitat i Sant Ramon,85,4037,66,1
2026-01-01,4,Les Corts,20,la Maternitat i Sant Ramon,85,4037,44,2
2026-01-01,4,Les Corts,20,la Maternitat i Sant Ramon,85,4037,123,3
2026-01-01,4,Les Corts,20,la Maternitat i Sant Ramon,85,4037,37,4
2026-01-01,4,Les Corts,20,la Maternitat i Sant Ramon,85,4037,81,5
2026-01-01,4,Les Corts,20,la Maternitat i Sant Ramon,85,4037,98,6
2026-01-01,4,Les Corts,20,la Maternitat i Sant Ramon,85,4037,62,7
2026-01-01,4,Les Corts,20,la Maternitat i Sant Ramon,85,4037,195,8
2026-01-01,4,Les Corts,20,la Maternitat i Sant Ramon,85,4037,20,9
2026-01-01,4,Les Corts,20,la Maternitat i Sant Ramon,85,4037,3,10
2026-01-01,4,Les Corts,20,la Maternitat i Sant Ramon,85,4037,102,11
2026-01-01,4,Les Corts,20,la Maternitat i Sant Ramon,85,4037,68,12
2026-01-01,4,Les Corts,20,la Maternitat i Sant Ramon,85,4038,45,1
2026-01-01,4,Les Corts,20,la Maternitat i Sant Ramon,85,4038,29,2
2026-01-01,4,Les Corts,20,la Maternitat i Sant Ramon,85,4038,64,3
2026-01-01,4,Les Corts,20,la Maternitat i Sant Ramon,85,4038,11,4
2026-01-01,4,Les Corts,20,la Maternitat i Sant Ramon,85,4038,56,5
2026-01-01,4,Les Corts,20,la Maternitat i Sant Ramon,85,4038,89,6
2026-01-01,4,Les Corts,20,la Maternitat i Sant Ramon,85,4038,32,7
2026-01-01,4,Les Corts,20,la Maternitat i Sant Ramon,85,4038,108,8
2026-01-01,4,Les Corts,20,la Maternitat i Sant Ramon,85,4038,9,9
2026-01-01,4,Les Corts,20,la Maternitat i Sant Ramon,85,4038,2,10
2026-01-01,4,Les Corts,20,la Maternitat i Sant Ramon,85,4038,46,11
2026-01-01,4,Les Corts,20,la Maternitat i Sant Ramon,85,4038,32,12
2026-01-01,4,Les Corts,20,la Maternitat i Sant Ramon,85,4039,64,1
2026-01-01,4,Les Corts,20,la Maternitat i Sant Ramon,85,4039,60,2
2026-01-01,4,Les Corts,20,la Maternitat i Sant Ramon,85,4039,49,3
2026-01-01,4,Les Corts,20,la Maternitat i Sant Ramon,85,4039,17,4
2026-01-01,4,Les Corts,20,la Maternitat i Sant Ramon,85,4039,57,5
2026-01-01,4,Les Corts,20,la Maternitat i Sant Ramon,85,4039,47,6
2026-01-01,4,Les Corts,20,la Maternitat i Sant Ramon,85,4039,24,7
2026-01-01,4,Les Corts,20,la Maternitat i Sant Ramon,85,4039,96,8
2026-01-01,4,Les Corts,20,la Maternitat i Sant Ramon,85,4039,9,9
2026-01-01,4,Les Corts,20,la Maternitat i Sant Ramon,85,4039,7,10
2026-01-01,4,Les Corts,20,la Maternitat i Sant Ramon,85,4039,58,11
2026-01-01,4,Les Corts,20,la Maternitat i Sant Ramon,85,4039,30,12
2026-01-01,4,Les Corts,20,la Maternitat i Sant Ramon,85,4040,61,1
2026-01-01,4,Les Corts,20,la Maternitat i Sant Ramon,85,4040,91,2
2026-01-01,4,Les Corts,20,la Maternitat i Sant Ramon,85,4040,48,3
2026-01-01,4,Les Corts,20,la Maternitat i Sant Ramon,85,4040,21,4
2026-01-01,4,Les Corts,20,la Maternitat i Sant Ramon,85,4040,102,5
2026-01-01,4,Les Corts,20,la Maternitat i Sant Ramon,85,4040,41,6
2026-01-01,4,Les Corts,20,la Maternitat i Sant Ramon,85,4040,39,7
2026-01-01,4,Les Corts,20,la Maternitat i Sant Ramon,85,4040,112,8
2026-01-01,4,Les Corts,20,la Maternitat i Sant Ramon,85,4040,17,9
2026-01-01,4,Les Corts,20,la Maternitat i Sant Ramon,85,4040,6,10
2026-01-01,4,Les Corts,20,la Maternitat i Sant Ramon,85,4040,85,11
2026-01-01,4,Les Corts,20,la Maternitat i Sant Ramon,85,4040,63,12
2026-01-01,4,Les Corts,20,la Maternitat i Sant Ramon,85,4041,50,1
2026-01-01,4,Les Corts,20,la Maternitat i Sant Ramon,85,4041,55,2
2026-01-01,4,Les Corts,20,la Maternitat i Sant Ramon,85,4041,76,3
2026-01-01,4,Les Corts,20,la Maternitat i Sant Ramon,85,4041,17,4
2026-01-01,4,Les Corts,20,la Maternitat i Sant Ramon,85,4041,90,5
2026-01-01,4,Les Corts,20,la Maternitat i Sant Ramon,85,4041,41,6
2026-01-01,4,Les Corts,20,la Maternitat i Sant Ramon,85,4041,33,7
2026-01-01,4,Les Corts,20,la Maternitat i Sant Ramon,85,4041,111,8
2026-01-01,4,Les Corts,20,la Maternitat i Sant Ramon,85,4041,15,9
2026-01-01,4,Les Corts,20,la Maternitat i Sant Ramon,85,4041,1,10
2026-01-01,4,Les Corts,20,la Maternitat i Sant Ramon,85,4041,66,11
2026-01-01,4,Les Corts,20,la Maternitat i Sant Ramon,85,4041,34,12
2026-01-01,4,Les Corts,20,la Maternitat i Sant Ramon,85,4042,83,1
2026-01-01,4,Les Corts,20,la Maternitat i Sant Ramon,85,4042,65,2
2026-01-01,4,Les Corts,20,la Maternitat i Sant Ramon,85,4042,96,3
2026-01-01,4,Les Corts,20,la Maternitat i Sant Ramon,85,4042,30,4
2026-01-01,4,Les Corts,20,la Maternitat i Sant Ramon,85,4042,81,5
2026-01-01,4,Les Corts,20,la Maternitat i Sant Ramon,85,4042,87,6
2026-01-01,4,Les Corts,20,la Maternitat i Sant Ramon,85,4042,45,7
2026-01-01,4,Les Corts,20,la Maternitat i Sant Ramon,85,4042,159,8
2026-01-01,4,Les Corts,20,la Maternitat i Sant Ramon,85,4042,11,9
2026-01-01,4,Les Corts,20,la Maternitat i Sant Ramon,85,4042,2,10
2026-01-01,4,Les Corts,20,la Maternitat i Sant Ramon,85,4042,67,11
2026-01-01,4,Les Corts,20,la Maternitat i Sant Ramon,85,4042,43,12
2026-01-01,4,Les Corts,20,la Maternitat i Sant Ramon,86,4043,31,1
2026-01-01,4,Les Corts,20,la Maternitat i Sant Ramon,86,4043,35,2
2026-01-01,4,Les Corts,20,la Maternitat i Sant Ramon,86,4043,93,3
2026-01-01,4,Les Corts,20,la Maternitat i Sant Ramon,86,4043,37,4
2026-01-01,4,Les Corts,20,la Maternitat i Sant Ramon,86,4043,56,5
2026-01-01,4,Les Corts,20,la Maternitat i Sant Ramon,86,4043,134,6
2026-01-01,4,Les Corts,20,la Maternitat i Sant Ramon,86,4043,46,7
2026-01-01,4,Les Corts,20,la Maternitat i Sant Ramon,86,4043,115,8
2026-01-01,4,Les Corts,20,la Maternitat i Sant Ramon,86,4043,13,9
2026-01-01,4,Les Corts,20,la Maternitat i Sant Ramon,86,4043,4,10
2026-01-01,4,Les Corts,20,la Maternitat i Sant Ramon,86,4043,65,11
2026-01-01,4,Les Corts,20,la Maternitat i Sant Ramon,86,4043,45,12
2026-01-01,4,Les Corts,20,la Maternitat i Sant Ramon,86,4044,55,1
2026-01-01,4,Les Corts,20,la Maternitat i Sant Ramon,86,4044,55,2
2026-01-01,4,Les Corts,20,la Maternitat i Sant Ramon,86,4044,64,3
2026-01-01,4,Les Corts,20,la Maternitat i Sant Ramon,86,4044,24,4
2026-01-01,4,Les Corts,20,la Maternitat i Sant Ramon,86,4044,74,5
2026-01-01,4,Les Corts,20,la Maternitat i Sant Ramon,86,4044,81,6
2026-01-01,4,Les Corts,20,la Maternitat i Sant Ramon,86,4044,33,7
2026-01-01,4,Les Corts,20,la Maternitat i Sant Ramon,86,4044,140,8
2026-01-01,4,Les Corts,20,la Maternitat i Sant Ramon,86,4044,12,9
2026-01-01,4,Les Corts,20,la Maternitat i Sant Ramon,86,4044,2,10
2026-01-01,4,Les Corts,20,la Maternitat i Sant Ramon,86,4044,59,11
2026-01-01,4,Les Corts,20,la Maternitat i Sant Ramon,86,4044,62,12
2026-01-01,4,Les Corts,20,la Maternitat i Sant Ramon,86,4045,54,1
2026-01-01,4,Les Corts,20,la Maternitat i Sant Ramon,86,4045,31,2
2026-01-01,4,Les Corts,20,la Maternitat i Sant Ramon,86,4045,73,3
2026-01-01,4,Les Corts,20,la Maternitat i Sant Ramon,86,4045,27,4
2026-01-01,4,Les Corts,20,la Maternitat i Sant Ramon,86,4045,64,5
2026-01-01,4,Les Corts,20,la Maternitat i Sant Ramon,86,4045,55,6
2026-01-01,4,Les Corts,20,la Maternitat i Sant Ramon,86,4045,42,7
2026-01-01,4,Les Corts,20,la Maternitat i Sant Ramon,86,4045,105,8
2026-01-01,4,Les Corts,20,la Maternitat i Sant Ramon,86,4045,8,9
2026-01-01,4,Les Corts,20,la Maternitat i Sant Ramon,86,4045,5,10
2026-01-01,4,Les Corts,20,la Maternitat i Sant Ramon,86,4045,78,11
2026-01-01,4,Les Corts,20,la Maternitat i Sant Ramon,86,4045,42,12
2026-01-01,4,Les Corts,20,la Maternitat i Sant Ramon,86,4046,29,1
2026-01-01,4,Les Corts,20,la Maternitat i Sant Ramon,86,4046,35,2
2026-01-01,4,Les Corts,20,la Maternitat i Sant Ramon,86,4046,125,3
2026-01-01,4,Les Corts,20,la Maternitat i Sant Ramon,86,4046,48,4
2026-01-01,4,Les Corts,20,la Maternitat i Sant Ramon,86,4046,72,5
2026-01-01,4,Les Corts,20,la Maternitat i Sant Ramon,86,4046,175,6
2026-01-01,4,Les Corts,20,la Maternitat i Sant Ramon,86,4046,67,7
2026-01-01,4,Les Corts,20,la Maternitat i Sant Ramon,86,4046,194,8
2026-01-01,4,Les Corts,20,la Maternitat i Sant Ramon,86,4046,19,9
2026-01-01,4,Les Corts,20,la Maternitat i Sant Ramon,86,4046,6,10
2026-01-01,4,Les Corts,20,la Maternitat i Sant Ramon,86,4046,125,11
2026-01-01,4,Les Corts,20,la Maternitat i Sant Ramon,86,4046,56,12
2026-01-01,4,Les Corts,20,la Maternitat i Sant Ramon,86,4047,29,1
2026-01-01,4,Les Corts,20,la Maternitat i Sant Ramon,86,4047,44,2
2026-01-01,4,Les Corts,20,la Maternitat i Sant Ramon,86,4047,76,3
2026-01-01,4,Les Corts,20,la Maternitat i Sant Ramon,86,4047,22,4
2026-01-01,4,Les Corts,20,la Maternitat i Sant Ramon,86,4047,63,5
2026-01-01,4,Les Corts,20,la Maternitat i Sant Ramon,86,4047,103,6
2026-01-01,4,Les Corts,20,la Maternitat i Sant Ramon,86,4047,51,7
2026-01-01,4,Les Corts,20,la Maternitat i Sant Ramon,86,4047,151,8
2026-01-01,4,Les Corts,20,la Maternitat i Sant Ramon,86,4047,19,9
2026-01-01,4,Les Corts,20,la Maternitat i Sant Ramon,86,4047,6,10
2026-01-01,4,Les Corts,20,la Maternitat i Sant Ramon,86,4047,107,11
2026-01-01,4,Les Corts,20,la Maternitat i Sant Ramon,86,4047,66,12
2026-01-01,4,Les Corts,20,la Maternitat i Sant Ramon,87,4048,34,1
2026-01-01,4,Les Corts,20,la Maternitat i Sant Ramon,87,4048,36,2
2026-01-01,4,Les Corts,20,la Maternitat i Sant Ramon,87,4048,70,3
2026-01-01,4,Les Corts,20,la Maternitat i Sant Ramon,87,4048,27,4
2026-01-01,4,Les Corts,20,la Maternitat i Sant Ramon,87,4048,52,5
2026-01-01,4,Les Corts,20,la Maternitat i Sant Ramon,87,4048,82,6
2026-01-01,4,Les Corts,20,la Maternitat i Sant Ramon,87,4048,46,7
2026-01-01,4,Les Corts,20,la Maternitat i Sant Ramon,87,4048,134,8
2026-01-01,4,Les Corts,20,la Maternitat i Sant Ramon,87,4048,15,9
2026-01-01,4,Les Corts,20,la Maternitat i Sant Ramon,87,4048,4,10
2026-01-01,4,Les Corts,20,la Maternitat i Sant Ramon,87,4048,77,11
2026-01-01,4,Les Corts,20,la Maternitat i Sant Ramon,87,4048,37,12
2026-01-01,4,Les Corts,20,la Maternitat i Sant Ramon,87,4049,16,1
2026-01-01,4,Les Corts,20,la Maternitat i Sant Ramon,87,4049,32,2
2026-01-01,4,Les Corts,20,la Maternitat i Sant Ramon,87,4049,47,3
2026-01-01,4,Les Corts,20,la Maternitat i Sant Ramon,87,4049,15,4
2026-01-01,4,Les Corts,20,la Maternitat i Sant Ramon,87,4049,31,5
2026-01-01,4,Les Corts,20,la Maternitat i Sant Ramon,87,4049,47,6
2026-01-01,4,Les Corts,20,la Maternitat i Sant Ramon,87,4049,34,7
2026-01-01,4,Les Corts,20,la Maternitat i Sant Ramon,87,4049,77,8
2026-01-01,4,Les Corts,20,la Maternitat i Sant Ramon,87,4049,12,9
2026-01-01,4,Les Corts,20,la Maternitat i Sant Ramon,87,4049,3,10
2026-01-01,4,Les Corts,20,la Maternitat i Sant Ramon,87,4049,77,11
2026-01-01,4,Les Corts,20,la Maternitat i Sant Ramon,87,4049,40,12
2026-01-01,4,Les Corts,20,la Maternitat i Sant Ramon,87,4084,23,1
2026-01-01,4,Les Corts,20,la Maternitat i Sant Ramon,87,4084,31,2
2026-01-01,4,Les Corts,20,la Maternitat i Sant Ramon,87,4084,83,3
2026-01-01,4,Les Corts,20,la Maternitat i Sant Ramon,87,4084,21,4
2026-01-01,4,Les Corts,20,la Maternitat i Sant Ramon,87,4084,43,5
2026-01-01,4,Les Corts,20,la Maternitat i Sant Ramon,87,4084,76,6
2026-01-01,4,Les Corts,20,la Maternitat i Sant Ramon,87,4084,42,7
2026-01-01,4,Les Corts,20,la Maternitat i Sant Ramon,87,4084,117,8
2026-01-01,4,Les Corts,20,la Maternitat i Sant Ramon,87,4084,10,9
2026-01-01,4,Les Corts,20,la Maternitat i Sant Ramon,87,4084,4,10
2026-01-01,4,Les Corts,20,la Maternitat i Sant Ramon,87,4084,80,11
2026-01-01,4,Les Corts,20,la Maternitat i Sant Ramon,87,4084,40,12
2026-01-01,4,Les Corts,21,Pedralbes,88,4050,38,1
2026-01-01,4,Les Corts,21,Pedralbes,88,4050,22,2
2026-01-01,4,Les Corts,21,Pedralbes,88,4050,89,3
2026-01-01,4,Les Corts,21,Pedralbes,88,4050,31,4
2026-01-01,4,Les Corts,21,Pedralbes,88,4050,30,5
2026-01-01,4,Les Corts,21,Pedralbes,88,4050,119,6
2026-01-01,4,Les Corts,21,Pedralbes,88,4050,37,7
2026-01-01,4,Les Corts,21,Pedralbes,88,4050,148,8
2026-01-01,4,Les Corts,21,Pedralbes,88,4050,26,9
2026-01-01,4,Les Corts,21,Pedralbes,88,4050,5,10
2026-01-01,4,Les Corts,21,Pedralbes,88,4050,130,11
2026-01-01,4,Les Corts,21,Pedralbes,88,4050,64,12
2026-01-01,4,Les Corts,21,Pedralbes,88,4051,58,1
2026-01-01,4,Les Corts,21,Pedralbes,88,4051,54,2
2026-01-01,4,Les Corts,21,Pedralbes,88,4051,94,3
2026-01-01,4,Les Corts,21,Pedralbes,88,4051,29,4
2026-01-01,4,Les Corts,21,Pedralbes,88,4051,72,5
2026-01-01,4,Les Corts,21,Pedralbes,88,4051,47,6
2026-01-01,4,Les Corts,21,Pedralbes,88,4051,42,7
2026-01-01,4,Les Corts,21,Pedralbes,88,4051,120,8
2026-01-01,4,Les Corts,21,Pedralbes,88,4051,17,9
2026-01-01,4,Les Corts,21,Pedralbes,88,4051,5,10
2026-01-01,4,Les Corts,21,Pedralbes,88,4051,121,11
2026-01-01,4,Les Corts,21,Pedralbes,88,4051,44,12
2026-01-01,4,Les Corts,21,Pedralbes,88,4052,38,1
2026-01-01,4,Les Corts,21,Pedralbes,88,4052,27,2
2026-01-01,4,Les Corts,21,Pedralbes,88,4052,108,3
2026-01-01,4,Les Corts,21,Pedralbes,88,4052,30,4
2026-01-01,4,Les Corts,21,Pedralbes,88,4052,41,5
2026-01-01,4,Les Corts,21,Pedralbes,88,4052,111,6
2026-01-01,4,Les Corts,21,Pedralbes,88,4052,51,7
2026-01-01,4,Les Corts,21,Pedralbes,88,4052,158,8
2026-01-01,4,Les Corts,21,Pedralbes,88,4052,16,9
2026-01-01,4,Les Corts,21,Pedralbes,88,4052,6,10
2026-01-01,4,Les Corts,21,Pedralbes,88,4052,130,11
2026-01-01,4,Les Corts,21,Pedralbes,88,4052,78,12
2026-01-01,4,Les Corts,21,Pedralbes,89,4053,44,1
2026-01-01,4,Les Corts,21,Pedralbes,89,4053,58,2
2026-01-01,4,Les Corts,21,Pedralbes,89,4053,49,3
2026-01-01,4,Les Corts,21,Pedralbes,89,4053,20,4
2026-01-01,4,Les Corts,21,Pedralbes,89,4053,59,5
2026-01-01,4,Les Corts,21,Pedralbes,89,4053,46,6
2026-01-01,4,Les Corts,21,Pedralbes,89,4053,31,7
2026-01-01,4,Les Corts,21,Pedralbes,89,4053,110,8
2026-01-01,4,Les Corts,21,Pedralbes,89,4053,16,9
2026-01-01,4,Les Corts,21,Pedralbes,89,4053,5,10
2026-01-01,4,Les Corts,21,Pedralbes,89,4053,87,11
2026-01-01,4,Les Corts,21,Pedralbes,89,4053,59,12
2026-01-01,4,Les Corts,21,Pedralbes,89,4054,22,1
2026-01-01,4,Les Corts,21,Pedralbes,89,4054,15,2
2026-01-01,4,Les Corts,21,Pedralbes,89,4054,48,3
2026-01-01,4,Les Corts,21,Pedralbes,89,4054,18,4
2026-01-01,4,Les Corts,21,Pedralbes,89,4054,18,5
2026-01-01,4,Les Corts,21,Pedralbes,89,4054,63,6
2026-01-01,4,Les Corts,21,Pedralbes,89,4054,27,7
2026-01-01,4,Les Corts,21,Pedralbes,89,4054,76,8
2026-01-01,4,Les Corts,21,Pedralbes,89,4054,10,9
2026-01-01,4,Les Corts,21,Pedralbes,89,4054,2,10
2026-01-01,4,Les Corts,21,Pedralbes,89,4054,72,11
2026-01-01,4,Les Corts,21,Pedralbes,89,4054,33,12
2026-01-01,4,Les Corts,21,Pedralbes,90,4055,16,1
2026-01-01,4,Les Corts,21,Pedralbes,90,4055,27,2
2026-01-01,4,Les Corts,21,Pedralbes,90,4055,51,3
2026-01-01,4,Les Corts,21,Pedralbes,90,4055,18,4
2026-01-01,4,Les Corts,21,Pedralbes,90,4055,24,5
2026-01-01,4,Les Corts,21,Pedralbes,90,4055,74,6
2026-01-01,4,Les Corts,21,Pedralbes,90,4055,29,7
2026-01-01,4,Les Corts,21,Pedralbes,90,4055,111,8
2026-01-01,4,Les Corts,21,Pedralbes,90,4055,17,9
2026-01-01,4,Les Corts,21,Pedralbes,90,4055,3,10
2026-01-01,4,Les Corts,21,Pedralbes,90,4055,91,11
2026-01-01,4,Les Corts,21,Pedralbes,90,4055,74,12
2026-01-01,4,Les Corts,21,Pedralbes,90,4056,46,1
2026-01-01,4,Les Corts,21,Pedralbes,90,4056,48,2
2026-01-01,4,Les Corts,21,Pedralbes,90,4056,34,3
2026-01-01,4,Les Corts,21,Pedralbes,90,4056,32,4
2026-01-01,4,Les Corts,21,Pedralbes,90,4056,35,5
2026-01-01,4,Les Corts,21,Pedralbes,90,4056,42,6
2026-01-01,4,Les Corts,21,Pedralbes,90,4056,35,7
2026-01-01,4,Les Corts,21,Pedralbes,90,4056,127,8
2026-01-01,4,Les Corts,21,Pedralbes,90,4056,22,9
2026-01-01,4,Les Corts,21,Pedralbes,90,4056,6,10
2026-01-01,4,Les Corts,21,Pedralbes,90,4056,95,11
2026-01-01,4,Les Corts,21,Pedralbes,90,4056,75,12
2026-01-01,5,Sarrià-Sant Gervasi,22,"Vallvidrera, el Tibidabo i les Planes",91,5001,44,1
2026-01-01,5,Sarrià-Sant Gervasi,22,"Vallvidrera, el Tibidabo i les Planes",91,5001,74,2
2026-01-01,5,Sarrià-Sant Gervasi,22,"Vallvidrera, el Tibidabo i les Planes",91,5001,22,3
2026-01-01,5,Sarrià-Sant Gervasi,22,"Vallvidrera, el Tibidabo i les Planes",91,5001,25,4
2026-01-01,5,Sarrià-Sant Gervasi,22,"Vallvidrera, el Tibidabo i les Planes",91,5001,82,5
2026-01-01,5,Sarrià-Sant Gervasi,22,"Vallvidrera, el Tibidabo i les Planes",91,5001,34,6
2026-01-01,5,Sarrià-Sant Gervasi,22,"Vallvidrera, el Tibidabo i les Planes",91,5001,41,7
2026-01-01,5,Sarrià-Sant Gervasi,22,"Vallvidrera, el Tibidabo i les Planes",91,5001,132,8
2026-01-01,5,Sarrià-Sant Gervasi,22,"Vallvidrera, el Tibidabo i les Planes",91,5001,20,9
2026-01-01,5,Sarrià-Sant Gervasi,22,"Vallvidrera, el Tibidabo i les Planes",91,5001,7,10
2026-01-01,5,Sarrià-Sant Gervasi,22,"Vallvidrera, el Tibidabo i les Planes",91,5001,136,11
2026-01-01,5,Sarrià-Sant Gervasi,22,"Vallvidrera, el Tibidabo i les Planes",91,5001,60,12
2026-01-01,5,Sarrià-Sant Gervasi,22,"Vallvidrera, el Tibidabo i les Planes",92,5002,44,1
2026-01-01,5,Sarrià-Sant Gervasi,22,"Vallvidrera, el Tibidabo i les Planes",92,5002,32,2
2026-01-01,5,Sarrià-Sant Gervasi,22,"Vallvidrera, el Tibidabo i les Planes",92,5002,43,3
2026-01-01,5,Sarrià-Sant Gervasi,22,"Vallvidrera, el Tibidabo i les Planes",92,5002,18,4
2026-01-01,5,Sarrià-Sant Gervasi,22,"Vallvidrera, el Tibidabo i les Planes",92,5002,44,5
2026-01-01,5,Sarrià-Sant Gervasi,22,"Vallvidrera, el Tibidabo i les Planes",92,5002,52,6
2026-01-01,5,Sarrià-Sant Gervasi,22,"Vallvidrera, el Tibidabo i les Planes",92,5002,43,7
2026-01-01,5,Sarrià-Sant Gervasi,22,"Vallvidrera, el Tibidabo i les Planes",92,5002,122,8
2026-01-01,5,Sarrià-Sant Gervasi,22,"Vallvidrera, el Tibidabo i les Planes",92,5002,17,9
2026-01-01,5,Sarrià-Sant Gervasi,22,"Vallvidrera, el Tibidabo i les Planes",92,5002,9,10
2026-01-01,5,Sarrià-Sant Gervasi,22,"Vallvidrera, el Tibidabo i les Planes",92,5002,94,11
2026-01-01,5,Sarrià-Sant Gervasi,22,"Vallvidrera, el Tibidabo i les Planes",92,5002,54,12
2026-01-01,5,Sarrià-Sant Gervasi,22,"Vallvidrera, el Tibidabo i les Planes",92,5003,25,1
2026-01-01,5,Sarrià-Sant Gervasi,22,"Vallvidrera, el Tibidabo i les Planes",92,5003,38,2
2026-01-01,5,Sarrià-Sant Gervasi,22,"Vallvidrera, el Tibidabo i les Planes",92,5003,41,3
2026-01-01,5,Sarrià-Sant Gervasi,22,"Vallvidrera, el Tibidabo i les Planes",92,5003,20,4
2026-01-01,5,Sarrià-Sant Gervasi,22,"Vallvidrera, el Tibidabo i les Planes",92,5003,43,5
2026-01-01,5,Sarrià-Sant Gervasi,22,"Vallvidrera, el Tibidabo i les Planes",92,5003,38,6
2026-01-01,5,Sarrià-Sant Gervasi,22,"Vallvidrera, el Tibidabo i les Planes",92,5003,31,7
2026-01-01,5,Sarrià-Sant Gervasi,22,"Vallvidrera, el Tibidabo i les Planes",92,5003,97,8
2026-01-01,5,Sarrià-Sant Gervasi,22,"Vallvidrera, el Tibidabo i les Planes",92,5003,21,9
2026-01-01,5,Sarrià-Sant Gervasi,22,"Vallvidrera, el Tibidabo i les Planes",92,5003,7,10
2026-01-01,5,Sarrià-Sant Gervasi,22,"Vallvidrera, el Tibidabo i les Planes",92,5003,84,11
2026-01-01,5,Sarrià-Sant Gervasi,22,"Vallvidrera, el Tibidabo i les Planes",92,5003,39,12
2026-01-01,5,Sarrià-Sant Gervasi,23,Sarrià,93,5004,15,1
2026-01-01,5,Sarrià-Sant Gervasi,23,Sarrià,93,5004,21,2
2026-01-01,5,Sarrià-Sant Gervasi,23,Sarrià,93,5004,20,3
2026-01-01,5,Sarrià-Sant Gervasi,23,Sarrià,93,5004,8,4
2026-01-01,5,Sarrià-Sant Gervasi,23,Sarrià,93,5004,28,5
2026-01-01,5,Sarrià-Sant Gervasi,23,Sarrià,93,5004,20,6
2026-01-01,5,Sarrià-Sant Gervasi,23,Sarrià,93,5004,15,7
2026-01-01,5,Sarrià-Sant Gervasi,23,Sarrià,93,5004,78,8
2026-01-01,5,Sarrià-Sant Gervasi,23,Sarrià,93,5004,6,9
2026-01-01,5,Sarrià-Sant Gervasi,23,Sarrià,93,5004,4,10
2026-01-01,5,Sarrià-Sant Gervasi,23,Sarrià,93,5004,52,11
2026-01-01,5,Sarrià-Sant Gervasi,23,Sarrià,93,5004,33,12
2026-01-01,5,Sarrià-Sant Gervasi,23,Sarrià,93,5005,21,1
2026-01-01,5,Sarrià-Sant Gervasi,23,Sarrià,93,5005,28,2
2026-01-01,5,Sarrià-Sant Gervasi,23,Sarrià,93,5005,29,3
2026-01-01,5,Sarrià-Sant Gervasi,23,Sarrià,93,5005,9,4
2026-01-01,5,Sarrià-Sant Gervasi,23,Sarrià,93,5005,26,5
2026-01-01,5,Sarrià-Sant Gervasi,23,Sarrià,93,5005,20,6
2026-01-01,5,Sarrià-Sant Gervasi,23,Sarrià,93,5005,12,7
2026-01-01,5,Sarrià-Sant Gervasi,23,Sarrià,93,5005,92,8
2026-01-01,5,Sarrià-Sant Gervasi,23,Sarrià,93,5005,10,9
2026-01-01,5,Sarrià-Sant Gervasi,23,Sarrià,93,5005,3,10
2026-01-01,5,Sarrià-Sant Gervasi,23,Sarrià,93,5005,54,11
2026-01-01,5,Sarrià-Sant Gervasi,23,Sarrià,93,5005,45,12
2026-01-01,5,Sarrià-Sant Gervasi,23,Sarrià,94,5006,26,1
2026-01-01,5,Sarrià-Sant Gervasi,23,Sarrià,94,5006,26,2
2026-01-01,5,Sarrià-Sant Gervasi,23,Sarrià,94,5006,46,3
2026-01-01,5,Sarrià-Sant Gervasi,23,Sarrià,94,5006,25,4
2026-01-01,5,Sarrià-Sant Gervasi,23,Sarrià,94,5006,33,5
2026-01-01,5,Sarrià-Sant Gervasi,23,Sarrià,94,5006,73,6
2026-01-01,5,Sarrià-Sant Gervasi,23,Sarrià,94,5006,25,7
2026-01-01,5,Sarrià-Sant Gervasi,23,Sarrià,94,5006,135,8
2026-01-01,5,Sarrià-Sant Gervasi,23,Sarrià,94,5006,18,9
2026-01-01,5,Sarrià-Sant Gervasi,23,Sarrià,94,5006,4,10
2026-01-01,5,Sarrià-Sant Gervasi,23,Sarrià,94,5006,93,11
2026-01-01,5,Sarrià-Sant Gervasi,23,Sarrià,94,5006,69,12
2026-01-01,5,Sarrià-Sant Gervasi,23,Sarrià,95,5007,76,1
2026-01-01,5,Sarrià-Sant Gervasi,23,Sarrià,95,5007,46,2
2026-01-01,5,Sarrià-Sant Gervasi,23,Sarrià,95,5007,44,3
2026-01-01,5,Sarrià-Sant Gervasi,23,Sarrià,95,5007,22,4
2026-01-01,5,Sarrià-Sant Gervasi,23,Sarrià,95,5007,50,5
2026-01-01,5,Sarrià-Sant Gervasi,23,Sarrià,95,5007,47,6
2026-01-01,5,Sarrià-Sant Gervasi,23,Sarrià,95,5007,27,7
2026-01-01,5,Sarrià-Sant Gervasi,23,Sarrià,95,5007,116,8
2026-01-01,5,Sarrià-Sant Gervasi,23,Sarrià,95,5007,27,9
2026-01-01,5,Sarrià-Sant Gervasi,23,Sarrià,95,5007,4,10
2026-01-01,5,Sarrià-Sant Gervasi,23,Sarrià,95,5007,118,11
2026-01-01,5,Sarrià-Sant Gervasi,23,Sarrià,95,5007,59,12
2026-01-01,5,Sarrià-Sant Gervasi,23,Sarrià,95,5008,44,1
2026-01-01,5,Sarrià-Sant Gervasi,23,Sarrià,95,5008,50,2
2026-01-01,5,Sarrià-Sant Gervasi,23,Sarrià,95,5008,51,3
2026-01-01,5,Sarrià-Sant Gervasi,23,Sarrià,95,5008,22,4
2026-01-01,5,Sarrià-Sant Gervasi,23,Sarrià,95,5008,67,5
2026-01-01,5,Sarrià-Sant Gervasi,23,Sarrià,95,5008,39,6
2026-01-01,5,Sarrià-Sant Gervasi,23,Sarrià,95,5008,36,7
2026-01-01,5,Sarrià-Sant Gervasi,23,Sarrià,95,5008,96,8
2026-01-01,5,Sarrià-Sant Gervasi,23,Sarrià,95,5008,25,9
2026-01-01,5,Sarrià-Sant Gervasi,23,Sarrià,95,5008,7,10
2026-01-01,5,Sarrià-Sant Gervasi,23,Sarrià,95,5008,108,11
2026-01-01,5,Sarrià-Sant Gervasi,23,Sarrià,95,5008,57,12
2026-01-01,5,Sarrià-Sant Gervasi,23,Sarrià,95,5009,81,1
2026-01-01,5,Sarrià-Sant Gervasi,23,Sarrià,95,5009,60,2
2026-01-01,5,Sarrià-Sant Gervasi,23,Sarrià,95,5009,57,3
2026-01-01,5,Sarrià-Sant Gervasi,23,Sarrià,95,5009,20,4
2026-01-01,5,Sarrià-Sant Gervasi,23,Sarrià,95,5009,67,5
2026-01-01,5,Sarrià-Sant Gervasi,23,Sarrià,95,5009,58,6
2026-01-01,5,Sarrià-Sant Gervasi,23,Sarrià,95,5009,47,7
2026-01-01,5,Sarrià-Sant Gervasi,23,Sarrià,95,5009,104,8
2026-01-01,5,Sarrià-Sant Gervasi,23,Sarrià,95,5009,16,9
2026-01-01,5,Sarrià-Sant Gervasi,23,Sarrià,95,5009,3,10
2026-01-01,5,Sarrià-Sant Gervasi,23,Sarrià,95,5009,103,11
2026-01-01,5,Sarrià-Sant Gervasi,23,Sarrià,95,5009,43,12
2026-01-01,5,Sarrià-Sant Gervasi,23,Sarrià,95,5010,59,1
2026-01-01,5,Sarrià-Sant Gervasi,23,Sarrià,95,5010,27,2
2026-01-01,5,Sarrià-Sant Gervasi,23,Sarrià,95,5010,60,3
2026-01-01,5,Sarrià-Sant Gervasi,23,Sarrià,95,5010,20,4
2026-01-01,5,Sarrià-Sant Gervasi,23,Sarrià,95,5010,58,5
2026-01-01,5,Sarrià-Sant Gervasi,23,Sarrià,95,5010,54,6
2026-01-01,5,Sarrià-Sant Gervasi,23,Sarrià,95,5010,33,7
2026-01-01,5,Sarrià-Sant Gervasi,23,Sarrià,95,5010,95,8
2026-01-01,5,Sarrià-Sant Gervasi,23,Sarrià,95,5010,24,9
2026-01-01,5,Sarrià-Sant Gervasi,23,Sarrià,95,5010,8,10
2026-01-01,5,Sarrià-Sant Gervasi,23,Sarrià,95,5010,96,11
2026-01-01,5,Sarrià-Sant Gervasi,23,Sarrià,95,5010,47,12
2026-01-01,5,Sarrià-Sant Gervasi,23,Sarrià,95,5011,44,1
2026-01-01,5,Sarrià-Sant Gervasi,23,Sarrià,95,5011,54,2
2026-01-01,5,Sarrià-Sant Gervasi,23,Sarrià,95,5011,52,3
2026-01-01,5,Sarrià-Sant Gervasi,23,Sarrià,95,5011,18,4
2026-01-01,5,Sarrià-Sant Gervasi,23,Sarrià,95,5011,57,5
2026-01-01,5,Sarrià-Sant Gervasi,23,Sarrià,95,5011,42,6
2026-01-01,5,Sarrià-Sant Gervasi,23,Sarrià,95,5011,27,7
2026-01-01,5,Sarrià-Sant Gervasi,23,Sarrià,95,5011,101,8
2026-01-01,5,Sarrià-Sant Gervasi,23,Sarrià,95,5011,29,9
2026-01-01,5,Sarrià-Sant Gervasi,23,Sarrià,95,5011,4,10
2026-01-01,5,Sarrià-Sant Gervasi,23,Sarrià,95,5011,90,11
2026-01-01,5,Sarrià-Sant Gervasi,23,Sarrià,95,5011,53,12
2026-01-01,5,Sarrià-Sant Gervasi,23,Sarrià,95,5012,69,1
2026-01-01,5,Sarrià-Sant Gervasi,23,Sarrià,95,5012,47,2
2026-01-01,5,Sarrià-Sant Gervasi,23,Sarrià,95,5012,56,3
2026-01-01,5,Sarrià-Sant Gervasi,23,Sarrià,95,5012,19,4
2026-01-01,5,Sarrià-Sant Gervasi,23,Sarrià,95,5012,82,5
2026-01-01,5,Sarrià-Sant Gervasi,23,Sarrià,95,5012,53,6
2026-01-01,5,Sarrià-Sant Gervasi,23,Sarrià,95,5012,19,7
2026-01-01,5,Sarrià-Sant Gervasi,23,Sarrià,95,5012,103,8
2026-01-01,5,Sarrià-Sant Gervasi,23,Sarrià,95,5012,10,9
2026-01-01,5,Sarrià-Sant Gervasi,23,Sarrià,95,5012,7,10
2026-01-01,5,Sarrià-Sant Gervasi,23,Sarrià,95,5012,81,11
2026-01-01,5,Sarrià-Sant Gervasi,23,Sarrià,95,5012,38,12
2026-01-01,5,Sarrià-Sant Gervasi,23,Sarrià,95,5013,69,1
2026-01-01,5,Sarrià-Sant Gervasi,23,Sarrià,95,5013,67,2
2026-01-01,5,Sarrià-Sant Gervasi,23,Sarrià,95,5013,76,3
2026-01-01,5,Sarrià-Sant Gervasi,23,Sarrià,95,5013,21,4
2026-01-01,5,Sarrià-Sant Gervasi,23,Sarrià,95,5013,70,5
2026-01-01,5,Sarrià-Sant Gervasi,23,Sarrià,95,5013,54,6
2026-01-01,5,Sarrià-Sant Gervasi,23,Sarrià,95,5013,37,7
2026-01-01,5,Sarrià-Sant Gervasi,23,Sarrià,95,5013,123,8
2026-01-01,5,Sarrià-Sant Gervasi,23,Sarrià,95,5013,15,9
2026-01-01,5,Sarrià-Sant Gervasi,23,Sarrià,95,5013,6,10
2026-01-01,5,Sarrià-Sant Gervasi,23,Sarrià,95,5013,111,11
2026-01-01,5,Sarrià-Sant Gervasi,23,Sarrià,95,5013,40,12
2026-01-01,5,Sarrià-Sant Gervasi,23,Sarrià,96,5014,48,1
2026-01-01,5,Sarrià-Sant Gervasi,23,Sarrià,96,5014,41,2
2026-01-01,5,Sarrià-Sant Gervasi,23,Sarrià,96,5014,68,3
2026-01-01,5,Sarrià-Sant Gervasi,23,Sarrià,96,5014,20,4
2026-01-01,5,Sarrià-Sant Gervasi,23,Sarrià,96,5014,61,5
2026-01-01,5,Sarrià-Sant Gervasi,23,Sarrià,96,5014,73,6
2026-01-01,5,Sarrià-Sant Gervasi,23,Sarrià,96,5014,40,7
2026-01-01,5,Sarrià-Sant Gervasi,23,Sarrià,96,5014,110,8
2026-01-01,5,Sarrià-Sant Gervasi,23,Sarrià,96,5014,29,9
2026-01-01,5,Sarrià-Sant Gervasi,23,Sarrià,96,5014,9,10
2026-01-01,5,Sarrià-Sant Gervasi,23,Sarrià,96,5014,101,11
2026-01-01,5,Sarrià-Sant Gervasi,23,Sarrià,96,5014,40,12
2026-01-01,5,Sarrià-Sant Gervasi,23,Sarrià,96,5015,42,1
2026-01-01,5,Sarrià-Sant Gervasi,23,Sarrià,96,5015,31,2
2026-01-01,5,Sarrià-Sant Gervasi,23,Sarrià,96,5015,76,3
2026-01-01,5,Sarrià-Sant Gervasi,23,Sarrià,96,5015,15,4
2026-01-01,5,Sarrià-Sant Gervasi,23,Sarrià,96,5015,59,5
2026-01-01,5,Sarrià-Sant Gervasi,23,Sarrià,96,5015,52,6
2026-01-01,5,Sarrià-Sant Gervasi,23,Sarrià,96,5015,30,7
2026-01-01,5,Sarrià-Sant Gervasi,23,Sarrià,96,5015,96,8
2026-01-01,5,Sarrià-Sant Gervasi,23,Sarrià,96,5015,12,9
2026-01-01,5,Sarrià-Sant Gervasi,23,Sarrià,96,5015,4,10
2026-01-01,5,Sarrià-Sant Gervasi,23,Sarrià,96,5015,128,11
2026-01-01,5,Sarrià-Sant Gervasi,23,Sarrià,96,5015,49,12
2026-01-01,5,Sarrià-Sant Gervasi,23,Sarrià,96,5016,73,1
2026-01-01,5,Sarrià-Sant Gervasi,23,Sarrià,96,5016,49,2
2026-01-01,5,Sarrià-Sant Gervasi,23,Sarrià,96,5016,82,3
2026-01-01,5,Sarrià-Sant Gervasi,23,Sarrià,96,5016,21,4
2026-01-01,5,Sarrià-Sant Gervasi,23,Sarrià,96,5016,67,5
2026-01-01,5,Sarrià-Sant Gervasi,23,Sarrià,96,5016,46,6
2026-01-01,5,Sarrià-Sant Gervasi,23,Sarrià,96,5016,37,7
2026-01-01,5,Sarrià-Sant Gervasi,23,Sarrià,96,5016,125,8
2026-01-01,5,Sarrià-Sant Gervasi,23,Sarrià,96,5016,35,9
2026-01-01,5,Sarrià-Sant Gervasi,23,Sarrià,96,5016,11,10
2026-01-01,5,Sarrià-Sant Gervasi,23,Sarrià,96,5016,146,11
2026-01-01,5,Sarrià-Sant Gervasi,23,Sarrià,96,5016,52,12
2026-01-01,5,Sarrià-Sant Gervasi,23,Sarrià,96,5017,23,1
2026-01-01,5,Sarrià-Sant Gervasi,23,Sarrià,96,5017,25,2
2026-01-01,5,Sarrià-Sant Gervasi,23,Sarrià,96,5017,70,3
2026-01-01,5,Sarrià-Sant Gervasi,23,Sarrià,96,5017,18,4
2026-01-01,5,Sarrià-Sant Gervasi,23,Sarrià,96,5017,26,5
2026-01-01,5,Sarrià-Sant Gervasi,23,Sarrià,96,5017,63,6
2026-01-01,5,Sarrià-Sant Gervasi,23,Sarrià,96,5017,38,7
2026-01-01,5,Sarrià-Sant Gervasi,23,Sarrià,96,5017,128,8
2026-01-01,5,Sarrià-Sant Gervasi,23,Sarrià,96,5017,11,9
2026-01-01,5,Sarrià-Sant Gervasi,23,Sarrià,96,5017,3,10
2026-01-01,5,Sarrià-Sant Gervasi,23,Sarrià,96,5017,89,11
2026-01-01,5,Sarrià-Sant Gervasi,23,Sarrià,96,5017,55,12
2026-01-01,5,Sarrià-Sant Gervasi,23,Sarrià,96,5018,23,1
2026-01-01,5,Sarrià-Sant Gervasi,23,Sarrià,96,5018,29,2
2026-01-01,5,Sarrià-Sant Gervasi,23,Sarrià,96,5018,62,3
2026-01-01,5,Sarrià-Sant Gervasi,23,Sarrià,96,5018,20,4
2026-01-01,5,Sarrià-Sant Gervasi,23,Sarrià,96,5018,37,5
2026-01-01,5,Sarrià-Sant Gervasi,23,Sarrià,96,5018,46,6
2026-01-01,5,Sarrià-Sant Gervasi,23,Sarrià,96,5018,38,7
2026-01-01,5,Sarrià-Sant Gervasi,23,Sarrià,96,5018,79,8
2026-01-01,5,Sarrià-Sant Gervasi,23,Sarrià,96,5018,5,9
2026-01-01,5,Sarrià-Sant Gervasi,23,Sarrià,96,5018,3,10
2026-01-01,5,Sarrià-Sant Gervasi,23,Sarrià,96,5018,100,11
2026-01-01,5,Sarrià-Sant Gervasi,23,Sarrià,96,5018,34,12
2026-01-01,5,Sarrià-Sant Gervasi,23,Sarrià,96,5019,36,1
2026-01-01,5,Sarrià-Sant Gervasi,23,Sarrià,96,5019,23,2
2026-01-01,5,Sarrià-Sant Gervasi,23,Sarrià,96,5019,82,3
2026-01-01,5,Sarrià-Sant Gervasi,23,Sarrià,96,5019,21,4
2026-01-01,5,Sarrià-Sant Gervasi,23,Sarrià,96,5019,36,5
2026-01-01,5,Sarrià-Sant Gervasi,23,Sarrià,96,5019,77,6
2026-01-01,5,Sarrià-Sant Gervasi,23,Sarrià,96,5019,35,7
2026-01-01,5,Sarrià-Sant Gervasi,23,Sarrià,96,5019,120,8
2026-01-01,5,Sarrià-Sant Gervasi,23,Sarrià,96,5019,9,9
2026-01-01,5,Sarrià-Sant Gervasi,23,Sarrià,96,5019,6,10
2026-01-01,5,Sarrià-Sant Gervasi,23,Sarrià,96,5019,114,11
2026-01-01,5,Sarrià-Sant Gervasi,23,Sarrià,96,5019,54,12
2026-01-01,5,Sarrià-Sant Gervasi,24,les Tres Torres,97,5020,49,1
2026-01-01,5,Sarrià-Sant Gervasi,24,les Tres Torres,97,5020,52,2
2026-01-01,5,Sarrià-Sant Gervasi,24,les Tres Torres,97,5020,63,3
2026-01-01,5,Sarrià-Sant Gervasi,24,les Tres Torres,97,5020,14,4
2026-01-01,5,Sarrià-Sant Gervasi,24,les Tres Torres,97,5020,71,5
2026-01-01,5,Sarrià-Sant Gervasi,24,les Tres Torres,97,5020,37,6
2026-01-01,5,Sarrià-Sant Gervasi,24,les Tres Torres,97,5020,34,7
2026-01-01,5,Sarrià-Sant Gervasi,24,les Tres Torres,97,5020,88,8
2026-01-01,5,Sarrià-Sant Gervasi,24,les Tres Torres,97,5020,11,9
2026-01-01,5,Sarrià-Sant Gervasi,24,les Tres Torres,97,5020,3,10
2026-01-01,5,Sarrià-Sant Gervasi,24,les Tres Torres,97,5020,49,11
2026-01-01,5,Sarrià-Sant Gervasi,24,les Tres Torres,97,5020,30,12
2026-01-01,5,Sarrià-Sant Gervasi,24,les Tres Torres,97,5021,29,1
2026-01-01,5,Sarrià-Sant Gervasi,24,les Tres Torres,97,5021,33,2
2026-01-01,5,Sarrià-Sant Gervasi,24,les Tres Torres,97,5021,79,3
2026-01-01,5,Sarrià-Sant Gervasi,24,les Tres Torres,97,5021,24,4
2026-01-01,5,Sarrià-Sant Gervasi,24,les Tres Torres,97,5021,36,5
2026-01-01,5,Sarrià-Sant Gervasi,24,les Tres Torres,97,5021,58,6
2026-01-01,5,Sarrià-Sant Gervasi,24,les Tres Torres,97,5021,17,7
2026-01-01,5,Sarrià-Sant Gervasi,24,les Tres Torres,97,5021,86,8
2026-01-01,5,Sarrià-Sant Gervasi,24,les Tres Torres,97,5021,12,9
2026-01-01,5,Sarrià-Sant Gervasi,24,les Tres Torres,97,5021,4,10
2026-01-01,5,Sarrià-Sant Gervasi,24,les Tres Torres,97,5021,80,11
2026-01-01,5,Sarrià-Sant Gervasi,24,les Tres Torres,97,5021,44,12
2026-01-01,5,Sarrià-Sant Gervasi,24,les Tres Torres,98,5022,41,1
2026-01-01,5,Sarrià-Sant Gervasi,24,les Tres Torres,98,5022,47,2
2026-01-01,5,Sarrià-Sant Gervasi,24,les Tres Torres,98,5022,57,3
2026-01-01,5,Sarrià-Sant Gervasi,24,les Tres Torres,98,5022,16,4
2026-01-01,5,Sarrià-Sant Gervasi,24,les Tres Torres,98,5022,60,5
2026-01-01,5,Sarrià-Sant Gervasi,24,les Tres Torres,98,5022,59,6
2026-01-01,5,Sarrià-Sant Gervasi,24,les Tres Torres,98,5022,29,7
2026-01-01,5,Sarrià-Sant Gervasi,24,les Tres Torres,98,5022,113,8
2026-01-01,5,Sarrià-Sant Gervasi,24,les Tres Torres,98,5022,16,9
2026-01-01,5,Sarrià-Sant Gervasi,24,les Tres Torres,98,5022,12,10
2026-01-01,5,Sarrià-Sant Gervasi,24,les Tres Torres,98,5022,96,11
2026-01-01,5,Sarrià-Sant Gervasi,24,les Tres Torres,98,5022,46,12
2026-01-01,5,Sarrià-Sant Gervasi,24,les Tres Torres,98,5023,56,1
2026-01-01,5,Sarrià-Sant Gervasi,24,les Tres Torres,98,5023,52,2
2026-01-01,5,Sarrià-Sant Gervasi,24,les Tres Torres,98,5023,67,3
2026-01-01,5,Sarrià-Sant Gervasi,24,les Tres Torres,98,5023,25,4
2026-01-01,5,Sarrià-Sant Gervasi,24,les Tres Torres,98,5023,58,5
2026-01-01,5,Sarrià-Sant Gervasi,24,les Tres Torres,98,5023,38,6
2026-01-01,5,Sarrià-Sant Gervasi,24,les Tres Torres,98,5023,35,7
2026-01-01,5,Sarrià-Sant Gervasi,24,les Tres Torres,98,5023,88,8
2026-01-01,5,Sarrià-Sant Gervasi,24,les Tres Torres,98,5023,15,9
2026-01-01,5,Sarrià-Sant Gervasi,24,les Tres Torres,98,5023,9,10
2026-01-01,5,Sarrià-Sant Gervasi,24,les Tres Torres,98,5023,95,11
2026-01-01,5,Sarrià-Sant Gervasi,24,les Tres Torres,98,5023,55,12
2026-01-01,5,Sarrià-Sant Gervasi,24,les Tres Torres,98,5024,30,1
2026-01-01,5,Sarrià-Sant Gervasi,24,les Tres Torres,98,5024,39,2
2026-01-01,5,Sarrià-Sant Gervasi,24,les Tres Torres,98,5024,71,3
2026-01-01,5,Sarrià-Sant Gervasi,24,les Tres Torres,98,5024,15,4
2026-01-01,5,Sarrià-Sant Gervasi,24,les Tres Torres,98,5024,47,5
2026-01-01,5,Sarrià-Sant Gervasi,24,les Tres Torres,98,5024,63,6
2026-01-01,5,Sarrià-Sant Gervasi,24,les Tres Torres,98,5024,37,7
2026-01-01,5,Sarrià-Sant Gervasi,24,les Tres Torres,98,5024,144,8
2026-01-01,5,Sarrià-Sant Gervasi,24,les Tres Torres,98,5024,15,9
2026-01-01,5,Sarrià-Sant Gervasi,24,les Tres Torres,98,5024,6,10
2026-01-01,5,Sarrià-Sant Gervasi,24,les Tres Torres,98,5024,106,11
2026-01-01,5,Sarrià-Sant Gervasi,24,les Tres Torres,98,5024,84,12
2026-01-01,5,Sarrià-Sant Gervasi,24,les Tres Torres,99,5025,28,1
2026-01-01,5,Sarrià-Sant Gervasi,24,les Tres Torres,99,5025,14,2
2026-01-01,5,Sarrià-Sant Gervasi,24,les Tres Torres,99,5025,54,3
2026-01-01,5,Sarrià-Sant Gervasi,24,les Tres Torres,99,5025,17,4
2026-01-01,5,Sarrià-Sant Gervasi,24,les Tres Torres,99,5025,27,5
2026-01-01,5,Sarrià-Sant Gervasi,24,les Tres Torres,99,5025,32,6
2026-01-01,5,Sarrià-Sant Gervasi,24,les Tres Torres,99,5025,21,7
2026-01-01,5,Sarrià-Sant Gervasi,24,les Tres Torres,99,5025,119,8
2026-01-01,5,Sarrià-Sant Gervasi,24,les Tres Torres,99,5025,7,9
2026-01-01,5,Sarrià-Sant Gervasi,24,les Tres Torres,99,5025,2,10
2026-01-01,5,Sarrià-Sant Gervasi,24,les Tres Torres,99,5025,63,11
2026-01-01,5,Sarrià-Sant Gervasi,24,les Tres Torres,99,5025,44,12
2026-01-01,5,Sarrià-Sant Gervasi,24,les Tres Torres,99,5026,17,1
2026-01-01,5,Sarrià-Sant Gervasi,24,les Tres Torres,99,5026,10,2
2026-01-01,5,Sarrià-Sant Gervasi,24,les Tres Torres,99,5026,42,3
2026-01-01,5,Sarrià-Sant Gervasi,24,les Tres Torres,99,5026,16,4
2026-01-01,5,Sarrià-Sant Gervasi,24,les Tres Torres,99,5026,31,5
2026-01-01,5,Sarrià-Sant Gervasi,24,les Tres Torres,99,5026,44,6
2026-01-01,5,Sarrià-Sant Gervasi,24,les Tres Torres,99,5026,30,7
2026-01-01,5,Sarrià-Sant Gervasi,24,les Tres Torres,99,5026,116,8
2026-01-01,5,Sarrià-Sant Gervasi,24,les Tres Torres,99,5026,11,9
2026-01-01,5,Sarrià-Sant Gervasi,24,les Tres Torres,99,5026,5,10
2026-01-01,5,Sarrià-Sant Gervasi,24,les Tres Torres,99,5026,83,11
2026-01-01,5,Sarrià-Sant Gervasi,24,les Tres Torres,99,5026,60,12
2026-01-01,5,Sarrià-Sant Gervasi,24,les Tres Torres,99,5027,24,1
2026-01-01,5,Sarrià-Sant Gervasi,24,les Tres Torres,99,5027,19,2
2026-01-01,5,Sarrià-Sant Gervasi,24,les Tres Torres,99,5027,60,3
2026-01-01,5,Sarrià-Sant Gervasi,24,les Tres Torres,99,5027,16,4
2026-01-01,5,Sarrià-Sant Gervasi,24,les Tres Torres,99,5027,21,5
2026-01-01,5,Sarrià-Sant Gervasi,24,les Tres Torres,99,5027,56,6
2026-01-01,5,Sarrià-Sant Gervasi,24,les Tres Torres,99,5027,18,7
2026-01-01,5,Sarrià-Sant Gervasi,24,les Tres Torres,99,5027,110,8
2026-01-01,5,Sarrià-Sant Gervasi,24,les Tres Torres,99,5027,16,9
2026-01-01,5,Sarrià-Sant Gervasi,24,les Tres Torres,99,5027,3,10
2026-01-01,5,Sarrià-Sant Gervasi,24,les Tres Torres,99,5027,68,11
2026-01-01,5,Sarrià-Sant Gervasi,24,les Tres Torres,99,5027,44,12
2026-01-01,5,Sarrià-Sant Gervasi,24,les Tres Torres,99,5028,15,1
2026-01-01,5,Sarrià-Sant Gervasi,24,les Tres Torres,99,5028,30,2
2026-01-01,5,Sarrià-Sant Gervasi,24,les Tres Torres,99,5028,54,3
2026-01-01,5,Sarrià-Sant Gervasi,24,les Tres Torres,99,5028,14,4
2026-01-01,5,Sarrià-Sant Gervasi,24,les Tres Torres,99,5028,31,5
2026-01-01,5,Sarrià-Sant Gervasi,24,les Tres Torres,99,5028,50,6
2026-01-01,5,Sarrià-Sant Gervasi,24,les Tres Torres,99,5028,25,7
2026-01-01,5,Sarrià-Sant Gervasi,24,les Tres Torres,99,5028,116,8
2026-01-01,5,Sarrià-Sant Gervasi,24,les Tres Torres,99,5028,11,9
2026-01-01,5,Sarrià-Sant Gervasi,24,les Tres Torres,99,5028,6,10
2026-01-01,5,Sarrià-Sant Gervasi,24,les Tres Torres,99,5028,95,11
2026-01-01,5,Sarrià-Sant Gervasi,24,les Tres Torres,99,5028,53,12
2026-01-01,5,Sarrià-Sant Gervasi,24,les Tres Torres,99,5029,12,1
2026-01-01,5,Sarrià-Sant Gervasi,24,les Tres Torres,99,5029,21,2
2026-01-01,5,Sarrià-Sant Gervasi,24,les Tres Torres,99,5029,60,3
2026-01-01,5,Sarrià-Sant Gervasi,24,les Tres Torres,99,5029,21,4
2026-01-01,5,Sarrià-Sant Gervasi,24,les Tres Torres,99,5029,19,5
2026-01-01,5,Sarrià-Sant Gervasi,24,les Tres Torres,99,5029,41,6
2026-01-01,5,Sarrià-Sant Gervasi,24,les Tres Torres,99,5029,31,7
2026-01-01,5,Sarrià-Sant Gervasi,24,les Tres Torres,99,5029,131,8
2026-01-01,5,Sarrià-Sant Gervasi,24,les Tres Torres,99,5029,18,9
2026-01-01,5,Sarrià-Sant Gervasi,24,les Tres Torres,99,5029,1,10
2026-01-01,5,Sarrià-Sant Gervasi,24,les Tres Torres,99,5029,96,11
2026-01-01,5,Sarrià-Sant Gervasi,24,les Tres Torres,99,5029,73,12
2026-01-01,5,Sarrià-Sant Gervasi,24,les Tres Torres,99,5030,11,1
2026-01-01,5,Sarrià-Sant Gervasi,24,les Tres Torres,99,5030,13,2
2026-01-01,5,Sarrià-Sant Gervasi,24,les Tres Torres,99,5030,42,3
2026-01-01,5,Sarrià-Sant Gervasi,24,les Tres Torres,99,5030,8,4
2026-01-01,5,Sarrià-Sant Gervasi,24,les Tres Torres,99,5030,17,5
2026-01-01,5,Sarrià-Sant Gervasi,24,les Tres Torres,99,5030,61,6
2026-01-01,5,Sarrià-Sant Gervasi,24,les Tres Torres,99,5030,28,7
2026-01-01,5,Sarrià-Sant Gervasi,24,les Tres Torres,99,5030,106,8
2026-01-01,5,Sarrià-Sant Gervasi,24,les Tres Torres,99,5030,10,9
2026-01-01,5,Sarrià-Sant Gervasi,24,les Tres Torres,99,5030,7,10
2026-01-01,5,Sarrià-Sant Gervasi,24,les Tres Torres,99,5030,72,11
2026-01-01,5,Sarrià-Sant Gervasi,24,les Tres Torres,99,5030,65,12
2026-01-01,5,Sarrià-Sant Gervasi,25,Sant Gervasi - la Bonanova,100,5031,18,1
2026-01-01,5,Sarrià-Sant Gervasi,25,Sant Gervasi - la Bonanova,100,5031,33,2
2026-01-01,5,Sarrià-Sant Gervasi,25,Sant Gervasi - la Bonanova,100,5031,54,3
2026-01-01,5,Sarrià-Sant Gervasi,25,Sant Gervasi - la Bonanova,100,5031,11,4
2026-01-01,5,Sarrià-Sant Gervasi,25,Sant Gervasi - la Bonanova,100,5031,21,5
2026-01-01,5,Sarrià-Sant Gervasi,25,Sant Gervasi - la Bonanova,100,5031,65,6
2026-01-01,5,Sarrià-Sant Gervasi,25,Sant Gervasi - la Bonanova,100,5031,20,7
2026-01-01,5,Sarrià-Sant Gervasi,25,Sant Gervasi - la Bonanova,100,5031,127,8
2026-01-01,5,Sarrià-Sant Gervasi,25,Sant Gervasi - la Bonanova,100,5031,6,9
2026-01-01,5,Sarrià-Sant Gervasi,25,Sant Gervasi - la Bonanova,100,5031,6,10
2026-01-01,5,Sarrià-Sant Gervasi,25,Sant Gervasi - la Bonanova,100,5031,77,11
2026-01-01,5,Sarrià-Sant Gervasi,25,Sant Gervasi - la Bonanova,100,5031,60,12
2026-01-01,5,Sarrià-Sant Gervasi,25,Sant Gervasi - la Bonanova,100,5032,31,1
2026-01-01,5,Sarrià-Sant Gervasi,25,Sant Gervasi - la Bonanova,100,5032,44,2
2026-01-01,5,Sarrià-Sant Gervasi,25,Sant Gervasi - la Bonanova,100,5032,76,3
2026-01-01,5,Sarrià-Sant Gervasi,25,Sant Gervasi - la Bonanova,100,5032,31,4
2026-01-01,5,Sarrià-Sant Gervasi,25,Sant Gervasi - la Bonanova,100,5032,34,5
2026-01-01,5,Sarrià-Sant Gervasi,25,Sant Gervasi - la Bonanova,100,5032,48,6
2026-01-01,5,Sarrià-Sant Gervasi,25,Sant Gervasi - la Bonanova,100,5032,20,7
2026-01-01,5,Sarrià-Sant Gervasi,25,Sant Gervasi - la Bonanova,100,5032,121,8
2026-01-01,5,Sarrià-Sant Gervasi,25,Sant Gervasi - la Bonanova,100,5032,12,9
2026-01-01,5,Sarrià-Sant Gervasi,25,Sant Gervasi - la Bonanova,100,5032,7,10
2026-01-01,5,Sarrià-Sant Gervasi,25,Sant Gervasi - la Bonanova,100,5032,103,11
2026-01-01,5,Sarrià-Sant Gervasi,25,Sant Gervasi - la Bonanova,100,5032,60,12
2026-01-01,5,Sarrià-Sant Gervasi,25,Sant Gervasi - la Bonanova,101,5033,38,1
2026-01-01,5,Sarrià-Sant Gervasi,25,Sant Gervasi - la Bonanova,101,5033,50,2
2026-01-01,5,Sarrià-Sant Gervasi,25,Sant Gervasi - la Bonanova,101,5033,41,3
2026-01-01,5,Sarrià-Sant Gervasi,25,Sant Gervasi - la Bonanova,101,5033,30,4
2026-01-01,5,Sarrià-Sant Gervasi,25,Sant Gervasi - la Bonanova,101,5033,44,5
2026-01-01,5,Sarrià-Sant Gervasi,25,Sant Gervasi - la Bonanova,101,5033,40,6
2026-01-01,5,Sarrià-Sant Gervasi,25,Sant Gervasi - la Bonanova,101,5033,25,7
2026-01-01,5,Sarrià-Sant Gervasi,25,Sant Gervasi - la Bonanova,101,5033,90,8
2026-01-01,5,Sarrià-Sant Gervasi,25,Sant Gervasi - la Bonanova,101,5033,14,9
2026-01-01,5,Sarrià-Sant Gervasi,25,Sant Gervasi - la Bonanova,101,5033,7,10
2026-01-01,5,Sarrià-Sant Gervasi,25,Sant Gervasi - la Bonanova,101,5033,90,11
2026-01-01,5,Sarrià-Sant Gervasi,25,Sant Gervasi - la Bonanova,101,5033,55,12
2026-01-01,5,Sarrià-Sant Gervasi,25,Sant Gervasi - la Bonanova,101,5034,29,1
2026-01-01,5,Sarrià-Sant Gervasi,25,Sant Gervasi - la Bonanova,101,5034,32,2
2026-01-01,5,Sarrià-Sant Gervasi,25,Sant Gervasi - la Bonanova,101,5034,56,3
2026-01-01,5,Sarrià-Sant Gervasi,25,Sant Gervasi - la Bonanova,101,5034,17,4
2026-01-01,5,Sarrià-Sant Gervasi,25,Sant Gervasi - la Bonanova,101,5034,47,5
2026-01-01,5,Sarrià-Sant Gervasi,25,Sant Gervasi - la Bonanova,101,5034,44,6
2026-01-01,5,Sarrià-Sant Gervasi,25,Sant Gervasi - la Bonanova,101,5034,28,7
2026-01-01,5,Sarrià-Sant Gervasi,25,Sant Gervasi - la Bonanova,101,5034,86,8
2026-01-01,5,Sarrià-Sant Gervasi,25,Sant Gervasi - la Bonanova,101,5034,15,9
2026-01-01,5,Sarrià-Sant Gervasi,25,Sant Gervasi - la Bonanova,101,5034,4,10
2026-01-01,5,Sarrià-Sant Gervasi,25,Sant Gervasi - la Bonanova,101,5034,75,11
2026-01-01,5,Sarrià-Sant Gervasi,25,Sant Gervasi - la Bonanova,101,5034,36,12
2026-01-01,5,Sarrià-Sant Gervasi,25,Sant Gervasi - la Bonanova,102,5035,24,1
2026-01-01,5,Sarrià-Sant Gervasi,25,Sant Gervasi - la Bonanova,102,5035,25,2
2026-01-01,5,Sarrià-Sant Gervasi,25,Sant Gervasi - la Bonanova,102,5035,51,3
2026-01-01,5,Sarrià-Sant Gervasi,25,Sant Gervasi - la Bonanova,102,5035,17,4
2026-01-01,5,Sarrià-Sant Gervasi,25,Sant Gervasi - la Bonanova,102,5035,25,5
2026-01-01,5,Sarrià-Sant Gervasi,25,Sant Gervasi - la Bonanova,102,5035,74,6
2026-01-01,5,Sarrià-Sant Gervasi,25,Sant Gervasi - la Bonanova,102,5035,24,7
2026-01-01,5,Sarrià-Sant Gervasi,25,Sant Gervasi - la Bonanova,102,5035,91,8
2026-01-01,5,Sarrià-Sant Gervasi,25,Sant Gervasi - la Bonanova,102,5035,4,9
2026-01-01,5,Sarrià-Sant Gervasi,25,Sant Gervasi - la Bonanova,102,5035,1,10
2026-01-01,5,Sarrià-Sant Gervasi,25,Sant Gervasi - la Bonanova,102,5035,50,11
2026-01-01,5,Sarrià-Sant Gervasi,25,Sant Gervasi - la Bonanova,102,5035,46,12
2026-01-01,5,Sarrià-Sant Gervasi,25,Sant Gervasi - la Bonanova,102,5036,21,1
2026-01-01,5,Sarrià-Sant Gervasi,25,Sant Gervasi - la Bonanova,102,5036,35,2
2026-01-01,5,Sarrià-Sant Gervasi,25,Sant Gervasi - la Bonanova,102,5036,59,3
2026-01-01,5,Sarrià-Sant Gervasi,25,Sant Gervasi - la Bonanova,102,5036,17,4
2026-01-01,5,Sarrià-Sant Gervasi,25,Sant Gervasi - la Bonanova,102,5036,42,5
2026-01-01,5,Sarrià-Sant Gervasi,25,Sant Gervasi - la Bonanova,102,5036,66,6
2026-01-01,5,Sarrià-Sant Gervasi,25,Sant Gervasi - la Bonanova,102,5036,45,7
2026-01-01,5,Sarrià-Sant Gervasi,25,Sant Gervasi - la Bonanova,102,5036,128,8
2026-01-01,5,Sarrià-Sant Gervasi,25,Sant Gervasi - la Bonanova,102,5036,12,9
2026-01-01,5,Sarrià-Sant Gervasi,25,Sant Gervasi - la Bonanova,102,5036,5,10
2026-01-01,5,Sarrià-Sant Gervasi,25,Sant Gervasi - la Bonanova,102,5036,116,11
2026-01-01,5,Sarrià-Sant Gervasi,25,Sant Gervasi - la Bonanova,102,5036,74,12
2026-01-01,5,Sarrià-Sant Gervasi,25,Sant Gervasi - la Bonanova,102,5037,45,1
2026-01-01,5,Sarrià-Sant Gervasi,25,Sant Gervasi - la Bonanova,102,5037,35,2
2026-01-01,5,Sarrià-Sant Gervasi,25,Sant Gervasi - la Bonanova,102,5037,66,3
2026-01-01,5,Sarrià-Sant Gervasi,25,Sant Gervasi - la Bonanova,102,5037,22,4
2026-01-01,5,Sarrià-Sant Gervasi,25,Sant Gervasi - la Bonanova,102,5037,59,5
2026-01-01,5,Sarrià-Sant Gervasi,25,Sant Gervasi - la Bonanova,102,5037,56,6
2026-01-01,5,Sarrià-Sant Gervasi,25,Sant Gervasi - la Bonanova,102,5037,24,7
2026-01-01,5,Sarrià-Sant Gervasi,25,Sant Gervasi - la Bonanova,102,5037,101,8
2026-01-01,5,Sarrià-Sant Gervasi,25,Sant Gervasi - la Bonanova,102,5037,20,9
2026-01-01,5,Sarrià-Sant Gervasi,25,Sant Gervasi - la Bonanova,102,5037,3,10
2026-01-01,5,Sarrià-Sant Gervasi,25,Sant Gervasi - la Bonanova,102,5037,91,11
2026-01-01,5,Sarrià-Sant Gervasi,25,Sant Gervasi - la Bonanova,102,5037,50,12
2026-01-01,5,Sarrià-Sant Gervasi,25,Sant Gervasi - la Bonanova,102,5038,87,1
2026-01-01,5,Sarrià-Sant Gervasi,25,Sant Gervasi - la Bonanova,102,5038,61,2
2026-01-01,5,Sarrià-Sant Gervasi,25,Sant Gervasi - la Bonanova,102,5038,63,3
2026-01-01,5,Sarrià-Sant Gervasi,25,Sant Gervasi - la Bonanova,102,5038,22,4
2026-01-01,5,Sarrià-Sant Gervasi,25,Sant Gervasi - la Bonanova,102,5038,82,5
2026-01-01,5,Sarrià-Sant Gervasi,25,Sant Gervasi - la Bonanova,102,5038,35,6
2026-01-01,5,Sarrià-Sant Gervasi,25,Sant Gervasi - la Bonanova,102,5038,31,7
2026-01-01,5,Sarrià-Sant Gervasi,25,Sant Gervasi - la Bonanova,102,5038,98,8
2026-01-01,5,Sarrià-Sant Gervasi,25,Sant Gervasi - la Bonanova,102,5038,12,9
2026-01-01,5,Sarrià-Sant Gervasi,25,Sant Gervasi - la Bonanova,102,5038,5,10
2026-01-01,5,Sarrià-Sant Gervasi,25,Sant Gervasi - la Bonanova,102,5038,61,11
2026-01-01,5,Sarrià-Sant Gervasi,25,Sant Gervasi - la Bonanova,102,5038,47,12
2026-01-01,5,Sarrià-Sant Gervasi,25,Sant Gervasi - la Bonanova,102,5039,17,1
2026-01-01,5,Sarrià-Sant Gervasi,25,Sant Gervasi - la Bonanova,102,5039,26,2
2026-01-01,5,Sarrià-Sant Gervasi,25,Sant Gervasi - la Bonanova,102,5039,73,3
2026-01-01,5,Sarrià-Sant Gervasi,25,Sant Gervasi - la Bonanova,102,5039,18,4
2026-01-01,5,Sarrià-Sant Gervasi,25,Sant Gervasi - la Bonanova,102,5039,29,5
2026-01-01,5,Sarrià-Sant Gervasi,25,Sant Gervasi - la Bonanova,102,5039,76,6
2026-01-01,5,Sarrià-Sant Gervasi,25,Sant Gervasi - la Bonanova,102,5039,17,7
2026-01-01,5,Sarrià-Sant Gervasi,25,Sant Gervasi - la Bonanova,102,5039,129,8
2026-01-01,5,Sarrià-Sant Gervasi,25,Sant Gervasi - la Bonanova,102,5039,18,9
2026-01-01,5,Sarrià-Sant Gervasi,25,Sant Gervasi - la Bonanova,102,5039,89,11
2026-01-01,5,Sarrià-Sant Gervasi,25,Sant Gervasi - la Bonanova,102,5039,60,12
2026-01-01,5,Sarrià-Sant Gervasi,25,Sant Gervasi - la Bonanova,102,5040,87,1
2026-01-01,5,Sarrià-Sant Gervasi,25,Sant Gervasi - la Bonanova,102,5040,63,2
2026-01-01,5,Sarrià-Sant Gervasi,25,Sant Gervasi - la Bonanova,102,5040,57,3
2026-01-01,5,Sarrià-Sant Gervasi,25,Sant Gervasi - la Bonanova,102,5040,19,4
2026-01-01,5,Sarrià-Sant Gervasi,25,Sant Gervasi - la Bonanova,102,5040,66,5
2026-01-01,5,Sarrià-Sant Gervasi,25,Sant Gervasi - la Bonanova,102,5040,46,6
2026-01-01,5,Sarrià-Sant Gervasi,25,Sant Gervasi - la Bonanova,102,5040,43,7
2026-01-01,5,Sarrià-Sant Gervasi,25,Sant Gervasi - la Bonanova,102,5040,92,8
2026-01-01,5,Sarrià-Sant Gervasi,25,Sant Gervasi - la Bonanova,102,5040,23,9
2026-01-01,5,Sarrià-Sant Gervasi,25,Sant Gervasi - la Bonanova,102,5040,5,10
2026-01-01,5,Sarrià-Sant Gervasi,25,Sant Gervasi - la Bonanova,102,5040,92,11
2026-01-01,5,Sarrià-Sant Gervasi,25,Sant Gervasi - la Bonanova,102,5040,34,12
2026-01-01,5,Sarrià-Sant Gervasi,25,Sant Gervasi - la Bonanova,102,5041,70,1
2026-01-01,5,Sarrià-Sant Gervasi,25,Sant Gervasi - la Bonanova,102,5041,54,2
2026-01-01,5,Sarrià-Sant Gervasi,25,Sant Gervasi - la Bonanova,102,5041,75,3
2026-01-01,5,Sarrià-Sant Gervasi,25,Sant Gervasi - la Bonanova,102,5041,24,4
2026-01-01,5,Sarrià-Sant Gervasi,25,Sant Gervasi - la Bonanova,102,5041,67,5
2026-01-01,5,Sarrià-Sant Gervasi,25,Sant Gervasi - la Bonanova,102,5041,48,6
2026-01-01,5,Sarrià-Sant Gervasi,25,Sant Gervasi - la Bonanova,102,5041,46,7
2026-01-01,5,Sarrià-Sant Gervasi,25,Sant Gervasi - la Bonanova,102,5041,112,8
2026-01-01,5,Sarrià-Sant Gervasi,25,Sant Gervasi - la Bonanova,102,5041,8,9
2026-01-01,5,Sarrià-Sant Gervasi,25,Sant Gervasi - la Bonanova,102,5041,6,10
2026-01-01,5,Sarrià-Sant Gervasi,25,Sant Gervasi - la Bonanova,102,5041,88,11
2026-01-01,5,Sarrià-Sant Gervasi,25,Sant Gervasi - la Bonanova,102,5041,31,12
2026-01-01,5,Sarrià-Sant Gervasi,25,Sant Gervasi - la Bonanova,103,5042,55,1
2026-01-01,5,Sarrià-Sant Gervasi,25,Sant Gervasi - la Bonanova,103,5042,38,2
2026-01-01,5,Sarrià-Sant Gervasi,25,Sant Gervasi - la Bonanova,103,5042,65,3
2026-01-01,5,Sarrià-Sant Gervasi,25,Sant Gervasi - la Bonanova,103,5042,11,4
2026-01-01,5,Sarrià-Sant Gervasi,25,Sant Gervasi - la Bonanova,103,5042,62,5
2026-01-01,5,Sarrià-Sant Gervasi,25,Sant Gervasi - la Bonanova,103,5042,45,6
2026-01-01,5,Sarrià-Sant Gervasi,25,Sant Gervasi - la Bonanova,103,5042,29,7
2026-01-01,5,Sarrià-Sant Gervasi,25,Sant Gervasi - la Bonanova,103,5042,97,8
2026-01-01,5,Sarrià-Sant Gervasi,25,Sant Gervasi - la Bonanova,103,5042,10,9
2026-01-01,5,Sarrià-Sant Gervasi,25,Sant Gervasi - la Bonanova,103,5042,12,10
2026-01-01,5,Sarrià-Sant Gervasi,25,Sant Gervasi - la Bonanova,103,5042,89,11
2026-01-01,5,Sarrià-Sant Gervasi,25,Sant Gervasi - la Bonanova,103,5042,32,12
2026-01-01,5,Sarrià-Sant Gervasi,25,Sant Gervasi - la Bonanova,103,5043,80,1
2026-01-01,5,Sarrià-Sant Gervasi,25,Sant Gervasi - la Bonanova,103,5043,52,2
2026-01-01,5,Sarrià-Sant Gervasi,25,Sant Gervasi - la Bonanova,103,5043,68,3
2026-01-01,5,Sarrià-Sant Gervasi,25,Sant Gervasi - la Bonanova,103,5043,28,4
2026-01-01,5,Sarrià-Sant Gervasi,25,Sant Gervasi - la Bonanova,103,5043,79,5
2026-01-01,5,Sarrià-Sant Gervasi,25,Sant Gervasi - la Bonanova,103,5043,35,6
2026-01-01,5,Sarrià-Sant Gervasi,25,Sant Gervasi - la Bonanova,103,5043,36,7
2026-01-01,5,Sarrià-Sant Gervasi,25,Sant Gervasi - la Bonanova,103,5043,107,8
2026-01-01,5,Sarrià-Sant Gervasi,25,Sant Gervasi - la Bonanova,103,5043,29,9
2026-01-01,5,Sarrià-Sant Gervasi,25,Sant Gervasi - la Bonanova,103,5043,2,10
2026-01-01,5,Sarrià-Sant Gervasi,25,Sant Gervasi - la Bonanova,103,5043,85,11
2026-01-01,5,Sarrià-Sant Gervasi,25,Sant Gervasi - la Bonanova,103,5043,39,12
2026-01-01,5,Sarrià-Sant Gervasi,25,Sant Gervasi - la Bonanova,103,5044,55,1
2026-01-01,5,Sarrià-Sant Gervasi,25,Sant Gervasi - la Bonanova,103,5044,39,2
2026-01-01,5,Sarrià-Sant Gervasi,25,Sant Gervasi - la Bonanova,103,5044,60,3
2026-01-01,5,Sarrià-Sant Gervasi,25,Sant Gervasi - la Bonanova,103,5044,25,4
2026-01-01,5,Sarrià-Sant Gervasi,25,Sant Gervasi - la Bonanova,103,5044,56,5
2026-01-01,5,Sarrià-Sant Gervasi,25,Sant Gervasi - la Bonanova,103,5044,32,6
2026-01-01,5,Sarrià-Sant Gervasi,25,Sant Gervasi - la Bonanova,103,5044,32,7
2026-01-01,5,Sarrià-Sant Gervasi,25,Sant Gervasi - la Bonanova,103,5044,100,8
2026-01-01,5,Sarrià-Sant Gervasi,25,Sant Gervasi - la Bonanova,103,5044,14,9
2026-01-01,5,Sarrià-Sant Gervasi,25,Sant Gervasi - la Bonanova,103,5044,6,10
2026-01-01,5,Sarrià-Sant Gervasi,25,Sant Gervasi - la Bonanova,103,5044,97,11
2026-01-01,5,Sarrià-Sant Gervasi,25,Sant Gervasi - la Bonanova,103,5044,30,12
2026-01-01,5,Sarrià-Sant Gervasi,25,Sant Gervasi - la Bonanova,103,5045,36,1
2026-01-01,5,Sarrià-Sant Gervasi,25,Sant Gervasi - la Bonanova,103,5045,36,2
2026-01-01,5,Sarrià-Sant Gervasi,25,Sant Gervasi - la Bonanova,103,5045,59,3
2026-01-01,5,Sarrià-Sant Gervasi,25,Sant Gervasi - la Bonanova,103,5045,26,4
2026-01-01,5,Sarrià-Sant Gervasi,25,Sant Gervasi - la Bonanova,103,5045,40,5
2026-01-01,5,Sarrià-Sant Gervasi,25,Sant Gervasi - la Bonanova,103,5045,49,6
2026-01-01,5,Sarrià-Sant Gervasi,25,Sant Gervasi - la Bonanova,103,5045,34,7
2026-01-01,5,Sarrià-Sant Gervasi,25,Sant Gervasi - la Bonanova,103,5045,111,8
2026-01-01,5,Sarrià-Sant Gervasi,25,Sant Gervasi - la Bonanova,103,5045,16,9
2026-01-01,5,Sarrià-Sant Gervasi,25,Sant Gervasi - la Bonanova,103,5045,1,10
2026-01-01,5,Sarrià-Sant Gervasi,25,Sant Gervasi - la Bonanova,103,5045,108,11
2026-01-01,5,Sarrià-Sant Gervasi,25,Sant Gervasi - la Bonanova,103,5045,59,12
2026-01-01,5,Sarrià-Sant Gervasi,25,Sant Gervasi - la Bonanova,103,5046,12,1
2026-01-01,5,Sarrià-Sant Gervasi,25,Sant Gervasi - la Bonanova,103,5046,13,2
2026-01-01,5,Sarrià-Sant Gervasi,25,Sant Gervasi - la Bonanova,103,5046,89,3
2026-01-01,5,Sarrià-Sant Gervasi,25,Sant Gervasi - la Bonanova,103,5046,17,4
2026-01-01,5,Sarrià-Sant Gervasi,25,Sant Gervasi - la Bonanova,103,5046,20,5
2026-01-01,5,Sarrià-Sant Gervasi,25,Sant Gervasi - la Bonanova,103,5046,65,6
2026-01-01,5,Sarrià-Sant Gervasi,25,Sant Gervasi - la Bonanova,103,5046,22,7
2026-01-01,5,Sarrià-Sant Gervasi,25,Sant Gervasi - la Bonanova,103,5046,93,8
2026-01-01,5,Sarrià-Sant Gervasi,25,Sant Gervasi - la Bonanova,103,5046,9,9
2026-01-01,5,Sarrià-Sant Gervasi,25,Sant Gervasi - la Bonanova,103,5046,3,10
2026-01-01,5,Sarrià-Sant Gervasi,25,Sant Gervasi - la Bonanova,103,5046,38,11
2026-01-01,5,Sarrià-Sant Gervasi,25,Sant Gervasi - la Bonanova,103,5046,43,12
2026-01-01,5,Sarrià-Sant Gervasi,25,Sant Gervasi - la Bonanova,103,5047,30,1
2026-01-01,5,Sarrià-Sant Gervasi,25,Sant Gervasi - la Bonanova,103,5047,18,2
2026-01-01,5,Sarrià-Sant Gervasi,25,Sant Gervasi - la Bonanova,103,5047,45,3
2026-01-01,5,Sarrià-Sant Gervasi,25,Sant Gervasi - la Bonanova,103,5047,12,4
2026-01-01,5,Sarrià-Sant Gervasi,25,Sant Gervasi - la Bonanova,103,5047,22,5
2026-01-01,5,Sarrià-Sant Gervasi,25,Sant Gervasi - la Bonanova,103,5047,41,6
2026-01-01,5,Sarrià-Sant Gervasi,25,Sant Gervasi - la Bonanova,103,5047,28,7
2026-01-01,5,Sarrià-Sant Gervasi,25,Sant Gervasi - la Bonanova,103,5047,105,8
2026-01-01,5,Sarrià-Sant Gervasi,25,Sant Gervasi - la Bonanova,103,5047,13,9
2026-01-01,5,Sarrià-Sant Gervasi,25,Sant Gervasi - la Bonanova,103,5047,2,10
2026-01-01,5,Sarrià-Sant Gervasi,25,Sant Gervasi - la Bonanova,103,5047,71,11
2026-01-01,5,Sarrià-Sant Gervasi,25,Sant Gervasi - la Bonanova,103,5047,45,12
2026-01-01,5,Sarrià-Sant Gervasi,25,Sant Gervasi - la Bonanova,103,5048,30,1
2026-01-01,5,Sarrià-Sant Gervasi,25,Sant Gervasi - la Bonanova,103,5048,30,2
2026-01-01,5,Sarrià-Sant Gervasi,25,Sant Gervasi - la Bonanova,103,5048,63,3
2026-01-01,5,Sarrià-Sant Gervasi,25,Sant Gervasi - la Bonanova,103,5048,11,4
2026-01-01,5,Sarrià-Sant Gervasi,25,Sant Gervasi - la Bonanova,103,5048,33,5
2026-01-01,5,Sarrià-Sant Gervasi,25,Sant Gervasi - la Bonanova,103,5048,42,6
2026-01-01,5,Sarrià-Sant Gervasi,25,Sant Gervasi - la Bonanova,103,5048,22,7
2026-01-01,5,Sarrià-Sant Gervasi,25,Sant Gervasi - la Bonanova,103,5048,107,8
2026-01-01,5,Sarrià-Sant Gervasi,25,Sant Gervasi - la Bonanova,103,5048,13,9
2026-01-01,5,Sarrià-Sant Gervasi,25,Sant Gervasi - la Bonanova,103,5048,5,10
2026-01-01,5,Sarrià-Sant Gervasi,25,Sant Gervasi - la Bonanova,103,5048,71,11
2026-01-01,5,Sarrià-Sant Gervasi,25,Sant Gervasi - la Bonanova,103,5048,46,12
2026-01-01,5,Sarrià-Sant Gervasi,26,Sant Gervasi - Galvany,104,5049,33,1
2026-01-01,5,Sarrià-Sant Gervasi,26,Sant Gervasi - Galvany,104,5049,31,2
2026-01-01,5,Sarrià-Sant Gervasi,26,Sant Gervasi - Galvany,104,5049,61,3
2026-01-01,5,Sarrià-Sant Gervasi,26,Sant Gervasi - Galvany,104,5049,19,4
2026-01-01,5,Sarrià-Sant Gervasi,26,Sant Gervasi - Galvany,104,5049,36,5
2026-01-01,5,Sarrià-Sant Gervasi,26,Sant Gervasi - Galvany,104,5049,57,6
2026-01-01,5,Sarrià-Sant Gervasi,26,Sant Gervasi - Galvany,104,5049,34,7
2026-01-01,5,Sarrià-Sant Gervasi,26,Sant Gervasi - Galvany,104,5049,150,8
2026-01-01,5,Sarrià-Sant Gervasi,26,Sant Gervasi - Galvany,104,5049,11,9
2026-01-01,5,Sarrià-Sant Gervasi,26,Sant Gervasi - Galvany,104,5049,5,10
2026-01-01,5,Sarrià-Sant Gervasi,26,Sant Gervasi - Galvany,104,5049,86,11
2026-01-01,5,Sarrià-Sant Gervasi,26,Sant Gervasi - Galvany,104,5049,70,12
2026-01-01,5,Sarrià-Sant Gervasi,26,Sant Gervasi - Galvany,104,5050,60,1
2026-01-01,5,Sarrià-Sant Gervasi,26,Sant Gervasi - Galvany,104,5050,51,2
2026-01-01,5,Sarrià-Sant Gervasi,26,Sant Gervasi - Galvany,104,5050,95,3
2026-01-01,5,Sarrià-Sant Gervasi,26,Sant Gervasi - Galvany,104,5050,31,4
2026-01-01,5,Sarrià-Sant Gervasi,26,Sant Gervasi - Galvany,104,5050,61,5
2026-01-01,5,Sarrià-Sant Gervasi,26,Sant Gervasi - Galvany,104,5050,44,6
2026-01-01,5,Sarrià-Sant Gervasi,26,Sant Gervasi - Galvany,104,5050,38,7
2026-01-01,5,Sarrià-Sant Gervasi,26,Sant Gervasi - Galvany,104,5050,142,8
2026-01-01,5,Sarrià-Sant Gervasi,26,Sant Gervasi - Galvany,104,5050,18,9
2026-01-01,5,Sarrià-Sant Gervasi,26,Sant Gervasi - Galvany,104,5050,5,10
2026-01-01,5,Sarrià-Sant Gervasi,26,Sant Gervasi - Galvany,104,5050,95,11
2026-01-01,5,Sarrià-Sant Gervasi,26,Sant Gervasi - Galvany,104,5050,57,12
2026-01-01,5,Sarrià-Sant Gervasi,26,Sant Gervasi - Galvany,104,5051,33,1
2026-01-01,5,Sarrià-Sant Gervasi,26,Sant Gervasi - Galvany,104,5051,40,2
2026-01-01,5,Sarrià-Sant Gervasi,26,Sant Gervasi - Galvany,104,5051,77,3
2026-01-01,5,Sarrià-Sant Gervasi,26,Sant Gervasi - Galvany,104,5051,13,4
2026-01-01,5,Sarrià-Sant Gervasi,26,Sant Gervasi - Galvany,104,5051,46,5
2026-01-01,5,Sarrià-Sant Gervasi,26,Sant Gervasi - Galvany,104,5051,59,6
2026-01-01,5,Sarrià-Sant Gervasi,26,Sant Gervasi - Galvany,104,5051,35,7
2026-01-01,5,Sarrià-Sant Gervasi,26,Sant Gervasi - Galvany,104,5051,136,8
2026-01-01,5,Sarrià-Sant Gervasi,26,Sant Gervasi - Galvany,104,5051,13,9
2026-01-01,5,Sarrià-Sant Gervasi,26,Sant Gervasi - Galvany,104,5051,4,10
2026-01-01,5,Sarrià-Sant Gervasi,26,Sant Gervasi - Galvany,104,5051,71,11
2026-01-01,5,Sarrià-Sant Gervasi,26,Sant Gervasi - Galvany,104,5051,70,12
2026-01-01,5,Sarrià-Sant Gervasi,26,Sant Gervasi - Galvany,104,5052,20,1
2026-01-01,5,Sarrià-Sant Gervasi,26,Sant Gervasi - Galvany,104,5052,16,2
2026-01-01,5,Sarrià-Sant Gervasi,26,Sant Gervasi - Galvany,104,5052,48,3
2026-01-01,5,Sarrià-Sant Gervasi,26,Sant Gervasi - Galvany,104,5052,19,4
2026-01-01,5,Sarrià-Sant Gervasi,26,Sant Gervasi - Galvany,104,5052,35,5
2026-01-01,5,Sarrià-Sant Gervasi,26,Sant Gervasi - Galvany,104,5052,57,6
2026-01-01,5,Sarrià-Sant Gervasi,26,Sant Gervasi - Galvany,104,5052,27,7
2026-01-01,5,Sarrià-Sant Gervasi,26,Sant Gervasi - Galvany,104,5052,110,8
2026-01-01,5,Sarrià-Sant Gervasi,26,Sant Gervasi - Galvany,104,5052,13,9
2026-01-01,5,Sarrià-Sant Gervasi,26,Sant Gervasi - Galvany,104,5052,2,10
2026-01-01,5,Sarrià-Sant Gervasi,26,Sant Gervasi - Galvany,104,5052,68,11
2026-01-01,5,Sarrià-Sant Gervasi,26,Sant Gervasi - Galvany,104,5052,66,12
2026-01-01,5,Sarrià-Sant Gervasi,26,Sant Gervasi - Galvany,105,5053,18,1
2026-01-01,5,Sarrià-Sant Gervasi,26,Sant Gervasi - Galvany,105,5053,19,2
2026-01-01,5,Sarrià-Sant Gervasi,26,Sant Gervasi - Galvany,105,5053,61,3
2026-01-01,5,Sarrià-Sant Gervasi,26,Sant Gervasi - Galvany,105,5053,20,4
2026-01-01,5,Sarrià-Sant Gervasi,26,Sant Gervasi - Galvany,105,5053,23,5
2026-01-01,5,Sarrià-Sant Gervasi,26,Sant Gervasi - Galvany,105,5053,56,6
2026-01-01,5,Sarrià-Sant Gervasi,26,Sant Gervasi - Galvany,105,5053,34,7
2026-01-01,5,Sarrià-Sant Gervasi,26,Sant Gervasi - Galvany,105,5053,128,8
2026-01-01,5,Sarrià-Sant Gervasi,26,Sant Gervasi - Galvany,105,5053,8,9
2026-01-01,5,Sarrià-Sant Gervasi,26,Sant Gervasi - Galvany,105,5053,5,10
2026-01-01,5,Sarrià-Sant Gervasi,26,Sant Gervasi - Galvany,105,5053,78,11
2026-01-01,5,Sarrià-Sant Gervasi,26,Sant Gervasi - Galvany,105,5053,55,12
2026-01-01,5,Sarrià-Sant Gervasi,26,Sant Gervasi - Galvany,105,5054,11,1
2026-01-01,5,Sarrià-Sant Gervasi,26,Sant Gervasi - Galvany,105,5054,13,2
2026-01-01,5,Sarrià-Sant Gervasi,26,Sant Gervasi - Galvany,105,5054,42,3
2026-01-01,5,Sarrià-Sant Gervasi,26,Sant Gervasi - Galvany,105,5054,13,4
2026-01-01,5,Sarrià-Sant Gervasi,26,Sant Gervasi - Galvany,105,5054,19,5
2026-01-01,5,Sarrià-Sant Gervasi,26,Sant Gervasi - Galvany,105,5054,37,6
2026-01-01,5,Sarrià-Sant Gervasi,26,Sant Gervasi - Galvany,105,5054,28,7
2026-01-01,5,Sarrià-Sant Gervasi,26,Sant Gervasi - Galvany,105,5054,96,8
2026-01-01,5,Sarrià-Sant Gervasi,26,Sant Gervasi - Galvany,105,5054,5,9
2026-01-01,5,Sarrià-Sant Gervasi,26,Sant Gervasi - Galvany,105,5054,2,10
2026-01-01,5,Sarrià-Sant Gervasi,26,Sant Gervasi - Galvany,105,5054,49,11
2026-01-01,5,Sarrià-Sant Gervasi,26,Sant Gervasi - Galvany,105,5054,34,12
2026-01-01,5,Sarrià-Sant Gervasi,26,Sant Gervasi - Galvany,105,5055,20,1
2026-01-01,5,Sarrià-Sant Gervasi,26,Sant Gervasi - Galvany,105,5055,25,2
2026-01-01,5,Sarrià-Sant Gervasi,26,Sant Gervasi - Galvany,105,5055,54,3
2026-01-01,5,Sarrià-Sant Gervasi,26,Sant Gervasi - Galvany,105,5055,16,4
2026-01-01,5,Sarrià-Sant Gervasi,26,Sant Gervasi - Galvany,105,5055,24,5
2026-01-01,5,Sarrià-Sant Gervasi,26,Sant Gervasi - Galvany,105,5055,67,6
2026-01-01,5,Sarrià-Sant Gervasi,26,Sant Gervasi - Galvany,105,5055,28,7
2026-01-01,5,Sarrià-Sant Gervasi,26,Sant Gervasi - Galvany,105,5055,112,8
2026-01-01,5,Sarrià-Sant Gervasi,26,Sant Gervasi - Galvany,105,5055,10,9
2026-01-01,5,Sarrià-Sant Gervasi,26,Sant Gervasi - Galvany,105,5055,3,10
2026-01-01,5,Sarrià-Sant Gervasi,26,Sant Gervasi - Galvany,105,5055,68,11
2026-01-01,5,Sarrià-Sant Gervasi,26,Sant Gervasi - Galvany,105,5055,62,12
2026-01-01,5,Sarrià-Sant Gervasi,26,Sant Gervasi - Galvany,106,5056,33,1
2026-01-01,5,Sarrià-Sant Gervasi,26,Sant Gervasi - Galvany,106,5056,22,2
2026-01-01,5,Sarrià-Sant Gervasi,26,Sant Gervasi - Galvany,106,5056,82,3
2026-01-01,5,Sarrià-Sant Gervasi,26,Sant Gervasi - Galvany,106,5056,13,4
2026-01-01,5,Sarrià-Sant Gervasi,26,Sant Gervasi - Galvany,106,5056,50,5
2026-01-01,5,Sarrià-Sant Gervasi,26,Sant Gervasi - Galvany,106,5056,59,6
2026-01-01,5,Sarrià-Sant Gervasi,26,Sant Gervasi - Galvany,106,5056,39,7
2026-01-01,5,Sarrià-Sant Gervasi,26,Sant Gervasi - Galvany,106,5056,80,8
2026-01-01,5,Sarrià-Sant Gervasi,26,Sant Gervasi - Galvany,106,5056,10,9
2026-01-01,5,Sarrià-Sant Gervasi,26,Sant Gervasi - Galvany,106,5056,6,10
2026-01-01,5,Sarrià-Sant Gervasi,26,Sant Gervasi - Galvany,106,5056,72,11
2026-01-01,5,Sarrià-Sant Gervasi,26,Sant Gervasi - Galvany,106,5056,30,12
2026-01-01,5,Sarrià-Sant Gervasi,26,Sant Gervasi - Galvany,106,5057,29,1
2026-01-01,5,Sarrià-Sant Gervasi,26,Sant Gervasi - Galvany,106,5057,25,2
2026-01-01,5,Sarrià-Sant Gervasi,26,Sant Gervasi - Galvany,106,5057,82,3
2026-01-01,5,Sarrià-Sant Gervasi,26,Sant Gervasi - Galvany,106,5057,19,4
2026-01-01,5,Sarrià-Sant Gervasi,26,Sant Gervasi - Galvany,106,5057,34,5
2026-01-01,5,Sarrià-Sant Gervasi,26,Sant Gervasi - Galvany,106,5057,88,6
2026-01-01,5,Sarrià-Sant Gervasi,26,Sant Gervasi - Galvany,106,5057,42,7
2026-01-01,5,Sarrià-Sant Gervasi,26,Sant Gervasi - Galvany,106,5057,152,8
2026-01-01,5,Sarrià-Sant Gervasi,26,Sant Gervasi - Galvany,106,5057,18,9
2026-01-01,5,Sarrià-Sant Gervasi,26,Sant Gervasi - Galvany,106,5057,6,10
2026-01-01,5,Sarrià-Sant Gervasi,26,Sant Gervasi - Galvany,106,5057,74,11
2026-01-01,5,Sarrià-Sant Gervasi,26,Sant Gervasi - Galvany,106,5057,54,12
2026-01-01,5,Sarrià-Sant Gervasi,26,Sant Gervasi - Galvany,106,5058,39,1
2026-01-01,5,Sarrià-Sant Gervasi,26,Sant Gervasi - Galvany,106,5058,35,2
2026-01-01,5,Sarrià-Sant Gervasi,26,Sant Gervasi - Galvany,106,5058,66,3
2026-01-01,5,Sarrià-Sant Gervasi,26,Sant Gervasi - Galvany,106,5058,20,4
2026-01-01,5,Sarrià-Sant Gervasi,26,Sant Gervasi - Galvany,106,5058,58,5
2026-01-01,5,Sarrià-Sant Gervasi,26,Sant Gervasi - Galvany,106,5058,51,6
2026-01-01,5,Sarrià-Sant Gervasi,26,Sant Gervasi - Galvany,106,5058,44,7
2026-01-01,5,Sarrià-Sant Gervasi,26,Sant Gervasi - Galvany,106,5058,114,8
2026-01-01,5,Sarrià-Sant Gervasi,26,Sant Gervasi - Galvany,106,5058,19,9
2026-01-01,5,Sarrià-Sant Gervasi,26,Sant Gervasi - Galvany,106,5058,5,10
2026-01-01,5,Sarrià-Sant Gervasi,26,Sant Gervasi - Galvany,106,5058,91,11
2026-01-01,5,Sarrià-Sant Gervasi,26,Sant Gervasi - Galvany,106,5058,54,12
2026-01-01,5,Sarrià-Sant Gervasi,26,Sant Gervasi - Galvany,106,5059,67,1
2026-01-01,5,Sarrià-Sant Gervasi,26,Sant Gervasi - Galvany,106,5059,53,2
2026-01-01,5,Sarrià-Sant Gervasi,26,Sant Gervasi - Galvany,106,5059,95,3
2026-01-01,5,Sarrià-Sant Gervasi,26,Sant Gervasi - Galvany,106,5059,26,4
2026-01-01,5,Sarrià-Sant Gervasi,26,Sant Gervasi - Galvany,106,5059,85,5
2026-01-01,5,Sarrià-Sant Gervasi,26,Sant Gervasi - Galvany,106,5059,50,6
2026-01-01,5,Sarrià-Sant Gervasi,26,Sant Gervasi - Galvany,106,5059,41,7
2026-01-01,5,Sarrià-Sant Gervasi,26,Sant Gervasi - Galvany,106,5059,122,8
2026-01-01,5,Sarrià-Sant Gervasi,26,Sant Gervasi - Galvany,106,5059,23,9
2026-01-01,5,Sarrià-Sant Gervasi,26,Sant Gervasi - Galvany,106,5059,8,10
2026-01-01,5,Sarrià-Sant Gervasi,26,Sant Gervasi - Galvany,106,5059,68,11
2026-01-01,5,Sarrià-Sant Gervasi,26,Sant Gervasi - Galvany,106,5059,42,12
2026-01-01,5,Sarrià-Sant Gervasi,26,Sant Gervasi - Galvany,106,5060,33,1
2026-01-01,5,Sarrià-Sant Gervasi,26,Sant Gervasi - Galvany,106,5060,27,2
2026-01-01,5,Sarrià-Sant Gervasi,26,Sant Gervasi - Galvany,106,5060,42,3
2026-01-01,5,Sarrià-Sant Gervasi,26,Sant Gervasi - Galvany,106,5060,21,4
2026-01-01,5,Sarrià-Sant Gervasi,26,Sant Gervasi - Galvany,106,5060,38,5
2026-01-01,5,Sarrià-Sant Gervasi,26,Sant Gervasi - Galvany,106,5060,38,6
2026-01-01,5,Sarrià-Sant Gervasi,26,Sant Gervasi - Galvany,106,5060,23,7
2026-01-01,5,Sarrià-Sant Gervasi,26,Sant Gervasi - Galvany,106,5060,100,8
2026-01-01,5,Sarrià-Sant Gervasi,26,Sant Gervasi - Galvany,106,5060,9,9
2026-01-01,5,Sarrià-Sant Gervasi,26,Sant Gervasi - Galvany,106,5060,4,10
2026-01-01,5,Sarrià-Sant Gervasi,26,Sant Gervasi - Galvany,106,5060,71,11
2026-01-01,5,Sarrià-Sant Gervasi,26,Sant Gervasi - Galvany,106,5060,29,12
2026-01-01,5,Sarrià-Sant Gervasi,26,Sant Gervasi - Galvany,107,5061,94,1
2026-01-01,5,Sarrià-Sant Gervasi,26,Sant Gervasi - Galvany,107,5061,90,2
2026-01-01,5,Sarrià-Sant Gervasi,26,Sant Gervasi - Galvany,107,5061,79,3
2026-01-01,5,Sarrià-Sant Gervasi,26,Sant Gervasi - Galvany,107,5061,24,4
2026-01-01,5,Sarrià-Sant Gervasi,26,Sant Gervasi - Galvany,107,5061,108,5
2026-01-01,5,Sarrià-Sant Gervasi,26,Sant Gervasi - Galvany,107,5061,43,6
2026-01-01,5,Sarrià-Sant Gervasi,26,Sant Gervasi - Galvany,107,5061,37,7
2026-01-01,5,Sarrià-Sant Gervasi,26,Sant Gervasi - Galvany,107,5061,123,8
2026-01-01,5,Sarrià-Sant Gervasi,26,Sant Gervasi - Galvany,107,5061,12,9
2026-01-01,5,Sarrià-Sant Gervasi,26,Sant Gervasi - Galvany,107,5061,1,10
2026-01-01,5,Sarrià-Sant Gervasi,26,Sant Gervasi - Galvany,107,5061,62,11
2026-01-01,5,Sarrià-Sant Gervasi,26,Sant Gervasi - Galvany,107,5061,28,12
2026-01-01,5,Sarrià-Sant Gervasi,26,Sant Gervasi - Galvany,107,5062,64,1
2026-01-01,5,Sarrià-Sant Gervasi,26,Sant Gervasi - Galvany,107,5062,61,2
2026-01-01,5,Sarrià-Sant Gervasi,26,Sant Gervasi - Galvany,107,5062,83,3
2026-01-01,5,Sarrià-Sant Gervasi,26,Sant Gervasi - Galvany,107,5062,27,4
2026-01-01,5,Sarrià-Sant Gervasi,26,Sant Gervasi - Galvany,107,5062,59,5
2026-01-01,5,Sarrià-Sant Gervasi,26,Sant Gervasi - Galvany,107,5062,51,6
2026-01-01,5,Sarrià-Sant Gervasi,26,Sant Gervasi - Galvany,107,5062,33,7
2026-01-01,5,Sarrià-Sant Gervasi,26,Sant Gervasi - Galvany,107,5062,125,8
2026-01-01,5,Sarrià-Sant Gervasi,26,Sant Gervasi - Galvany,107,5062,24,9
2026-01-01,5,Sarrià-Sant Gervasi,26,Sant Gervasi - Galvany,107,5062,4,10
2026-01-01,5,Sarrià-Sant Gervasi,26,Sant Gervasi - Galvany,107,5062,96,11
2026-01-01,5,Sarrià-Sant Gervasi,26,Sant Gervasi - Galvany,107,5062,48,12
2026-01-01,5,Sarrià-Sant Gervasi,26,Sant Gervasi - Galvany,107,5063,69,1
2026-01-01,5,Sarrià-Sant Gervasi,26,Sant Gervasi - Galvany,107,5063,53,2
2026-01-01,5,Sarrià-Sant Gervasi,26,Sant Gervasi - Galvany,107,5063,94,3
2026-01-01,5,Sarrià-Sant Gervasi,26,Sant Gervasi - Galvany,107,5063,25,4
2026-01-01,5,Sarrià-Sant Gervasi,26,Sant Gervasi - Galvany,107,5063,69,5
2026-01-01,5,Sarrià-Sant Gervasi,26,Sant Gervasi - Galvany,107,5063,43,6
2026-01-01,5,Sarrià-Sant Gervasi,26,Sant Gervasi - Galvany,107,5063,35,7
2026-01-01,5,Sarrià-Sant Gervasi,26,Sant Gervasi - Galvany,107,5063,106,8
2026-01-01,5,Sarrià-Sant Gervasi,26,Sant Gervasi - Galvany,107,5063,18,9
2026-01-01,5,Sarrià-Sant Gervasi,26,Sant Gervasi - Galvany,107,5063,4,10
2026-01-01,5,Sarrià-Sant Gervasi,26,Sant Gervasi - Galvany,107,5063,91,11
2026-01-01,5,Sarrià-Sant Gervasi,26,Sant Gervasi - Galvany,107,5063,52,12
2026-01-01,5,Sarrià-Sant Gervasi,26,Sant Gervasi - Galvany,107,5064,89,1
2026-01-01,5,Sarrià-Sant Gervasi,26,Sant Gervasi - Galvany,107,5064,55,2
2026-01-01,5,Sarrià-Sant Gervasi,26,Sant Gervasi - Galvany,107,5064,67,3
2026-01-01,5,Sarrià-Sant Gervasi,26,Sant Gervasi - Galvany,107,5064,18,4
2026-01-01,5,Sarrià-Sant Gervasi,26,Sant Gervasi - Galvany,107,5064,107,5
2026-01-01,5,Sarrià-Sant Gervasi,26,Sant Gervasi - Galvany,107,5064,40,6
2026-01-01,5,Sarrià-Sant Gervasi,26,Sant Gervasi - Galvany,107,5064,40,7
2026-01-01,5,Sarrià-Sant Gervasi,26,Sant Gervasi - Galvany,107,5064,113,8
2026-01-01,5,Sarrià-Sant Gervasi,26,Sant Gervasi - Galvany,107,5064,20,9
2026-01-01,5,Sarrià-Sant Gervasi,26,Sant Gervasi - Galvany,107,5064,3,10
2026-01-01,5,Sarrià-Sant Gervasi,26,Sant Gervasi - Galvany,107,5064,101,11
2026-01-01,5,Sarrià-Sant Gervasi,26,Sant Gervasi - Galvany,107,5064,49,12
2026-01-01,5,Sarrià-Sant Gervasi,26,Sant Gervasi - Galvany,107,5065,56,1
2026-01-01,5,Sarrià-Sant Gervasi,26,Sant Gervasi - Galvany,107,5065,73,2
2026-01-01,5,Sarrià-Sant Gervasi,26,Sant Gervasi - Galvany,107,5065,87,3
2026-01-01,5,Sarrià-Sant Gervasi,26,Sant Gervasi - Galvany,107,5065,18,4
2026-01-01,5,Sarrià-Sant Gervasi,26,Sant Gervasi - Galvany,107,5065,81,5
2026-01-01,5,Sarrià-Sant Gervasi,26,Sant Gervasi - Galvany,107,5065,42,6
2026-01-01,5,Sarrià-Sant Gervasi,26,Sant Gervasi - Galvany,107,5065,32,7
2026-01-01,5,Sarrià-Sant Gervasi,26,Sant Gervasi - Galvany,107,5065,135,8
2026-01-01,5,Sarrià-Sant Gervasi,26,Sant Gervasi - Galvany,107,5065,24,9
2026-01-01,5,Sarrià-Sant Gervasi,26,Sant Gervasi - Galvany,107,5065,5,10
2026-01-01,5,Sarrià-Sant Gervasi,26,Sant Gervasi - Galvany,107,5065,92,11
2026-01-01,5,Sarrià-Sant Gervasi,26,Sant Gervasi - Galvany,107,5065,51,12
2026-01-01,5,Sarrià-Sant Gervasi,26,Sant Gervasi - Galvany,108,5066,43,1
2026-01-01,5,Sarrià-Sant Gervasi,26,Sant Gervasi - Galvany,108,5066,42,2
2026-01-01,5,Sarrià-Sant Gervasi,26,Sant Gervasi - Galvany,108,5066,64,3
2026-01-01,5,Sarrià-Sant Gervasi,26,Sant Gervasi - Galvany,108,5066,23,4
2026-01-01,5,Sarrià-Sant Gervasi,26,Sant Gervasi - Galvany,108,5066,62,5
2026-01-01,5,Sarrià-Sant Gervasi,26,Sant Gervasi - Galvany,108,5066,50,6
2026-01-01,5,Sarrià-Sant Gervasi,26,Sant Gervasi - Galvany,108,5066,32,7
2026-01-01,5,Sarrià-Sant Gervasi,26,Sant Gervasi - Galvany,108,5066,119,8
2026-01-01,5,Sarrià-Sant Gervasi,26,Sant Gervasi - Galvany,108,5066,14,9
2026-01-01,5,Sarrià-Sant Gervasi,26,Sant Gervasi - Galvany,108,5066,2,10
2026-01-01,5,Sarrià-Sant Gervasi,26,Sant Gervasi - Galvany,108,5066,90,11
2026-01-01,5,Sarrià-Sant Gervasi,26,Sant Gervasi - Galvany,108,5066,24,12
2026-01-01,5,Sarrià-Sant Gervasi,26,Sant Gervasi - Galvany,108,5067,36,1
2026-01-01,5,Sarrià-Sant Gervasi,26,Sant Gervasi - Galvany,108,5067,47,2
2026-01-01,5,Sarrià-Sant Gervasi,26,Sant Gervasi - Galvany,108,5067,57,3
2026-01-01,5,Sarrià-Sant Gervasi,26,Sant Gervasi - Galvany,108,5067,24,4
2026-01-01,5,Sarrià-Sant Gervasi,26,Sant Gervasi - Galvany,108,5067,66,5
2026-01-01,5,Sarrià-Sant Gervasi,26,Sant Gervasi - Galvany,108,5067,52,6
2026-01-01,5,Sarrià-Sant Gervasi,26,Sant Gervasi - Galvany,108,5067,27,7
2026-01-01,5,Sarrià-Sant Gervasi,26,Sant Gervasi - Galvany,108,5067,102,8
2026-01-01,5,Sarrià-Sant Gervasi,26,Sant Gervasi - Galvany,108,5067,9,9
2026-01-01,5,Sarrià-Sant Gervasi,26,Sant Gervasi - Galvany,108,5067,3,10
2026-01-01,5,Sarrià-Sant Gervasi,26,Sant Gervasi - Galvany,108,5067,96,11
2026-01-01,5,Sarrià-Sant Gervasi,26,Sant Gervasi - Galvany,108,5067,32,12
2026-01-01,5,Sarrià-Sant Gervasi,26,Sant Gervasi - Galvany,108,5068,77,1
2026-01-01,5,Sarrià-Sant Gervasi,26,Sant Gervasi - Galvany,108,5068,89,2
2026-01-01,5,Sarrià-Sant Gervasi,26,Sant Gervasi - Galvany,108,5068,74,3
2026-01-01,5,Sarrià-Sant Gervasi,26,Sant Gervasi - Galvany,108,5068,26,4
2026-01-01,5,Sarrià-Sant Gervasi,26,Sant Gervasi - Galvany,108,5068,123,5
2026-01-01,5,Sarrià-Sant Gervasi,26,Sant Gervasi - Galvany,108,5068,53,6
2026-01-01,5,Sarrià-Sant Gervasi,26,Sant Gervasi - Galvany,108,5068,34,7
2026-01-01,5,Sarrià-Sant Gervasi,26,Sant Gervasi - Galvany,108,5068,106,8
2026-01-01,5,Sarrià-Sant Gervasi,26,Sant Gervasi - Galvany,108,5068,18,9
2026-01-01,5,Sarrià-Sant Gervasi,26,Sant Gervasi - Galvany,108,5068,4,10
2026-01-01,5,Sarrià-Sant Gervasi,26,Sant Gervasi - Galvany,108,5068,88,11
2026-01-01,5,Sarrià-Sant Gervasi,26,Sant Gervasi - Galvany,108,5068,54,12
2026-01-01,5,Sarrià-Sant Gervasi,26,Sant Gervasi - Galvany,108,5069,68,1
2026-01-01,5,Sarrià-Sant Gervasi,26,Sant Gervasi - Galvany,108,5069,66,2
2026-01-01,5,Sarrià-Sant Gervasi,26,Sant Gervasi - Galvany,108,5069,70,3
2026-01-01,5,Sarrià-Sant Gervasi,26,Sant Gervasi - Galvany,108,5069,22,4
2026-01-01,5,Sarrià-Sant Gervasi,26,Sant Gervasi - Galvany,108,5069,97,5
2026-01-01,5,Sarrià-Sant Gervasi,26,Sant Gervasi - Galvany,108,5069,43,6
2026-01-01,5,Sarrià-Sant Gervasi,26,Sant Gervasi - Galvany,108,5069,31,7
2026-01-01,5,Sarrià-Sant Gervasi,26,Sant Gervasi - Galvany,108,5069,131,8
2026-01-01,5,Sarrià-Sant Gervasi,26,Sant Gervasi - Galvany,108,5069,20,9
2026-01-01,5,Sarrià-Sant Gervasi,26,Sant Gervasi - Galvany,108,5069,6,10
2026-01-01,5,Sarrià-Sant Gervasi,26,Sant Gervasi - Galvany,108,5069,113,11
2026-01-01,5,Sarrià-Sant Gervasi,26,Sant Gervasi - Galvany,108,5069,51,12
2026-01-01,5,Sarrià-Sant Gervasi,26,Sant Gervasi - Galvany,109,5070,61,1
2026-01-01,5,Sarrià-Sant Gervasi,26,Sant Gervasi - Galvany,109,5070,36,2
2026-01-01,5,Sarrià-Sant Gervasi,26,Sant Gervasi - Galvany,109,5070,90,3
2026-01-01,5,Sarrià-Sant Gervasi,26,Sant Gervasi - Galvany,109,5070,14,4
2026-01-01,5,Sarrià-Sant Gervasi,26,Sant Gervasi - Galvany,109,5070,62,5
2026-01-01,5,Sarrià-Sant Gervasi,26,Sant Gervasi - Galvany,109,5070,50,6
2026-01-01,5,Sarrià-Sant Gervasi,26,Sant Gervasi - Galvany,109,5070,34,7
2026-01-01,5,Sarrià-Sant Gervasi,26,Sant Gervasi - Galvany,109,5070,115,8
2026-01-01,5,Sarrià-Sant Gervasi,26,Sant Gervasi - Galvany,109,5070,15,9
2026-01-01,5,Sarrià-Sant Gervasi,26,Sant Gervasi - Galvany,109,5070,5,10
2026-01-01,5,Sarrià-Sant Gervasi,26,Sant Gervasi - Galvany,109,5070,103,11
2026-01-01,5,Sarrià-Sant Gervasi,26,Sant Gervasi - Galvany,109,5070,35,12
2026-01-01,5,Sarrià-Sant Gervasi,26,Sant Gervasi - Galvany,109,5071,90,1
2026-01-01,5,Sarrià-Sant Gervasi,26,Sant Gervasi - Galvany,109,5071,101,2
2026-01-01,5,Sarrià-Sant Gervasi,26,Sant Gervasi - Galvany,109,5071,68,3
2026-01-01,5,Sarrià-Sant Gervasi,26,Sant Gervasi - Galvany,109,5071,15,4
2026-01-01,5,Sarrià-Sant Gervasi,26,Sant Gervasi - Galvany,109,5071,114,5
2026-01-01,5,Sarrià-Sant Gervasi,26,Sant Gervasi - Galvany,109,5071,45,6
2026-01-01,5,Sarrià-Sant Gervasi,26,Sant Gervasi - Galvany,109,5071,33,7
2026-01-01,5,Sarrià-Sant Gervasi,26,Sant Gervasi - Galvany,109,5071,147,8
2026-01-01,5,Sarrià-Sant Gervasi,26,Sant Gervasi - Galvany,109,5071,24,9
2026-01-01,5,Sarrià-Sant Gervasi,26,Sant Gervasi - Galvany,109,5071,4,10
2026-01-01,5,Sarrià-Sant Gervasi,26,Sant Gervasi - Galvany,109,5071,128,11
2026-01-01,5,Sarrià-Sant Gervasi,26,Sant Gervasi - Galvany,109,5071,50,12
2026-01-01,5,Sarrià-Sant Gervasi,26,Sant Gervasi - Galvany,109,5072,63,1
2026-01-01,5,Sarrià-Sant Gervasi,26,Sant Gervasi - Galvany,109,5072,49,2
2026-01-01,5,Sarrià-Sant Gervasi,26,Sant Gervasi - Galvany,109,5072,97,3
2026-01-01,5,Sarrià-Sant Gervasi,26,Sant Gervasi - Galvany,109,5072,24,4
2026-01-01,5,Sarrià-Sant Gervasi,26,Sant Gervasi - Galvany,109,5072,85,5
2026-01-01,5,Sarrià-Sant Gervasi,26,Sant Gervasi - Galvany,109,5072,61,6
2026-01-01,5,Sarrià-Sant Gervasi,26,Sant Gervasi - Galvany,109,5072,47,7
2026-01-01,5,Sarrià-Sant Gervasi,26,Sant Gervasi - Galvany,109,5072,126,8
2026-01-01,5,Sarrià-Sant Gervasi,26,Sant Gervasi - Galvany,109,5072,27,9
2026-01-01,5,Sarrià-Sant Gervasi,26,Sant Gervasi - Galvany,109,5072,3,10
2026-01-01,5,Sarrià-Sant Gervasi,26,Sant Gervasi - Galvany,109,5072,108,11
2026-01-01,5,Sarrià-Sant Gervasi,26,Sant Gervasi - Galvany,109,5072,37,12
2026-01-01,5,Sarrià-Sant Gervasi,26,Sant Gervasi - Galvany,109,5073,75,1
2026-01-01,5,Sarrià-Sant Gervasi,26,Sant Gervasi - Galvany,109,5073,58,2
2026-01-01,5,Sarrià-Sant Gervasi,26,Sant Gervasi - Galvany,109,5073,97,3
2026-01-01,5,Sarrià-Sant Gervasi,26,Sant Gervasi - Galvany,109,5073,22,4
2026-01-01,5,Sarrià-Sant Gervasi,26,Sant Gervasi - Galvany,109,5073,81,5
2026-01-01,5,Sarrià-Sant Gervasi,26,Sant Gervasi - Galvany,109,5073,59,6
2026-01-01,5,Sarrià-Sant Gervasi,26,Sant Gervasi - Galvany,109,5073,45,7
2026-01-01,5,Sarrià-Sant Gervasi,26,Sant Gervasi - Galvany,109,5073,124,8
2026-01-01,5,Sarrià-Sant Gervasi,26,Sant Gervasi - Galvany,109,5073,19,9
2026-01-01,5,Sarrià-Sant Gervasi,26,Sant Gervasi - Galvany,109,5073,5,10
2026-01-01,5,Sarrià-Sant Gervasi,26,Sant Gervasi - Galvany,109,5073,95,11
2026-01-01,5,Sarrià-Sant Gervasi,26,Sant Gervasi - Galvany,109,5073,28,12
2026-01-01,5,Sarrià-Sant Gervasi,26,Sant Gervasi - Galvany,109,5074,47,1
2026-01-01,5,Sarrià-Sant Gervasi,26,Sant Gervasi - Galvany,109,5074,68,2
2026-01-01,5,Sarrià-Sant Gervasi,26,Sant Gervasi - Galvany,109,5074,90,3
2026-01-01,5,Sarrià-Sant Gervasi,26,Sant Gervasi - Galvany,109,5074,27,4
2026-01-01,5,Sarrià-Sant Gervasi,26,Sant Gervasi - Galvany,109,5074,62,5
2026-01-01,5,Sarrià-Sant Gervasi,26,Sant Gervasi - Galvany,109,5074,56,6
2026-01-01,5,Sarrià-Sant Gervasi,26,Sant Gervasi - Galvany,109,5074,49,7
2026-01-01,5,Sarrià-Sant Gervasi,26,Sant Gervasi - Galvany,109,5074,122,8
2026-01-01,5,Sarrià-Sant Gervasi,26,Sant Gervasi - Galvany,109,5074,14,9
2026-01-01,5,Sarrià-Sant Gervasi,26,Sant Gervasi - Galvany,109,5074,5,10
2026-01-01,5,Sarrià-Sant Gervasi,26,Sant Gervasi - Galvany,109,5074,98,11
2026-01-01,5,Sarrià-Sant Gervasi,26,Sant Gervasi - Galvany,109,5074,41,12
2026-01-01,5,Sarrià-Sant Gervasi,26,Sant Gervasi - Galvany,110,5075,78,1
2026-01-01,5,Sarrià-Sant Gervasi,26,Sant Gervasi - Galvany,110,5075,74,2
2026-01-01,5,Sarrià-Sant Gervasi,26,Sant Gervasi - Galvany,110,5075,122,3
2026-01-01,5,Sarrià-Sant Gervasi,26,Sant Gervasi - Galvany,110,5075,31,4
2026-01-01,5,Sarrià-Sant Gervasi,26,Sant Gervasi - Galvany,110,5075,94,5
2026-01-01,5,Sarrià-Sant Gervasi,26,Sant Gervasi - Galvany,110,5075,55,6
2026-01-01,5,Sarrià-Sant Gervasi,26,Sant Gervasi - Galvany,110,5075,49,7
2026-01-01,5,Sarrià-Sant Gervasi,26,Sant Gervasi - Galvany,110,5075,136,8
2026-01-01,5,Sarrià-Sant Gervasi,26,Sant Gervasi - Galvany,110,5075,23,9
2026-01-01,5,Sarrià-Sant Gervasi,26,Sant Gervasi - Galvany,110,5075,6,10
2026-01-01,5,Sarrià-Sant Gervasi,26,Sant Gervasi - Galvany,110,5075,122,11
2026-01-01,5,Sarrià-Sant Gervasi,26,Sant Gervasi - Galvany,110,5075,39,12
2026-01-01,5,Sarrià-Sant Gervasi,26,Sant Gervasi - Galvany,110,5076,55,1
2026-01-01,5,Sarrià-Sant Gervasi,26,Sant Gervasi - Galvany,110,5076,44,2
2026-01-01,5,Sarrià-Sant Gervasi,26,Sant Gervasi - Galvany,110,5076,67,3
2026-01-01,5,Sarrià-Sant Gervasi,26,Sant Gervasi - Galvany,110,5076,34,4
2026-01-01,5,Sarrià-Sant Gervasi,26,Sant Gervasi - Galvany,110,5076,75,5
2026-01-01,5,Sarrià-Sant Gervasi,26,Sant Gervasi - Galvany,110,5076,49,6
2026-01-01,5,Sarrià-Sant Gervasi,26,Sant Gervasi - Galvany,110,5076,31,7
2026-01-01,5,Sarrià-Sant Gervasi,26,Sant Gervasi - Galvany,110,5076,94,8
2026-01-01,5,Sarrià-Sant Gervasi,26,Sant Gervasi - Galvany,110,5076,18,9
2026-01-01,5,Sarrià-Sant Gervasi,26,Sant Gervasi - Galvany,110,5076,7,10
2026-01-01,5,Sarrià-Sant Gervasi,26,Sant Gervasi - Galvany,110,5076,85,11
2026-01-01,5,Sarrià-Sant Gervasi,26,Sant Gervasi - Galvany,110,5076,41,12
2026-01-01,5,Sarrià-Sant Gervasi,26,Sant Gervasi - Galvany,110,5077,29,1
2026-01-01,5,Sarrià-Sant Gervasi,26,Sant Gervasi - Galvany,110,5077,28,2
2026-01-01,5,Sarrià-Sant Gervasi,26,Sant Gervasi - Galvany,110,5077,66,3
2026-01-01,5,Sarrià-Sant Gervasi,26,Sant Gervasi - Galvany,110,5077,22,4
2026-01-01,5,Sarrià-Sant Gervasi,26,Sant Gervasi - Galvany,110,5077,49,5
2026-01-01,5,Sarrià-Sant Gervasi,26,Sant Gervasi - Galvany,110,5077,43,6
2026-01-01,5,Sarrià-Sant Gervasi,26,Sant Gervasi - Galvany,110,5077,28,7
2026-01-01,5,Sarrià-Sant Gervasi,26,Sant Gervasi - Galvany,110,5077,143,8
2026-01-01,5,Sarrià-Sant Gervasi,26,Sant Gervasi - Galvany,110,5077,11,9
2026-01-01,5,Sarrià-Sant Gervasi,26,Sant Gervasi - Galvany,110,5077,5,10
2026-01-01,5,Sarrià-Sant Gervasi,26,Sant Gervasi - Galvany,110,5077,81,11
2026-01-01,5,Sarrià-Sant Gervasi,26,Sant Gervasi - Galvany,110,5077,42,12
2026-01-01,5,Sarrià-Sant Gervasi,26,Sant Gervasi - Galvany,110,5078,47,1
2026-01-01,5,Sarrià-Sant Gervasi,26,Sant Gervasi - Galvany,110,5078,55,2
2026-01-01,5,Sarrià-Sant Gervasi,26,Sant Gervasi - Galvany,110,5078,81,3
2026-01-01,5,Sarrià-Sant Gervasi,26,Sant Gervasi - Galvany,110,5078,32,4
2026-01-01,5,Sarrià-Sant Gervasi,26,Sant Gervasi - Galvany,110,5078,79,5
2026-01-01,5,Sarrià-Sant Gervasi,26,Sant Gervasi - Galvany,110,5078,71,6
2026-01-01,5,Sarrià-Sant Gervasi,26,Sant Gervasi - Galvany,110,5078,42,7
2026-01-01,5,Sarrià-Sant Gervasi,26,Sant Gervasi - Galvany,110,5078,157,8
2026-01-01,5,Sarrià-Sant Gervasi,26,Sant Gervasi - Galvany,110,5078,30,9
2026-01-01,5,Sarrià-Sant Gervasi,26,Sant Gervasi - Galvany,110,5078,7,10
2026-01-01,5,Sarrià-Sant Gervasi,26,Sant Gervasi - Galvany,110,5078,124,11
2026-01-01,5,Sarrià-Sant Gervasi,26,Sant Gervasi - Galvany,110,5078,66,12
2026-01-01,5,Sarrià-Sant Gervasi,26,Sant Gervasi - Galvany,110,5079,32,1
2026-01-01,5,Sarrià-Sant Gervasi,26,Sant Gervasi - Galvany,110,5079,33,2
2026-01-01,5,Sarrià-Sant Gervasi,26,Sant Gervasi - Galvany,110,5079,57,3
2026-01-01,5,Sarrià-Sant Gervasi,26,Sant Gervasi - Galvany,110,5079,16,4
2026-01-01,5,Sarrià-Sant Gervasi,26,Sant Gervasi - Galvany,110,5079,40,5
2026-01-01,5,Sarrià-Sant Gervasi,26,Sant Gervasi - Galvany,110,5079,37,6
2026-01-01,5,Sarrià-Sant Gervasi,26,Sant Gervasi - Galvany,110,5079,45,7
2026-01-01,5,Sarrià-Sant Gervasi,26,Sant Gervasi - Galvany,110,5079,111,8
2026-01-01,5,Sarrià-Sant Gervasi,26,Sant Gervasi - Galvany,110,5079,6,9
2026-01-01,5,Sarrià-Sant Gervasi,26,Sant Gervasi - Galvany,110,5079,4,10
2026-01-01,5,Sarrià-Sant Gervasi,26,Sant Gervasi - Galvany,110,5079,81,11
2026-01-01,5,Sarrià-Sant Gervasi,26,Sant Gervasi - Galvany,110,5079,33,12
2026-01-01,5,Sarrià-Sant Gervasi,27,el Putxet i el Farró,111,5080,83,1
2026-01-01,5,Sarrià-Sant Gervasi,27,el Putxet i el Farró,111,5080,55,2
2026-01-01,5,Sarrià-Sant Gervasi,27,el Putxet i el Farró,111,5080,65,3
2026-01-01,5,Sarrià-Sant Gervasi,27,el Putxet i el Farró,111,5080,16,4
2026-01-01,5,Sarrià-Sant Gervasi,27,el Putxet i el Farró,111,5080,105,5
2026-01-01,5,Sarrià-Sant Gervasi,27,el Putxet i el Farró,111,5080,43,6
2026-01-01,5,Sarrià-Sant Gervasi,27,el Putxet i el Farró,111,5080,25,7
2026-01-01,5,Sarrià-Sant Gervasi,27,el Putxet i el Farró,111,5080,91,8
2026-01-01,5,Sarrià-Sant Gervasi,27,el Putxet i el Farró,111,5080,24,9
2026-01-01,5,Sarrià-Sant Gervasi,27,el Putxet i el Farró,111,5080,1,10
2026-01-01,5,Sarrià-Sant Gervasi,27,el Putxet i el Farró,111,5080,62,11
2026-01-01,5,Sarrià-Sant Gervasi,27,el Putxet i el Farró,111,5080,37,12
2026-01-01,5,Sarrià-Sant Gervasi,27,el Putxet i el Farró,111,5081,76,1
2026-01-01,5,Sarrià-Sant Gervasi,27,el Putxet i el Farró,111,5081,68,2
2026-01-01,5,Sarrià-Sant Gervasi,27,el Putxet i el Farró,111,5081,98,3
2026-01-01,5,Sarrià-Sant Gervasi,27,el Putxet i el Farró,111,5081,23,4
2026-01-01,5,Sarrià-Sant Gervasi,27,el Putxet i el Farró,111,5081,73,5
2026-01-01,5,Sarrià-Sant Gervasi,27,el Putxet i el Farró,111,5081,51,6
2026-01-01,5,Sarrià-Sant Gervasi,27,el Putxet i el Farró,111,5081,26,7
2026-01-01,5,Sarrià-Sant Gervasi,27,el Putxet i el Farró,111,5081,113,8
2026-01-01,5,Sarrià-Sant Gervasi,27,el Putxet i el Farró,111,5081,17,9
2026-01-01,5,Sarrià-Sant Gervasi,27,el Putxet i el Farró,111,5081,3,10
2026-01-01,5,Sarrià-Sant Gervasi,27,el Putxet i el Farró,111,5081,100,11
2026-01-01,5,Sarrià-Sant Gervasi,27,el Putxet i el Farró,111,5081,46,12
2026-01-01,5,Sarrià-Sant Gervasi,27,el Putxet i el Farró,111,5082,96,1
2026-01-01,5,Sarrià-Sant Gervasi,27,el Putxet i el Farró,111,5082,79,2
2026-01-01,5,Sarrià-Sant Gervasi,27,el Putxet i el Farró,111,5082,82,3
2026-01-01,5,Sarrià-Sant Gervasi,27,el Putxet i el Farró,111,5082,29,4
2026-01-01,5,Sarrià-Sant Gervasi,27,el Putxet i el Farró,111,5082,105,5
2026-01-01,5,Sarrià-Sant Gervasi,27,el Putxet i el Farró,111,5082,49,6
2026-01-01,5,Sarrià-Sant Gervasi,27,el Putxet i el Farró,111,5082,27,7
2026-01-01,5,Sarrià-Sant Gervasi,27,el Putxet i el Farró,111,5082,119,8
2026-01-01,5,Sarrià-Sant Gervasi,27,el Putxet i el Farró,111,5082,16,9
2026-01-01,5,Sarrià-Sant Gervasi,27,el Putxet i el Farró,111,5082,4,10
2026-01-01,5,Sarrià-Sant Gervasi,27,el Putxet i el Farró,111,5082,101,11
2026-01-01,5,Sarrià-Sant Gervasi,27,el Putxet i el Farró,111,5082,42,12
2026-01-01,5,Sarrià-Sant Gervasi,27,el Putxet i el Farró,111,5083,64,1
2026-01-01,5,Sarrià-Sant Gervasi,27,el Putxet i el Farró,111,5083,37,2
2026-01-01,5,Sarrià-Sant Gervasi,27,el Putxet i el Farró,111,5083,64,3
2026-01-01,5,Sarrià-Sant Gervasi,27,el Putxet i el Farró,111,5083,25,4
2026-01-01,5,Sarrià-Sant Gervasi,27,el Putxet i el Farró,111,5083,63,5
2026-01-01,5,Sarrià-Sant Gervasi,27,el Putxet i el Farró,111,5083,53,6
2026-01-01,5,Sarrià-Sant Gervasi,27,el Putxet i el Farró,111,5083,31,7
2026-01-01,5,Sarrià-Sant Gervasi,27,el Putxet i el Farró,111,5083,81,8
2026-01-01,5,Sarrià-Sant Gervasi,27,el Putxet i el Farró,111,5083,13,9
2026-01-01,5,Sarrià-Sant Gervasi,27,el Putxet i el Farró,111,5083,6,10
2026-01-01,5,Sarrià-Sant Gervasi,27,el Putxet i el Farró,111,5083,68,11
2026-01-01,5,Sarrià-Sant Gervasi,27,el Putxet i el Farró,111,5083,33,12
2026-01-01,5,Sarrià-Sant Gervasi,27,el Putxet i el Farró,111,5084,63,1
2026-01-01,5,Sarrià-Sant Gervasi,27,el Putxet i el Farró,111,5084,55,2
2026-01-01,5,Sarrià-Sant Gervasi,27,el Putxet i el Farró,111,5084,69,3
2026-01-01,5,Sarrià-Sant Gervasi,27,el Putxet i el Farró,111,5084,12,4
2026-01-01,5,Sarrià-Sant Gervasi,27,el Putxet i el Farró,111,5084,66,5
2026-01-01,5,Sarrià-Sant Gervasi,27,el Putxet i el Farró,111,5084,57,6
2026-01-01,5,Sarrià-Sant Gervasi,27,el Putxet i el Farró,111,5084,30,7
2026-01-01,5,Sarrià-Sant Gervasi,27,el Putxet i el Farró,111,5084,102,8
2026-01-01,5,Sarrià-Sant Gervasi,27,el Putxet i el Farró,111,5084,15,9
2026-01-01,5,Sarrià-Sant Gervasi,27,el Putxet i el Farró,111,5084,4,10
2026-01-01,5,Sarrià-Sant Gervasi,27,el Putxet i el Farró,111,5084,71,11
2026-01-01,5,Sarrià-Sant Gervasi,27,el Putxet i el Farró,111,5084,40,12
2026-01-01,5,Sarrià-Sant Gervasi,27,el Putxet i el Farró,111,5085,73,1
2026-01-01,5,Sarrià-Sant Gervasi,27,el Putxet i el Farró,111,5085,53,2
2026-01-01,5,Sarrià-Sant Gervasi,27,el Putxet i el Farró,111,5085,50,3
2026-01-01,5,Sarrià-Sant Gervasi,27,el Putxet i el Farró,111,5085,21,4
2026-01-01,5,Sarrià-Sant Gervasi,27,el Putxet i el Farró,111,5085,79,5
2026-01-01,5,Sarrià-Sant Gervasi,27,el Putxet i el Farró,111,5085,43,6
2026-01-01,5,Sarrià-Sant Gervasi,27,el Putxet i el Farró,111,5085,26,7
2026-01-01,5,Sarrià-Sant Gervasi,27,el Putxet i el Farró,111,5085,101,8
2026-01-01,5,Sarrià-Sant Gervasi,27,el Putxet i el Farró,111,5085,14,9
2026-01-01,5,Sarrià-Sant Gervasi,27,el Putxet i el Farró,111,5085,4,10
2026-01-01,5,Sarrià-Sant Gervasi,27,el Putxet i el Farró,111,5085,84,11
2026-01-01,5,Sarrià-Sant Gervasi,27,el Putxet i el Farró,111,5085,26,12
2026-01-01,5,Sarrià-Sant Gervasi,27,el Putxet i el Farró,111,5086,83,1
2026-01-01,5,Sarrià-Sant Gervasi,27,el Putxet i el Farró,111,5086,58,2
2026-01-01,5,Sarrià-Sant Gervasi,27,el Putxet i el Farró,111,5086,53,3
2026-01-01,5,Sarrià-Sant Gervasi,27,el Putxet i el Farró,111,5086,25,4
2026-01-01,5,Sarrià-Sant Gervasi,27,el Putxet i el Farró,111,5086,93,5
2026-01-01,5,Sarrià-Sant Gervasi,27,el Putxet i el Farró,111,5086,46,6
2026-01-01,5,Sarrià-Sant Gervasi,27,el Putxet i el Farró,111,5086,28,7
2026-01-01,5,Sarrià-Sant Gervasi,27,el Putxet i el Farró,111,5086,81,8
2026-01-01,5,Sarrià-Sant Gervasi,27,el Putxet i el Farró,111,5086,19,9
2026-01-01,5,Sarrià-Sant Gervasi,27,el Putxet i el Farró,111,5086,5,10
2026-01-01,5,Sarrià-Sant Gervasi,27,el Putxet i el Farró,111,5086,81,11
2026-01-01,5,Sarrià-Sant Gervasi,27,el Putxet i el Farró,111,5086,34,12
2026-01-01,5,Sarrià-Sant Gervasi,27,el Putxet i el Farró,111,5087,78,1
2026-01-01,5,Sarrià-Sant Gervasi,27,el Putxet i el Farró,111,5087,70,2
2026-01-01,5,Sarrià-Sant Gervasi,27,el Putxet i el Farró,111,5087,88,3
2026-01-01,5,Sarrià-Sant Gervasi,27,el Putxet i el Farró,111,5087,26,4
2026-01-01,5,Sarrià-Sant Gervasi,27,el Putxet i el Farró,111,5087,104,5
2026-01-01,5,Sarrià-Sant Gervasi,27,el Putxet i el Farró,111,5087,51,6
2026-01-01,5,Sarrià-Sant Gervasi,27,el Putxet i el Farró,111,5087,37,7
2026-01-01,5,Sarrià-Sant Gervasi,27,el Putxet i el Farró,111,5087,122,8
2026-01-01,5,Sarrià-Sant Gervasi,27,el Putxet i el Farró,111,5087,16,9
2026-01-01,5,Sarrià-Sant Gervasi,27,el Putxet i el Farró,111,5087,5,10
2026-01-01,5,Sarrià-Sant Gervasi,27,el Putxet i el Farró,111,5087,90,11
2026-01-01,5,Sarrià-Sant Gervasi,27,el Putxet i el Farró,111,5087,35,12
2026-01-01,5,Sarrià-Sant Gervasi,27,el Putxet i el Farró,112,5088,63,1
2026-01-01,5,Sarrià-Sant Gervasi,27,el Putxet i el Farró,112,5088,69,2
2026-01-01,5,Sarrià-Sant Gervasi,27,el Putxet i el Farró,112,5088,70,3
2026-01-01,5,Sarrià-Sant Gervasi,27,el Putxet i el Farró,112,5088,28,4
2026-01-01,5,Sarrià-Sant Gervasi,27,el Putxet i el Farró,112,5088,75,5
2026-01-01,5,Sarrià-Sant Gervasi,27,el Putxet i el Farró,112,5088,64,6
2026-01-01,5,Sarrià-Sant Gervasi,27,el Putxet i el Farró,112,5088,40,7
2026-01-01,5,Sarrià-Sant Gervasi,27,el Putxet i el Farró,112,5088,147,8
2026-01-01,5,Sarrià-Sant Gervasi,27,el Putxet i el Farró,112,5088,12,9
2026-01-01,5,Sarrià-Sant Gervasi,27,el Putxet i el Farró,112,5088,3,10
2026-01-01,5,Sarrià-Sant Gervasi,27,el Putxet i el Farró,112,5088,77,11
2026-01-01,5,Sarrià-Sant Gervasi,27,el Putxet i el Farró,112,5088,49,12
2026-01-01,5,Sarrià-Sant Gervasi,27,el Putxet i el Farró,112,5089,58,1
2026-01-01,5,Sarrià-Sant Gervasi,27,el Putxet i el Farró,112,5089,54,2
2026-01-01,5,Sarrià-Sant Gervasi,27,el Putxet i el Farró,112,5089,90,3
2026-01-01,5,Sarrià-Sant Gervasi,27,el Putxet i el Farró,112,5089,28,4
2026-01-01,5,Sarrià-Sant Gervasi,27,el Putxet i el Farró,112,5089,70,5
2026-01-01,5,Sarrià-Sant Gervasi,27,el Putxet i el Farró,112,5089,63,6
2026-01-01,5,Sarrià-Sant Gervasi,27,el Putxet i el Farró,112,5089,36,7
2026-01-01,5,Sarrià-Sant Gervasi,27,el Putxet i el Farró,112,5089,146,8
2026-01-01,5,Sarrià-Sant Gervasi,27,el Putxet i el Farró,112,5089,17,9
2026-01-01,5,Sarrià-Sant Gervasi,27,el Putxet i el Farró,112,5089,8,10
2026-01-01,5,Sarrià-Sant Gervasi,27,el Putxet i el Farró,112,5089,101,11
2026-01-01,5,Sarrià-Sant Gervasi,27,el Putxet i el Farró,112,5089,52,12
2026-01-01,5,Sarrià-Sant Gervasi,27,el Putxet i el Farró,112,5090,74,1
2026-01-01,5,Sarrià-Sant Gervasi,27,el Putxet i el Farró,112,5090,85,2
2026-01-01,5,Sarrià-Sant Gervasi,27,el Putxet i el Farró,112,5090,95,3
2026-01-01,5,Sarrià-Sant Gervasi,27,el Putxet i el Farró,112,5090,32,4
2026-01-01,5,Sarrià-Sant Gervasi,27,el Putxet i el Farró,112,5090,142,5
2026-01-01,5,Sarrià-Sant Gervasi,27,el Putxet i el Farró,112,5090,71,6
2026-01-01,5,Sarrià-Sant Gervasi,27,el Putxet i el Farró,112,5090,52,7
2026-01-01,5,Sarrià-Sant Gervasi,27,el Putxet i el Farró,112,5090,126,8
2026-01-01,5,Sarrià-Sant Gervasi,27,el Putxet i el Farró,112,5090,16,9
2026-01-01,5,Sarrià-Sant Gervasi,27,el Putxet i el Farró,112,5090,5,10
2026-01-01,5,Sarrià-Sant Gervasi,27,el Putxet i el Farró,112,5090,97,11
2026-01-01,5,Sarrià-Sant Gervasi,27,el Putxet i el Farró,112,5090,52,12
2026-01-01,5,Sarrià-Sant Gervasi,27,el Putxet i el Farró,112,5091,50,1
2026-01-01,5,Sarrià-Sant Gervasi,27,el Putxet i el Farró,112,5091,61,2
2026-01-01,5,Sarrià-Sant Gervasi,27,el Putxet i el Farró,112,5091,80,3
2026-01-01,5,Sarrià-Sant Gervasi,27,el Putxet i el Farró,112,5091,19,4
2026-01-01,5,Sarrià-Sant Gervasi,27,el Putxet i el Farró,112,5091,86,5
2026-01-01,5,Sarrià-Sant Gervasi,27,el Putxet i el Farró,112,5091,63,6
2026-01-01,5,Sarrià-Sant Gervasi,27,el Putxet i el Farró,112,5091,33,7
2026-01-01,5,Sarrià-Sant Gervasi,27,el Putxet i el Farró,112,5091,120,8
2026-01-01,5,Sarrià-Sant Gervasi,27,el Putxet i el Farró,112,5091,16,9
2026-01-01,5,Sarrià-Sant Gervasi,27,el Putxet i el Farró,112,5091,3,10
2026-01-01,5,Sarrià-Sant Gervasi,27,el Putxet i el Farró,112,5091,89,11
2026-01-01,5,Sarrià-Sant Gervasi,27,el Putxet i el Farró,112,5091,36,12
2026-01-01,5,Sarrià-Sant Gervasi,27,el Putxet i el Farró,112,5092,47,1
2026-01-01,5,Sarrià-Sant Gervasi,27,el Putxet i el Farró,112,5092,36,2
2026-01-01,5,Sarrià-Sant Gervasi,27,el Putxet i el Farró,112,5092,66,3
2026-01-01,5,Sarrià-Sant Gervasi,27,el Putxet i el Farró,112,5092,15,4
2026-01-01,5,Sarrià-Sant Gervasi,27,el Putxet i el Farró,112,5092,61,5
2026-01-01,5,Sarrià-Sant Gervasi,27,el Putxet i el Farró,112,5092,54,6
2026-01-01,5,Sarrià-Sant Gervasi,27,el Putxet i el Farró,112,5092,33,7
2026-01-01,5,Sarrià-Sant Gervasi,27,el Putxet i el Farró,112,5092,141,8
2026-01-01,5,Sarrià-Sant Gervasi,27,el Putxet i el Farró,112,5092,13,9
2026-01-01,5,Sarrià-Sant Gervasi,27,el Putxet i el Farró,112,5092,6,10
2026-01-01,5,Sarrià-Sant Gervasi,27,el Putxet i el Farró,112,5092,99,11
2026-01-01,5,Sarrià-Sant Gervasi,27,el Putxet i el Farró,112,5092,41,12
2026-01-01,5,Sarrià-Sant Gervasi,27,el Putxet i el Farró,113,5093,67,1
2026-01-01,5,Sarrià-Sant Gervasi,27,el Putxet i el Farró,113,5093,52,2
2026-01-01,5,Sarrià-Sant Gervasi,27,el Putxet i el Farró,113,5093,63,3
2026-01-01,5,Sarrià-Sant Gervasi,27,el Putxet i el Farró,113,5093,15,4
2026-01-01,5,Sarrià-Sant Gervasi,27,el Putxet i el Farró,113,5093,67,5
2026-01-01,5,Sarrià-Sant Gervasi,27,el Putxet i el Farró,113,5093,27,6
2026-01-01,5,Sarrià-Sant Gervasi,27,el Putxet i el Farró,113,5093,22,7
2026-01-01,5,Sarrià-Sant Gervasi,27,el Putxet i el Farró,113,5093,84,8
2026-01-01,5,Sarrià-Sant Gervasi,27,el Putxet i el Farró,113,5093,12,9
2026-01-01,5,Sarrià-Sant Gervasi,27,el Putxet i el Farró,113,5093,2,10
2026-01-01,5,Sarrià-Sant Gervasi,27,el Putxet i el Farró,113,5093,79,11
2026-01-01,5,Sarrià-Sant Gervasi,27,el Putxet i el Farró,113,5093,29,12
2026-01-01,5,Sarrià-Sant Gervasi,27,el Putxet i el Farró,113,5094,71,1
2026-01-01,5,Sarrià-Sant Gervasi,27,el Putxet i el Farró,113,5094,61,2
2026-01-01,5,Sarrià-Sant Gervasi,27,el Putxet i el Farró,113,5094,148,3
2026-01-01,5,Sarrià-Sant Gervasi,27,el Putxet i el Farró,113,5094,33,4
2026-01-01,5,Sarrià-Sant Gervasi,27,el Putxet i el Farró,113,5094,96,5
2026-01-01,5,Sarrià-Sant Gervasi,27,el Putxet i el Farró,113,5094,105,6
2026-01-01,5,Sarrià-Sant Gervasi,27,el Putxet i el Farró,113,5094,63,7
2026-01-01,5,Sarrià-Sant Gervasi,27,el Putxet i el Farró,113,5094,213,8
2026-01-01,5,Sarrià-Sant Gervasi,27,el Putxet i el Farró,113,5094,29,9
2026-01-01,5,Sarrià-Sant Gervasi,27,el Putxet i el Farró,113,5094,8,10
2026-01-01,5,Sarrià-Sant Gervasi,27,el Putxet i el Farró,113,5094,187,11
2026-01-01,5,Sarrià-Sant Gervasi,27,el Putxet i el Farró,113,5094,81,12
2026-01-01,5,Sarrià-Sant Gervasi,27,el Putxet i el Farró,113,5095,68,1
2026-01-01,5,Sarrià-Sant Gervasi,27,el Putxet i el Farró,113,5095,52,2
2026-01-01,5,Sarrià-Sant Gervasi,27,el Putxet i el Farró,113,5095,97,3
2026-01-01,5,Sarrià-Sant Gervasi,27,el Putxet i el Farró,113,5095,24,4
2026-01-01,5,Sarrià-Sant Gervasi,27,el Putxet i el Farró,113,5095,71,5
2026-01-01,5,Sarrià-Sant Gervasi,27,el Putxet i el Farró,113,5095,50,6
2026-01-01,5,Sarrià-Sant Gervasi,27,el Putxet i el Farró,113,5095,43,7
2026-01-01,5,Sarrià-Sant Gervasi,27,el Putxet i el Farró,113,5095,129,8
2026-01-01,5,Sarrià-Sant Gervasi,27,el Putxet i el Farró,113,5095,19,9
2026-01-01,5,Sarrià-Sant Gervasi,27,el Putxet i el Farró,113,5095,6,10
2026-01-01,5,Sarrià-Sant Gervasi,27,el Putxet i el Farró,113,5095,105,11
2026-01-01,5,Sarrià-Sant Gervasi,27,el Putxet i el Farró,113,5095,53,12
2026-01-01,5,Sarrià-Sant Gervasi,27,el Putxet i el Farró,113,5096,72,1
2026-01-01,5,Sarrià-Sant Gervasi,27,el Putxet i el Farró,113,5096,51,2
2026-01-01,5,Sarrià-Sant Gervasi,27,el Putxet i el Farró,113,5096,68,3
2026-01-01,5,Sarrià-Sant Gervasi,27,el Putxet i el Farró,113,5096,16,4
2026-01-01,5,Sarrià-Sant Gervasi,27,el Putxet i el Farró,113,5096,48,5
2026-01-01,5,Sarrià-Sant Gervasi,27,el Putxet i el Farró,113,5096,37,6
2026-01-01,5,Sarrià-Sant Gervasi,27,el Putxet i el Farró,113,5096,25,7
2026-01-01,5,Sarrià-Sant Gervasi,27,el Putxet i el Farró,113,5096,87,8
2026-01-01,5,Sarrià-Sant Gervasi,27,el Putxet i el Farró,113,5096,21,9
2026-01-01,5,Sarrià-Sant Gervasi,27,el Putxet i el Farró,113,5096,4,10
2026-01-01,5,Sarrià-Sant Gervasi,27,el Putxet i el Farró,113,5096,63,11
2026-01-01,5,Sarrià-Sant Gervasi,27,el Putxet i el Farró,113,5096,33,12
2026-01-01,5,Sarrià-Sant Gervasi,27,el Putxet i el Farró,113,5097,51,1
2026-01-01,5,Sarrià-Sant Gervasi,27,el Putxet i el Farró,113,5097,63,2
2026-01-01,5,Sarrià-Sant Gervasi,27,el Putxet i el Farró,113,5097,74,3
2026-01-01,5,Sarrià-Sant Gervasi,27,el Putxet i el Farró,113,5097,18,4
2026-01-01,5,Sarrià-Sant Gervasi,27,el Putxet i el Farró,113,5097,76,5
2026-01-01,5,Sarrià-Sant Gervasi,27,el Putxet i el Farró,113,5097,60,6
2026-01-01,5,Sarrià-Sant Gervasi,27,el Putxet i el Farró,113,5097,29,7
2026-01-01,5,Sarrià-Sant Gervasi,27,el Putxet i el Farró,113,5097,114,8
2026-01-01,5,Sarrià-Sant Gervasi,27,el Putxet i el Farró,113,5097,18,9
2026-01-01,5,Sarrià-Sant Gervasi,27,el Putxet i el Farró,113,5097,9,10
2026-01-01,5,Sarrià-Sant Gervasi,27,el Putxet i el Farró,113,5097,126,11
2026-01-01,5,Sarrià-Sant Gervasi,27,el Putxet i el Farró,113,5097,44,12
2026-01-01,5,Sarrià-Sant Gervasi,27,el Putxet i el Farró,113,5098,72,1
2026-01-01,5,Sarrià-Sant Gervasi,27,el Putxet i el Farró,113,5098,59,2
2026-01-01,5,Sarrià-Sant Gervasi,27,el Putxet i el Farró,113,5098,63,3
2026-01-01,5,Sarrià-Sant Gervasi,27,el Putxet i el Farró,113,5098,34,4
2026-01-01,5,Sarrià-Sant Gervasi,27,el Putxet i el Farró,113,5098,71,5
2026-01-01,5,Sarrià-Sant Gervasi,27,el Putxet i el Farró,113,5098,63,6
2026-01-01,5,Sarrià-Sant Gervasi,27,el Putxet i el Farró,113,5098,40,7
2026-01-01,5,Sarrià-Sant Gervasi,27,el Putxet i el Farró,113,5098,120,8
2026-01-01,5,Sarrià-Sant Gervasi,27,el Putxet i el Farró,113,5098,14,9
2026-01-01,5,Sarrià-Sant Gervasi,27,el Putxet i el Farró,113,5098,2,10
2026-01-01,5,Sarrià-Sant Gervasi,27,el Putxet i el Farró,113,5098,74,11
2026-01-01,5,Sarrià-Sant Gervasi,27,el Putxet i el Farró,113,5098,49,12
2026-01-01,6,Gràcia,28,Vallcarca i els Penitents,114,6001,79,1
2026-01-01,6,Gràcia,28,Vallcarca i els Penitents,114,6001,50,2
2026-01-01,6,Gràcia,28,Vallcarca i els Penitents,114,6001,44,3
2026-01-01,6,Gràcia,28,Vallcarca i els Penitents,114,6001,20,4
2026-01-01,6,Gràcia,28,Vallcarca i els Penitents,114,6001,78,5
2026-01-01,6,Gràcia,28,Vallcarca i els Penitents,114,6001,31,6
2026-01-01,6,Gràcia,28,Vallcarca i els Penitents,114,6001,24,7
2026-01-01,6,Gràcia,28,Vallcarca i els Penitents,114,6001,81,8
2026-01-01,6,Gràcia,28,Vallcarca i els Penitents,114,6001,13,9
2026-01-01,6,Gràcia,28,Vallcarca i els Penitents,114,6001,2,10
2026-01-01,6,Gràcia,28,Vallcarca i els Penitents,114,6001,74,11
2026-01-01,6,Gràcia,28,Vallcarca i els Penitents,114,6001,37,12
2026-01-01,6,Gràcia,28,Vallcarca i els Penitents,114,6002,78,1
2026-01-01,6,Gràcia,28,Vallcarca i els Penitents,114,6002,63,2
2026-01-01,6,Gràcia,28,Vallcarca i els Penitents,114,6002,96,3
2026-01-01,6,Gràcia,28,Vallcarca i els Penitents,114,6002,33,4
2026-01-01,6,Gràcia,28,Vallcarca i els Penitents,114,6002,90,5
2026-01-01,6,Gràcia,28,Vallcarca i els Penitents,114,6002,57,6
2026-01-01,6,Gràcia,28,Vallcarca i els Penitents,114,6002,27,7
2026-01-01,6,Gràcia,28,Vallcarca i els Penitents,114,6002,117,8
2026-01-01,6,Gràcia,28,Vallcarca i els Penitents,114,6002,11,9
2026-01-01,6,Gràcia,28,Vallcarca i els Penitents,114,6002,6,10
2026-01-01,6,Gràcia,28,Vallcarca i els Penitents,114,6002,77,11
2026-01-01,6,Gràcia,28,Vallcarca i els Penitents,114,6002,43,12
2026-01-01,6,Gràcia,28,Vallcarca i els Penitents,114,6003,113,1
2026-01-01,6,Gràcia,28,Vallcarca i els Penitents,114,6003,98,2
2026-01-01,6,Gràcia,28,Vallcarca i els Penitents,114,6003,95,3
2026-01-01,6,Gràcia,28,Vallcarca i els Penitents,114,6003,29,4
2026-01-01,6,Gràcia,28,Vallcarca i els Penitents,114,6003,152,5
2026-01-01,6,Gràcia,28,Vallcarca i els Penitents,114,6003,69,6
2026-01-01,6,Gràcia,28,Vallcarca i els Penitents,114,6003,45,7
2026-01-01,6,Gràcia,28,Vallcarca i els Penitents,114,6003,175,8
2026-01-01,6,Gràcia,28,Vallcarca i els Penitents,114,6003,32,9
2026-01-01,6,Gràcia,28,Vallcarca i els Penitents,114,6003,4,10
2026-01-01,6,Gràcia,28,Vallcarca i els Penitents,114,6003,136,11
2026-01-01,6,Gràcia,28,Vallcarca i els Penitents,114,6003,69,12
2026-01-01,6,Gràcia,28,Vallcarca i els Penitents,114,6004,59,1
2026-01-01,6,Gràcia,28,Vallcarca i els Penitents,114,6004,61,2
2026-01-01,6,Gràcia,28,Vallcarca i els Penitents,114,6004,67,3
2026-01-01,6,Gràcia,28,Vallcarca i els Penitents,114,6004,34,4
2026-01-01,6,Gràcia,28,Vallcarca i els Penitents,114,6004,90,5
2026-01-01,6,Gràcia,28,Vallcarca i els Penitents,114,6004,50,6
2026-01-01,6,Gràcia,28,Vallcarca i els Penitents,114,6004,31,7
2026-01-01,6,Gràcia,28,Vallcarca i els Penitents,114,6004,107,8
2026-01-01,6,Gràcia,28,Vallcarca i els Penitents,114,6004,14,9
2026-01-01,6,Gràcia,28,Vallcarca i els Penitents,114,6004,7,10
2026-01-01,6,Gràcia,28,Vallcarca i els Penitents,114,6004,67,11
2026-01-01,6,Gràcia,28,Vallcarca i els Penitents,114,6004,27,12
2026-01-01,6,Gràcia,28,Vallcarca i els Penitents,115,6006,27,1
2026-01-01,6,Gràcia,28,Vallcarca i els Penitents,115,6006,28,2
2026-01-01,6,Gràcia,28,Vallcarca i els Penitents,115,6006,40,3
2026-01-01,6,Gràcia,28,Vallcarca i els Penitents,115,6006,17,4
2026-01-01,6,Gràcia,28,Vallcarca i els Penitents,115,6006,49,5
2026-01-01,6,Gràcia,28,Vallcarca i els Penitents,115,6006,36,6
2026-01-01,6,Gràcia,28,Vallcarca i els Penitents,115,6006,22,7
2026-01-01,6,Gràcia,28,Vallcarca i els Penitents,115,6006,91,8
2026-01-01,6,Gràcia,28,Vallcarca i els Penitents,115,6006,8,9
2026-01-01,6,Gràcia,28,Vallcarca i els Penitents,115,6006,7,10
2026-01-01,6,Gràcia,28,Vallcarca i els Penitents,115,6006,72,11
2026-01-01,6,Gràcia,28,Vallcarca i els Penitents,115,6006,29,12
2026-01-01,6,Gràcia,28,Vallcarca i els Penitents,115,6007,67,1
2026-01-01,6,Gràcia,28,Vallcarca i els Penitents,115,6007,77,2
2026-01-01,6,Gràcia,28,Vallcarca i els Penitents,115,6007,93,3
2026-01-01,6,Gràcia,28,Vallcarca i els Penitents,115,6007,20,4
2026-01-01,6,Gràcia,28,Vallcarca i els Penitents,115,6007,103,5
2026-01-01,6,Gràcia,28,Vallcarca i els Penitents,115,6007,62,6
2026-01-01,6,Gràcia,28,Vallcarca i els Penitents,115,6007,52,7
2026-01-01,6,Gràcia,28,Vallcarca i els Penitents,115,6007,150,8
2026-01-01,6,Gràcia,28,Vallcarca i els Penitents,115,6007,24,9
2026-01-01,6,Gràcia,28,Vallcarca i els Penitents,115,6007,4,10
2026-01-01,6,Gràcia,28,Vallcarca i els Penitents,115,6007,117,11
2026-01-01,6,Gràcia,28,Vallcarca i els Penitents,115,6007,59,12
2026-01-01,6,Gràcia,28,Vallcarca i els Penitents,115,6008,62,1
2026-01-01,6,Gràcia,28,Vallcarca i els Penitents,115,6008,91,2
2026-01-01,6,Gràcia,28,Vallcarca i els Penitents,115,6008,100,3
2026-01-01,6,Gràcia,28,Vallcarca i els Penitents,115,6008,28,4
2026-01-01,6,Gràcia,28,Vallcarca i els Penitents,115,6008,127,5
2026-01-01,6,Gràcia,28,Vallcarca i els Penitents,115,6008,68,6
2026-01-01,6,Gràcia,28,Vallcarca i els Penitents,115,6008,47,7
2026-01-01,6,Gràcia,28,Vallcarca i els Penitents,115,6008,156,8
2026-01-01,6,Gràcia,28,Vallcarca i els Penitents,115,6008,16,9
2026-01-01,6,Gràcia,28,Vallcarca i els Penitents,115,6008,6,10
2026-01-01,6,Gràcia,28,Vallcarca i els Penitents,115,6008,117,11
2026-01-01,6,Gràcia,28,Vallcarca i els Penitents,115,6008,60,12
2026-01-01,6,Gràcia,28,Vallcarca i els Penitents,116,6009,41,1
2026-01-01,6,Gràcia,28,Vallcarca i els Penitents,116,6009,55,2
2026-01-01,6,Gràcia,28,Vallcarca i els Penitents,116,6009,46,3
2026-01-01,6,Gràcia,28,Vallcarca i els Penitents,116,6009,25,4
2026-01-01,6,Gràcia,28,Vallcarca i els Penitents,116,6009,59,5
2026-01-01,6,Gràcia,28,Vallcarca i els Penitents,116,6009,49,6
2026-01-01,6,Gràcia,28,Vallcarca i els Penitents,116,6009,32,7
2026-01-01,6,Gràcia,28,Vallcarca i els Penitents,116,6009,97,8
2026-01-01,6,Gràcia,28,Vallcarca i els Penitents,116,6009,15,9
2026-01-01,6,Gràcia,28,Vallcarca i els Penitents,116,6009,7,10
2026-01-01,6,Gràcia,28,Vallcarca i els Penitents,116,6009,78,11
2026-01-01,6,Gràcia,28,Vallcarca i els Penitents,116,6009,47,12
2026-01-01,6,Gràcia,28,Vallcarca i els Penitents,116,6010,28,1
2026-01-01,6,Gràcia,28,Vallcarca i els Penitents,116,6010,34,2
2026-01-01,6,Gràcia,28,Vallcarca i els Penitents,116,6010,39,3
2026-01-01,6,Gràcia,28,Vallcarca i els Penitents,116,6010,23,4
2026-01-01,6,Gràcia,28,Vallcarca i els Penitents,116,6010,56,5
2026-01-01,6,Gràcia,28,Vallcarca i els Penitents,116,6010,53,6
2026-01-01,6,Gràcia,28,Vallcarca i els Penitents,116,6010,26,7
2026-01-01,6,Gràcia,28,Vallcarca i els Penitents,116,6010,85,8
2026-01-01,6,Gràcia,28,Vallcarca i els Penitents,116,6010,10,9
2026-01-01,6,Gràcia,28,Vallcarca i els Penitents,116,6010,5,10
2026-01-01,6,Gràcia,28,Vallcarca i els Penitents,116,6010,44,11
2026-01-01,6,Gràcia,28,Vallcarca i els Penitents,116,6010,37,12
2026-01-01,6,Gràcia,28,Vallcarca i els Penitents,117,6011,35,1
2026-01-01,6,Gràcia,28,Vallcarca i els Penitents,117,6011,41,2
2026-01-01,6,Gràcia,28,Vallcarca i els Penitents,117,6011,74,3
2026-01-01,6,Gràcia,28,Vallcarca i els Penitents,117,6011,22,4
2026-01-01,6,Gràcia,28,Vallcarca i els Penitents,117,6011,63,5
2026-01-01,6,Gràcia,28,Vallcarca i els Penitents,117,6011,41,6
2026-01-01,6,Gràcia,28,Vallcarca i els Penitents,117,6011,22,7
2026-01-01,6,Gràcia,28,Vallcarca i els Penitents,117,6011,115,8
2026-01-01,6,Gràcia,28,Vallcarca i els Penitents,117,6011,15,9
2026-01-01,6,Gràcia,28,Vallcarca i els Penitents,117,6011,4,10
2026-01-01,6,Gràcia,28,Vallcarca i els Penitents,117,6011,68,11
2026-01-01,6,Gràcia,28,Vallcarca i els Penitents,117,6011,35,12
2026-01-01,6,Gràcia,28,Vallcarca i els Penitents,117,6012,28,1
2026-01-01,6,Gràcia,28,Vallcarca i els Penitents,117,6012,32,2
2026-01-01,6,Gràcia,28,Vallcarca i els Penitents,117,6012,62,3
2026-01-01,6,Gràcia,28,Vallcarca i els Penitents,117,6012,23,4
2026-01-01,6,Gràcia,28,Vallcarca i els Penitents,117,6012,45,5
2026-01-01,6,Gràcia,28,Vallcarca i els Penitents,117,6012,50,6
2026-01-01,6,Gràcia,28,Vallcarca i els Penitents,117,6012,19,7
2026-01-01,6,Gràcia,28,Vallcarca i els Penitents,117,6012,94,8
2026-01-01,6,Gràcia,28,Vallcarca i els Penitents,117,6012,8,9
2026-01-01,6,Gràcia,28,Vallcarca i els Penitents,117,6012,2,10
2026-01-01,6,Gràcia,28,Vallcarca i els Penitents,117,6012,56,11
2026-01-01,6,Gràcia,28,Vallcarca i els Penitents,117,6012,37,12
2026-01-01,6,Gràcia,29,el Coll,118,6013,70,1
2026-01-01,6,Gràcia,29,el Coll,118,6013,75,2
2026-01-01,6,Gràcia,29,el Coll,118,6013,71,3
2026-01-01,6,Gràcia,29,el Coll,118,6013,21,4
2026-01-01,6,Gràcia,29,el Coll,118,6013,104,5
2026-01-01,6,Gràcia,29,el Coll,118,6013,59,6
2026-01-01,6,Gràcia,29,el Coll,118,6013,39,7
2026-01-01,6,Gràcia,29,el Coll,118,6013,154,8
2026-01-01,6,Gràcia,29,el Coll,118,6013,15,9
2026-01-01,6,Gràcia,29,el Coll,118,6013,3,10
2026-01-01,6,Gràcia,29,el Coll,118,6013,95,11
2026-01-01,6,Gràcia,29,el Coll,118,6013,65,12
2026-01-01,6,Gràcia,29,el Coll,118,6014,41,1
2026-01-01,6,Gràcia,29,el Coll,118,6014,40,2
2026-01-01,6,Gràcia,29,el Coll,118,6014,71,3
2026-01-01,6,Gràcia,29,el Coll,118,6014,17,4
2026-01-01,6,Gràcia,29,el Coll,118,6014,67,5
2026-01-01,6,Gràcia,29,el Coll,118,6014,69,6
2026-01-01,6,Gràcia,29,el Coll,118,6014,48,7
2026-01-01,6,Gràcia,29,el Coll,118,6014,117,8
2026-01-01,6,Gràcia,29,el Coll,118,6014,15,9
2026-01-01,6,Gràcia,29,el Coll,118,6014,4,10
2026-01-01,6,Gràcia,29,el Coll,118,6014,72,11
2026-01-01,6,Gràcia,29,el Coll,118,6014,46,12
2026-01-01,6,Gràcia,29,el Coll,118,6015,53,1
2026-01-01,6,Gràcia,29,el Coll,118,6015,71,2
2026-01-01,6,Gràcia,29,el Coll,118,6015,70,3
2026-01-01,6,Gràcia,29,el Coll,118,6015,19,4
2026-01-01,6,Gràcia,29,el Coll,118,6015,78,5
2026-01-01,6,Gràcia,29,el Coll,118,6015,39,6
2026-01-01,6,Gràcia,29,el Coll,118,6015,33,7
2026-01-01,6,Gràcia,29,el Coll,118,6015,109,8
2026-01-01,6,Gràcia,29,el Coll,118,6015,15,9
2026-01-01,6,Gràcia,29,el Coll,118,6015,5,10
2026-01-01,6,Gràcia,29,el Coll,118,6015,69,11
2026-01-01,6,Gràcia,29,el Coll,118,6015,49,12
2026-01-01,6,Gràcia,29,el Coll,118,6016,91,1
2026-01-01,6,Gràcia,29,el Coll,118,6016,71,2
2026-01-01,6,Gràcia,29,el Coll,118,6016,56,3
2026-01-01,6,Gràcia,29,el Coll,118,6016,19,4
2026-01-01,6,Gràcia,29,el Coll,118,6016,95,5
2026-01-01,6,Gràcia,29,el Coll,118,6016,40,6
2026-01-01,6,Gràcia,29,el Coll,118,6016,34,7
2026-01-01,6,Gràcia,29,el Coll,118,6016,140,8
2026-01-01,6,Gràcia,29,el Coll,118,6016,29,9
2026-01-01,6,Gràcia,29,el Coll,118,6016,4,10
2026-01-01,6,Gràcia,29,el Coll,118,6016,84,11
2026-01-01,6,Gràcia,29,el Coll,118,6016,48,12
2026-01-01,6,Gràcia,29,el Coll,118,6017,60,1
2026-01-01,6,Gràcia,29,el Coll,118,6017,68,2
2026-01-01,6,Gràcia,29,el Coll,118,6017,73,3
2026-01-01,6,Gràcia,29,el Coll,118,6017,17,4
2026-01-01,6,Gràcia,29,el Coll,118,6017,77,5
2026-01-01,6,Gràcia,29,el Coll,118,6017,37,6
2026-01-01,6,Gràcia,29,el Coll,118,6017,36,7
2026-01-01,6,Gràcia,29,el Coll,118,6017,111,8
2026-01-01,6,Gràcia,29,el Coll,118,6017,16,9
2026-01-01,6,Gràcia,29,el Coll,118,6017,4,10
2026-01-01,6,Gràcia,29,el Coll,118,6017,78,11
2026-01-01,6,Gràcia,29,el Coll,118,6017,47,12
2026-01-01,6,Gràcia,30,la Salut,119,6018,65,1
2026-01-01,6,Gràcia,30,la Salut,119,6018,60,2
2026-01-01,6,Gràcia,30,la Salut,119,6018,56,3
2026-01-01,6,Gràcia,30,la Salut,119,6018,22,4
2026-01-01,6,Gràcia,30,la Salut,119,6018,117,5
2026-01-01,6,Gràcia,30,la Salut,119,6018,40,6
2026-01-01,6,Gràcia,30,la Salut,119,6018,33,7
2026-01-01,6,Gràcia,30,la Salut,119,6018,99,8
2026-01-01,6,Gràcia,30,la Salut,119,6018,16,9
2026-01-01,6,Gràcia,30,la Salut,119,6018,4,10
2026-01-01,6,Gràcia,30,la Salut,119,6018,79,11
2026-01-01,6,Gràcia,30,la Salut,119,6018,25,12
2026-01-01,6,Gràcia,30,la Salut,119,6019,68,1
2026-01-01,6,Gràcia,30,la Salut,119,6019,67,2
2026-01-01,6,Gràcia,30,la Salut,119,6019,68,3
2026-01-01,6,Gràcia,30,la Salut,119,6019,18,4
2026-01-01,6,Gràcia,30,la Salut,119,6019,94,5
2026-01-01,6,Gràcia,30,la Salut,119,6019,55,6
2026-01-01,6,Gràcia,30,la Salut,119,6019,24,7
2026-01-01,6,Gràcia,30,la Salut,119,6019,108,8
2026-01-01,6,Gràcia,30,la Salut,119,6019,22,9
2026-01-01,6,Gràcia,30,la Salut,119,6019,3,10
2026-01-01,6,Gràcia,30,la Salut,119,6019,79,11
2026-01-01,6,Gràcia,30,la Salut,119,6019,50,12
2026-01-01,6,Gràcia,30,la Salut,119,6020,71,1
2026-01-01,6,Gràcia,30,la Salut,119,6020,60,2
2026-01-01,6,Gràcia,30,la Salut,119,6020,54,3
2026-01-01,6,Gràcia,30,la Salut,119,6020,18,4
2026-01-01,6,Gràcia,30,la Salut,119,6020,80,5
2026-01-01,6,Gràcia,30,la Salut,119,6020,46,6
2026-01-01,6,Gràcia,30,la Salut,119,6020,24,7
2026-01-01,6,Gràcia,30,la Salut,119,6020,93,8
2026-01-01,6,Gràcia,30,la Salut,119,6020,9,9
2026-01-01,6,Gràcia,30,la Salut,119,6020,2,10
2026-01-01,6,Gràcia,30,la Salut,119,6020,53,11
2026-01-01,6,Gràcia,30,la Salut,119,6020,28,12
2026-01-01,6,Gràcia,30,la Salut,119,6021,46,1
2026-01-01,6,Gràcia,30,la Salut,119,6021,32,2
2026-01-01,6,Gràcia,30,la Salut,119,6021,64,3
2026-01-01,6,Gràcia,30,la Salut,119,6021,16,4
2026-01-01,6,Gràcia,30,la Salut,119,6021,60,5
2026-01-01,6,Gràcia,30,la Salut,119,6021,62,6
2026-01-01,6,Gràcia,30,la Salut,119,6021,27,7
2026-01-01,6,Gràcia,30,la Salut,119,6021,120,8
2026-01-01,6,Gràcia,30,la Salut,119,6021,14,9
2026-01-01,6,Gràcia,30,la Salut,119,6021,4,10
2026-01-01,6,Gràcia,30,la Salut,119,6021,61,11
2026-01-01,6,Gràcia,30,la Salut,119,6021,33,12
2026-01-01,6,Gràcia,30,la Salut,120,6022,42,1
2026-01-01,6,Gràcia,30,la Salut,120,6022,51,2
2026-01-01,6,Gràcia,30,la Salut,120,6022,53,3
2026-01-01,6,Gràcia,30,la Salut,120,6022,19,4
2026-01-01,6,Gràcia,30,la Salut,120,6022,68,5
2026-01-01,6,Gràcia,30,la Salut,120,6022,42,6
2026-01-01,6,Gràcia,30,la Salut,120,6022,23,7
2026-01-01,6,Gràcia,30,la Salut,120,6022,84,8
2026-01-01,6,Gràcia,30,la Salut,120,6022,13,9
2026-01-01,6,Gràcia,30,la Salut,120,6022,4,10
2026-01-01,6,Gràcia,30,la Salut,120,6022,65,11
2026-01-01,6,Gràcia,30,la Salut,120,6022,38,12
2026-01-01,6,Gràcia,30,la Salut,120,6023,20,1
2026-01-01,6,Gràcia,30,la Salut,120,6023,27,2
2026-01-01,6,Gràcia,30,la Salut,120,6023,84,3
2026-01-01,6,Gràcia,30,la Salut,120,6023,11,4
2026-01-01,6,Gràcia,30,la Salut,120,6023,38,5
2026-01-01,6,Gràcia,30,la Salut,120,6023,87,6
2026-01-01,6,Gràcia,30,la Salut,120,6023,34,7
2026-01-01,6,Gràcia,30,la Salut,120,6023,98,8
2026-01-01,6,Gràcia,30,la Salut,120,6023,10,9
2026-01-01,6,Gràcia,30,la Salut,120,6023,4,10
2026-01-01,6,Gràcia,30,la Salut,120,6023,80,11
2026-01-01,6,Gràcia,30,la Salut,120,6023,27,12
2026-01-01,6,Gràcia,30,la Salut,120,6024,54,1
2026-01-01,6,Gràcia,30,la Salut,120,6024,56,2
2026-01-01,6,Gràcia,30,la Salut,120,6024,106,3
2026-01-01,6,Gràcia,30,la Salut,120,6024,26,4
2026-01-01,6,Gràcia,30,la Salut,120,6024,106,5
2026-01-01,6,Gràcia,30,la Salut,120,6024,83,6
2026-01-01,6,Gràcia,30,la Salut,120,6024,49,7
2026-01-01,6,Gràcia,30,la Salut,120,6024,109,8
2026-01-01,6,Gràcia,30,la Salut,120,6024,16,9
2026-01-01,6,Gràcia,30,la Salut,120,6024,3,10
2026-01-01,6,Gràcia,30,la Salut,120,6024,87,11
2026-01-01,6,Gràcia,30,la Salut,120,6024,50,12
2026-01-01,6,Gràcia,30,la Salut,120,6025,42,1
2026-01-01,6,Gràcia,30,la Salut,120,6025,40,2
2026-01-01,6,Gràcia,30,la Salut,120,6025,89,3
2026-01-01,6,Gràcia,30,la Salut,120,6025,21,4
2026-01-01,6,Gràcia,30,la Salut,120,6025,60,5
2026-01-01,6,Gràcia,30,la Salut,120,6025,58,6
2026-01-01,6,Gràcia,30,la Salut,120,6025,41,7
2026-01-01,6,Gràcia,30,la Salut,120,6025,111,8
2026-01-01,6,Gràcia,30,la Salut,120,6025,10,9
2026-01-01,6,Gràcia,30,la Salut,120,6025,3,10
2026-01-01,6,Gràcia,30,la Salut,120,6025,81,11
2026-01-01,6,Gràcia,30,la Salut,120,6025,42,12
2026-01-01,6,Gràcia,30,la Salut,120,6026,41,1
2026-01-01,6,Gràcia,30,la Salut,120,6026,43,2
2026-01-01,6,Gràcia,30,la Salut,120,6026,64,3
2026-01-01,6,Gràcia,30,la Salut,120,6026,12,4
2026-01-01,6,Gràcia,30,la Salut,120,6026,62,5
2026-01-01,6,Gràcia,30,la Salut,120,6026,47,6
2026-01-01,6,Gràcia,30,la Salut,120,6026,23,7
2026-01-01,6,Gràcia,30,la Salut,120,6026,73,8
2026-01-01,6,Gràcia,30,la Salut,120,6026,8,9
2026-01-01,6,Gràcia,30,la Salut,120,6026,3,10
2026-01-01,6,Gràcia,30,la Salut,120,6026,57,11
2026-01-01,6,Gràcia,30,la Salut,120,6026,29,12
2026-01-01,6,Gràcia,30,la Salut,120,6027,43,1
2026-01-01,6,Gràcia,30,la Salut,120,6027,30,2
2026-01-01,6,Gràcia,30,la Salut,120,6027,78,3
2026-01-01,6,Gràcia,30,la Salut,120,6027,14,4
2026-01-01,6,Gràcia,30,la Salut,120,6027,62,5
2026-01-01,6,Gràcia,30,la Salut,120,6027,46,6
2026-01-01,6,Gràcia,30,la Salut,120,6027,29,7
2026-01-01,6,Gràcia,30,la Salut,120,6027,112,8
2026-01-01,6,Gràcia,30,la Salut,120,6027,9,9
2026-01-01,6,Gràcia,30,la Salut,120,6027,2,10
2026-01-01,6,Gràcia,30,la Salut,120,6027,52,11
2026-01-01,6,Gràcia,30,la Salut,120,6027,34,12
2026-01-01,6,Gràcia,31,la Vila de Gràcia,121,6028,61,1
2026-01-01,6,Gràcia,31,la Vila de Gràcia,121,6028,81,2
2026-01-01,6,Gràcia,31,la Vila de Gràcia,121,6028,47,3
2026-01-01,6,Gràcia,31,la Vila de Gràcia,121,6028,26,4
2026-01-01,6,Gràcia,31,la Vila de Gràcia,121,6028,101,5
2026-01-01,6,Gràcia,31,la Vila de Gràcia,121,6028,40,6
2026-01-01,6,Gràcia,31,la Vila de Gràcia,121,6028,33,7
2026-01-01,6,Gràcia,31,la Vila de Gràcia,121,6028,93,8
2026-01-01,6,Gràcia,31,la Vila de Gràcia,121,6028,18,9
2026-01-01,6,Gràcia,31,la Vila de Gràcia,121,6028,6,10
2026-01-01,6,Gràcia,31,la Vila de Gràcia,121,6028,71,11
2026-01-01,6,Gràcia,31,la Vila de Gràcia,121,6028,25,12
2026-01-01,6,Gràcia,31,la Vila de Gràcia,121,6029,87,1
2026-01-01,6,Gràcia,31,la Vila de Gràcia,121,6029,66,2
2026-01-01,6,Gràcia,31,la Vila de Gràcia,121,6029,52,3
2026-01-01,6,Gràcia,31,la Vila de Gràcia,121,6029,31,4
2026-01-01,6,Gràcia,31,la Vila de Gràcia,121,6029,112,5
2026-01-01,6,Gràcia,31,la Vila de Gràcia,121,6029,66,6
2026-01-01,6,Gràcia,31,la Vila de Gràcia,121,6029,42,7
2026-01-01,6,Gràcia,31,la Vila de Gràcia,121,6029,89,8
2026-01-01,6,Gràcia,31,la Vila de Gràcia,121,6029,19,9
2026-01-01,6,Gràcia,31,la Vila de Gràcia,121,6029,1,10
2026-01-01,6,Gràcia,31,la Vila de Gràcia,121,6029,70,11
2026-01-01,6,Gràcia,31,la Vila de Gràcia,121,6029,24,12
2026-01-01,6,Gràcia,31,la Vila de Gràcia,121,6030,95,1
2026-01-01,6,Gràcia,31,la Vila de Gràcia,121,6030,62,2
2026-01-01,6,Gràcia,31,la Vila de Gràcia,121,6030,54,3
2026-01-01,6,Gràcia,31,la Vila de Gràcia,121,6030,22,4
2026-01-01,6,Gràcia,31,la Vila de Gràcia,121,6030,125,5
2026-01-01,6,Gràcia,31,la Vila de Gràcia,121,6030,39,6
2026-01-01,6,Gràcia,31,la Vila de Gràcia,121,6030,19,7
2026-01-01,6,Gràcia,31,la Vila de Gràcia,121,6030,99,8
2026-01-01,6,Gràcia,31,la Vila de Gràcia,121,6030,18,9
2026-01-01,6,Gràcia,31,la Vila de Gràcia,121,6030,4,10
2026-01-01,6,Gràcia,31,la Vila de Gràcia,121,6030,66,11
2026-01-01,6,Gràcia,31,la Vila de Gràcia,121,6030,25,12
2026-01-01,6,Gràcia,31,la Vila de Gràcia,121,6031,90,1
2026-01-01,6,Gràcia,31,la Vila de Gràcia,121,6031,72,2
2026-01-01,6,Gràcia,31,la Vila de Gràcia,121,6031,51,3
2026-01-01,6,Gràcia,31,la Vila de Gràcia,121,6031,15,4
2026-01-01,6,Gràcia,31,la Vila de Gràcia,121,6031,94,5
2026-01-01,6,Gràcia,31,la Vila de Gràcia,121,6031,35,6
2026-01-01,6,Gràcia,31,la Vila de Gràcia,121,6031,32,7
2026-01-01,6,Gràcia,31,la Vila de Gràcia,121,6031,80,8
2026-01-01,6,Gràcia,31,la Vila de Gràcia,121,6031,10,9
2026-01-01,6,Gràcia,31,la Vila de Gràcia,121,6031,3,10
2026-01-01,6,Gràcia,31,la Vila de Gràcia,121,6031,55,11
2026-01-01,6,Gràcia,31,la Vila de Gràcia,121,6031,15,12
2026-01-01,6,Gràcia,31,la Vila de Gràcia,121,6032,74,1
2026-01-01,6,Gràcia,31,la Vila de Gràcia,121,6032,57,2
2026-01-01,6,Gràcia,31,la Vila de Gràcia,121,6032,44,3
2026-01-01,6,Gràcia,31,la Vila de Gràcia,121,6032,20,4
2026-01-01,6,Gràcia,31,la Vila de Gràcia,121,6032,78,5
2026-01-01,6,Gràcia,31,la Vila de Gràcia,121,6032,48,6
2026-01-01,6,Gràcia,31,la Vila de Gràcia,121,6032,19,7
2026-01-01,6,Gràcia,31,la Vila de Gràcia,121,6032,91,8
2026-01-01,6,Gràcia,31,la Vila de Gràcia,121,6032,13,9
2026-01-01,6,Gràcia,31,la Vila de Gràcia,121,6032,3,10
2026-01-01,6,Gràcia,31,la Vila de Gràcia,121,6032,68,11
2026-01-01,6,Gràcia,31,la Vila de Gràcia,121,6032,14,12
2026-01-01,6,Gràcia,31,la Vila de Gràcia,122,6033,77,1
2026-01-01,6,Gràcia,31,la Vila de Gràcia,122,6033,57,2
2026-01-01,6,Gràcia,31,la Vila de Gràcia,122,6033,60,3
2026-01-01,6,Gràcia,31,la Vila de Gràcia,122,6033,23,4
2026-01-01,6,Gràcia,31,la Vila de Gràcia,122,6033,93,5
2026-01-01,6,Gràcia,31,la Vila de Gràcia,122,6033,44,6
2026-01-01,6,Gràcia,31,la Vila de Gràcia,122,6033,32,7
2026-01-01,6,Gràcia,31,la Vila de Gràcia,122,6033,111,8
2026-01-01,6,Gràcia,31,la Vila de Gràcia,122,6033,12,9
2026-01-01,6,Gràcia,31,la Vila de Gràcia,122,6033,2,10
2026-01-01,6,Gràcia,31,la Vila de Gràcia,122,6033,56,11
2026-01-01,6,Gràcia,31,la Vila de Gràcia,122,6033,31,12
2026-01-01,6,Gràcia,31,la Vila de Gràcia,122,6034,80,1
2026-01-01,6,Gràcia,31,la Vila de Gràcia,122,6034,54,2
2026-01-01,6,Gràcia,31,la Vila de Gràcia,122,6034,52,3
2026-01-01,6,Gràcia,31,la Vila de Gràcia,122,6034,15,4
2026-01-01,6,Gràcia,31,la Vila de Gràcia,122,6034,78,5
2026-01-01,6,Gràcia,31,la Vila de Gràcia,122,6034,40,6
2026-01-01,6,Gràcia,31,la Vila de Gràcia,122,6034,26,7
2026-01-01,6,Gràcia,31,la Vila de Gràcia,122,6034,83,8
2026-01-01,6,Gràcia,31,la Vila de Gràcia,122,6034,10,9
2026-01-01,6,Gràcia,31,la Vila de Gràcia,122,6034,6,10
2026-01-01,6,Gràcia,31,la Vila de Gràcia,122,6034,61,11
2026-01-01,6,Gràcia,31,la Vila de Gràcia,122,6034,18,12
2026-01-01,6,Gràcia,31,la Vila de Gràcia,122,6035,33,1
2026-01-01,6,Gràcia,31,la Vila de Gràcia,122,6035,34,2
2026-01-01,6,Gràcia,31,la Vila de Gràcia,122,6035,52,3
2026-01-01,6,Gràcia,31,la Vila de Gràcia,122,6035,18,4
2026-01-01,6,Gràcia,31,la Vila de Gràcia,122,6035,58,5
2026-01-01,6,Gràcia,31,la Vila de Gràcia,122,6035,36,6
2026-01-01,6,Gràcia,31,la Vila de Gràcia,122,6035,35,7
2026-01-01,6,Gràcia,31,la Vila de Gràcia,122,6035,91,8
2026-01-01,6,Gràcia,31,la Vila de Gràcia,122,6035,16,9
2026-01-01,6,Gràcia,31,la Vila de Gràcia,122,6035,3,10
2026-01-01,6,Gràcia,31,la Vila de Gràcia,122,6035,58,11
2026-01-01,6,Gràcia,31,la Vila de Gràcia,122,6035,15,12
2026-01-01,6,Gràcia,31,la Vila de Gràcia,122,6036,69,1
2026-01-01,6,Gràcia,31,la Vila de Gràcia,122,6036,49,2
2026-01-01,6,Gràcia,31,la Vila de Gràcia,122,6036,73,3
2026-01-01,6,Gràcia,31,la Vila de Gràcia,122,6036,19,4
2026-01-01,6,Gràcia,31,la Vila de Gràcia,122,6036,84,5
2026-01-01,6,Gràcia,31,la Vila de Gràcia,122,6036,52,6
2026-01-01,6,Gràcia,31,la Vila de Gràcia,122,6036,30,7
2026-01-01,6,Gràcia,31,la Vila de Gràcia,122,6036,91,8
2026-01-01,6,Gràcia,31,la Vila de Gràcia,122,6036,20,9
2026-01-01,6,Gràcia,31,la Vila de Gràcia,122,6036,5,10
2026-01-01,6,Gràcia,31,la Vila de Gràcia,122,6036,78,11
2026-01-01,6,Gràcia,31,la Vila de Gràcia,122,6036,32,12
2026-01-01,6,Gràcia,31,la Vila de Gràcia,123,6037,36,1
2026-01-01,6,Gràcia,31,la Vila de Gràcia,123,6037,34,2
2026-01-01,6,Gràcia,31,la Vila de Gràcia,123,6037,52,3
2026-01-01,6,Gràcia,31,la Vila de Gràcia,123,6037,18,4
2026-01-01,6,Gràcia,31,la Vila de Gràcia,123,6037,57,5
2026-01-01,6,Gràcia,31,la Vila de Gràcia,123,6037,32,6
2026-01-01,6,Gràcia,31,la Vila de Gràcia,123,6037,31,7
2026-01-01,6,Gràcia,31,la Vila de Gràcia,123,6037,79,8
2026-01-01,6,Gràcia,31,la Vila de Gràcia,123,6037,16,9
2026-01-01,6,Gràcia,31,la Vila de Gràcia,123,6037,2,10
2026-01-01,6,Gràcia,31,la Vila de Gràcia,123,6037,69,11
2026-01-01,6,Gràcia,31,la Vila de Gràcia,123,6037,24,12
2026-01-01,6,Gràcia,31,la Vila de Gràcia,123,6038,80,1
2026-01-01,6,Gràcia,31,la Vila de Gràcia,123,6038,63,2
2026-01-01,6,Gràcia,31,la Vila de Gràcia,123,6038,66,3
2026-01-01,6,Gràcia,31,la Vila de Gràcia,123,6038,19,4
2026-01-01,6,Gràcia,31,la Vila de Gràcia,123,6038,115,5
2026-01-01,6,Gràcia,31,la Vila de Gràcia,123,6038,41,6
2026-01-01,6,Gràcia,31,la Vila de Gràcia,123,6038,27,7
2026-01-01,6,Gràcia,31,la Vila de Gràcia,123,6038,108,8
2026-01-01,6,Gràcia,31,la Vila de Gràcia,123,6038,17,9
2026-01-01,6,Gràcia,31,la Vila de Gràcia,123,6038,3,10
2026-01-01,6,Gràcia,31,la Vila de Gràcia,123,6038,96,11
2026-01-01,6,Gràcia,31,la Vila de Gràcia,123,6038,29,12
2026-01-01,6,Gràcia,31,la Vila de Gràcia,123,6039,149,1
2026-01-01,6,Gràcia,31,la Vila de Gràcia,123,6039,94,2
2026-01-01,6,Gràcia,31,la Vila de Gràcia,123,6039,54,3
2026-01-01,6,Gràcia,31,la Vila de Gràcia,123,6039,24,4
2026-01-01,6,Gràcia,31,la Vila de Gràcia,123,6039,145,5
2026-01-01,6,Gràcia,31,la Vila de Gràcia,123,6039,29,6
2026-01-01,6,Gràcia,31,la Vila de Gràcia,123,6039,39,7
2026-01-01,6,Gràcia,31,la Vila de Gràcia,123,6039,114,8
2026-01-01,6,Gràcia,31,la Vila de Gràcia,123,6039,24,9
2026-01-01,6,Gràcia,31,la Vila de Gràcia,123,6039,5,10
2026-01-01,6,Gràcia,31,la Vila de Gràcia,123,6039,74,11
2026-01-01,6,Gràcia,31,la Vila de Gràcia,123,6039,27,12
2026-01-01,6,Gràcia,31,la Vila de Gràcia,124,6040,82,1
2026-01-01,6,Gràcia,31,la Vila de Gràcia,124,6040,56,2
2026-01-01,6,Gràcia,31,la Vila de Gràcia,124,6040,70,3
2026-01-01,6,Gràcia,31,la Vila de Gràcia,124,6040,31,4
2026-01-01,6,Gràcia,31,la Vila de Gràcia,124,6040,113,5
2026-01-01,6,Gràcia,31,la Vila de Gràcia,124,6040,58,6
2026-01-01,6,Gràcia,31,la Vila de Gràcia,124,6040,38,7
2026-01-01,6,Gràcia,31,la Vila de Gràcia,124,6040,140,8
2026-01-01,6,Gràcia,31,la Vila de Gràcia,124,6040,22,9
2026-01-01,6,Gràcia,31,la Vila de Gràcia,124,6040,6,10
2026-01-01,6,Gràcia,31,la Vila de Gràcia,124,6040,86,11
2026-01-01,6,Gràcia,31,la Vila de Gràcia,124,6040,27,12
2026-01-01,6,Gràcia,31,la Vila de Gràcia,124,6041,104,1
2026-01-01,6,Gràcia,31,la Vila de Gràcia,124,6041,85,2
2026-01-01,6,Gràcia,31,la Vila de Gràcia,124,6041,76,3
2026-01-01,6,Gràcia,31,la Vila de Gràcia,124,6041,31,4
2026-01-01,6,Gràcia,31,la Vila de Gràcia,124,6041,131,5
2026-01-01,6,Gràcia,31,la Vila de Gràcia,124,6041,42,6
2026-01-01,6,Gràcia,31,la Vila de Gràcia,124,6041,46,7
2026-01-01,6,Gràcia,31,la Vila de Gràcia,124,6041,139,8
2026-01-01,6,Gràcia,31,la Vila de Gràcia,124,6041,24,9
2026-01-01,6,Gràcia,31,la Vila de Gràcia,124,6041,7,10
2026-01-01,6,Gràcia,31,la Vila de Gràcia,124,6041,94,11
2026-01-01,6,Gràcia,31,la Vila de Gràcia,124,6041,36,12
2026-01-01,6,Gràcia,31,la Vila de Gràcia,124,6042,108,1
2026-01-01,6,Gràcia,31,la Vila de Gràcia,124,6042,72,2
2026-01-01,6,Gràcia,31,la Vila de Gràcia,124,6042,55,3
2026-01-01,6,Gràcia,31,la Vila de Gràcia,124,6042,33,4
2026-01-01,6,Gràcia,31,la Vila de Gràcia,124,6042,120,5
2026-01-01,6,Gràcia,31,la Vila de Gràcia,124,6042,46,6
2026-01-01,6,Gràcia,31,la Vila de Gràcia,124,6042,37,7
2026-01-01,6,Gràcia,31,la Vila de Gràcia,124,6042,119,8
2026-01-01,6,Gràcia,31,la Vila de Gràcia,124,6042,22,9
2026-01-01,6,Gràcia,31,la Vila de Gràcia,124,6042,7,10
2026-01-01,6,Gràcia,31,la Vila de Gràcia,124,6042,91,11
2026-01-01,6,Gràcia,31,la Vila de Gràcia,124,6042,49,12
2026-01-01,6,Gràcia,31,la Vila de Gràcia,125,6043,88,1
2026-01-01,6,Gràcia,31,la Vila de Gràcia,125,6043,62,2
2026-01-01,6,Gràcia,31,la Vila de Gràcia,125,6043,49,3
2026-01-01,6,Gràcia,31,la Vila de Gràcia,125,6043,17,4
2026-01-01,6,Gràcia,31,la Vila de Gràcia,125,6043,104,5
2026-01-01,6,Gràcia,31,la Vila de Gràcia,125,6043,37,6
2026-01-01,6,Gràcia,31,la Vila de Gràcia,125,6043,23,7
2026-01-01,6,Gràcia,31,la Vila de Gràcia,125,6043,72,8
2026-01-01,6,Gràcia,31,la Vila de Gràcia,125,6043,13,9
2026-01-01,6,Gràcia,31,la Vila de Gràcia,125,6043,4,10
2026-01-01,6,Gràcia,31,la Vila de Gràcia,125,6043,68,11
2026-01-01,6,Gràcia,31,la Vila de Gràcia,125,6043,32,12
2026-01-01,6,Gràcia,31,la Vila de Gràcia,125,6044,88,1
2026-01-01,6,Gràcia,31,la Vila de Gràcia,125,6044,87,2
2026-01-01,6,Gràcia,31,la Vila de Gràcia,125,6044,65,3
2026-01-01,6,Gràcia,31,la Vila de Gràcia,125,6044,20,4
2026-01-01,6,Gràcia,31,la Vila de Gràcia,125,6044,115,5
2026-01-01,6,Gràcia,31,la Vila de Gràcia,125,6044,49,6
2026-01-01,6,Gràcia,31,la Vila de Gràcia,125,6044,37,7
2026-01-01,6,Gràcia,31,la Vila de Gràcia,125,6044,103,8
2026-01-01,6,Gràcia,31,la Vila de Gràcia,125,6044,17,9
2026-01-01,6,Gràcia,31,la Vila de Gràcia,125,6044,7,10
2026-01-01,6,Gràcia,31,la Vila de Gràcia,125,6044,90,11
2026-01-01,6,Gràcia,31,la Vila de Gràcia,125,6044,34,12
2026-01-01,6,Gràcia,31,la Vila de Gràcia,126,6045,115,1
2026-01-01,6,Gràcia,31,la Vila de Gràcia,126,6045,92,2
2026-01-01,6,Gràcia,31,la Vila de Gràcia,126,6045,44,3
2026-01-01,6,Gràcia,31,la Vila de Gràcia,126,6045,19,4
2026-01-01,6,Gràcia,31,la Vila de Gràcia,126,6045,124,5
2026-01-01,6,Gràcia,31,la Vila de Gràcia,126,6045,25,6
2026-01-01,6,Gràcia,31,la Vila de Gràcia,126,6045,27,7
2026-01-01,6,Gràcia,31,la Vila de Gràcia,126,6045,86,8
2026-01-01,6,Gràcia,31,la Vila de Gràcia,126,6045,8,9
2026-01-01,6,Gràcia,31,la Vila de Gràcia,126,6045,6,10
2026-01-01,6,Gràcia,31,la Vila de Gràcia,126,6045,46,11
2026-01-01,6,Gràcia,31,la Vila de Gràcia,126,6045,22,12
2026-01-01,6,Gràcia,31,la Vila de Gràcia,126,6046,75,1
2026-01-01,6,Gràcia,31,la Vila de Gràcia,126,6046,64,2
2026-01-01,6,Gràcia,31,la Vila de Gràcia,126,6046,36,3
2026-01-01,6,Gràcia,31,la Vila de Gràcia,126,6046,16,4
2026-01-01,6,Gràcia,31,la Vila de Gràcia,126,6046,96,5
2026-01-01,6,Gràcia,31,la Vila de Gràcia,126,6046,25,6
2026-01-01,6,Gràcia,31,la Vila de Gràcia,126,6046,29,7
2026-01-01,6,Gràcia,31,la Vila de Gràcia,126,6046,98,8
2026-01-01,6,Gràcia,31,la Vila de Gràcia,126,6046,9,9
2026-01-01,6,Gràcia,31,la Vila de Gràcia,126,6046,2,10
2026-01-01,6,Gràcia,31,la Vila de Gràcia,126,6046,44,11
2026-01-01,6,Gràcia,31,la Vila de Gràcia,126,6046,29,12
2026-01-01,6,Gràcia,31,la Vila de Gràcia,126,6047,130,1
2026-01-01,6,Gràcia,31,la Vila de Gràcia,126,6047,96,2
2026-01-01,6,Gràcia,31,la Vila de Gràcia,126,6047,49,3
2026-01-01,6,Gràcia,31,la Vila de Gràcia,126,6047,15,4
2026-01-01,6,Gràcia,31,la Vila de Gràcia,126,6047,138,5
2026-01-01,6,Gràcia,31,la Vila de Gràcia,126,6047,26,6
2026-01-01,6,Gràcia,31,la Vila de Gràcia,126,6047,17,7
2026-01-01,6,Gràcia,31,la Vila de Gràcia,126,6047,79,8
2026-01-01,6,Gràcia,31,la Vila de Gràcia,126,6047,12,9
2026-01-01,6,Gràcia,31,la Vila de Gràcia,126,6047,1,10
2026-01-01,6,Gràcia,31,la Vila de Gràcia,126,6047,54,11
2026-01-01,6,Gràcia,31,la Vila de Gràcia,126,6047,17,12
2026-01-01,6,Gràcia,31,la Vila de Gràcia,126,6048,84,1
2026-01-01,6,Gràcia,31,la Vila de Gràcia,126,6048,97,2
2026-01-01,6,Gràcia,31,la Vila de Gràcia,126,6048,44,3
2026-01-01,6,Gràcia,31,la Vila de Gràcia,126,6048,31,4
2026-01-01,6,Gràcia,31,la Vila de Gràcia,126,6048,126,5
2026-01-01,6,Gràcia,31,la Vila de Gràcia,126,6048,28,6
2026-01-01,6,Gràcia,31,la Vila de Gràcia,126,6048,15,7
2026-01-01,6,Gràcia,31,la Vila de Gràcia,126,6048,110,8
2026-01-01,6,Gràcia,31,la Vila de Gràcia,126,6048,18,9
2026-01-01,6,Gràcia,31,la Vila de Gràcia,126,6048,5,10
2026-01-01,6,Gràcia,31,la Vila de Gràcia,126,6048,58,11
2026-01-01,6,Gràcia,31,la Vila de Gràcia,126,6048,27,12
2026-01-01,6,Gràcia,31,la Vila de Gràcia,127,6049,81,1
2026-01-01,6,Gràcia,31,la Vila de Gràcia,127,6049,57,2
2026-01-01,6,Gràcia,31,la Vila de Gràcia,127,6049,54,3
2026-01-01,6,Gràcia,31,la Vila de Gràcia,127,6049,26,4
2026-01-01,6,Gràcia,31,la Vila de Gràcia,127,6049,80,5
2026-01-01,6,Gràcia,31,la Vila de Gràcia,127,6049,25,6
2026-01-01,6,Gràcia,31,la Vila de Gràcia,127,6049,25,7
2026-01-01,6,Gràcia,31,la Vila de Gràcia,127,6049,85,8
2026-01-01,6,Gràcia,31,la Vila de Gràcia,127,6049,11,9
2026-01-01,6,Gràcia,31,la Vila de Gràcia,127,6049,1,10
2026-01-01,6,Gràcia,31,la Vila de Gràcia,127,6049,55,11
2026-01-01,6,Gràcia,31,la Vila de Gràcia,127,6049,24,12
2026-01-01,6,Gràcia,31,la Vila de Gràcia,127,6050,88,1
2026-01-01,6,Gràcia,31,la Vila de Gràcia,127,6050,79,2
2026-01-01,6,Gràcia,31,la Vila de Gràcia,127,6050,53,3
2026-01-01,6,Gràcia,31,la Vila de Gràcia,127,6050,27,4
2026-01-01,6,Gràcia,31,la Vila de Gràcia,127,6050,123,5
2026-01-01,6,Gràcia,31,la Vila de Gràcia,127,6050,24,6
2026-01-01,6,Gràcia,31,la Vila de Gràcia,127,6050,34,7
2026-01-01,6,Gràcia,31,la Vila de Gràcia,127,6050,94,8
2026-01-01,6,Gràcia,31,la Vila de Gràcia,127,6050,20,9
2026-01-01,6,Gràcia,31,la Vila de Gràcia,127,6050,4,10
2026-01-01,6,Gràcia,31,la Vila de Gràcia,127,6050,44,11
2026-01-01,6,Gràcia,31,la Vila de Gràcia,127,6050,24,12
2026-01-01,6,Gràcia,31,la Vila de Gràcia,127,6051,98,1
2026-01-01,6,Gràcia,31,la Vila de Gràcia,127,6051,70,2
2026-01-01,6,Gràcia,31,la Vila de Gràcia,127,6051,49,3
2026-01-01,6,Gràcia,31,la Vila de Gràcia,127,6051,9,4
2026-01-01,6,Gràcia,31,la Vila de Gràcia,127,6051,96,5
2026-01-01,6,Gràcia,31,la Vila de Gràcia,127,6051,29,6
2026-01-01,6,Gràcia,31,la Vila de Gràcia,127,6051,22,7
2026-01-01,6,Gràcia,31,la Vila de Gràcia,127,6051,89,8
2026-01-01,6,Gràcia,31,la Vila de Gràcia,127,6051,9,9
2026-01-01,6,Gràcia,31,la Vila de Gràcia,127,6051,4,10
2026-01-01,6,Gràcia,31,la Vila de Gràcia,127,6051,60,11
2026-01-01,6,Gràcia,31,la Vila de Gràcia,127,6051,33,12
2026-01-01,6,Gràcia,31,la Vila de Gràcia,128,6052,113,1
2026-01-01,6,Gràcia,31,la Vila de Gràcia,128,6052,76,2
2026-01-01,6,Gràcia,31,la Vila de Gràcia,128,6052,73,3
2026-01-01,6,Gràcia,31,la Vila de Gràcia,128,6052,26,4
2026-01-01,6,Gràcia,31,la Vila de Gràcia,128,6052,119,5
2026-01-01,6,Gràcia,31,la Vila de Gràcia,128,6052,42,6
2026-01-01,6,Gràcia,31,la Vila de Gràcia,128,6052,34,7
2026-01-01,6,Gràcia,31,la Vila de Gràcia,128,6052,105,8
2026-01-01,6,Gràcia,31,la Vila de Gràcia,128,6052,20,9
2026-01-01,6,Gràcia,31,la Vila de Gràcia,128,6052,6,10
2026-01-01,6,Gràcia,31,la Vila de Gràcia,128,6052,69,11
2026-01-01,6,Gràcia,31,la Vila de Gràcia,128,6052,29,12
2026-01-01,6,Gràcia,31,la Vila de Gràcia,128,6053,102,1
2026-01-01,6,Gràcia,31,la Vila de Gràcia,128,6053,72,2
2026-01-01,6,Gràcia,31,la Vila de Gràcia,128,6053,53,3
2026-01-01,6,Gràcia,31,la Vila de Gràcia,128,6053,16,4
2026-01-01,6,Gràcia,31,la Vila de Gràcia,128,6053,148,5
2026-01-01,6,Gràcia,31,la Vila de Gràcia,128,6053,34,6
2026-01-01,6,Gràcia,31,la Vila de Gràcia,128,6053,33,7
2026-01-01,6,Gràcia,31,la Vila de Gràcia,128,6053,119,8
2026-01-01,6,Gràcia,31,la Vila de Gràcia,128,6053,19,9
2026-01-01,6,Gràcia,31,la Vila de Gràcia,128,6053,3,10
2026-01-01,6,Gràcia,31,la Vila de Gràcia,128,6053,75,11
2026-01-01,6,Gràcia,31,la Vila de Gràcia,128,6053,27,12
2026-01-01,6,Gràcia,31,la Vila de Gràcia,128,6054,115,1
2026-01-01,6,Gràcia,31,la Vila de Gràcia,128,6054,93,2
2026-01-01,6,Gràcia,31,la Vila de Gràcia,128,6054,59,3
2026-01-01,6,Gràcia,31,la Vila de Gràcia,128,6054,27,4
2026-01-01,6,Gràcia,31,la Vila de Gràcia,128,6054,128,5
2026-01-01,6,Gràcia,31,la Vila de Gràcia,128,6054,43,6
2026-01-01,6,Gràcia,31,la Vila de Gràcia,128,6054,50,7
2026-01-01,6,Gràcia,31,la Vila de Gràcia,128,6054,96,8
2026-01-01,6,Gràcia,31,la Vila de Gràcia,128,6054,19,9
2026-01-01,6,Gràcia,31,la Vila de Gràcia,128,6054,5,10
2026-01-01,6,Gràcia,31,la Vila de Gràcia,128,6054,86,11
2026-01-01,6,Gràcia,31,la Vila de Gràcia,128,6054,26,12
2026-01-01,6,Gràcia,31,la Vila de Gràcia,129,6055,97,1
2026-01-01,6,Gràcia,31,la Vila de Gràcia,129,6055,52,2
2026-01-01,6,Gràcia,31,la Vila de Gràcia,129,6055,71,3
2026-01-01,6,Gràcia,31,la Vila de Gràcia,129,6055,14,4
2026-01-01,6,Gràcia,31,la Vila de Gràcia,129,6055,117,5
2026-01-01,6,Gràcia,31,la Vila de Gràcia,129,6055,26,6
2026-01-01,6,Gràcia,31,la Vila de Gràcia,129,6055,27,7
2026-01-01,6,Gràcia,31,la Vila de Gràcia,129,6055,109,8
2026-01-01,6,Gràcia,31,la Vila de Gràcia,129,6055,18,9
2026-01-01,6,Gràcia,31,la Vila de Gràcia,129,6055,2,10
2026-01-01,6,Gràcia,31,la Vila de Gràcia,129,6055,54,11
2026-01-01,6,Gràcia,31,la Vila de Gràcia,129,6055,22,12
2026-01-01,6,Gràcia,31,la Vila de Gràcia,129,6056,144,1
2026-01-01,6,Gràcia,31,la Vila de Gràcia,129,6056,125,2
2026-01-01,6,Gràcia,31,la Vila de Gràcia,129,6056,55,3
2026-01-01,6,Gràcia,31,la Vila de Gràcia,129,6056,22,4
2026-01-01,6,Gràcia,31,la Vila de Gràcia,129,6056,167,5
2026-01-01,6,Gràcia,31,la Vila de Gràcia,129,6056,26,6
2026-01-01,6,Gràcia,31,la Vila de Gràcia,129,6056,28,7
2026-01-01,6,Gràcia,31,la Vila de Gràcia,129,6056,125,8
2026-01-01,6,Gràcia,31,la Vila de Gràcia,129,6056,23,9
2026-01-01,6,Gràcia,31,la Vila de Gràcia,129,6056,2,10
2026-01-01,6,Gràcia,31,la Vila de Gràcia,129,6056,63,11
2026-01-01,6,Gràcia,31,la Vila de Gràcia,129,6056,34,12
2026-01-01,6,Gràcia,31,la Vila de Gràcia,129,6057,125,1
2026-01-01,6,Gràcia,31,la Vila de Gràcia,129,6057,99,2
2026-01-01,6,Gràcia,31,la Vila de Gràcia,129,6057,91,3
2026-01-01,6,Gràcia,31,la Vila de Gràcia,129,6057,27,4
2026-01-01,6,Gràcia,31,la Vila de Gràcia,129,6057,152,5
2026-01-01,6,Gràcia,31,la Vila de Gràcia,129,6057,36,6
2026-01-01,6,Gràcia,31,la Vila de Gràcia,129,6057,27,7
2026-01-01,6,Gràcia,31,la Vila de Gràcia,129,6057,95,8
2026-01-01,6,Gràcia,31,la Vila de Gràcia,129,6057,10,9
2026-01-01,6,Gràcia,31,la Vila de Gràcia,129,6057,5,10
2026-01-01,6,Gràcia,31,la Vila de Gràcia,129,6057,72,11
2026-01-01,6,Gràcia,31,la Vila de Gràcia,129,6057,26,12
2026-01-01,6,Gràcia,31,la Vila de Gràcia,129,6058,159,1
2026-01-01,6,Gràcia,31,la Vila de Gràcia,129,6058,102,2
2026-01-01,6,Gràcia,31,la Vila de Gràcia,129,6058,70,3
2026-01-01,6,Gràcia,31,la Vila de Gràcia,129,6058,33,4
2026-01-01,6,Gràcia,31,la Vila de Gràcia,129,6058,183,5
2026-01-01,6,Gràcia,31,la Vila de Gràcia,129,6058,35,6
2026-01-01,6,Gràcia,31,la Vila de Gràcia,129,6058,33,7
2026-01-01,6,Gràcia,31,la Vila de Gràcia,129,6058,105,8
2026-01-01,6,Gràcia,31,la Vila de Gràcia,129,6058,22,9
2026-01-01,6,Gràcia,31,la Vila de Gràcia,129,6058,5,10
2026-01-01,6,Gràcia,31,la Vila de Gràcia,129,6058,77,11
2026-01-01,6,Gràcia,31,la Vila de Gràcia,129,6058,31,12
2026-01-01,6,Gràcia,31,la Vila de Gràcia,129,6059,111,1
2026-01-01,6,Gràcia,31,la Vila de Gràcia,129,6059,85,2
2026-01-01,6,Gràcia,31,la Vila de Gràcia,129,6059,92,3
2026-01-01,6,Gràcia,31,la Vila de Gràcia,129,6059,25,4
2026-01-01,6,Gràcia,31,la Vila de Gràcia,129,6059,117,5
2026-01-01,6,Gràcia,31,la Vila de Gràcia,129,6059,44,6
2026-01-01,6,Gràcia,31,la Vila de Gràcia,129,6059,30,7
2026-01-01,6,Gràcia,31,la Vila de Gràcia,129,6059,108,8
2026-01-01,6,Gràcia,31,la Vila de Gràcia,129,6059,17,9
2026-01-01,6,Gràcia,31,la Vila de Gràcia,129,6059,3,10
2026-01-01,6,Gràcia,31,la Vila de Gràcia,129,6059,63,11
2026-01-01,6,Gràcia,31,la Vila de Gràcia,129,6059,35,12
2026-01-01,6,Gràcia,31,la Vila de Gràcia,130,6060,104,1
2026-01-01,6,Gràcia,31,la Vila de Gràcia,130,6060,92,2
2026-01-01,6,Gràcia,31,la Vila de Gràcia,130,6060,65,3
2026-01-01,6,Gràcia,31,la Vila de Gràcia,130,6060,19,4
2026-01-01,6,Gràcia,31,la Vila de Gràcia,130,6060,139,5
2026-01-01,6,Gràcia,31,la Vila de Gràcia,130,6060,55,6
2026-01-01,6,Gràcia,31,la Vila de Gràcia,130,6060,43,7
2026-01-01,6,Gràcia,31,la Vila de Gràcia,130,6060,149,8
2026-01-01,6,Gràcia,31,la Vila de Gràcia,130,6060,14,9
2026-01-01,6,Gràcia,31,la Vila de Gràcia,130,6060,5,10
2026-01-01,6,Gràcia,31,la Vila de Gràcia,130,6060,80,11
2026-01-01,6,Gràcia,31,la Vila de Gràcia,130,6060,36,12
2026-01-01,6,Gràcia,31,la Vila de Gràcia,130,6061,67,1
2026-01-01,6,Gràcia,31,la Vila de Gràcia,130,6061,74,2
2026-01-01,6,Gràcia,31,la Vila de Gràcia,130,6061,50,3
2026-01-01,6,Gràcia,31,la Vila de Gràcia,130,6061,24,4
2026-01-01,6,Gràcia,31,la Vila de Gràcia,130,6061,100,5
2026-01-01,6,Gràcia,31,la Vila de Gràcia,130,6061,40,6
2026-01-01,6,Gràcia,31,la Vila de Gràcia,130,6061,38,7
2026-01-01,6,Gràcia,31,la Vila de Gràcia,130,6061,99,8
2026-01-01,6,Gràcia,31,la Vila de Gràcia,130,6061,15,9
2026-01-01,6,Gràcia,31,la Vila de Gràcia,130,6061,3,10
2026-01-01,6,Gràcia,31,la Vila de Gràcia,130,6061,55,11
2026-01-01,6,Gràcia,31,la Vila de Gràcia,130,6061,38,12
2026-01-01,6,Gràcia,31,la Vila de Gràcia,130,6062,78,1
2026-01-01,6,Gràcia,31,la Vila de Gràcia,130,6062,55,2
2026-01-01,6,Gràcia,31,la Vila de Gràcia,130,6062,62,3
2026-01-01,6,Gràcia,31,la Vila de Gràcia,130,6062,15,4
2026-01-01,6,Gràcia,31,la Vila de Gràcia,130,6062,73,5
2026-01-01,6,Gràcia,31,la Vila de Gràcia,130,6062,43,6
2026-01-01,6,Gràcia,31,la Vila de Gràcia,130,6062,26,7
2026-01-01,6,Gràcia,31,la Vila de Gràcia,130,6062,105,8
2026-01-01,6,Gràcia,31,la Vila de Gràcia,130,6062,14,9
2026-01-01,6,Gràcia,31,la Vila de Gràcia,130,6062,2,10
2026-01-01,6,Gràcia,31,la Vila de Gràcia,130,6062,61,11
2026-01-01,6,Gràcia,31,la Vila de Gràcia,130,6062,21,12
2026-01-01,6,Gràcia,31,la Vila de Gràcia,130,6063,108,1
2026-01-01,6,Gràcia,31,la Vila de Gràcia,130,6063,85,2
2026-01-01,6,Gràcia,31,la Vila de Gràcia,130,6063,68,3
2026-01-01,6,Gràcia,31,la Vila de Gràcia,130,6063,24,4
2026-01-01,6,Gràcia,31,la Vila de Gràcia,130,6063,111,5
2026-01-01,6,Gràcia,31,la Vila de Gràcia,130,6063,40,6
2026-01-01,6,Gràcia,31,la Vila de Gràcia,130,6063,25,7
2026-01-01,6,Gràcia,31,la Vila de Gràcia,130,6063,101,8
2026-01-01,6,Gràcia,31,la Vila de Gràcia,130,6063,19,9
2026-01-01,6,Gràcia,31,la Vila de Gràcia,130,6063,6,10
2026-01-01,6,Gràcia,31,la Vila de Gràcia,130,6063,67,11
2026-01-01,6,Gràcia,31,la Vila de Gràcia,130,6063,44,12
2026-01-01,6,Gràcia,32,el Camp d'en Grassot i Gràcia Nova,131,6064,81,1
2026-01-01,6,Gràcia,32,el Camp d'en Grassot i Gràcia Nova,131,6064,59,2
2026-01-01,6,Gràcia,32,el Camp d'en Grassot i Gràcia Nova,131,6064,90,3
2026-01-01,6,Gràcia,32,el Camp d'en Grassot i Gràcia Nova,131,6064,30,4
2026-01-01,6,Gràcia,32,el Camp d'en Grassot i Gràcia Nova,131,6064,106,5
2026-01-01,6,Gràcia,32,el Camp d'en Grassot i Gràcia Nova,131,6064,79,6
2026-01-01,6,Gràcia,32,el Camp d'en Grassot i Gràcia Nova,131,6064,46,7
2026-01-01,6,Gràcia,32,el Camp d'en Grassot i Gràcia Nova,131,6064,170,8
2026-01-01,6,Gràcia,32,el Camp d'en Grassot i Gràcia Nova,131,6064,26,9
2026-01-01,6,Gràcia,32,el Camp d'en Grassot i Gràcia Nova,131,6064,3,10
2026-01-01,6,Gràcia,32,el Camp d'en Grassot i Gràcia Nova,131,6064,107,11
2026-01-01,6,Gràcia,32,el Camp d'en Grassot i Gràcia Nova,131,6064,27,12
2026-01-01,6,Gràcia,32,el Camp d'en Grassot i Gràcia Nova,131,6065,43,1
2026-01-01,6,Gràcia,32,el Camp d'en Grassot i Gràcia Nova,131,6065,28,2
2026-01-01,6,Gràcia,32,el Camp d'en Grassot i Gràcia Nova,131,6065,52,3
2026-01-01,6,Gràcia,32,el Camp d'en Grassot i Gràcia Nova,131,6065,18,4
2026-01-01,6,Gràcia,32,el Camp d'en Grassot i Gràcia Nova,131,6065,65,5
2026-01-01,6,Gràcia,32,el Camp d'en Grassot i Gràcia Nova,131,6065,58,6
2026-01-01,6,Gràcia,32,el Camp d'en Grassot i Gràcia Nova,131,6065,36,7
2026-01-01,6,Gràcia,32,el Camp d'en Grassot i Gràcia Nova,131,6065,100,8
2026-01-01,6,Gràcia,32,el Camp d'en Grassot i Gràcia Nova,131,6065,6,9
2026-01-01,6,Gràcia,32,el Camp d'en Grassot i Gràcia Nova,131,6065,5,10
2026-01-01,6,Gràcia,32,el Camp d'en Grassot i Gràcia Nova,131,6065,55,11
2026-01-01,6,Gràcia,32,el Camp d'en Grassot i Gràcia Nova,131,6065,24,12
2026-01-01,6,Gràcia,32,el Camp d'en Grassot i Gràcia Nova,131,6066,66,1
2026-01-01,6,Gràcia,32,el Camp d'en Grassot i Gràcia Nova,131,6066,50,2
2026-01-01,6,Gràcia,32,el Camp d'en Grassot i Gràcia Nova,131,6066,56,3
2026-01-01,6,Gràcia,32,el Camp d'en Grassot i Gràcia Nova,131,6066,21,4
2026-01-01,6,Gràcia,32,el Camp d'en Grassot i Gràcia Nova,131,6066,73,5
2026-01-01,6,Gràcia,32,el Camp d'en Grassot i Gràcia Nova,131,6066,39,6
2026-01-01,6,Gràcia,32,el Camp d'en Grassot i Gràcia Nova,131,6066,25,7
2026-01-01,6,Gràcia,32,el Camp d'en Grassot i Gràcia Nova,131,6066,64,8
2026-01-01,6,Gràcia,32,el Camp d'en Grassot i Gràcia Nova,131,6066,12,9
2026-01-01,6,Gràcia,32,el Camp d'en Grassot i Gràcia Nova,131,6066,4,10
2026-01-01,6,Gràcia,32,el Camp d'en Grassot i Gràcia Nova,131,6066,47,11
2026-01-01,6,Gràcia,32,el Camp d'en Grassot i Gràcia Nova,131,6066,20,12
2026-01-01,6,Gràcia,32,el Camp d'en Grassot i Gràcia Nova,131,6067,123,1
2026-01-01,6,Gràcia,32,el Camp d'en Grassot i Gràcia Nova,131,6067,124,2
2026-01-01,6,Gràcia,32,el Camp d'en Grassot i Gràcia Nova,131,6067,87,3
2026-01-01,6,Gràcia,32,el Camp d'en Grassot i Gràcia Nova,131,6067,18,4
2026-01-01,6,Gràcia,32,el Camp d'en Grassot i Gràcia Nova,131,6067,153,5
2026-01-01,6,Gràcia,32,el Camp d'en Grassot i Gràcia Nova,131,6067,68,6
2026-01-01,6,Gràcia,32,el Camp d'en Grassot i Gràcia Nova,131,6067,41,7
2026-01-01,6,Gràcia,32,el Camp d'en Grassot i Gràcia Nova,131,6067,122,8
2026-01-01,6,Gràcia,32,el Camp d'en Grassot i Gràcia Nova,131,6067,19,9
2026-01-01,6,Gràcia,32,el Camp d'en Grassot i Gràcia Nova,131,6067,2,10
2026-01-01,6,Gràcia,32,el Camp d'en Grassot i Gràcia Nova,131,6067,85,11
2026-01-01,6,Gràcia,32,el Camp d'en Grassot i Gràcia Nova,131,6067,43,12
2026-01-01,6,Gràcia,32,el Camp d'en Grassot i Gràcia Nova,131,6068,80,1
2026-01-01,6,Gràcia,32,el Camp d'en Grassot i Gràcia Nova,131,6068,71,2
2026-01-01,6,Gràcia,32,el Camp d'en Grassot i Gràcia Nova,131,6068,87,3
2026-01-01,6,Gràcia,32,el Camp d'en Grassot i Gràcia Nova,131,6068,22,4
2026-01-01,6,Gràcia,32,el Camp d'en Grassot i Gràcia Nova,131,6068,101,5
2026-01-01,6,Gràcia,32,el Camp d'en Grassot i Gràcia Nova,131,6068,54,6
2026-01-01,6,Gràcia,32,el Camp d'en Grassot i Gràcia Nova,131,6068,26,7
2026-01-01,6,Gràcia,32,el Camp d'en Grassot i Gràcia Nova,131,6068,128,8
2026-01-01,6,Gràcia,32,el Camp d'en Grassot i Gràcia Nova,131,6068,16,9
2026-01-01,6,Gràcia,32,el Camp d'en Grassot i Gràcia Nova,131,6068,7,10
2026-01-01,6,Gràcia,32,el Camp d'en Grassot i Gràcia Nova,131,6068,86,11
2026-01-01,6,Gràcia,32,el Camp d'en Grassot i Gràcia Nova,131,6068,21,12
2026-01-01,6,Gràcia,32,el Camp d'en Grassot i Gràcia Nova,131,6069,44,1
2026-01-01,6,Gràcia,32,el Camp d'en Grassot i Gràcia Nova,131,6069,43,2
2026-01-01,6,Gràcia,32,el Camp d'en Grassot i Gràcia Nova,131,6069,62,3
2026-01-01,6,Gràcia,32,el Camp d'en Grassot i Gràcia Nova,131,6069,20,4
2026-01-01,6,Gràcia,32,el Camp d'en Grassot i Gràcia Nova,131,6069,85,5
2026-01-01,6,Gràcia,32,el Camp d'en Grassot i Gràcia Nova,131,6069,34,6
2026-01-01,6,Gràcia,32,el Camp d'en Grassot i Gràcia Nova,131,6069,23,7
2026-01-01,6,Gràcia,32,el Camp d'en Grassot i Gràcia Nova,131,6069,85,8
2026-01-01,6,Gràcia,32,el Camp d'en Grassot i Gràcia Nova,131,6069,8,9
2026-01-01,6,Gràcia,32,el Camp d'en Grassot i Gràcia Nova,131,6069,2,10
2026-01-01,6,Gràcia,32,el Camp d'en Grassot i Gràcia Nova,131,6069,54,11
2026-01-01,6,Gràcia,32,el Camp d'en Grassot i Gràcia Nova,131,6069,23,12
2026-01-01,6,Gràcia,32,el Camp d'en Grassot i Gràcia Nova,131,6070,132,1
2026-01-01,6,Gràcia,32,el Camp d'en Grassot i Gràcia Nova,131,6070,82,2
2026-01-01,6,Gràcia,32,el Camp d'en Grassot i Gràcia Nova,131,6070,96,3
2026-01-01,6,Gràcia,32,el Camp d'en Grassot i Gràcia Nova,131,6070,28,4
2026-01-01,6,Gràcia,32,el Camp d'en Grassot i Gràcia Nova,131,6070,145,5
2026-01-01,6,Gràcia,32,el Camp d'en Grassot i Gràcia Nova,131,6070,71,6
2026-01-01,6,Gràcia,32,el Camp d'en Grassot i Gràcia Nova,131,6070,38,7
2026-01-01,6,Gràcia,32,el Camp d'en Grassot i Gràcia Nova,131,6070,138,8
2026-01-01,6,Gràcia,32,el Camp d'en Grassot i Gràcia Nova,131,6070,19,9
2026-01-01,6,Gràcia,32,el Camp d'en Grassot i Gràcia Nova,131,6070,9,10
2026-01-01,6,Gràcia,32,el Camp d'en Grassot i Gràcia Nova,131,6070,73,11
2026-01-01,6,Gràcia,32,el Camp d'en Grassot i Gràcia Nova,131,6070,49,12
2026-01-01,6,Gràcia,32,el Camp d'en Grassot i Gràcia Nova,132,6071,37,1
2026-01-01,6,Gràcia,32,el Camp d'en Grassot i Gràcia Nova,132,6071,34,2
2026-01-01,6,Gràcia,32,el Camp d'en Grassot i Gràcia Nova,132,6071,54,3
2026-01-01,6,Gràcia,32,el Camp d'en Grassot i Gràcia Nova,132,6071,20,4
2026-01-01,6,Gràcia,32,el Camp d'en Grassot i Gràcia Nova,132,6071,48,5
2026-01-01,6,Gràcia,32,el Camp d'en Grassot i Gràcia Nova,132,6071,42,6
2026-01-01,6,Gràcia,32,el Camp d'en Grassot i Gràcia Nova,132,6071,20,7
2026-01-01,6,Gràcia,32,el Camp d'en Grassot i Gràcia Nova,132,6071,112,8
2026-01-01,6,Gràcia,32,el Camp d'en Grassot i Gràcia Nova,132,6071,6,9
2026-01-01,6,Gràcia,32,el Camp d'en Grassot i Gràcia Nova,132,6071,2,10
2026-01-01,6,Gràcia,32,el Camp d'en Grassot i Gràcia Nova,132,6071,45,11
2026-01-01,6,Gràcia,32,el Camp d'en Grassot i Gràcia Nova,132,6071,25,12
2026-01-01,6,Gràcia,32,el Camp d'en Grassot i Gràcia Nova,132,6072,63,1
2026-01-01,6,Gràcia,32,el Camp d'en Grassot i Gràcia Nova,132,6072,50,2
2026-01-01,6,Gràcia,32,el Camp d'en Grassot i Gràcia Nova,132,6072,89,3
2026-01-01,6,Gràcia,32,el Camp d'en Grassot i Gràcia Nova,132,6072,29,4
2026-01-01,6,Gràcia,32,el Camp d'en Grassot i Gràcia Nova,132,6072,86,5
2026-01-01,6,Gràcia,32,el Camp d'en Grassot i Gràcia Nova,132,6072,87,6
2026-01-01,6,Gràcia,32,el Camp d'en Grassot i Gràcia Nova,132,6072,47,7
2026-01-01,6,Gràcia,32,el Camp d'en Grassot i Gràcia Nova,132,6072,142,8
2026-01-01,6,Gràcia,32,el Camp d'en Grassot i Gràcia Nova,132,6072,9,9
2026-01-01,6,Gràcia,32,el Camp d'en Grassot i Gràcia Nova,132,6072,3,10
2026-01-01,6,Gràcia,32,el Camp d'en Grassot i Gràcia Nova,132,6072,91,11
2026-01-01,6,Gràcia,32,el Camp d'en Grassot i Gràcia Nova,132,6072,31,12
2026-01-01,6,Gràcia,32,el Camp d'en Grassot i Gràcia Nova,132,6073,65,1
2026-01-01,6,Gràcia,32,el Camp d'en Grassot i Gràcia Nova,132,6073,63,2
2026-01-01,6,Gràcia,32,el Camp d'en Grassot i Gràcia Nova,132,6073,78,3
2026-01-01,6,Gràcia,32,el Camp d'en Grassot i Gràcia Nova,132,6073,23,4
2026-01-01,6,Gràcia,32,el Camp d'en Grassot i Gràcia Nova,132,6073,77,5
2026-01-01,6,Gràcia,32,el Camp d'en Grassot i Gràcia Nova,132,6073,69,6
2026-01-01,6,Gràcia,32,el Camp d'en Grassot i Gràcia Nova,132,6073,41,7
2026-01-01,6,Gràcia,32,el Camp d'en Grassot i Gràcia Nova,132,6073,118,8
2026-01-01,6,Gràcia,32,el Camp d'en Grassot i Gràcia Nova,132,6073,18,9
2026-01-01,6,Gràcia,32,el Camp d'en Grassot i Gràcia Nova,132,6073,1,10
2026-01-01,6,Gràcia,32,el Camp d'en Grassot i Gràcia Nova,132,6073,41,11
2026-01-01,6,Gràcia,32,el Camp d'en Grassot i Gràcia Nova,132,6073,20,12
2026-01-01,6,Gràcia,32,el Camp d'en Grassot i Gràcia Nova,132,6074,50,1
2026-01-01,6,Gràcia,32,el Camp d'en Grassot i Gràcia Nova,132,6074,38,2
2026-01-01,6,Gràcia,32,el Camp d'en Grassot i Gràcia Nova,132,6074,54,3
2026-01-01,6,Gràcia,32,el Camp d'en Grassot i Gràcia Nova,132,6074,12,4
2026-01-01,6,Gràcia,32,el Camp d'en Grassot i Gràcia Nova,132,6074,49,5
2026-01-01,6,Gràcia,32,el Camp d'en Grassot i Gràcia Nova,132,6074,36,6
2026-01-01,6,Gràcia,32,el Camp d'en Grassot i Gràcia Nova,132,6074,34,7
2026-01-01,6,Gràcia,32,el Camp d'en Grassot i Gràcia Nova,132,6074,103,8
2026-01-01,6,Gràcia,32,el Camp d'en Grassot i Gràcia Nova,132,6074,7,9
2026-01-01,6,Gràcia,32,el Camp d'en Grassot i Gràcia Nova,132,6074,59,11
2026-01-01,6,Gràcia,32,el Camp d'en Grassot i Gràcia Nova,132,6074,31,12
2026-01-01,6,Gràcia,32,el Camp d'en Grassot i Gràcia Nova,132,6075,18,1
2026-01-01,6,Gràcia,32,el Camp d'en Grassot i Gràcia Nova,132,6075,26,2
2026-01-01,6,Gràcia,32,el Camp d'en Grassot i Gràcia Nova,132,6075,55,3
2026-01-01,6,Gràcia,32,el Camp d'en Grassot i Gràcia Nova,132,6075,18,4
2026-01-01,6,Gràcia,32,el Camp d'en Grassot i Gràcia Nova,132,6075,35,5
2026-01-01,6,Gràcia,32,el Camp d'en Grassot i Gràcia Nova,132,6075,66,6
2026-01-01,6,Gràcia,32,el Camp d'en Grassot i Gràcia Nova,132,6075,33,7
2026-01-01,6,Gràcia,32,el Camp d'en Grassot i Gràcia Nova,132,6075,105,8
2026-01-01,6,Gràcia,32,el Camp d'en Grassot i Gràcia Nova,132,6075,10,9
2026-01-01,6,Gràcia,32,el Camp d'en Grassot i Gràcia Nova,132,6075,2,10
2026-01-01,6,Gràcia,32,el Camp d'en Grassot i Gràcia Nova,132,6075,56,11
2026-01-01,6,Gràcia,32,el Camp d'en Grassot i Gràcia Nova,132,6075,24,12
2026-01-01,6,Gràcia,32,el Camp d'en Grassot i Gràcia Nova,132,6076,36,1
2026-01-01,6,Gràcia,32,el Camp d'en Grassot i Gràcia Nova,132,6076,37,2
2026-01-01,6,Gràcia,32,el Camp d'en Grassot i Gràcia Nova,132,6076,78,3
2026-01-01,6,Gràcia,32,el Camp d'en Grassot i Gràcia Nova,132,6076,29,4
2026-01-01,6,Gràcia,32,el Camp d'en Grassot i Gràcia Nova,132,6076,66,5
2026-01-01,6,Gràcia,32,el Camp d'en Grassot i Gràcia Nova,132,6076,65,6
2026-01-01,6,Gràcia,32,el Camp d'en Grassot i Gràcia Nova,132,6076,30,7
2026-01-01,6,Gràcia,32,el Camp d'en Grassot i Gràcia Nova,132,6076,95,8
2026-01-01,6,Gràcia,32,el Camp d'en Grassot i Gràcia Nova,132,6076,7,9
2026-01-01,6,Gràcia,32,el Camp d'en Grassot i Gràcia Nova,132,6076,5,10
2026-01-01,6,Gràcia,32,el Camp d'en Grassot i Gràcia Nova,132,6076,65,11
2026-01-01,6,Gràcia,32,el Camp d'en Grassot i Gràcia Nova,132,6076,26,12
2026-01-01,6,Gràcia,32,el Camp d'en Grassot i Gràcia Nova,133,6077,90,1
2026-01-01,6,Gràcia,32,el Camp d'en Grassot i Gràcia Nova,133,6077,58,2
2026-01-01,6,Gràcia,32,el Camp d'en Grassot i Gràcia Nova,133,6077,65,3
2026-01-01,6,Gràcia,32,el Camp d'en Grassot i Gràcia Nova,133,6077,12,4
2026-01-01,6,Gràcia,32,el Camp d'en Grassot i Gràcia Nova,133,6077,82,5
2026-01-01,6,Gràcia,32,el Camp d'en Grassot i Gràcia Nova,133,6077,32,6
2026-01-01,6,Gràcia,32,el Camp d'en Grassot i Gràcia Nova,133,6077,25,7
2026-01-01,6,Gràcia,32,el Camp d'en Grassot i Gràcia Nova,133,6077,84,8
2026-01-01,6,Gràcia,32,el Camp d'en Grassot i Gràcia Nova,133,6077,14,9
2026-01-01,6,Gràcia,32,el Camp d'en Grassot i Gràcia Nova,133,6077,3,10
2026-01-01,6,Gràcia,32,el Camp d'en Grassot i Gràcia Nova,133,6077,63,11
2026-01-01,6,Gràcia,32,el Camp d'en Grassot i Gràcia Nova,133,6077,26,12
2026-01-01,6,Gràcia,32,el Camp d'en Grassot i Gràcia Nova,133,6078,100,1
2026-01-01,6,Gràcia,32,el Camp d'en Grassot i Gràcia Nova,133,6078,79,2
2026-01-01,6,Gràcia,32,el Camp d'en Grassot i Gràcia Nova,133,6078,49,3
2026-01-01,6,Gràcia,32,el Camp d'en Grassot i Gràcia Nova,133,6078,20,4
2026-01-01,6,Gràcia,32,el Camp d'en Grassot i Gràcia Nova,133,6078,114,5
2026-01-01,6,Gràcia,32,el Camp d'en Grassot i Gràcia Nova,133,6078,37,6
2026-01-01,6,Gràcia,32,el Camp d'en Grassot i Gràcia Nova,133,6078,25,7
2026-01-01,6,Gràcia,32,el Camp d'en Grassot i Gràcia Nova,133,6078,106,8
2026-01-01,6,Gràcia,32,el Camp d'en Grassot i Gràcia Nova,133,6078,16,9
2026-01-01,6,Gràcia,32,el Camp d'en Grassot i Gràcia Nova,133,6078,3,10
2026-01-01,6,Gràcia,32,el Camp d'en Grassot i Gràcia Nova,133,6078,61,11
2026-01-01,6,Gràcia,32,el Camp d'en Grassot i Gràcia Nova,133,6078,17,12
2026-01-01,6,Gràcia,32,el Camp d'en Grassot i Gràcia Nova,133,6079,50,1
2026-01-01,6,Gràcia,32,el Camp d'en Grassot i Gràcia Nova,133,6079,51,2
2026-01-01,6,Gràcia,32,el Camp d'en Grassot i Gràcia Nova,133,6079,61,3
2026-01-01,6,Gràcia,32,el Camp d'en Grassot i Gràcia Nova,133,6079,23,4
2026-01-01,6,Gràcia,32,el Camp d'en Grassot i Gràcia Nova,133,6079,75,5
2026-01-01,6,Gràcia,32,el Camp d'en Grassot i Gràcia Nova,133,6079,38,6
2026-01-01,6,Gràcia,32,el Camp d'en Grassot i Gràcia Nova,133,6079,38,7
2026-01-01,6,Gràcia,32,el Camp d'en Grassot i Gràcia Nova,133,6079,87,8
2026-01-01,6,Gràcia,32,el Camp d'en Grassot i Gràcia Nova,133,6079,14,9
2026-01-01,6,Gràcia,32,el Camp d'en Grassot i Gràcia Nova,133,6079,4,10
2026-01-01,6,Gràcia,32,el Camp d'en Grassot i Gràcia Nova,133,6079,68,11
2026-01-01,6,Gràcia,32,el Camp d'en Grassot i Gràcia Nova,133,6079,20,12
2026-01-01,6,Gràcia,32,el Camp d'en Grassot i Gràcia Nova,133,6080,53,1
2026-01-01,6,Gràcia,32,el Camp d'en Grassot i Gràcia Nova,133,6080,42,2
2026-01-01,6,Gràcia,32,el Camp d'en Grassot i Gràcia Nova,133,6080,69,3
2026-01-01,6,Gràcia,32,el Camp d'en Grassot i Gràcia Nova,133,6080,17,4
2026-01-01,6,Gràcia,32,el Camp d'en Grassot i Gràcia Nova,133,6080,60,5
2026-01-01,6,Gràcia,32,el Camp d'en Grassot i Gràcia Nova,133,6080,66,6
2026-01-01,6,Gràcia,32,el Camp d'en Grassot i Gràcia Nova,133,6080,20,7
2026-01-01,6,Gràcia,32,el Camp d'en Grassot i Gràcia Nova,133,6080,86,8
2026-01-01,6,Gràcia,32,el Camp d'en Grassot i Gràcia Nova,133,6080,10,9
2026-01-01,6,Gràcia,32,el Camp d'en Grassot i Gràcia Nova,133,6080,1,10
2026-01-01,6,Gràcia,32,el Camp d'en Grassot i Gràcia Nova,133,6080,53,11
2026-01-01,6,Gràcia,32,el Camp d'en Grassot i Gràcia Nova,133,6080,27,12
2026-01-01,6,Gràcia,32,el Camp d'en Grassot i Gràcia Nova,133,6081,60,1
2026-01-01,6,Gràcia,32,el Camp d'en Grassot i Gràcia Nova,133,6081,49,2
2026-01-01,6,Gràcia,32,el Camp d'en Grassot i Gràcia Nova,133,6081,66,3
2026-01-01,6,Gràcia,32,el Camp d'en Grassot i Gràcia Nova,133,6081,32,4
2026-01-01,6,Gràcia,32,el Camp d'en Grassot i Gràcia Nova,133,6081,95,5
2026-01-01,6,Gràcia,32,el Camp d'en Grassot i Gràcia Nova,133,6081,56,6
2026-01-01,6,Gràcia,32,el Camp d'en Grassot i Gràcia Nova,133,6081,35,7
2026-01-01,6,Gràcia,32,el Camp d'en Grassot i Gràcia Nova,133,6081,95,8
2026-01-01,6,Gràcia,32,el Camp d'en Grassot i Gràcia Nova,133,6081,11,9
2026-01-01,6,Gràcia,32,el Camp d'en Grassot i Gràcia Nova,133,6081,1,10
2026-01-01,6,Gràcia,32,el Camp d'en Grassot i Gràcia Nova,133,6081,75,11
2026-01-01,6,Gràcia,32,el Camp d'en Grassot i Gràcia Nova,133,6081,31,12
2026-01-01,6,Gràcia,32,el Camp d'en Grassot i Gràcia Nova,134,6082,93,1
2026-01-01,6,Gràcia,32,el Camp d'en Grassot i Gràcia Nova,134,6082,54,2
2026-01-01,6,Gràcia,32,el Camp d'en Grassot i Gràcia Nova,134,6082,86,3
2026-01-01,6,Gràcia,32,el Camp d'en Grassot i Gràcia Nova,134,6082,26,4
2026-01-01,6,Gràcia,32,el Camp d'en Grassot i Gràcia Nova,134,6082,103,5
2026-01-01,6,Gràcia,32,el Camp d'en Grassot i Gràcia Nova,134,6082,46,6
2026-01-01,6,Gràcia,32,el Camp d'en Grassot i Gràcia Nova,134,6082,56,7
2026-01-01,6,Gràcia,32,el Camp d'en Grassot i Gràcia Nova,134,6082,157,8
2026-01-01,6,Gràcia,32,el Camp d'en Grassot i Gràcia Nova,134,6082,20,9
2026-01-01,6,Gràcia,32,el Camp d'en Grassot i Gràcia Nova,134,6082,4,10
2026-01-01,6,Gràcia,32,el Camp d'en Grassot i Gràcia Nova,134,6082,85,11
2026-01-01,6,Gràcia,32,el Camp d'en Grassot i Gràcia Nova,134,6082,37,12
2026-01-01,6,Gràcia,32,el Camp d'en Grassot i Gràcia Nova,134,6083,83,1
2026-01-01,6,Gràcia,32,el Camp d'en Grassot i Gràcia Nova,134,6083,49,2
2026-01-01,6,Gràcia,32,el Camp d'en Grassot i Gràcia Nova,134,6083,87,3
2026-01-01,6,Gràcia,32,el Camp d'en Grassot i Gràcia Nova,134,6083,30,4
2026-01-01,6,Gràcia,32,el Camp d'en Grassot i Gràcia Nova,134,6083,102,5
2026-01-01,6,Gràcia,32,el Camp d'en Grassot i Gràcia Nova,134,6083,82,6
2026-01-01,6,Gràcia,32,el Camp d'en Grassot i Gràcia Nova,134,6083,60,7
2026-01-01,6,Gràcia,32,el Camp d'en Grassot i Gràcia Nova,134,6083,127,8
2026-01-01,6,Gràcia,32,el Camp d'en Grassot i Gràcia Nova,134,6083,14,9
2026-01-01,6,Gràcia,32,el Camp d'en Grassot i Gràcia Nova,134,6083,2,10
2026-01-01,6,Gràcia,32,el Camp d'en Grassot i Gràcia Nova,134,6083,76,11
2026-01-01,6,Gràcia,32,el Camp d'en Grassot i Gràcia Nova,134,6083,40,12
2026-01-01,6,Gràcia,32,el Camp d'en Grassot i Gràcia Nova,134,6084,97,1
2026-01-01,6,Gràcia,32,el Camp d'en Grassot i Gràcia Nova,134,6084,63,2
2026-01-01,6,Gràcia,32,el Camp d'en Grassot i Gràcia Nova,134,6084,65,3
2026-01-01,6,Gràcia,32,el Camp d'en Grassot i Gràcia Nova,134,6084,17,4
2026-01-01,6,Gràcia,32,el Camp d'en Grassot i Gràcia Nova,134,6084,87,5
2026-01-01,6,Gràcia,32,el Camp d'en Grassot i Gràcia Nova,134,6084,49,6
2026-01-01,6,Gràcia,32,el Camp d'en Grassot i Gràcia Nova,134,6084,35,7
2026-01-01,6,Gràcia,32,el Camp d'en Grassot i Gràcia Nova,134,6084,114,8
2026-01-01,6,Gràcia,32,el Camp d'en Grassot i Gràcia Nova,134,6084,20,9
2026-01-01,6,Gràcia,32,el Camp d'en Grassot i Gràcia Nova,134,6084,8,10
2026-01-01,6,Gràcia,32,el Camp d'en Grassot i Gràcia Nova,134,6084,85,11
2026-01-01,6,Gràcia,32,el Camp d'en Grassot i Gràcia Nova,134,6084,29,12
2026-01-01,6,Gràcia,32,el Camp d'en Grassot i Gràcia Nova,134,6085,49,1
2026-01-01,6,Gràcia,32,el Camp d'en Grassot i Gràcia Nova,134,6085,43,2
2026-01-01,6,Gràcia,32,el Camp d'en Grassot i Gràcia Nova,134,6085,78,3
2026-01-01,6,Gràcia,32,el Camp d'en Grassot i Gràcia Nova,134,6085,16,4
2026-01-01,6,Gràcia,32,el Camp d'en Grassot i Gràcia Nova,134,6085,70,5
2026-01-01,6,Gràcia,32,el Camp d'en Grassot i Gràcia Nova,134,6085,71,6
2026-01-01,6,Gràcia,32,el Camp d'en Grassot i Gràcia Nova,134,6085,26,7
2026-01-01,6,Gràcia,32,el Camp d'en Grassot i Gràcia Nova,134,6085,104,8
2026-01-01,6,Gràcia,32,el Camp d'en Grassot i Gràcia Nova,134,6085,13,9
2026-01-01,6,Gràcia,32,el Camp d'en Grassot i Gràcia Nova,134,6085,5,10
2026-01-01,6,Gràcia,32,el Camp d'en Grassot i Gràcia Nova,134,6085,75,11
2026-01-01,6,Gràcia,32,el Camp d'en Grassot i Gràcia Nova,134,6085,31,12
2026-01-01,6,Gràcia,32,el Camp d'en Grassot i Gràcia Nova,134,6086,51,1
2026-01-01,6,Gràcia,32,el Camp d'en Grassot i Gràcia Nova,134,6086,32,2
2026-01-01,6,Gràcia,32,el Camp d'en Grassot i Gràcia Nova,134,6086,57,3
2026-01-01,6,Gràcia,32,el Camp d'en Grassot i Gràcia Nova,134,6086,13,4
2026-01-01,6,Gràcia,32,el Camp d'en Grassot i Gràcia Nova,134,6086,58,5
2026-01-01,6,Gràcia,32,el Camp d'en Grassot i Gràcia Nova,134,6086,60,6
2026-01-01,6,Gràcia,32,el Camp d'en Grassot i Gràcia Nova,134,6086,21,7
2026-01-01,6,Gràcia,32,el Camp d'en Grassot i Gràcia Nova,134,6086,74,8
2026-01-01,6,Gràcia,32,el Camp d'en Grassot i Gràcia Nova,134,6086,6,9
2026-01-01,6,Gràcia,32,el Camp d'en Grassot i Gràcia Nova,134,6086,1,10
2026-01-01,6,Gràcia,32,el Camp d'en Grassot i Gràcia Nova,134,6086,49,11
2026-01-01,6,Gràcia,32,el Camp d'en Grassot i Gràcia Nova,134,6086,25,12
2026-01-01,6,Gràcia,32,el Camp d'en Grassot i Gràcia Nova,134,6087,47,1
2026-01-01,6,Gràcia,32,el Camp d'en Grassot i Gràcia Nova,134,6087,41,2
2026-01-01,6,Gràcia,32,el Camp d'en Grassot i Gràcia Nova,134,6087,136,3
2026-01-01,6,Gràcia,32,el Camp d'en Grassot i Gràcia Nova,134,6087,38,4
2026-01-01,6,Gràcia,32,el Camp d'en Grassot i Gràcia Nova,134,6087,72,5
2026-01-01,6,Gràcia,32,el Camp d'en Grassot i Gràcia Nova,134,6087,133,6
2026-01-01,6,Gràcia,32,el Camp d'en Grassot i Gràcia Nova,134,6087,42,7
2026-01-01,6,Gràcia,32,el Camp d'en Grassot i Gràcia Nova,134,6087,140,8
2026-01-01,6,Gràcia,32,el Camp d'en Grassot i Gràcia Nova,134,6087,18,9
2026-01-01,6,Gràcia,32,el Camp d'en Grassot i Gràcia Nova,134,6087,2,10
2026-01-01,6,Gràcia,32,el Camp d'en Grassot i Gràcia Nova,134,6087,102,11
2026-01-01,6,Gràcia,32,el Camp d'en Grassot i Gràcia Nova,134,6087,36,12
2026-01-01,6,Gràcia,32,el Camp d'en Grassot i Gràcia Nova,134,6088,38,1
2026-01-01,6,Gràcia,32,el Camp d'en Grassot i Gràcia Nova,134,6088,45,2
2026-01-01,6,Gràcia,32,el Camp d'en Grassot i Gràcia Nova,134,6088,76,3
2026-01-01,6,Gràcia,32,el Camp d'en Grassot i Gràcia Nova,134,6088,20,4
2026-01-01,6,Gràcia,32,el Camp d'en Grassot i Gràcia Nova,134,6088,64,5
2026-01-01,6,Gràcia,32,el Camp d'en Grassot i Gràcia Nova,134,6088,48,6
2026-01-01,6,Gràcia,32,el Camp d'en Grassot i Gràcia Nova,134,6088,37,7
2026-01-01,6,Gràcia,32,el Camp d'en Grassot i Gràcia Nova,134,6088,118,8
2026-01-01,6,Gràcia,32,el Camp d'en Grassot i Gràcia Nova,134,6088,10,9
2026-01-01,6,Gràcia,32,el Camp d'en Grassot i Gràcia Nova,134,6088,3,10
2026-01-01,6,Gràcia,32,el Camp d'en Grassot i Gràcia Nova,134,6088,66,11
2026-01-01,6,Gràcia,32,el Camp d'en Grassot i Gràcia Nova,134,6088,22,12
2026-01-01,7,Horta-Guinardó,33,el Baix Guinardó,135,7001,56,1
2026-01-01,7,Horta-Guinardó,33,el Baix Guinardó,135,7001,37,2
2026-01-01,7,Horta-Guinardó,33,el Baix Guinardó,135,7001,81,3
2026-01-01,7,Horta-Guinardó,33,el Baix Guinardó,135,7001,27,4
2026-01-01,7,Horta-Guinardó,33,el Baix Guinardó,135,7001,70,5
2026-01-01,7,Horta-Guinardó,33,el Baix Guinardó,135,7001,82,6
2026-01-01,7,Horta-Guinardó,33,el Baix Guinardó,135,7001,39,7
2026-01-01,7,Horta-Guinardó,33,el Baix Guinardó,135,7001,117,8
2026-01-01,7,Horta-Guinardó,33,el Baix Guinardó,135,7001,11,9
2026-01-01,7,Horta-Guinardó,33,el Baix Guinardó,135,7001,6,10
2026-01-01,7,Horta-Guinardó,33,el Baix Guinardó,135,7001,73,11
2026-01-01,7,Horta-Guinardó,33,el Baix Guinardó,135,7001,32,12
2026-01-01,7,Horta-Guinardó,33,el Baix Guinardó,135,7002,92,1
2026-01-01,7,Horta-Guinardó,33,el Baix Guinardó,135,7002,63,2
2026-01-01,7,Horta-Guinardó,33,el Baix Guinardó,135,7002,107,3
2026-01-01,7,Horta-Guinardó,33,el Baix Guinardó,135,7002,30,4
2026-01-01,7,Horta-Guinardó,33,el Baix Guinardó,135,7002,61,5
2026-01-01,7,Horta-Guinardó,33,el Baix Guinardó,135,7002,54,6
2026-01-01,7,Horta-Guinardó,33,el Baix Guinardó,135,7002,20,7
2026-01-01,7,Horta-Guinardó,33,el Baix Guinardó,135,7002,76,8
2026-01-01,7,Horta-Guinardó,33,el Baix Guinardó,135,7002,9,9
2026-01-01,7,Horta-Guinardó,33,el Baix Guinardó,135,7002,5,10
2026-01-01,7,Horta-Guinardó,33,el Baix Guinardó,135,7002,47,11
2026-01-01,7,Horta-Guinardó,33,el Baix Guinardó,135,7002,18,12
2026-01-01,7,Horta-Guinardó,33,el Baix Guinardó,135,7003,53,1
2026-01-01,7,Horta-Guinardó,33,el Baix Guinardó,135,7003,42,2
2026-01-01,7,Horta-Guinardó,33,el Baix Guinardó,135,7003,50,3
2026-01-01,7,Horta-Guinardó,33,el Baix Guinardó,135,7003,28,4
2026-01-01,7,Horta-Guinardó,33,el Baix Guinardó,135,7003,75,5
2026-01-01,7,Horta-Guinardó,33,el Baix Guinardó,135,7003,48,6
2026-01-01,7,Horta-Guinardó,33,el Baix Guinardó,135,7003,34,7
2026-01-01,7,Horta-Guinardó,33,el Baix Guinardó,135,7003,107,8
2026-01-01,7,Horta-Guinardó,33,el Baix Guinardó,135,7003,19,9
2026-01-01,7,Horta-Guinardó,33,el Baix Guinardó,135,7003,6,10
2026-01-01,7,Horta-Guinardó,33,el Baix Guinardó,135,7003,61,11
2026-01-01,7,Horta-Guinardó,33,el Baix Guinardó,135,7003,39,12
2026-01-01,7,Horta-Guinardó,33,el Baix Guinardó,135,7004,73,1
2026-01-01,7,Horta-Guinardó,33,el Baix Guinardó,135,7004,66,2
2026-01-01,7,Horta-Guinardó,33,el Baix Guinardó,135,7004,66,3
2026-01-01,7,Horta-Guinardó,33,el Baix Guinardó,135,7004,25,4
2026-01-01,7,Horta-Guinardó,33,el Baix Guinardó,135,7004,105,5
2026-01-01,7,Horta-Guinardó,33,el Baix Guinardó,135,7004,63,6
2026-01-01,7,Horta-Guinardó,33,el Baix Guinardó,135,7004,36,7
2026-01-01,7,Horta-Guinardó,33,el Baix Guinardó,135,7004,129,8
2026-01-01,7,Horta-Guinardó,33,el Baix Guinardó,135,7004,14,9
2026-01-01,7,Horta-Guinardó,33,el Baix Guinardó,135,7004,4,10
2026-01-01,7,Horta-Guinardó,33,el Baix Guinardó,135,7004,55,11
2026-01-01,7,Horta-Guinardó,33,el Baix Guinardó,135,7004,45,12
2026-01-01,7,Horta-Guinardó,33,el Baix Guinardó,135,7005,81,1
2026-01-01,7,Horta-Guinardó,33,el Baix Guinardó,135,7005,65,2
2026-01-01,7,Horta-Guinardó,33,el Baix Guinardó,135,7005,88,3
2026-01-01,7,Horta-Guinardó,33,el Baix Guinardó,135,7005,37,4
2026-01-01,7,Horta-Guinardó,33,el Baix Guinardó,135,7005,100,5
2026-01-01,7,Horta-Guinardó,33,el Baix Guinardó,135,7005,42,6
2026-01-01,7,Horta-Guinardó,33,el Baix Guinardó,135,7005,31,7
2026-01-01,7,Horta-Guinardó,33,el Baix Guinardó,135,7005,106,8
2026-01-01,7,Horta-Guinardó,33,el Baix Guinardó,135,7005,17,9
2026-01-01,7,Horta-Guinardó,33,el Baix Guinardó,135,7005,6,10
2026-01-01,7,Horta-Guinardó,33,el Baix Guinardó,135,7005,73,11
2026-01-01,7,Horta-Guinardó,33,el Baix Guinardó,135,7005,29,12
2026-01-01,7,Horta-Guinardó,33,el Baix Guinardó,135,7006,22,1
2026-01-01,7,Horta-Guinardó,33,el Baix Guinardó,135,7006,17,2
2026-01-01,7,Horta-Guinardó,33,el Baix Guinardó,135,7006,57,3
2026-01-01,7,Horta-Guinardó,33,el Baix Guinardó,135,7006,11,4
2026-01-01,7,Horta-Guinardó,33,el Baix Guinardó,135,7006,45,5
2026-01-01,7,Horta-Guinardó,33,el Baix Guinardó,135,7006,63,6
2026-01-01,7,Horta-Guinardó,33,el Baix Guinardó,135,7006,32,7
2026-01-01,7,Horta-Guinardó,33,el Baix Guinardó,135,7006,91,8
2026-01-01,7,Horta-Guinardó,33,el Baix Guinardó,135,7006,8,9
2026-01-01,7,Horta-Guinardó,33,el Baix Guinardó,135,7006,1,10
2026-01-01,7,Horta-Guinardó,33,el Baix Guinardó,135,7006,37,11
2026-01-01,7,Horta-Guinardó,33,el Baix Guinardó,135,7006,16,12
2026-01-01,7,Horta-Guinardó,33,el Baix Guinardó,135,7007,46,1
2026-01-01,7,Horta-Guinardó,33,el Baix Guinardó,135,7007,59,2
2026-01-01,7,Horta-Guinardó,33,el Baix Guinardó,135,7007,58,3
2026-01-01,7,Horta-Guinardó,33,el Baix Guinardó,135,7007,13,4
2026-01-01,7,Horta-Guinardó,33,el Baix Guinardó,135,7007,77,5
2026-01-01,7,Horta-Guinardó,33,el Baix Guinardó,135,7007,38,6
2026-01-01,7,Horta-Guinardó,33,el Baix Guinardó,135,7007,34,7
2026-01-01,7,Horta-Guinardó,33,el Baix Guinardó,135,7007,110,8
2026-01-01,7,Horta-Guinardó,33,el Baix Guinardó,135,7007,19,9
2026-01-01,7,Horta-Guinardó,33,el Baix Guinardó,135,7007,2,10
2026-01-01,7,Horta-Guinardó,33,el Baix Guinardó,135,7007,61,11
2026-01-01,7,Horta-Guinardó,33,el Baix Guinardó,135,7007,34,12
2026-01-01,7,Horta-Guinardó,33,el Baix Guinardó,135,7008,34,1
2026-01-01,7,Horta-Guinardó,33,el Baix Guinardó,135,7008,30,2
2026-01-01,7,Horta-Guinardó,33,el Baix Guinardó,135,7008,59,3
2026-01-01,7,Horta-Guinardó,33,el Baix Guinardó,135,7008,28,4
2026-01-01,7,Horta-Guinardó,33,el Baix Guinardó,135,7008,48,5
2026-01-01,7,Horta-Guinardó,33,el Baix Guinardó,135,7008,76,6
2026-01-01,7,Horta-Guinardó,33,el Baix Guinardó,135,7008,40,7
2026-01-01,7,Horta-Guinardó,33,el Baix Guinardó,135,7008,126,8
2026-01-01,7,Horta-Guinardó,33,el Baix Guinardó,135,7008,4,9
2026-01-01,7,Horta-Guinardó,33,el Baix Guinardó,135,7008,1,10
2026-01-01,7,Horta-Guinardó,33,el Baix Guinardó,135,7008,65,11
2026-01-01,7,Horta-Guinardó,33,el Baix Guinardó,135,7008,34,12
2026-01-01,7,Horta-Guinardó,33,el Baix Guinardó,136,7009,51,1
2026-01-01,7,Horta-Guinardó,33,el Baix Guinardó,136,7009,43,2
2026-01-01,7,Horta-Guinardó,33,el Baix Guinardó,136,7009,60,3
2026-01-01,7,Horta-Guinardó,33,el Baix Guinardó,136,7009,13,4
2026-01-01,7,Horta-Guinardó,33,el Baix Guinardó,136,7009,102,5
2026-01-01,7,Horta-Guinardó,33,el Baix Guinardó,136,7009,44,6
2026-01-01,7,Horta-Guinardó,33,el Baix Guinardó,136,7009,28,7
2026-01-01,7,Horta-Guinardó,33,el Baix Guinardó,136,7009,105,8
2026-01-01,7,Horta-Guinardó,33,el Baix Guinardó,136,7009,9,9
2026-01-01,7,Horta-Guinardó,33,el Baix Guinardó,136,7009,2,10
2026-01-01,7,Horta-Guinardó,33,el Baix Guinardó,136,7009,47,11
2026-01-01,7,Horta-Guinardó,33,el Baix Guinardó,136,7009,40,12
2026-01-01,7,Horta-Guinardó,33,el Baix Guinardó,136,7010,57,1
2026-01-01,7,Horta-Guinardó,33,el Baix Guinardó,136,7010,41,2
2026-01-01,7,Horta-Guinardó,33,el Baix Guinardó,136,7010,56,3
2026-01-01,7,Horta-Guinardó,33,el Baix Guinardó,136,7010,16,4
2026-01-01,7,Horta-Guinardó,33,el Baix Guinardó,136,7010,83,5
2026-01-01,7,Horta-Guinardó,33,el Baix Guinardó,136,7010,40,6
2026-01-01,7,Horta-Guinardó,33,el Baix Guinardó,136,7010,28,7
2026-01-01,7,Horta-Guinardó,33,el Baix Guinardó,136,7010,123,8
2026-01-01,7,Horta-Guinardó,33,el Baix Guinardó,136,7010,7,9
2026-01-01,7,Horta-Guinardó,33,el Baix Guinardó,136,7010,1,10
2026-01-01,7,Horta-Guinardó,33,el Baix Guinardó,136,7010,62,11
2026-01-01,7,Horta-Guinardó,33,el Baix Guinardó,136,7010,31,12
2026-01-01,7,Horta-Guinardó,33,el Baix Guinardó,136,7011,74,1
2026-01-01,7,Horta-Guinardó,33,el Baix Guinardó,136,7011,52,2
2026-01-01,7,Horta-Guinardó,33,el Baix Guinardó,136,7011,58,3
2026-01-01,7,Horta-Guinardó,33,el Baix Guinardó,136,7011,17,4
2026-01-01,7,Horta-Guinardó,33,el Baix Guinardó,136,7011,86,5
2026-01-01,7,Horta-Guinardó,33,el Baix Guinardó,136,7011,45,6
2026-01-01,7,Horta-Guinardó,33,el Baix Guinardó,136,7011,32,7
2026-01-01,7,Horta-Guinardó,33,el Baix Guinardó,136,7011,107,8
2026-01-01,7,Horta-Guinardó,33,el Baix Guinardó,136,7011,12,9
2026-01-01,7,Horta-Guinardó,33,el Baix Guinardó,136,7011,2,10
2026-01-01,7,Horta-Guinardó,33,el Baix Guinardó,136,7011,36,11
2026-01-01,7,Horta-Guinardó,33,el Baix Guinardó,136,7011,15,12
2026-01-01,7,Horta-Guinardó,33,el Baix Guinardó,136,7012,79,1
2026-01-01,7,Horta-Guinardó,33,el Baix Guinardó,136,7012,78,2
2026-01-01,7,Horta-Guinardó,33,el Baix Guinardó,136,7012,73,3
2026-01-01,7,Horta-Guinardó,33,el Baix Guinardó,136,7012,22,4
2026-01-01,7,Horta-Guinardó,33,el Baix Guinardó,136,7012,93,5
2026-01-01,7,Horta-Guinardó,33,el Baix Guinardó,136,7012,62,6
2026-01-01,7,Horta-Guinardó,33,el Baix Guinardó,136,7012,37,7
2026-01-01,7,Horta-Guinardó,33,el Baix Guinardó,136,7012,111,8
2026-01-01,7,Horta-Guinardó,33,el Baix Guinardó,136,7012,26,9
2026-01-01,7,Horta-Guinardó,33,el Baix Guinardó,136,7012,2,10
2026-01-01,7,Horta-Guinardó,33,el Baix Guinardó,136,7012,83,11
2026-01-01,7,Horta-Guinardó,33,el Baix Guinardó,136,7012,40,12
2026-01-01,7,Horta-Guinardó,33,el Baix Guinardó,136,7013,24,1
2026-01-01,7,Horta-Guinardó,33,el Baix Guinardó,136,7013,22,2
2026-01-01,7,Horta-Guinardó,33,el Baix Guinardó,136,7013,54,3
2026-01-01,7,Horta-Guinardó,33,el Baix Guinardó,136,7013,18,4
2026-01-01,7,Horta-Guinardó,33,el Baix Guinardó,136,7013,42,5
2026-01-01,7,Horta-Guinardó,33,el Baix Guinardó,136,7013,83,6
2026-01-01,7,Horta-Guinardó,33,el Baix Guinardó,136,7013,54,7
2026-01-01,7,Horta-Guinardó,33,el Baix Guinardó,136,7013,115,8
2026-01-01,7,Horta-Guinardó,33,el Baix Guinardó,136,7013,7,9
2026-01-01,7,Horta-Guinardó,33,el Baix Guinardó,136,7013,1,10
2026-01-01,7,Horta-Guinardó,33,el Baix Guinardó,136,7013,47,11
2026-01-01,7,Horta-Guinardó,33,el Baix Guinardó,136,7013,31,12
2026-01-01,7,Horta-Guinardó,33,el Baix Guinardó,137,7014,32,1
2026-01-01,7,Horta-Guinardó,33,el Baix Guinardó,137,7014,37,2
2026-01-01,7,Horta-Guinardó,33,el Baix Guinardó,137,7014,48,3
2026-01-01,7,Horta-Guinardó,33,el Baix Guinardó,137,7014,20,4
2026-01-01,7,Horta-Guinardó,33,el Baix Guinardó,137,7014,59,5
2026-01-01,7,Horta-Guinardó,33,el Baix Guinardó,137,7014,29,6
2026-01-01,7,Horta-Guinardó,33,el Baix Guinardó,137,7014,27,7
2026-01-01,7,Horta-Guinardó,33,el Baix Guinardó,137,7014,69,8
2026-01-01,7,Horta-Guinardó,33,el Baix Guinardó,137,7014,6,9
2026-01-01,7,Horta-Guinardó,33,el Baix Guinardó,137,7014,2,10
2026-01-01,7,Horta-Guinardó,33,el Baix Guinardó,137,7014,32,11
2026-01-01,7,Horta-Guinardó,33,el Baix Guinardó,137,7014,30,12
2026-01-01,7,Horta-Guinardó,33,el Baix Guinardó,137,7015,26,1
2026-01-01,7,Horta-Guinardó,33,el Baix Guinardó,137,7015,39,2
2026-01-01,7,Horta-Guinardó,33,el Baix Guinardó,137,7015,74,3
2026-01-01,7,Horta-Guinardó,33,el Baix Guinardó,137,7015,22,4
2026-01-01,7,Horta-Guinardó,33,el Baix Guinardó,137,7015,72,5
2026-01-01,7,Horta-Guinardó,33,el Baix Guinardó,137,7015,57,6
2026-01-01,7,Horta-Guinardó,33,el Baix Guinardó,137,7015,41,7
2026-01-01,7,Horta-Guinardó,33,el Baix Guinardó,137,7015,122,8
2026-01-01,7,Horta-Guinardó,33,el Baix Guinardó,137,7015,11,9
2026-01-01,7,Horta-Guinardó,33,el Baix Guinardó,137,7015,1,10
2026-01-01,7,Horta-Guinardó,33,el Baix Guinardó,137,7015,70,11
2026-01-01,7,Horta-Guinardó,33,el Baix Guinardó,137,7015,33,12
2026-01-01,7,Horta-Guinardó,33,el Baix Guinardó,137,7016,25,1
2026-01-01,7,Horta-Guinardó,33,el Baix Guinardó,137,7016,28,2
2026-01-01,7,Horta-Guinardó,33,el Baix Guinardó,137,7016,54,3
2026-01-01,7,Horta-Guinardó,33,el Baix Guinardó,137,7016,15,4
2026-01-01,7,Horta-Guinardó,33,el Baix Guinardó,137,7016,52,5
2026-01-01,7,Horta-Guinardó,33,el Baix Guinardó,137,7016,76,6
2026-01-01,7,Horta-Guinardó,33,el Baix Guinardó,137,7016,42,7
2026-01-01,7,Horta-Guinardó,33,el Baix Guinardó,137,7016,120,8
2026-01-01,7,Horta-Guinardó,33,el Baix Guinardó,137,7016,9,9
2026-01-01,7,Horta-Guinardó,33,el Baix Guinardó,137,7016,76,11
2026-01-01,7,Horta-Guinardó,33,el Baix Guinardó,137,7016,28,12
2026-01-01,7,Horta-Guinardó,33,el Baix Guinardó,137,7017,63,1
2026-01-01,7,Horta-Guinardó,33,el Baix Guinardó,137,7017,77,2
2026-01-01,7,Horta-Guinardó,33,el Baix Guinardó,137,7017,92,3
2026-01-01,7,Horta-Guinardó,33,el Baix Guinardó,137,7017,25,4
2026-01-01,7,Horta-Guinardó,33,el Baix Guinardó,137,7017,105,5
2026-01-01,7,Horta-Guinardó,33,el Baix Guinardó,137,7017,40,6
2026-01-01,7,Horta-Guinardó,33,el Baix Guinardó,137,7017,40,7
2026-01-01,7,Horta-Guinardó,33,el Baix Guinardó,137,7017,127,8
2026-01-01,7,Horta-Guinardó,33,el Baix Guinardó,137,7017,26,9
2026-01-01,7,Horta-Guinardó,33,el Baix Guinardó,137,7017,6,10
2026-01-01,7,Horta-Guinardó,33,el Baix Guinardó,137,7017,97,11
2026-01-01,7,Horta-Guinardó,33,el Baix Guinardó,137,7017,61,12
2026-01-01,7,Horta-Guinardó,33,el Baix Guinardó,137,7018,61,1
2026-01-01,7,Horta-Guinardó,33,el Baix Guinardó,137,7018,40,2
2026-01-01,7,Horta-Guinardó,33,el Baix Guinardó,137,7018,83,3
2026-01-01,7,Horta-Guinardó,33,el Baix Guinardó,137,7018,22,4
2026-01-01,7,Horta-Guinardó,33,el Baix Guinardó,137,7018,110,5
2026-01-01,7,Horta-Guinardó,33,el Baix Guinardó,137,7018,44,6
2026-01-01,7,Horta-Guinardó,33,el Baix Guinardó,137,7018,45,7
2026-01-01,7,Horta-Guinardó,33,el Baix Guinardó,137,7018,129,8
2026-01-01,7,Horta-Guinardó,33,el Baix Guinardó,137,7018,9,9
2026-01-01,7,Horta-Guinardó,33,el Baix Guinardó,137,7018,6,10
2026-01-01,7,Horta-Guinardó,33,el Baix Guinardó,137,7018,82,11
2026-01-01,7,Horta-Guinardó,33,el Baix Guinardó,137,7018,60,12
2026-01-01,7,Horta-Guinardó,33,el Baix Guinardó,137,7019,52,1
2026-01-01,7,Horta-Guinardó,33,el Baix Guinardó,137,7019,50,2
2026-01-01,7,Horta-Guinardó,33,el Baix Guinardó,137,7019,72,3
2026-01-01,7,Horta-Guinardó,33,el Baix Guinardó,137,7019,25,4
2026-01-01,7,Horta-Guinardó,33,el Baix Guinardó,137,7019,70,5
2026-01-01,7,Horta-Guinardó,33,el Baix Guinardó,137,7019,63,6
2026-01-01,7,Horta-Guinardó,33,el Baix Guinardó,137,7019,34,7
2026-01-01,7,Horta-Guinardó,33,el Baix Guinardó,137,7019,150,8
2026-01-01,7,Horta-Guinardó,33,el Baix Guinardó,137,7019,10,9
2026-01-01,7,Horta-Guinardó,33,el Baix Guinardó,137,7019,3,10
2026-01-01,7,Horta-Guinardó,33,el Baix Guinardó,137,7019,97,11
2026-01-01,7,Horta-Guinardó,33,el Baix Guinardó,137,7019,37,12
2026-01-01,7,Horta-Guinardó,34,Can Baró,138,7020,66,1
2026-01-01,7,Horta-Guinardó,34,Can Baró,138,7020,61,2
2026-01-01,7,Horta-Guinardó,34,Can Baró,138,7020,78,3
2026-01-01,7,Horta-Guinardó,34,Can Baró,138,7020,24,4
2026-01-01,7,Horta-Guinardó,34,Can Baró,138,7020,118,5
2026-01-01,7,Horta-Guinardó,34,Can Baró,138,7020,53,6
2026-01-01,7,Horta-Guinardó,34,Can Baró,138,7020,31,7
2026-01-01,7,Horta-Guinardó,34,Can Baró,138,7020,130,8
2026-01-01,7,Horta-Guinardó,34,Can Baró,138,7020,10,9
2026-01-01,7,Horta-Guinardó,34,Can Baró,138,7020,6,10
2026-01-01,7,Horta-Guinardó,34,Can Baró,138,7020,92,11
2026-01-01,7,Horta-Guinardó,34,Can Baró,138,7020,46,12
2026-01-01,7,Horta-Guinardó,34,Can Baró,138,7021,19,1
2026-01-01,7,Horta-Guinardó,34,Can Baró,138,7021,34,2
2026-01-01,7,Horta-Guinardó,34,Can Baró,138,7021,42,3
2026-01-01,7,Horta-Guinardó,34,Can Baró,138,7021,17,4
2026-01-01,7,Horta-Guinardó,34,Can Baró,138,7021,43,5
2026-01-01,7,Horta-Guinardó,34,Can Baró,138,7021,59,6
2026-01-01,7,Horta-Guinardó,34,Can Baró,138,7021,25,7
2026-01-01,7,Horta-Guinardó,34,Can Baró,138,7021,111,8
2026-01-01,7,Horta-Guinardó,34,Can Baró,138,7021,3,9
2026-01-01,7,Horta-Guinardó,34,Can Baró,138,7021,2,10
2026-01-01,7,Horta-Guinardó,34,Can Baró,138,7021,54,11
2026-01-01,7,Horta-Guinardó,34,Can Baró,138,7021,27,12
2026-01-01,7,Horta-Guinardó,34,Can Baró,138,7022,38,1
2026-01-01,7,Horta-Guinardó,34,Can Baró,138,7022,41,2
2026-01-01,7,Horta-Guinardó,34,Can Baró,138,7022,45,3
2026-01-01,7,Horta-Guinardó,34,Can Baró,138,7022,10,4
2026-01-01,7,Horta-Guinardó,34,Can Baró,138,7022,55,5
2026-01-01,7,Horta-Guinardó,34,Can Baró,138,7022,48,6
2026-01-01,7,Horta-Guinardó,34,Can Baró,138,7022,46,7
2026-01-01,7,Horta-Guinardó,34,Can Baró,138,7022,94,8
2026-01-01,7,Horta-Guinardó,34,Can Baró,138,7022,11,9
2026-01-01,7,Horta-Guinardó,34,Can Baró,138,7022,3,10
2026-01-01,7,Horta-Guinardó,34,Can Baró,138,7022,59,11
2026-01-01,7,Horta-Guinardó,34,Can Baró,138,7022,31,12
2026-01-01,7,Horta-Guinardó,34,Can Baró,138,7023,47,1
2026-01-01,7,Horta-Guinardó,34,Can Baró,138,7023,81,2
2026-01-01,7,Horta-Guinardó,34,Can Baró,138,7023,49,3
2026-01-01,7,Horta-Guinardó,34,Can Baró,138,7023,18,4
2026-01-01,7,Horta-Guinardó,34,Can Baró,138,7023,89,5
2026-01-01,7,Horta-Guinardó,34,Can Baró,138,7023,45,6
2026-01-01,7,Horta-Guinardó,34,Can Baró,138,7023,40,7
2026-01-01,7,Horta-Guinardó,34,Can Baró,138,7023,97,8
2026-01-01,7,Horta-Guinardó,34,Can Baró,138,7023,15,9
2026-01-01,7,Horta-Guinardó,34,Can Baró,138,7023,3,10
2026-01-01,7,Horta-Guinardó,34,Can Baró,138,7023,57,11
2026-01-01,7,Horta-Guinardó,34,Can Baró,138,7023,51,12
2026-01-01,7,Horta-Guinardó,34,Can Baró,138,7024,59,1
2026-01-01,7,Horta-Guinardó,34,Can Baró,138,7024,86,2
2026-01-01,7,Horta-Guinardó,34,Can Baró,138,7024,71,3
2026-01-01,7,Horta-Guinardó,34,Can Baró,138,7024,29,4
2026-01-01,7,Horta-Guinardó,34,Can Baró,138,7024,126,5
2026-01-01,7,Horta-Guinardó,34,Can Baró,138,7024,46,6
2026-01-01,7,Horta-Guinardó,34,Can Baró,138,7024,39,7
2026-01-01,7,Horta-Guinardó,34,Can Baró,138,7024,111,8
2026-01-01,7,Horta-Guinardó,34,Can Baró,138,7024,22,9
2026-01-01,7,Horta-Guinardó,34,Can Baró,138,7024,4,10
2026-01-01,7,Horta-Guinardó,34,Can Baró,138,7024,65,11
2026-01-01,7,Horta-Guinardó,34,Can Baró,138,7024,41,12
2026-01-01,7,Horta-Guinardó,34,Can Baró,138,7025,77,1
2026-01-01,7,Horta-Guinardó,34,Can Baró,138,7025,74,2
2026-01-01,7,Horta-Guinardó,34,Can Baró,138,7025,49,3
2026-01-01,7,Horta-Guinardó,34,Can Baró,138,7025,21,4
2026-01-01,7,Horta-Guinardó,34,Can Baró,138,7025,102,5
2026-01-01,7,Horta-Guinardó,34,Can Baró,138,7025,44,6
2026-01-01,7,Horta-Guinardó,34,Can Baró,138,7025,39,7
2026-01-01,7,Horta-Guinardó,34,Can Baró,138,7025,103,8
2026-01-01,7,Horta-Guinardó,34,Can Baró,138,7025,22,9
2026-01-01,7,Horta-Guinardó,34,Can Baró,138,7025,3,10
2026-01-01,7,Horta-Guinardó,34,Can Baró,138,7025,79,11
2026-01-01,7,Horta-Guinardó,34,Can Baró,138,7025,42,12
2026-01-01,7,Horta-Guinardó,34,Can Baró,138,7026,29,1
2026-01-01,7,Horta-Guinardó,34,Can Baró,138,7026,48,2
2026-01-01,7,Horta-Guinardó,34,Can Baró,138,7026,59,3
2026-01-01,7,Horta-Guinardó,34,Can Baró,138,7026,22,4
2026-01-01,7,Horta-Guinardó,34,Can Baró,138,7026,59,5
2026-01-01,7,Horta-Guinardó,34,Can Baró,138,7026,49,6
2026-01-01,7,Horta-Guinardó,34,Can Baró,138,7026,26,7
2026-01-01,7,Horta-Guinardó,34,Can Baró,138,7026,81,8
2026-01-01,7,Horta-Guinardó,34,Can Baró,138,7026,9,9
2026-01-01,7,Horta-Guinardó,34,Can Baró,138,7026,5,10
2026-01-01,7,Horta-Guinardó,34,Can Baró,138,7026,53,11
2026-01-01,7,Horta-Guinardó,34,Can Baró,138,7026,40,12
2026-01-01,7,Horta-Guinardó,35,el Guinardó,139,7027,58,1
2026-01-01,7,Horta-Guinardó,35,el Guinardó,139,7027,52,2
2026-01-01,7,Horta-Guinardó,35,el Guinardó,139,7027,83,3
2026-01-01,7,Horta-Guinardó,35,el Guinardó,139,7027,33,4
2026-01-01,7,Horta-Guinardó,35,el Guinardó,139,7027,115,5
2026-01-01,7,Horta-Guinardó,35,el Guinardó,139,7027,64,6
2026-01-01,7,Horta-Guinardó,35,el Guinardó,139,7027,43,7
2026-01-01,7,Horta-Guinardó,35,el Guinardó,139,7027,155,8
2026-01-01,7,Horta-Guinardó,35,el Guinardó,139,7027,23,9
2026-01-01,7,Horta-Guinardó,35,el Guinardó,139,7027,6,10
2026-01-01,7,Horta-Guinardó,35,el Guinardó,139,7027,120,11
2026-01-01,7,Horta-Guinardó,35,el Guinardó,139,7027,74,12
2026-01-01,7,Horta-Guinardó,35,el Guinardó,139,7028,68,1
2026-01-01,7,Horta-Guinardó,35,el Guinardó,139,7028,67,2
2026-01-01,7,Horta-Guinardó,35,el Guinardó,139,7028,39,3
2026-01-01,7,Horta-Guinardó,35,el Guinardó,139,7028,20,4
2026-01-01,7,Horta-Guinardó,35,el Guinardó,139,7028,84,5
2026-01-01,7,Horta-Guinardó,35,el Guinardó,139,7028,42,6
2026-01-01,7,Horta-Guinardó,35,el Guinardó,139,7028,36,7
2026-01-01,7,Horta-Guinardó,35,el Guinardó,139,7028,119,8
2026-01-01,7,Horta-Guinardó,35,el Guinardó,139,7028,18,9
2026-01-01,7,Horta-Guinardó,35,el Guinardó,139,7028,3,10
2026-01-01,7,Horta-Guinardó,35,el Guinardó,139,7028,81,11
2026-01-01,7,Horta-Guinardó,35,el Guinardó,139,7028,45,12
2026-01-01,7,Horta-Guinardó,35,el Guinardó,139,7029,59,1
2026-01-01,7,Horta-Guinardó,35,el Guinardó,139,7029,60,2
2026-01-01,7,Horta-Guinardó,35,el Guinardó,139,7029,62,3
2026-01-01,7,Horta-Guinardó,35,el Guinardó,139,7029,19,4
2026-01-01,7,Horta-Guinardó,35,el Guinardó,139,7029,71,5
2026-01-01,7,Horta-Guinardó,35,el Guinardó,139,7029,59,6
2026-01-01,7,Horta-Guinardó,35,el Guinardó,139,7029,25,7
2026-01-01,7,Horta-Guinardó,35,el Guinardó,139,7029,97,8
2026-01-01,7,Horta-Guinardó,35,el Guinardó,139,7029,16,9
2026-01-01,7,Horta-Guinardó,35,el Guinardó,139,7029,2,10
2026-01-01,7,Horta-Guinardó,35,el Guinardó,139,7029,53,11
2026-01-01,7,Horta-Guinardó,35,el Guinardó,139,7029,41,12
2026-01-01,7,Horta-Guinardó,35,el Guinardó,139,7030,68,1
2026-01-01,7,Horta-Guinardó,35,el Guinardó,139,7030,57,2
2026-01-01,7,Horta-Guinardó,35,el Guinardó,139,7030,52,3
2026-01-01,7,Horta-Guinardó,35,el Guinardó,139,7030,18,4
2026-01-01,7,Horta-Guinardó,35,el Guinardó,139,7030,75,5
2026-01-01,7,Horta-Guinardó,35,el Guinardó,139,7030,61,6
2026-01-01,7,Horta-Guinardó,35,el Guinardó,139,7030,30,7
2026-01-01,7,Horta-Guinardó,35,el Guinardó,139,7030,97,8
2026-01-01,7,Horta-Guinardó,35,el Guinardó,139,7030,19,9
2026-01-01,7,Horta-Guinardó,35,el Guinardó,139,7030,2,10
2026-01-01,7,Horta-Guinardó,35,el Guinardó,139,7030,76,11
2026-01-01,7,Horta-Guinardó,35,el Guinardó,139,7030,65,12
2026-01-01,7,Horta-Guinardó,35,el Guinardó,140,7031,63,1
2026-01-01,7,Horta-Guinardó,35,el Guinardó,140,7031,69,2
2026-01-01,7,Horta-Guinardó,35,el Guinardó,140,7031,57,3
2026-01-01,7,Horta-Guinardó,35,el Guinardó,140,7031,19,4
2026-01-01,7,Horta-Guinardó,35,el Guinardó,140,7031,103,5
2026-01-01,7,Horta-Guinardó,35,el Guinardó,140,7031,49,6
2026-01-01,7,Horta-Guinardó,35,el Guinardó,140,7031,29,7
2026-01-01,7,Horta-Guinardó,35,el Guinardó,140,7031,125,8
2026-01-01,7,Horta-Guinardó,35,el Guinardó,140,7031,17,9
2026-01-01,7,Horta-Guinardó,35,el Guinardó,140,7031,6,10
2026-01-01,7,Horta-Guinardó,35,el Guinardó,140,7031,78,11
2026-01-01,7,Horta-Guinardó,35,el Guinardó,140,7031,49,12
2026-01-01,7,Horta-Guinardó,35,el Guinardó,140,7032,70,1
2026-01-01,7,Horta-Guinardó,35,el Guinardó,140,7032,59,2
2026-01-01,7,Horta-Guinardó,35,el Guinardó,140,7032,45,3
2026-01-01,7,Horta-Guinardó,35,el Guinardó,140,7032,22,4
2026-01-01,7,Horta-Guinardó,35,el Guinardó,140,7032,88,5
2026-01-01,7,Horta-Guinardó,35,el Guinardó,140,7032,58,6
2026-01-01,7,Horta-Guinardó,35,el Guinardó,140,7032,34,7
2026-01-01,7,Horta-Guinardó,35,el Guinardó,140,7032,126,8
2026-01-01,7,Horta-Guinardó,35,el Guinardó,140,7032,10,9
2026-01-01,7,Horta-Guinardó,35,el Guinardó,140,7032,2,10
2026-01-01,7,Horta-Guinardó,35,el Guinardó,140,7032,68,11
2026-01-01,7,Horta-Guinardó,35,el Guinardó,140,7032,44,12
2026-01-01,7,Horta-Guinardó,35,el Guinardó,140,7033,41,1
2026-01-01,7,Horta-Guinardó,35,el Guinardó,140,7033,41,2
2026-01-01,7,Horta-Guinardó,35,el Guinardó,140,7033,66,3
2026-01-01,7,Horta-Guinardó,35,el Guinardó,140,7033,34,4
2026-01-01,7,Horta-Guinardó,35,el Guinardó,140,7033,91,5
2026-01-01,7,Horta-Guinardó,35,el Guinardó,140,7033,58,6
2026-01-01,7,Horta-Guinardó,35,el Guinardó,140,7033,37,7
2026-01-01,7,Horta-Guinardó,35,el Guinardó,140,7033,124,8
2026-01-01,7,Horta-Guinardó,35,el Guinardó,140,7033,12,9
2026-01-01,7,Horta-Guinardó,35,el Guinardó,140,7033,1,10
2026-01-01,7,Horta-Guinardó,35,el Guinardó,140,7033,78,11
2026-01-01,7,Horta-Guinardó,35,el Guinardó,140,7033,39,12
2026-01-01,7,Horta-Guinardó,35,el Guinardó,140,7034,64,1
2026-01-01,7,Horta-Guinardó,35,el Guinardó,140,7034,64,2
2026-01-01,7,Horta-Guinardó,35,el Guinardó,140,7034,80,3
2026-01-01,7,Horta-Guinardó,35,el Guinardó,140,7034,24,4
2026-01-01,7,Horta-Guinardó,35,el Guinardó,140,7034,130,5
2026-01-01,7,Horta-Guinardó,35,el Guinardó,140,7034,53,6
2026-01-01,7,Horta-Guinardó,35,el Guinardó,140,7034,36,7
2026-01-01,7,Horta-Guinardó,35,el Guinardó,140,7034,142,8
2026-01-01,7,Horta-Guinardó,35,el Guinardó,140,7034,21,9
2026-01-01,7,Horta-Guinardó,35,el Guinardó,140,7034,6,10
2026-01-01,7,Horta-Guinardó,35,el Guinardó,140,7034,102,11
2026-01-01,7,Horta-Guinardó,35,el Guinardó,140,7034,61,12
2026-01-01,7,Horta-Guinardó,35,el Guinardó,140,7035,52,1
2026-01-01,7,Horta-Guinardó,35,el Guinardó,140,7035,52,2
2026-01-01,7,Horta-Guinardó,35,el Guinardó,140,7035,74,3
2026-01-01,7,Horta-Guinardó,35,el Guinardó,140,7035,21,4
2026-01-01,7,Horta-Guinardó,35,el Guinardó,140,7035,80,5
2026-01-01,7,Horta-Guinardó,35,el Guinardó,140,7035,74,6
2026-01-01,7,Horta-Guinardó,35,el Guinardó,140,7035,51,7
2026-01-01,7,Horta-Guinardó,35,el Guinardó,140,7035,153,8
2026-01-01,7,Horta-Guinardó,35,el Guinardó,140,7035,14,9
2026-01-01,7,Horta-Guinardó,35,el Guinardó,140,7035,2,10
2026-01-01,7,Horta-Guinardó,35,el Guinardó,140,7035,105,11
2026-01-01,7,Horta-Guinardó,35,el Guinardó,140,7035,52,12
2026-01-01,7,Horta-Guinardó,35,el Guinardó,140,7036,56,1
2026-01-01,7,Horta-Guinardó,35,el Guinardó,140,7036,37,2
2026-01-01,7,Horta-Guinardó,35,el Guinardó,140,7036,79,3
2026-01-01,7,Horta-Guinardó,35,el Guinardó,140,7036,25,4
2026-01-01,7,Horta-Guinardó,35,el Guinardó,140,7036,77,5
2026-01-01,7,Horta-Guinardó,35,el Guinardó,140,7036,58,6
2026-01-01,7,Horta-Guinardó,35,el Guinardó,140,7036,25,7
2026-01-01,7,Horta-Guinardó,35,el Guinardó,140,7036,129,8
2026-01-01,7,Horta-Guinardó,35,el Guinardó,140,7036,7,9
2026-01-01,7,Horta-Guinardó,35,el Guinardó,140,7036,5,10
2026-01-01,7,Horta-Guinardó,35,el Guinardó,140,7036,72,11
2026-01-01,7,Horta-Guinardó,35,el Guinardó,140,7036,39,12
2026-01-01,7,Horta-Guinardó,35,el Guinardó,140,7037,45,1
2026-01-01,7,Horta-Guinardó,35,el Guinardó,140,7037,39,2
2026-01-01,7,Horta-Guinardó,35,el Guinardó,140,7037,87,3
2026-01-01,7,Horta-Guinardó,35,el Guinardó,140,7037,29,4
2026-01-01,7,Horta-Guinardó,35,el Guinardó,140,7037,85,5
2026-01-01,7,Horta-Guinardó,35,el Guinardó,140,7037,49,6
2026-01-01,7,Horta-Guinardó,35,el Guinardó,140,7037,31,7
2026-01-01,7,Horta-Guinardó,35,el Guinardó,140,7037,141,8
2026-01-01,7,Horta-Guinardó,35,el Guinardó,140,7037,7,9
2026-01-01,7,Horta-Guinardó,35,el Guinardó,140,7037,1,10
2026-01-01,7,Horta-Guinardó,35,el Guinardó,140,7037,70,11
2026-01-01,7,Horta-Guinardó,35,el Guinardó,140,7037,51,12
2026-01-01,7,Horta-Guinardó,35,el Guinardó,140,7038,43,1
2026-01-01,7,Horta-Guinardó,35,el Guinardó,140,7038,50,2
2026-01-01,7,Horta-Guinardó,35,el Guinardó,140,7038,69,3
2026-01-01,7,Horta-Guinardó,35,el Guinardó,140,7038,20,4
2026-01-01,7,Horta-Guinardó,35,el Guinardó,140,7038,65,5
2026-01-01,7,Horta-Guinardó,35,el Guinardó,140,7038,70,6
2026-01-01,7,Horta-Guinardó,35,el Guinardó,140,7038,38,7
2026-01-01,7,Horta-Guinardó,35,el Guinardó,140,7038,109,8
2026-01-01,7,Horta-Guinardó,35,el Guinardó,140,7038,10,9
2026-01-01,7,Horta-Guinardó,35,el Guinardó,140,7038,4,10
2026-01-01,7,Horta-Guinardó,35,el Guinardó,140,7038,57,11
2026-01-01,7,Horta-Guinardó,35,el Guinardó,140,7038,23,12
2026-01-01,7,Horta-Guinardó,35,el Guinardó,141,7039,77,1
2026-01-01,7,Horta-Guinardó,35,el Guinardó,141,7039,50,2
2026-01-01,7,Horta-Guinardó,35,el Guinardó,141,7039,50,3
2026-01-01,7,Horta-Guinardó,35,el Guinardó,141,7039,22,4
2026-01-01,7,Horta-Guinardó,35,el Guinardó,141,7039,107,5
2026-01-01,7,Horta-Guinardó,35,el Guinardó,141,7039,54,6
2026-01-01,7,Horta-Guinardó,35,el Guinardó,141,7039,41,7
2026-01-01,7,Horta-Guinardó,35,el Guinardó,141,7039,157,8
2026-01-01,7,Horta-Guinardó,35,el Guinardó,141,7039,17,9
2026-01-01,7,Horta-Guinardó,35,el Guinardó,141,7039,4,10
2026-01-01,7,Horta-Guinardó,35,el Guinardó,141,7039,63,11
2026-01-01,7,Horta-Guinardó,35,el Guinardó,141,7039,35,12
2026-01-01,7,Horta-Guinardó,35,el Guinardó,141,7040,65,1
2026-01-01,7,Horta-Guinardó,35,el Guinardó,141,7040,68,2
2026-01-01,7,Horta-Guinardó,35,el Guinardó,141,7040,61,3
2026-01-01,7,Horta-Guinardó,35,el Guinardó,141,7040,18,4
2026-01-01,7,Horta-Guinardó,35,el Guinardó,141,7040,116,5
2026-01-01,7,Horta-Guinardó,35,el Guinardó,141,7040,56,6
2026-01-01,7,Horta-Guinardó,35,el Guinardó,141,7040,35,7
2026-01-01,7,Horta-Guinardó,35,el Guinardó,141,7040,115,8
2026-01-01,7,Horta-Guinardó,35,el Guinardó,141,7040,17,9
2026-01-01,7,Horta-Guinardó,35,el Guinardó,141,7040,6,10
2026-01-01,7,Horta-Guinardó,35,el Guinardó,141,7040,82,11
2026-01-01,7,Horta-Guinardó,35,el Guinardó,141,7040,36,12
2026-01-01,7,Horta-Guinardó,35,el Guinardó,141,7041,76,1
2026-01-01,7,Horta-Guinardó,35,el Guinardó,141,7041,72,2
2026-01-01,7,Horta-Guinardó,35,el Guinardó,141,7041,62,3
2026-01-01,7,Horta-Guinardó,35,el Guinardó,141,7041,17,4
2026-01-01,7,Horta-Guinardó,35,el Guinardó,141,7041,105,5
2026-01-01,7,Horta-Guinardó,35,el Guinardó,141,7041,43,6
2026-01-01,7,Horta-Guinardó,35,el Guinardó,141,7041,30,7
2026-01-01,7,Horta-Guinardó,35,el Guinardó,141,7041,112,8
2026-01-01,7,Horta-Guinardó,35,el Guinardó,141,7041,17,9
2026-01-01,7,Horta-Guinardó,35,el Guinardó,141,7041,1,10
2026-01-01,7,Horta-Guinardó,35,el Guinardó,141,7041,68,11
2026-01-01,7,Horta-Guinardó,35,el Guinardó,141,7041,36,12
2026-01-01,7,Horta-Guinardó,35,el Guinardó,142,7042,82,1
2026-01-01,7,Horta-Guinardó,35,el Guinardó,142,7042,76,2
2026-01-01,7,Horta-Guinardó,35,el Guinardó,142,7042,69,3
2026-01-01,7,Horta-Guinardó,35,el Guinardó,142,7042,24,4
2026-01-01,7,Horta-Guinardó,35,el Guinardó,142,7042,99,5
2026-01-01,7,Horta-Guinardó,35,el Guinardó,142,7042,65,6
2026-01-01,7,Horta-Guinardó,35,el Guinardó,142,7042,42,7
2026-01-01,7,Horta-Guinardó,35,el Guinardó,142,7042,113,8
2026-01-01,7,Horta-Guinardó,35,el Guinardó,142,7042,25,9
2026-01-01,7,Horta-Guinardó,35,el Guinardó,142,7042,3,10
2026-01-01,7,Horta-Guinardó,35,el Guinardó,142,7042,77,11
2026-01-01,7,Horta-Guinardó,35,el Guinardó,142,7042,43,12
2026-01-01,7,Horta-Guinardó,35,el Guinardó,142,7043,57,1
2026-01-01,7,Horta-Guinardó,35,el Guinardó,142,7043,57,2
2026-01-01,7,Horta-Guinardó,35,el Guinardó,142,7043,68,3
2026-01-01,7,Horta-Guinardó,35,el Guinardó,142,7043,24,4
2026-01-01,7,Horta-Guinardó,35,el Guinardó,142,7043,83,5
2026-01-01,7,Horta-Guinardó,35,el Guinardó,142,7043,49,6
2026-01-01,7,Horta-Guinardó,35,el Guinardó,142,7043,36,7
2026-01-01,7,Horta-Guinardó,35,el Guinardó,142,7043,127,8
2026-01-01,7,Horta-Guinardó,35,el Guinardó,142,7043,14,9
2026-01-01,7,Horta-Guinardó,35,el Guinardó,142,7043,3,10
2026-01-01,7,Horta-Guinardó,35,el Guinardó,142,7043,78,11
2026-01-01,7,Horta-Guinardó,35,el Guinardó,142,7043,32,12
2026-01-01,7,Horta-Guinardó,35,el Guinardó,142,7044,42,1
2026-01-01,7,Horta-Guinardó,35,el Guinardó,142,7044,61,2
2026-01-01,7,Horta-Guinardó,35,el Guinardó,142,7044,72,3
2026-01-01,7,Horta-Guinardó,35,el Guinardó,142,7044,22,4
2026-01-01,7,Horta-Guinardó,35,el Guinardó,142,7044,71,5
2026-01-01,7,Horta-Guinardó,35,el Guinardó,142,7044,61,6
2026-01-01,7,Horta-Guinardó,35,el Guinardó,142,7044,36,7
2026-01-01,7,Horta-Guinardó,35,el Guinardó,142,7044,125,8
2026-01-01,7,Horta-Guinardó,35,el Guinardó,142,7044,9,9
2026-01-01,7,Horta-Guinardó,35,el Guinardó,142,7044,54,11
2026-01-01,7,Horta-Guinardó,35,el Guinardó,142,7044,26,12
2026-01-01,7,Horta-Guinardó,35,el Guinardó,142,7045,64,1
2026-01-01,7,Horta-Guinardó,35,el Guinardó,142,7045,63,2
2026-01-01,7,Horta-Guinardó,35,el Guinardó,142,7045,70,3
2026-01-01,7,Horta-Guinardó,35,el Guinardó,142,7045,21,4
2026-01-01,7,Horta-Guinardó,35,el Guinardó,142,7045,95,5
2026-01-01,7,Horta-Guinardó,35,el Guinardó,142,7045,59,6
2026-01-01,7,Horta-Guinardó,35,el Guinardó,142,7045,33,7
2026-01-01,7,Horta-Guinardó,35,el Guinardó,142,7045,118,8
2026-01-01,7,Horta-Guinardó,35,el Guinardó,142,7045,15,9
2026-01-01,7,Horta-Guinardó,35,el Guinardó,142,7045,1,10
2026-01-01,7,Horta-Guinardó,35,el Guinardó,142,7045,90,11
2026-01-01,7,Horta-Guinardó,35,el Guinardó,142,7045,58,12
2026-01-01,7,Horta-Guinardó,35,el Guinardó,142,7046,68,1
2026-01-01,7,Horta-Guinardó,35,el Guinardó,142,7046,42,2
2026-01-01,7,Horta-Guinardó,35,el Guinardó,142,7046,64,3
2026-01-01,7,Horta-Guinardó,35,el Guinardó,142,7046,34,4
2026-01-01,7,Horta-Guinardó,35,el Guinardó,142,7046,78,5
2026-01-01,7,Horta-Guinardó,35,el Guinardó,142,7046,70,6
2026-01-01,7,Horta-Guinardó,35,el Guinardó,142,7046,33,7
2026-01-01,7,Horta-Guinardó,35,el Guinardó,142,7046,87,8
2026-01-01,7,Horta-Guinardó,35,el Guinardó,142,7046,15,9
2026-01-01,7,Horta-Guinardó,35,el Guinardó,142,7046,1,10
2026-01-01,7,Horta-Guinardó,35,el Guinardó,142,7046,77,11
2026-01-01,7,Horta-Guinardó,35,el Guinardó,142,7046,38,12
2026-01-01,7,Horta-Guinardó,35,el Guinardó,143,7047,72,1
2026-01-01,7,Horta-Guinardó,35,el Guinardó,143,7047,51,2
2026-01-01,7,Horta-Guinardó,35,el Guinardó,143,7047,61,3
2026-01-01,7,Horta-Guinardó,35,el Guinardó,143,7047,23,4
2026-01-01,7,Horta-Guinardó,35,el Guinardó,143,7047,78,5
2026-01-01,7,Horta-Guinardó,35,el Guinardó,143,7047,60,6
2026-01-01,7,Horta-Guinardó,35,el Guinardó,143,7047,41,7
2026-01-01,7,Horta-Guinardó,35,el Guinardó,143,7047,114,8
2026-01-01,7,Horta-Guinardó,35,el Guinardó,143,7047,14,9
2026-01-01,7,Horta-Guinardó,35,el Guinardó,143,7047,4,10
2026-01-01,7,Horta-Guinardó,35,el Guinardó,143,7047,70,11
2026-01-01,7,Horta-Guinardó,35,el Guinardó,143,7047,52,12
2026-01-01,7,Horta-Guinardó,35,el Guinardó,143,7048,54,1
2026-01-01,7,Horta-Guinardó,35,el Guinardó,143,7048,42,2
2026-01-01,7,Horta-Guinardó,35,el Guinardó,143,7048,76,3
2026-01-01,7,Horta-Guinardó,35,el Guinardó,143,7048,22,4
2026-01-01,7,Horta-Guinardó,35,el Guinardó,143,7048,75,5
2026-01-01,7,Horta-Guinardó,35,el Guinardó,143,7048,46,6
2026-01-01,7,Horta-Guinardó,35,el Guinardó,143,7048,34,7
2026-01-01,7,Horta-Guinardó,35,el Guinardó,143,7048,108,8
2026-01-01,7,Horta-Guinardó,35,el Guinardó,143,7048,16,9
2026-01-01,7,Horta-Guinardó,35,el Guinardó,143,7048,1,10
2026-01-01,7,Horta-Guinardó,35,el Guinardó,143,7048,56,11
2026-01-01,7,Horta-Guinardó,35,el Guinardó,143,7048,44,12
2026-01-01,7,Horta-Guinardó,35,el Guinardó,143,7049,40,1
2026-01-01,7,Horta-Guinardó,35,el Guinardó,143,7049,43,2
2026-01-01,7,Horta-Guinardó,35,el Guinardó,143,7049,69,3
2026-01-01,7,Horta-Guinardó,35,el Guinardó,143,7049,22,4
2026-01-01,7,Horta-Guinardó,35,el Guinardó,143,7049,80,5
2026-01-01,7,Horta-Guinardó,35,el Guinardó,143,7049,65,6
2026-01-01,7,Horta-Guinardó,35,el Guinardó,143,7049,32,7
2026-01-01,7,Horta-Guinardó,35,el Guinardó,143,7049,87,8
2026-01-01,7,Horta-Guinardó,35,el Guinardó,143,7049,8,9
2026-01-01,7,Horta-Guinardó,35,el Guinardó,143,7049,1,10
2026-01-01,7,Horta-Guinardó,35,el Guinardó,143,7049,47,11
2026-01-01,7,Horta-Guinardó,35,el Guinardó,143,7049,36,12
2026-01-01,7,Horta-Guinardó,35,el Guinardó,143,7050,58,1
2026-01-01,7,Horta-Guinardó,35,el Guinardó,143,7050,60,2
2026-01-01,7,Horta-Guinardó,35,el Guinardó,143,7050,61,3
2026-01-01,7,Horta-Guinardó,35,el Guinardó,143,7050,15,4
2026-01-01,7,Horta-Guinardó,35,el Guinardó,143,7050,88,5
2026-01-01,7,Horta-Guinardó,35,el Guinardó,143,7050,34,6
2026-01-01,7,Horta-Guinardó,35,el Guinardó,143,7050,30,7
2026-01-01,7,Horta-Guinardó,35,el Guinardó,143,7050,104,8
2026-01-01,7,Horta-Guinardó,35,el Guinardó,143,7050,10,9
2026-01-01,7,Horta-Guinardó,35,el Guinardó,143,7050,6,10
2026-01-01,7,Horta-Guinardó,35,el Guinardó,143,7050,75,11
2026-01-01,7,Horta-Guinardó,35,el Guinardó,143,7050,37,12
2026-01-01,7,Horta-Guinardó,35,el Guinardó,143,7051,69,1
2026-01-01,7,Horta-Guinardó,35,el Guinardó,143,7051,75,2
2026-01-01,7,Horta-Guinardó,35,el Guinardó,143,7051,76,3
2026-01-01,7,Horta-Guinardó,35,el Guinardó,143,7051,13,4
2026-01-01,7,Horta-Guinardó,35,el Guinardó,143,7051,105,5
2026-01-01,7,Horta-Guinardó,35,el Guinardó,143,7051,59,6
2026-01-01,7,Horta-Guinardó,35,el Guinardó,143,7051,38,7
2026-01-01,7,Horta-Guinardó,35,el Guinardó,143,7051,157,8
2026-01-01,7,Horta-Guinardó,35,el Guinardó,143,7051,24,9
2026-01-01,7,Horta-Guinardó,35,el Guinardó,143,7051,4,10
2026-01-01,7,Horta-Guinardó,35,el Guinardó,143,7051,91,11
2026-01-01,7,Horta-Guinardó,35,el Guinardó,143,7051,56,12
2026-01-01,7,Horta-Guinardó,36,la Font d'en Fargues,144,7052,27,1
2026-01-01,7,Horta-Guinardó,36,la Font d'en Fargues,144,7052,29,2
2026-01-01,7,Horta-Guinardó,36,la Font d'en Fargues,144,7052,56,3
2026-01-01,7,Horta-Guinardó,36,la Font d'en Fargues,144,7052,18,4
2026-01-01,7,Horta-Guinardó,36,la Font d'en Fargues,144,7052,54,5
2026-01-01,7,Horta-Guinardó,36,la Font d'en Fargues,144,7052,61,6
2026-01-01,7,Horta-Guinardó,36,la Font d'en Fargues,144,7052,22,7
2026-01-01,7,Horta-Guinardó,36,la Font d'en Fargues,144,7052,104,8
2026-01-01,7,Horta-Guinardó,36,la Font d'en Fargues,144,7052,10,9
2026-01-01,7,Horta-Guinardó,36,la Font d'en Fargues,144,7052,4,10
2026-01-01,7,Horta-Guinardó,36,la Font d'en Fargues,144,7052,97,11
2026-01-01,7,Horta-Guinardó,36,la Font d'en Fargues,144,7052,27,12
2026-01-01,7,Horta-Guinardó,36,la Font d'en Fargues,144,7053,32,1
2026-01-01,7,Horta-Guinardó,36,la Font d'en Fargues,144,7053,50,2
2026-01-01,7,Horta-Guinardó,36,la Font d'en Fargues,144,7053,64,3
2026-01-01,7,Horta-Guinardó,36,la Font d'en Fargues,144,7053,29,4
2026-01-01,7,Horta-Guinardó,36,la Font d'en Fargues,144,7053,82,5
2026-01-01,7,Horta-Guinardó,36,la Font d'en Fargues,144,7053,66,6
2026-01-01,7,Horta-Guinardó,36,la Font d'en Fargues,144,7053,33,7
2026-01-01,7,Horta-Guinardó,36,la Font d'en Fargues,144,7053,114,8
2026-01-01,7,Horta-Guinardó,36,la Font d'en Fargues,144,7053,15,9
2026-01-01,7,Horta-Guinardó,36,la Font d'en Fargues,144,7053,3,10
2026-01-01,7,Horta-Guinardó,36,la Font d'en Fargues,144,7053,71,11
2026-01-01,7,Horta-Guinardó,36,la Font d'en Fargues,144,7053,42,12
2026-01-01,7,Horta-Guinardó,36,la Font d'en Fargues,144,7054,49,1
2026-01-01,7,Horta-Guinardó,36,la Font d'en Fargues,144,7054,51,2
2026-01-01,7,Horta-Guinardó,36,la Font d'en Fargues,144,7054,75,3
2026-01-01,7,Horta-Guinardó,36,la Font d'en Fargues,144,7054,26,4
2026-01-01,7,Horta-Guinardó,36,la Font d'en Fargues,144,7054,78,5
2026-01-01,7,Horta-Guinardó,36,la Font d'en Fargues,144,7054,62,6
2026-01-01,7,Horta-Guinardó,36,la Font d'en Fargues,144,7054,38,7
2026-01-01,7,Horta-Guinardó,36,la Font d'en Fargues,144,7054,120,8
2026-01-01,7,Horta-Guinardó,36,la Font d'en Fargues,144,7054,19,9
2026-01-01,7,Horta-Guinardó,36,la Font d'en Fargues,144,7054,6,10
2026-01-01,7,Horta-Guinardó,36,la Font d'en Fargues,144,7054,106,11
2026-01-01,7,Horta-Guinardó,36,la Font d'en Fargues,144,7054,46,12
2026-01-01,7,Horta-Guinardó,36,la Font d'en Fargues,145,7055,22,1
2026-01-01,7,Horta-Guinardó,36,la Font d'en Fargues,145,7055,25,2
2026-01-01,7,Horta-Guinardó,36,la Font d'en Fargues,145,7055,57,3
2026-01-01,7,Horta-Guinardó,36,la Font d'en Fargues,145,7055,16,4
2026-01-01,7,Horta-Guinardó,36,la Font d'en Fargues,145,7055,41,5
2026-01-01,7,Horta-Guinardó,36,la Font d'en Fargues,145,7055,76,6
2026-01-01,7,Horta-Guinardó,36,la Font d'en Fargues,145,7055,19,7
2026-01-01,7,Horta-Guinardó,36,la Font d'en Fargues,145,7055,110,8
2026-01-01,7,Horta-Guinardó,36,la Font d'en Fargues,145,7055,10,9
2026-01-01,7,Horta-Guinardó,36,la Font d'en Fargues,145,7055,2,10
2026-01-01,7,Horta-Guinardó,36,la Font d'en Fargues,145,7055,75,11
2026-01-01,7,Horta-Guinardó,36,la Font d'en Fargues,145,7055,34,12
2026-01-01,7,Horta-Guinardó,36,la Font d'en Fargues,145,7056,28,1
2026-01-01,7,Horta-Guinardó,36,la Font d'en Fargues,145,7056,56,2
2026-01-01,7,Horta-Guinardó,36,la Font d'en Fargues,145,7056,37,3
2026-01-01,7,Horta-Guinardó,36,la Font d'en Fargues,145,7056,13,4
2026-01-01,7,Horta-Guinardó,36,la Font d'en Fargues,145,7056,72,5
2026-01-01,7,Horta-Guinardó,36,la Font d'en Fargues,145,7056,44,6
2026-01-01,7,Horta-Guinardó,36,la Font d'en Fargues,145,7056,30,7
2026-01-01,7,Horta-Guinardó,36,la Font d'en Fargues,145,7056,100,8
2026-01-01,7,Horta-Guinardó,36,la Font d'en Fargues,145,7056,13,9
2026-01-01,7,Horta-Guinardó,36,la Font d'en Fargues,145,7056,3,10
2026-01-01,7,Horta-Guinardó,36,la Font d'en Fargues,145,7056,75,11
2026-01-01,7,Horta-Guinardó,36,la Font d'en Fargues,145,7056,28,12
2026-01-01,7,Horta-Guinardó,36,la Font d'en Fargues,145,7057,44,1
2026-01-01,7,Horta-Guinardó,36,la Font d'en Fargues,145,7057,45,2
2026-01-01,7,Horta-Guinardó,36,la Font d'en Fargues,145,7057,63,3
2026-01-01,7,Horta-Guinardó,36,la Font d'en Fargues,145,7057,21,4
2026-01-01,7,Horta-Guinardó,36,la Font d'en Fargues,145,7057,68,5
2026-01-01,7,Horta-Guinardó,36,la Font d'en Fargues,145,7057,64,6
2026-01-01,7,Horta-Guinardó,36,la Font d'en Fargues,145,7057,35,7
2026-01-01,7,Horta-Guinardó,36,la Font d'en Fargues,145,7057,127,8
2026-01-01,7,Horta-Guinardó,36,la Font d'en Fargues,145,7057,11,9
2026-01-01,7,Horta-Guinardó,36,la Font d'en Fargues,145,7057,3,10
2026-01-01,7,Horta-Guinardó,36,la Font d'en Fargues,145,7057,92,11
2026-01-01,7,Horta-Guinardó,36,la Font d'en Fargues,145,7057,31,12
2026-01-01,7,Horta-Guinardó,36,la Font d'en Fargues,145,7058,43,1
2026-01-01,7,Horta-Guinardó,36,la Font d'en Fargues,145,7058,37,2
2026-01-01,7,Horta-Guinardó,36,la Font d'en Fargues,145,7058,54,3
2026-01-01,7,Horta-Guinardó,36,la Font d'en Fargues,145,7058,26,4
2026-01-01,7,Horta-Guinardó,36,la Font d'en Fargues,145,7058,78,5
2026-01-01,7,Horta-Guinardó,36,la Font d'en Fargues,145,7058,70,6
2026-01-01,7,Horta-Guinardó,36,la Font d'en Fargues,145,7058,31,7
2026-01-01,7,Horta-Guinardó,36,la Font d'en Fargues,145,7058,103,8
2026-01-01,7,Horta-Guinardó,36,la Font d'en Fargues,145,7058,15,9
2026-01-01,7,Horta-Guinardó,36,la Font d'en Fargues,145,7058,3,10
2026-01-01,7,Horta-Guinardó,36,la Font d'en Fargues,145,7058,86,11
2026-01-01,7,Horta-Guinardó,36,la Font d'en Fargues,145,7058,33,12
2026-01-01,7,Horta-Guinardó,37,el Carmel,146,7059,51,1
2026-01-01,7,Horta-Guinardó,37,el Carmel,146,7059,68,2
2026-01-01,7,Horta-Guinardó,37,el Carmel,146,7059,53,3
2026-01-01,7,Horta-Guinardó,37,el Carmel,146,7059,25,4
2026-01-01,7,Horta-Guinardó,37,el Carmel,146,7059,85,5
2026-01-01,7,Horta-Guinardó,37,el Carmel,146,7059,42,6
2026-01-01,7,Horta-Guinardó,37,el Carmel,146,7059,31,7
2026-01-01,7,Horta-Guinardó,37,el Carmel,146,7059,114,8
2026-01-01,7,Horta-Guinardó,37,el Carmel,146,7059,17,9
2026-01-01,7,Horta-Guinardó,37,el Carmel,146,7059,6,10
2026-01-01,7,Horta-Guinardó,37,el Carmel,146,7059,75,11
2026-01-01,7,Horta-Guinardó,37,el Carmel,146,7059,36,12
2026-01-01,7,Horta-Guinardó,37,el Carmel,146,7060,72,1
2026-01-01,7,Horta-Guinardó,37,el Carmel,146,7060,81,2
2026-01-01,7,Horta-Guinardó,37,el Carmel,146,7060,74,3
2026-01-01,7,Horta-Guinardó,37,el Carmel,146,7060,19,4
2026-01-01,7,Horta-Guinardó,37,el Carmel,146,7060,120,5
2026-01-01,7,Horta-Guinardó,37,el Carmel,146,7060,61,6
2026-01-01,7,Horta-Guinardó,37,el Carmel,146,7060,50,7
2026-01-01,7,Horta-Guinardó,37,el Carmel,146,7060,165,8
2026-01-01,7,Horta-Guinardó,37,el Carmel,146,7060,26,9
2026-01-01,7,Horta-Guinardó,37,el Carmel,146,7060,2,10
2026-01-01,7,Horta-Guinardó,37,el Carmel,146,7060,87,11
2026-01-01,7,Horta-Guinardó,37,el Carmel,146,7060,46,12
2026-01-01,7,Horta-Guinardó,37,el Carmel,147,7061,34,1
2026-01-01,7,Horta-Guinardó,37,el Carmel,147,7061,34,2
2026-01-01,7,Horta-Guinardó,37,el Carmel,147,7061,40,3
2026-01-01,7,Horta-Guinardó,37,el Carmel,147,7061,26,4
2026-01-01,7,Horta-Guinardó,37,el Carmel,147,7061,58,5
2026-01-01,7,Horta-Guinardó,37,el Carmel,147,7061,55,6
2026-01-01,7,Horta-Guinardó,37,el Carmel,147,7061,35,7
2026-01-01,7,Horta-Guinardó,37,el Carmel,147,7061,103,8
2026-01-01,7,Horta-Guinardó,37,el Carmel,147,7061,7,9
2026-01-01,7,Horta-Guinardó,37,el Carmel,147,7061,3,10
2026-01-01,7,Horta-Guinardó,37,el Carmel,147,7061,59,11
2026-01-01,7,Horta-Guinardó,37,el Carmel,147,7061,32,12
2026-01-01,7,Horta-Guinardó,37,el Carmel,147,7062,55,1
2026-01-01,7,Horta-Guinardó,37,el Carmel,147,7062,58,2
2026-01-01,7,Horta-Guinardó,37,el Carmel,147,7062,46,3
2026-01-01,7,Horta-Guinardó,37,el Carmel,147,7062,19,4
2026-01-01,7,Horta-Guinardó,37,el Carmel,147,7062,76,5
2026-01-01,7,Horta-Guinardó,37,el Carmel,147,7062,49,6
2026-01-01,7,Horta-Guinardó,37,el Carmel,147,7062,34,7
2026-01-01,7,Horta-Guinardó,37,el Carmel,147,7062,98,8
2026-01-01,7,Horta-Guinardó,37,el Carmel,147,7062,16,9
2026-01-01,7,Horta-Guinardó,37,el Carmel,147,7062,5,10
2026-01-01,7,Horta-Guinardó,37,el Carmel,147,7062,74,11
2026-01-01,7,Horta-Guinardó,37,el Carmel,147,7062,43,12
2026-01-01,7,Horta-Guinardó,37,el Carmel,147,7063,31,1
2026-01-01,7,Horta-Guinardó,37,el Carmel,147,7063,39,2
2026-01-01,7,Horta-Guinardó,37,el Carmel,147,7063,53,3
2026-01-01,7,Horta-Guinardó,37,el Carmel,147,7063,22,4
2026-01-01,7,Horta-Guinardó,37,el Carmel,147,7063,78,5
2026-01-01,7,Horta-Guinardó,37,el Carmel,147,7063,50,6
2026-01-01,7,Horta-Guinardó,37,el Carmel,147,7063,34,7
2026-01-01,7,Horta-Guinardó,37,el Carmel,147,7063,131,8
2026-01-01,7,Horta-Guinardó,37,el Carmel,147,7063,24,9
2026-01-01,7,Horta-Guinardó,37,el Carmel,147,7063,3,10
2026-01-01,7,Horta-Guinardó,37,el Carmel,147,7063,74,11
2026-01-01,7,Horta-Guinardó,37,el Carmel,147,7063,36,12
2026-01-01,7,Horta-Guinardó,37,el Carmel,147,7064,62,1
2026-01-01,7,Horta-Guinardó,37,el Carmel,147,7064,41,2
2026-01-01,7,Horta-Guinardó,37,el Carmel,147,7064,74,3
2026-01-01,7,Horta-Guinardó,37,el Carmel,147,7064,15,4
2026-01-01,7,Horta-Guinardó,37,el Carmel,147,7064,90,5
2026-01-01,7,Horta-Guinardó,37,el Carmel,147,7064,52,6
2026-01-01,7,Horta-Guinardó,37,el Carmel,147,7064,49,7
2026-01-01,7,Horta-Guinardó,37,el Carmel,147,7064,138,8
2026-01-01,7,Horta-Guinardó,37,el Carmel,147,7064,21,9
2026-01-01,7,Horta-Guinardó,37,el Carmel,147,7064,3,10
2026-01-01,7,Horta-Guinardó,37,el Carmel,147,7064,67,11
2026-01-01,7,Horta-Guinardó,37,el Carmel,147,7064,65,12
2026-01-01,7,Horta-Guinardó,37,el Carmel,147,7065,54,1
2026-01-01,7,Horta-Guinardó,37,el Carmel,147,7065,65,2
2026-01-01,7,Horta-Guinardó,37,el Carmel,147,7065,73,3
2026-01-01,7,Horta-Guinardó,37,el Carmel,147,7065,17,4
2026-01-01,7,Horta-Guinardó,37,el Carmel,147,7065,108,5
2026-01-01,7,Horta-Guinardó,37,el Carmel,147,7065,64,6
2026-01-01,7,Horta-Guinardó,37,el Carmel,147,7065,38,7
2026-01-01,7,Horta-Guinardó,37,el Carmel,147,7065,144,8
2026-01-01,7,Horta-Guinardó,37,el Carmel,147,7065,18,9
2026-01-01,7,Horta-Guinardó,37,el Carmel,147,7065,3,10
2026-01-01,7,Horta-Guinardó,37,el Carmel,147,7065,78,11
2026-01-01,7,Horta-Guinardó,37,el Carmel,147,7065,66,12
2026-01-01,7,Horta-Guinardó,37,el Carmel,147,7066,42,1
2026-01-01,7,Horta-Guinardó,37,el Carmel,147,7066,62,2
2026-01-01,7,Horta-Guinardó,37,el Carmel,147,7066,83,3
2026-01-01,7,Horta-Guinardó,37,el Carmel,147,7066,26,4
2026-01-01,7,Horta-Guinardó,37,el Carmel,147,7066,89,5
2026-01-01,7,Horta-Guinardó,37,el Carmel,147,7066,59,6
2026-01-01,7,Horta-Guinardó,37,el Carmel,147,7066,44,7
2026-01-01,7,Horta-Guinardó,37,el Carmel,147,7066,128,8
2026-01-01,7,Horta-Guinardó,37,el Carmel,147,7066,30,9
2026-01-01,7,Horta-Guinardó,37,el Carmel,147,7066,1,10
2026-01-01,7,Horta-Guinardó,37,el Carmel,147,7066,91,11
2026-01-01,7,Horta-Guinardó,37,el Carmel,147,7066,79,12
2026-01-01,7,Horta-Guinardó,37,el Carmel,147,7067,59,1
2026-01-01,7,Horta-Guinardó,37,el Carmel,147,7067,58,2
2026-01-01,7,Horta-Guinardó,37,el Carmel,147,7067,58,3
2026-01-01,7,Horta-Guinardó,37,el Carmel,147,7067,23,4
2026-01-01,7,Horta-Guinardó,37,el Carmel,147,7067,105,5
2026-01-01,7,Horta-Guinardó,37,el Carmel,147,7067,48,6
2026-01-01,7,Horta-Guinardó,37,el Carmel,147,7067,33,7
2026-01-01,7,Horta-Guinardó,37,el Carmel,147,7067,112,8
2026-01-01,7,Horta-Guinardó,37,el Carmel,147,7067,15,9
2026-01-01,7,Horta-Guinardó,37,el Carmel,147,7067,2,10
2026-01-01,7,Horta-Guinardó,37,el Carmel,147,7067,79,11
2026-01-01,7,Horta-Guinardó,37,el Carmel,147,7067,65,12
2026-01-01,7,Horta-Guinardó,37,el Carmel,147,7068,41,1
2026-01-01,7,Horta-Guinardó,37,el Carmel,147,7068,42,2
2026-01-01,7,Horta-Guinardó,37,el Carmel,147,7068,56,3
2026-01-01,7,Horta-Guinardó,37,el Carmel,147,7068,17,4
2026-01-01,7,Horta-Guinardó,37,el Carmel,147,7068,49,5
2026-01-01,7,Horta-Guinardó,37,el Carmel,147,7068,34,6
2026-01-01,7,Horta-Guinardó,37,el Carmel,147,7068,23,7
2026-01-01,7,Horta-Guinardó,37,el Carmel,147,7068,113,8
2026-01-01,7,Horta-Guinardó,37,el Carmel,147,7068,22,9
2026-01-01,7,Horta-Guinardó,37,el Carmel,147,7068,4,10
2026-01-01,7,Horta-Guinardó,37,el Carmel,147,7068,52,11
2026-01-01,7,Horta-Guinardó,37,el Carmel,147,7068,61,12
2026-01-01,7,Horta-Guinardó,37,el Carmel,147,7069,44,1
2026-01-01,7,Horta-Guinardó,37,el Carmel,147,7069,44,2
2026-01-01,7,Horta-Guinardó,37,el Carmel,147,7069,66,3
2026-01-01,7,Horta-Guinardó,37,el Carmel,147,7069,17,4
2026-01-01,7,Horta-Guinardó,37,el Carmel,147,7069,104,5
2026-01-01,7,Horta-Guinardó,37,el Carmel,147,7069,53,6
2026-01-01,7,Horta-Guinardó,37,el Carmel,147,7069,36,7
2026-01-01,7,Horta-Guinardó,37,el Carmel,147,7069,111,8
2026-01-01,7,Horta-Guinardó,37,el Carmel,147,7069,15,9
2026-01-01,7,Horta-Guinardó,37,el Carmel,147,7069,3,10
2026-01-01,7,Horta-Guinardó,37,el Carmel,147,7069,64,11
2026-01-01,7,Horta-Guinardó,37,el Carmel,147,7069,54,12
2026-01-01,7,Horta-Guinardó,37,el Carmel,147,7070,48,1
2026-01-01,7,Horta-Guinardó,37,el Carmel,147,7070,44,2
2026-01-01,7,Horta-Guinardó,37,el Carmel,147,7070,55,3
2026-01-01,7,Horta-Guinardó,37,el Carmel,147,7070,17,4
2026-01-01,7,Horta-Guinardó,37,el Carmel,147,7070,58,5
2026-01-01,7,Horta-Guinardó,37,el Carmel,147,7070,59,6
2026-01-01,7,Horta-Guinardó,37,el Carmel,147,7070,32,7
2026-01-01,7,Horta-Guinardó,37,el Carmel,147,7070,131,8
2026-01-01,7,Horta-Guinardó,37,el Carmel,147,7070,14,9
2026-01-01,7,Horta-Guinardó,37,el Carmel,147,7070,1,10
2026-01-01,7,Horta-Guinardó,37,el Carmel,147,7070,64,11
2026-01-01,7,Horta-Guinardó,37,el Carmel,147,7070,52,12
2026-01-01,7,Horta-Guinardó,37,el Carmel,148,7071,30,1
2026-01-01,7,Horta-Guinardó,37,el Carmel,148,7071,34,2
2026-01-01,7,Horta-Guinardó,37,el Carmel,148,7071,71,3
2026-01-01,7,Horta-Guinardó,37,el Carmel,148,7071,24,4
2026-01-01,7,Horta-Guinardó,37,el Carmel,148,7071,56,5
2026-01-01,7,Horta-Guinardó,37,el Carmel,148,7071,67,6
2026-01-01,7,Horta-Guinardó,37,el Carmel,148,7071,38,7
2026-01-01,7,Horta-Guinardó,37,el Carmel,148,7071,111,8
2026-01-01,7,Horta-Guinardó,37,el Carmel,148,7071,16,9
2026-01-01,7,Horta-Guinardó,37,el Carmel,148,7071,2,10
2026-01-01,7,Horta-Guinardó,37,el Carmel,148,7071,54,11
2026-01-01,7,Horta-Guinardó,37,el Carmel,148,7071,48,12
2026-01-01,7,Horta-Guinardó,37,el Carmel,148,7072,43,1
2026-01-01,7,Horta-Guinardó,37,el Carmel,148,7072,39,2
2026-01-01,7,Horta-Guinardó,37,el Carmel,148,7072,49,3
2026-01-01,7,Horta-Guinardó,37,el Carmel,148,7072,19,4
2026-01-01,7,Horta-Guinardó,37,el Carmel,148,7072,79,5
2026-01-01,7,Horta-Guinardó,37,el Carmel,148,7072,63,6
2026-01-01,7,Horta-Guinardó,37,el Carmel,148,7072,37,7
2026-01-01,7,Horta-Guinardó,37,el Carmel,148,7072,118,8
2026-01-01,7,Horta-Guinardó,37,el Carmel,148,7072,9,9
2026-01-01,7,Horta-Guinardó,37,el Carmel,148,7072,2,10
2026-01-01,7,Horta-Guinardó,37,el Carmel,148,7072,59,11
2026-01-01,7,Horta-Guinardó,37,el Carmel,148,7072,50,12
2026-01-01,7,Horta-Guinardó,37,el Carmel,148,7073,32,1
2026-01-01,7,Horta-Guinardó,37,el Carmel,148,7073,38,2
2026-01-01,7,Horta-Guinardó,37,el Carmel,148,7073,69,3
2026-01-01,7,Horta-Guinardó,37,el Carmel,148,7073,11,4
2026-01-01,7,Horta-Guinardó,37,el Carmel,148,7073,70,5
2026-01-01,7,Horta-Guinardó,37,el Carmel,148,7073,62,6
2026-01-01,7,Horta-Guinardó,37,el Carmel,148,7073,35,7
2026-01-01,7,Horta-Guinardó,37,el Carmel,148,7073,77,8
2026-01-01,7,Horta-Guinardó,37,el Carmel,148,7073,13,9
2026-01-01,7,Horta-Guinardó,37,el Carmel,148,7073,55,11
2026-01-01,7,Horta-Guinardó,37,el Carmel,148,7073,35,12
2026-01-01,7,Horta-Guinardó,37,el Carmel,148,7074,62,1
2026-01-01,7,Horta-Guinardó,37,el Carmel,148,7074,47,2
2026-01-01,7,Horta-Guinardó,37,el Carmel,148,7074,70,3
2026-01-01,7,Horta-Guinardó,37,el Carmel,148,7074,23,4
2026-01-01,7,Horta-Guinardó,37,el Carmel,148,7074,96,5
2026-01-01,7,Horta-Guinardó,37,el Carmel,148,7074,63,6
2026-01-01,7,Horta-Guinardó,37,el Carmel,148,7074,36,7
2026-01-01,7,Horta-Guinardó,37,el Carmel,148,7074,124,8
2026-01-01,7,Horta-Guinardó,37,el Carmel,148,7074,30,9
2026-01-01,7,Horta-Guinardó,37,el Carmel,148,7074,5,10
2026-01-01,7,Horta-Guinardó,37,el Carmel,148,7074,90,11
2026-01-01,7,Horta-Guinardó,37,el Carmel,148,7074,64,12
2026-01-01,7,Horta-Guinardó,37,el Carmel,148,7075,21,1
2026-01-01,7,Horta-Guinardó,37,el Carmel,148,7075,49,2
2026-01-01,7,Horta-Guinardó,37,el Carmel,148,7075,51,3
2026-01-01,7,Horta-Guinardó,37,el Carmel,148,7075,20,4
2026-01-01,7,Horta-Guinardó,37,el Carmel,148,7075,62,5
2026-01-01,7,Horta-Guinardó,37,el Carmel,148,7075,49,6
2026-01-01,7,Horta-Guinardó,37,el Carmel,148,7075,33,7
2026-01-01,7,Horta-Guinardó,37,el Carmel,148,7075,103,8
2026-01-01,7,Horta-Guinardó,37,el Carmel,148,7075,11,9
2026-01-01,7,Horta-Guinardó,37,el Carmel,148,7075,1,10
2026-01-01,7,Horta-Guinardó,37,el Carmel,148,7075,48,11
2026-01-01,7,Horta-Guinardó,37,el Carmel,148,7075,49,12
2026-01-01,7,Horta-Guinardó,37,el Carmel,148,7076,42,1
2026-01-01,7,Horta-Guinardó,37,el Carmel,148,7076,49,2
2026-01-01,7,Horta-Guinardó,37,el Carmel,148,7076,59,3
2026-01-01,7,Horta-Guinardó,37,el Carmel,148,7076,13,4
2026-01-01,7,Horta-Guinardó,37,el Carmel,148,7076,74,5
2026-01-01,7,Horta-Guinardó,37,el Carmel,148,7076,64,6
2026-01-01,7,Horta-Guinardó,37,el Carmel,148,7076,33,7
2026-01-01,7,Horta-Guinardó,37,el Carmel,148,7076,116,8
2026-01-01,7,Horta-Guinardó,37,el Carmel,148,7076,17,9
2026-01-01,7,Horta-Guinardó,37,el Carmel,148,7076,1,10
2026-01-01,7,Horta-Guinardó,37,el Carmel,148,7076,64,11
2026-01-01,7,Horta-Guinardó,37,el Carmel,148,7076,55,12
2026-01-01,7,Horta-Guinardó,37,el Carmel,148,7077,37,1
2026-01-01,7,Horta-Guinardó,37,el Carmel,148,7077,53,2
2026-01-01,7,Horta-Guinardó,37,el Carmel,148,7077,48,3
2026-01-01,7,Horta-Guinardó,37,el Carmel,148,7077,17,4
2026-01-01,7,Horta-Guinardó,37,el Carmel,148,7077,84,5
2026-01-01,7,Horta-Guinardó,37,el Carmel,148,7077,48,6
2026-01-01,7,Horta-Guinardó,37,el Carmel,148,7077,24,7
2026-01-01,7,Horta-Guinardó,37,el Carmel,148,7077,111,8
2026-01-01,7,Horta-Guinardó,37,el Carmel,148,7077,18,9
2026-01-01,7,Horta-Guinardó,37,el Carmel,148,7077,5,10
2026-01-01,7,Horta-Guinardó,37,el Carmel,148,7077,46,11
2026-01-01,7,Horta-Guinardó,37,el Carmel,148,7077,42,12
2026-01-01,7,Horta-Guinardó,37,el Carmel,148,7078,39,1
2026-01-01,7,Horta-Guinardó,37,el Carmel,148,7078,50,2
2026-01-01,7,Horta-Guinardó,37,el Carmel,148,7078,39,3
2026-01-01,7,Horta-Guinardó,37,el Carmel,148,7078,21,4
2026-01-01,7,Horta-Guinardó,37,el Carmel,148,7078,81,5
2026-01-01,7,Horta-Guinardó,37,el Carmel,148,7078,63,6
2026-01-01,7,Horta-Guinardó,37,el Carmel,148,7078,22,7
2026-01-01,7,Horta-Guinardó,37,el Carmel,148,7078,118,8
2026-01-01,7,Horta-Guinardó,37,el Carmel,148,7078,21,9
2026-01-01,7,Horta-Guinardó,37,el Carmel,148,7078,6,10
2026-01-01,7,Horta-Guinardó,37,el Carmel,148,7078,88,11
2026-01-01,7,Horta-Guinardó,37,el Carmel,148,7078,42,12
2026-01-01,7,Horta-Guinardó,37,el Carmel,148,7079,36,1
2026-01-01,7,Horta-Guinardó,37,el Carmel,148,7079,48,2
2026-01-01,7,Horta-Guinardó,37,el Carmel,148,7079,79,3
2026-01-01,7,Horta-Guinardó,37,el Carmel,148,7079,18,4
2026-01-01,7,Horta-Guinardó,37,el Carmel,148,7079,74,5
2026-01-01,7,Horta-Guinardó,37,el Carmel,148,7079,61,6
2026-01-01,7,Horta-Guinardó,37,el Carmel,148,7079,42,7
2026-01-01,7,Horta-Guinardó,37,el Carmel,148,7079,116,8
2026-01-01,7,Horta-Guinardó,37,el Carmel,148,7079,13,9
2026-01-01,7,Horta-Guinardó,37,el Carmel,148,7079,2,10
2026-01-01,7,Horta-Guinardó,37,el Carmel,148,7079,76,11
2026-01-01,7,Horta-Guinardó,37,el Carmel,148,7079,55,12
2026-01-01,7,Horta-Guinardó,37,el Carmel,148,7080,47,1
2026-01-01,7,Horta-Guinardó,37,el Carmel,148,7080,63,2
2026-01-01,7,Horta-Guinardó,37,el Carmel,148,7080,54,3
2026-01-01,7,Horta-Guinardó,37,el Carmel,148,7080,25,4
2026-01-01,7,Horta-Guinardó,37,el Carmel,148,7080,98,5
2026-01-01,7,Horta-Guinardó,37,el Carmel,148,7080,73,6
2026-01-01,7,Horta-Guinardó,37,el Carmel,148,7080,28,7
2026-01-01,7,Horta-Guinardó,37,el Carmel,148,7080,119,8
2026-01-01,7,Horta-Guinardó,37,el Carmel,148,7080,24,9
2026-01-01,7,Horta-Guinardó,37,el Carmel,148,7080,2,10
2026-01-01,7,Horta-Guinardó,37,el Carmel,148,7080,122,11
2026-01-01,7,Horta-Guinardó,37,el Carmel,148,7080,53,12
2026-01-01,7,Horta-Guinardó,38,la Teixonera,149,7081,58,1
2026-01-01,7,Horta-Guinardó,38,la Teixonera,149,7081,56,2
2026-01-01,7,Horta-Guinardó,38,la Teixonera,149,7081,78,3
2026-01-01,7,Horta-Guinardó,38,la Teixonera,149,7081,28,4
2026-01-01,7,Horta-Guinardó,38,la Teixonera,149,7081,124,5
2026-01-01,7,Horta-Guinardó,38,la Teixonera,149,7081,97,6
2026-01-01,7,Horta-Guinardó,38,la Teixonera,149,7081,55,7
2026-01-01,7,Horta-Guinardó,38,la Teixonera,149,7081,164,8
2026-01-01,7,Horta-Guinardó,38,la Teixonera,149,7081,9,9
2026-01-01,7,Horta-Guinardó,38,la Teixonera,149,7081,3,10
2026-01-01,7,Horta-Guinardó,38,la Teixonera,149,7081,73,11
2026-01-01,7,Horta-Guinardó,38,la Teixonera,149,7081,59,12
2026-01-01,7,Horta-Guinardó,38,la Teixonera,149,7082,43,1
2026-01-01,7,Horta-Guinardó,38,la Teixonera,149,7082,52,2
2026-01-01,7,Horta-Guinardó,38,la Teixonera,149,7082,55,3
2026-01-01,7,Horta-Guinardó,38,la Teixonera,149,7082,15,4
2026-01-01,7,Horta-Guinardó,38,la Teixonera,149,7082,91,5
2026-01-01,7,Horta-Guinardó,38,la Teixonera,149,7082,51,6
2026-01-01,7,Horta-Guinardó,38,la Teixonera,149,7082,28,7
2026-01-01,7,Horta-Guinardó,38,la Teixonera,149,7082,100,8
2026-01-01,7,Horta-Guinardó,38,la Teixonera,149,7082,15,9
2026-01-01,7,Horta-Guinardó,38,la Teixonera,149,7082,1,10
2026-01-01,7,Horta-Guinardó,38,la Teixonera,149,7082,56,11
2026-01-01,7,Horta-Guinardó,38,la Teixonera,149,7082,48,12
2026-01-01,7,Horta-Guinardó,38,la Teixonera,149,7083,56,1
2026-01-01,7,Horta-Guinardó,38,la Teixonera,149,7083,36,2
2026-01-01,7,Horta-Guinardó,38,la Teixonera,149,7083,53,3
2026-01-01,7,Horta-Guinardó,38,la Teixonera,149,7083,22,4
2026-01-01,7,Horta-Guinardó,38,la Teixonera,149,7083,88,5
2026-01-01,7,Horta-Guinardó,38,la Teixonera,149,7083,61,6
2026-01-01,7,Horta-Guinardó,38,la Teixonera,149,7083,34,7
2026-01-01,7,Horta-Guinardó,38,la Teixonera,149,7083,98,8
2026-01-01,7,Horta-Guinardó,38,la Teixonera,149,7083,11,9
2026-01-01,7,Horta-Guinardó,38,la Teixonera,149,7083,5,10
2026-01-01,7,Horta-Guinardó,38,la Teixonera,149,7083,62,11
2026-01-01,7,Horta-Guinardó,38,la Teixonera,149,7083,51,12
2026-01-01,7,Horta-Guinardó,38,la Teixonera,149,7084,52,1
2026-01-01,7,Horta-Guinardó,38,la Teixonera,149,7084,57,2
2026-01-01,7,Horta-Guinardó,38,la Teixonera,149,7084,63,3
2026-01-01,7,Horta-Guinardó,38,la Teixonera,149,7084,15,4
2026-01-01,7,Horta-Guinardó,38,la Teixonera,149,7084,80,5
2026-01-01,7,Horta-Guinardó,38,la Teixonera,149,7084,39,6
2026-01-01,7,Horta-Guinardó,38,la Teixonera,149,7084,39,7
2026-01-01,7,Horta-Guinardó,38,la Teixonera,149,7084,110,8
2026-01-01,7,Horta-Guinardó,38,la Teixonera,149,7084,8,9
2026-01-01,7,Horta-Guinardó,38,la Teixonera,149,7084,4,10
2026-01-01,7,Horta-Guinardó,38,la Teixonera,149,7084,67,11
2026-01-01,7,Horta-Guinardó,38,la Teixonera,149,7084,55,12
2026-01-01,7,Horta-Guinardó,38,la Teixonera,149,7085,40,1
2026-01-01,7,Horta-Guinardó,38,la Teixonera,149,7085,45,2
2026-01-01,7,Horta-Guinardó,38,la Teixonera,149,7085,37,3
2026-01-01,7,Horta-Guinardó,38,la Teixonera,149,7085,12,4
2026-01-01,7,Horta-Guinardó,38,la Teixonera,149,7085,78,5
2026-01-01,7,Horta-Guinardó,38,la Teixonera,149,7085,47,6
2026-01-01,7,Horta-Guinardó,38,la Teixonera,149,7085,35,7
2026-01-01,7,Horta-Guinardó,38,la Teixonera,149,7085,122,8
2026-01-01,7,Horta-Guinardó,38,la Teixonera,149,7085,9,9
2026-01-01,7,Horta-Guinardó,38,la Teixonera,149,7085,3,10
2026-01-01,7,Horta-Guinardó,38,la Teixonera,149,7085,64,11
2026-01-01,7,Horta-Guinardó,38,la Teixonera,149,7085,40,12
2026-01-01,7,Horta-Guinardó,38,la Teixonera,149,7086,42,1
2026-01-01,7,Horta-Guinardó,38,la Teixonera,149,7086,54,2
2026-01-01,7,Horta-Guinardó,38,la Teixonera,149,7086,62,3
2026-01-01,7,Horta-Guinardó,38,la Teixonera,149,7086,17,4
2026-01-01,7,Horta-Guinardó,38,la Teixonera,149,7086,89,5
2026-01-01,7,Horta-Guinardó,38,la Teixonera,149,7086,47,6
2026-01-01,7,Horta-Guinardó,38,la Teixonera,149,7086,43,7
2026-01-01,7,Horta-Guinardó,38,la Teixonera,149,7086,112,8
2026-01-01,7,Horta-Guinardó,38,la Teixonera,149,7086,23,9
2026-01-01,7,Horta-Guinardó,38,la Teixonera,149,7086,5,10
2026-01-01,7,Horta-Guinardó,38,la Teixonera,149,7086,51,11
2026-01-01,7,Horta-Guinardó,38,la Teixonera,149,7086,76,12
2026-01-01,7,Horta-Guinardó,38,la Teixonera,149,7087,47,1
2026-01-01,7,Horta-Guinardó,38,la Teixonera,149,7087,75,2
2026-01-01,7,Horta-Guinardó,38,la Teixonera,149,7087,75,3
2026-01-01,7,Horta-Guinardó,38,la Teixonera,149,7087,24,4
2026-01-01,7,Horta-Guinardó,38,la Teixonera,149,7087,96,5
2026-01-01,7,Horta-Guinardó,38,la Teixonera,149,7087,69,6
2026-01-01,7,Horta-Guinardó,38,la Teixonera,149,7087,39,7
2026-01-01,7,Horta-Guinardó,38,la Teixonera,149,7087,128,8
2026-01-01,7,Horta-Guinardó,38,la Teixonera,149,7087,24,9
2026-01-01,7,Horta-Guinardó,38,la Teixonera,149,7087,4,10
2026-01-01,7,Horta-Guinardó,38,la Teixonera,149,7087,97,11
2026-01-01,7,Horta-Guinardó,38,la Teixonera,149,7087,50,12
2026-01-01,7,Horta-Guinardó,38,la Teixonera,149,7088,68,1
2026-01-01,7,Horta-Guinardó,38,la Teixonera,149,7088,47,2
2026-01-01,7,Horta-Guinardó,38,la Teixonera,149,7088,54,3
2026-01-01,7,Horta-Guinardó,38,la Teixonera,149,7088,13,4
2026-01-01,7,Horta-Guinardó,38,la Teixonera,149,7088,96,5
2026-01-01,7,Horta-Guinardó,38,la Teixonera,149,7088,50,6
2026-01-01,7,Horta-Guinardó,38,la Teixonera,149,7088,35,7
2026-01-01,7,Horta-Guinardó,38,la Teixonera,149,7088,142,8
2026-01-01,7,Horta-Guinardó,38,la Teixonera,149,7088,22,9
2026-01-01,7,Horta-Guinardó,38,la Teixonera,149,7088,2,10
2026-01-01,7,Horta-Guinardó,38,la Teixonera,149,7088,88,11
2026-01-01,7,Horta-Guinardó,38,la Teixonera,149,7088,73,12
2026-01-01,7,Horta-Guinardó,39,Sant Genís dels Agudells,150,7089,26,1
2026-01-01,7,Horta-Guinardó,39,Sant Genís dels Agudells,150,7089,27,2
2026-01-01,7,Horta-Guinardó,39,Sant Genís dels Agudells,150,7089,83,3
2026-01-01,7,Horta-Guinardó,39,Sant Genís dels Agudells,150,7089,20,4
2026-01-01,7,Horta-Guinardó,39,Sant Genís dels Agudells,150,7089,60,5
2026-01-01,7,Horta-Guinardó,39,Sant Genís dels Agudells,150,7089,60,6
2026-01-01,7,Horta-Guinardó,39,Sant Genís dels Agudells,150,7089,37,7
2026-01-01,7,Horta-Guinardó,39,Sant Genís dels Agudells,150,7089,125,8
2026-01-01,7,Horta-Guinardó,39,Sant Genís dels Agudells,150,7089,7,9
2026-01-01,7,Horta-Guinardó,39,Sant Genís dels Agudells,150,7089,6,10
2026-01-01,7,Horta-Guinardó,39,Sant Genís dels Agudells,150,7089,67,11
2026-01-01,7,Horta-Guinardó,39,Sant Genís dels Agudells,150,7089,43,12
2026-01-01,7,Horta-Guinardó,39,Sant Genís dels Agudells,150,7090,49,1
2026-01-01,7,Horta-Guinardó,39,Sant Genís dels Agudells,150,7090,63,2
2026-01-01,7,Horta-Guinardó,39,Sant Genís dels Agudells,150,7090,49,3
2026-01-01,7,Horta-Guinardó,39,Sant Genís dels Agudells,150,7090,16,4
2026-01-01,7,Horta-Guinardó,39,Sant Genís dels Agudells,150,7090,64,5
2026-01-01,7,Horta-Guinardó,39,Sant Genís dels Agudells,150,7090,46,6
2026-01-01,7,Horta-Guinardó,39,Sant Genís dels Agudells,150,7090,30,7
2026-01-01,7,Horta-Guinardó,39,Sant Genís dels Agudells,150,7090,131,8
2026-01-01,7,Horta-Guinardó,39,Sant Genís dels Agudells,150,7090,13,9
2026-01-01,7,Horta-Guinardó,39,Sant Genís dels Agudells,150,7090,2,10
2026-01-01,7,Horta-Guinardó,39,Sant Genís dels Agudells,150,7090,90,11
2026-01-01,7,Horta-Guinardó,39,Sant Genís dels Agudells,150,7090,53,12
2026-01-01,7,Horta-Guinardó,39,Sant Genís dels Agudells,150,7091,33,1
2026-01-01,7,Horta-Guinardó,39,Sant Genís dels Agudells,150,7091,49,2
2026-01-01,7,Horta-Guinardó,39,Sant Genís dels Agudells,150,7091,48,3
2026-01-01,7,Horta-Guinardó,39,Sant Genís dels Agudells,150,7091,23,4
2026-01-01,7,Horta-Guinardó,39,Sant Genís dels Agudells,150,7091,79,5
2026-01-01,7,Horta-Guinardó,39,Sant Genís dels Agudells,150,7091,45,6
2026-01-01,7,Horta-Guinardó,39,Sant Genís dels Agudells,150,7091,19,7
2026-01-01,7,Horta-Guinardó,39,Sant Genís dels Agudells,150,7091,104,8
2026-01-01,7,Horta-Guinardó,39,Sant Genís dels Agudells,150,7091,12,9
2026-01-01,7,Horta-Guinardó,39,Sant Genís dels Agudells,150,7091,1,10
2026-01-01,7,Horta-Guinardó,39,Sant Genís dels Agudells,150,7091,56,11
2026-01-01,7,Horta-Guinardó,39,Sant Genís dels Agudells,150,7091,34,12
2026-01-01,7,Horta-Guinardó,39,Sant Genís dels Agudells,150,7092,54,1
2026-01-01,7,Horta-Guinardó,39,Sant Genís dels Agudells,150,7092,56,2
2026-01-01,7,Horta-Guinardó,39,Sant Genís dels Agudells,150,7092,75,3
2026-01-01,7,Horta-Guinardó,39,Sant Genís dels Agudells,150,7092,29,4
2026-01-01,7,Horta-Guinardó,39,Sant Genís dels Agudells,150,7092,76,5
2026-01-01,7,Horta-Guinardó,39,Sant Genís dels Agudells,150,7092,36,6
2026-01-01,7,Horta-Guinardó,39,Sant Genís dels Agudells,150,7092,49,7
2026-01-01,7,Horta-Guinardó,39,Sant Genís dels Agudells,150,7092,104,8
2026-01-01,7,Horta-Guinardó,39,Sant Genís dels Agudells,150,7092,20,9
2026-01-01,7,Horta-Guinardó,39,Sant Genís dels Agudells,150,7092,55,11
2026-01-01,7,Horta-Guinardó,39,Sant Genís dels Agudells,150,7092,78,12
2026-01-01,7,Horta-Guinardó,39,Sant Genís dels Agudells,150,7093,37,1
2026-01-01,7,Horta-Guinardó,39,Sant Genís dels Agudells,150,7093,43,2
2026-01-01,7,Horta-Guinardó,39,Sant Genís dels Agudells,150,7093,80,3
2026-01-01,7,Horta-Guinardó,39,Sant Genís dels Agudells,150,7093,28,4
2026-01-01,7,Horta-Guinardó,39,Sant Genís dels Agudells,150,7093,93,5
2026-01-01,7,Horta-Guinardó,39,Sant Genís dels Agudells,150,7093,68,6
2026-01-01,7,Horta-Guinardó,39,Sant Genís dels Agudells,150,7093,59,7
2026-01-01,7,Horta-Guinardó,39,Sant Genís dels Agudells,150,7093,133,8
2026-01-01,7,Horta-Guinardó,39,Sant Genís dels Agudells,150,7093,15,9
2026-01-01,7,Horta-Guinardó,39,Sant Genís dels Agudells,150,7093,7,10
2026-01-01,7,Horta-Guinardó,39,Sant Genís dels Agudells,150,7093,76,11
2026-01-01,7,Horta-Guinardó,39,Sant Genís dels Agudells,150,7093,53,12
2026-01-01,7,Horta-Guinardó,40,Montbau,151,7094,51,1
2026-01-01,7,Horta-Guinardó,40,Montbau,151,7094,42,2
2026-01-01,7,Horta-Guinardó,40,Montbau,151,7094,60,3
2026-01-01,7,Horta-Guinardó,40,Montbau,151,7094,19,4
2026-01-01,7,Horta-Guinardó,40,Montbau,151,7094,88,5
2026-01-01,7,Horta-Guinardó,40,Montbau,151,7094,26,6
2026-01-01,7,Horta-Guinardó,40,Montbau,151,7094,27,7
2026-01-01,7,Horta-Guinardó,40,Montbau,151,7094,90,8
2026-01-01,7,Horta-Guinardó,40,Montbau,151,7094,17,9
2026-01-01,7,Horta-Guinardó,40,Montbau,151,7094,1,10
2026-01-01,7,Horta-Guinardó,40,Montbau,151,7094,65,11
2026-01-01,7,Horta-Guinardó,40,Montbau,151,7094,35,12
2026-01-01,7,Horta-Guinardó,40,Montbau,151,7095,48,1
2026-01-01,7,Horta-Guinardó,40,Montbau,151,7095,50,2
2026-01-01,7,Horta-Guinardó,40,Montbau,151,7095,62,3
2026-01-01,7,Horta-Guinardó,40,Montbau,151,7095,27,4
2026-01-01,7,Horta-Guinardó,40,Montbau,151,7095,120,5
2026-01-01,7,Horta-Guinardó,40,Montbau,151,7095,49,6
2026-01-01,7,Horta-Guinardó,40,Montbau,151,7095,48,7
2026-01-01,7,Horta-Guinardó,40,Montbau,151,7095,128,8
2026-01-01,7,Horta-Guinardó,40,Montbau,151,7095,17,9
2026-01-01,7,Horta-Guinardó,40,Montbau,151,7095,4,10
2026-01-01,7,Horta-Guinardó,40,Montbau,151,7095,76,11
2026-01-01,7,Horta-Guinardó,40,Montbau,151,7095,44,12
2026-01-01,7,Horta-Guinardó,40,Montbau,151,7096,61,1
2026-01-01,7,Horta-Guinardó,40,Montbau,151,7096,63,2
2026-01-01,7,Horta-Guinardó,40,Montbau,151,7096,61,3
2026-01-01,7,Horta-Guinardó,40,Montbau,151,7096,35,4
2026-01-01,7,Horta-Guinardó,40,Montbau,151,7096,82,5
2026-01-01,7,Horta-Guinardó,40,Montbau,151,7096,33,6
2026-01-01,7,Horta-Guinardó,40,Montbau,151,7096,44,7
2026-01-01,7,Horta-Guinardó,40,Montbau,151,7096,125,8
2026-01-01,7,Horta-Guinardó,40,Montbau,151,7096,14,9
2026-01-01,7,Horta-Guinardó,40,Montbau,151,7096,2,10
2026-01-01,7,Horta-Guinardó,40,Montbau,151,7096,66,11
2026-01-01,7,Horta-Guinardó,40,Montbau,151,7096,44,12
2026-01-01,7,Horta-Guinardó,40,Montbau,151,7097,24,1
2026-01-01,7,Horta-Guinardó,40,Montbau,151,7097,23,2
2026-01-01,7,Horta-Guinardó,40,Montbau,151,7097,63,3
2026-01-01,7,Horta-Guinardó,40,Montbau,151,7097,21,4
2026-01-01,7,Horta-Guinardó,40,Montbau,151,7097,39,5
2026-01-01,7,Horta-Guinardó,40,Montbau,151,7097,20,6
2026-01-01,7,Horta-Guinardó,40,Montbau,151,7097,22,7
2026-01-01,7,Horta-Guinardó,40,Montbau,151,7097,63,8
2026-01-01,7,Horta-Guinardó,40,Montbau,151,7097,7,9
2026-01-01,7,Horta-Guinardó,40,Montbau,151,7097,3,10
2026-01-01,7,Horta-Guinardó,40,Montbau,151,7097,35,11
2026-01-01,7,Horta-Guinardó,40,Montbau,151,7097,19,12
2026-01-01,7,Horta-Guinardó,41,la Vall d'Hebron,152,7098,43,1
2026-01-01,7,Horta-Guinardó,41,la Vall d'Hebron,152,7098,50,2
2026-01-01,7,Horta-Guinardó,41,la Vall d'Hebron,152,7098,101,3
2026-01-01,7,Horta-Guinardó,41,la Vall d'Hebron,152,7098,38,4
2026-01-01,7,Horta-Guinardó,41,la Vall d'Hebron,152,7098,105,5
2026-01-01,7,Horta-Guinardó,41,la Vall d'Hebron,152,7098,87,6
2026-01-01,7,Horta-Guinardó,41,la Vall d'Hebron,152,7098,38,7
2026-01-01,7,Horta-Guinardó,41,la Vall d'Hebron,152,7098,173,8
2026-01-01,7,Horta-Guinardó,41,la Vall d'Hebron,152,7098,15,9
2026-01-01,7,Horta-Guinardó,41,la Vall d'Hebron,152,7098,4,10
2026-01-01,7,Horta-Guinardó,41,la Vall d'Hebron,152,7098,144,11
2026-01-01,7,Horta-Guinardó,41,la Vall d'Hebron,152,7098,49,12
2026-01-01,7,Horta-Guinardó,41,la Vall d'Hebron,152,7099,28,1
2026-01-01,7,Horta-Guinardó,41,la Vall d'Hebron,152,7099,26,2
2026-01-01,7,Horta-Guinardó,41,la Vall d'Hebron,152,7099,38,3
2026-01-01,7,Horta-Guinardó,41,la Vall d'Hebron,152,7099,19,4
2026-01-01,7,Horta-Guinardó,41,la Vall d'Hebron,152,7099,56,5
2026-01-01,7,Horta-Guinardó,41,la Vall d'Hebron,152,7099,52,6
2026-01-01,7,Horta-Guinardó,41,la Vall d'Hebron,152,7099,32,7
2026-01-01,7,Horta-Guinardó,41,la Vall d'Hebron,152,7099,108,8
2026-01-01,7,Horta-Guinardó,41,la Vall d'Hebron,152,7099,10,9
2026-01-01,7,Horta-Guinardó,41,la Vall d'Hebron,152,7099,2,10
2026-01-01,7,Horta-Guinardó,41,la Vall d'Hebron,152,7099,34,11
2026-01-01,7,Horta-Guinardó,41,la Vall d'Hebron,152,7099,31,12
2026-01-01,7,Horta-Guinardó,41,la Vall d'Hebron,152,7100,22,1
2026-01-01,7,Horta-Guinardó,41,la Vall d'Hebron,152,7100,32,2
2026-01-01,7,Horta-Guinardó,41,la Vall d'Hebron,152,7100,74,3
2026-01-01,7,Horta-Guinardó,41,la Vall d'Hebron,152,7100,23,4
2026-01-01,7,Horta-Guinardó,41,la Vall d'Hebron,152,7100,45,5
2026-01-01,7,Horta-Guinardó,41,la Vall d'Hebron,152,7100,88,6
2026-01-01,7,Horta-Guinardó,41,la Vall d'Hebron,152,7100,36,7
2026-01-01,7,Horta-Guinardó,41,la Vall d'Hebron,152,7100,91,8
2026-01-01,7,Horta-Guinardó,41,la Vall d'Hebron,152,7100,11,9
2026-01-01,7,Horta-Guinardó,41,la Vall d'Hebron,152,7100,2,10
2026-01-01,7,Horta-Guinardó,41,la Vall d'Hebron,152,7100,61,11
2026-01-01,7,Horta-Guinardó,41,la Vall d'Hebron,152,7100,29,12
2026-01-01,7,Horta-Guinardó,41,la Vall d'Hebron,152,7101,33,1
2026-01-01,7,Horta-Guinardó,41,la Vall d'Hebron,152,7101,45,2
2026-01-01,7,Horta-Guinardó,41,la Vall d'Hebron,152,7101,86,3
2026-01-01,7,Horta-Guinardó,41,la Vall d'Hebron,152,7101,22,4
2026-01-01,7,Horta-Guinardó,41,la Vall d'Hebron,152,7101,72,5
2026-01-01,7,Horta-Guinardó,41,la Vall d'Hebron,152,7101,83,6
2026-01-01,7,Horta-Guinardó,41,la Vall d'Hebron,152,7101,44,7
2026-01-01,7,Horta-Guinardó,41,la Vall d'Hebron,152,7101,118,8
2026-01-01,7,Horta-Guinardó,41,la Vall d'Hebron,152,7101,8,9
2026-01-01,7,Horta-Guinardó,41,la Vall d'Hebron,152,7101,4,10
2026-01-01,7,Horta-Guinardó,41,la Vall d'Hebron,152,7101,53,11
2026-01-01,7,Horta-Guinardó,41,la Vall d'Hebron,152,7101,41,12
2026-01-01,7,Horta-Guinardó,42,la Clota,153,7102,60,1
2026-01-01,7,Horta-Guinardó,42,la Clota,153,7102,62,2
2026-01-01,7,Horta-Guinardó,42,la Clota,153,7102,15,3
2026-01-01,7,Horta-Guinardó,42,la Clota,153,7102,10,4
2026-01-01,7,Horta-Guinardó,42,la Clota,153,7102,91,5
2026-01-01,7,Horta-Guinardó,42,la Clota,153,7102,16,6
2026-01-01,7,Horta-Guinardó,42,la Clota,153,7102,16,7
2026-01-01,7,Horta-Guinardó,42,la Clota,153,7102,54,8
2026-01-01,7,Horta-Guinardó,42,la Clota,153,7102,18,9
2026-01-01,7,Horta-Guinardó,42,la Clota,153,7102,105,11
2026-01-01,7,Horta-Guinardó,42,la Clota,153,7102,21,12
2026-01-01,7,Horta-Guinardó,43,Horta,154,7103,51,1
2026-01-01,7,Horta-Guinardó,43,Horta,154,7103,65,2
2026-01-01,7,Horta-Guinardó,43,Horta,154,7103,45,3
2026-01-01,7,Horta-Guinardó,43,Horta,154,7103,25,4
2026-01-01,7,Horta-Guinardó,43,Horta,154,7103,70,5
2026-01-01,7,Horta-Guinardó,43,Horta,154,7103,43,6
2026-01-01,7,Horta-Guinardó,43,Horta,154,7103,33,7
2026-01-01,7,Horta-Guinardó,43,Horta,154,7103,116,8
2026-01-01,7,Horta-Guinardó,43,Horta,154,7103,16,9
2026-01-01,7,Horta-Guinardó,43,Horta,154,7103,2,10
2026-01-01,7,Horta-Guinardó,43,Horta,154,7103,67,11
2026-01-01,7,Horta-Guinardó,43,Horta,154,7103,39,12
2026-01-01,7,Horta-Guinardó,43,Horta,154,7104,52,1
2026-01-01,7,Horta-Guinardó,43,Horta,154,7104,53,2
2026-01-01,7,Horta-Guinardó,43,Horta,154,7104,73,3
2026-01-01,7,Horta-Guinardó,43,Horta,154,7104,25,4
2026-01-01,7,Horta-Guinardó,43,Horta,154,7104,82,5
2026-01-01,7,Horta-Guinardó,43,Horta,154,7104,64,6
2026-01-01,7,Horta-Guinardó,43,Horta,154,7104,43,7
2026-01-01,7,Horta-Guinardó,43,Horta,154,7104,115,8
2026-01-01,7,Horta-Guinardó,43,Horta,154,7104,17,9
2026-01-01,7,Horta-Guinardó,43,Horta,154,7104,6,10
2026-01-01,7,Horta-Guinardó,43,Horta,154,7104,88,11
2026-01-01,7,Horta-Guinardó,43,Horta,154,7104,57,12
2026-01-01,7,Horta-Guinardó,43,Horta,154,7105,35,1
2026-01-01,7,Horta-Guinardó,43,Horta,154,7105,33,2
2026-01-01,7,Horta-Guinardó,43,Horta,154,7105,52,3
2026-01-01,7,Horta-Guinardó,43,Horta,154,7105,12,4
2026-01-01,7,Horta-Guinardó,43,Horta,154,7105,54,5
2026-01-01,7,Horta-Guinardó,43,Horta,154,7105,62,6
2026-01-01,7,Horta-Guinardó,43,Horta,154,7105,39,7
2026-01-01,7,Horta-Guinardó,43,Horta,154,7105,90,8
2026-01-01,7,Horta-Guinardó,43,Horta,154,7105,9,9
2026-01-01,7,Horta-Guinardó,43,Horta,154,7105,2,10
2026-01-01,7,Horta-Guinardó,43,Horta,154,7105,57,11
2026-01-01,7,Horta-Guinardó,43,Horta,154,7105,30,12
2026-01-01,7,Horta-Guinardó,43,Horta,154,7106,27,1
2026-01-01,7,Horta-Guinardó,43,Horta,154,7106,28,2
2026-01-01,7,Horta-Guinardó,43,Horta,154,7106,49,3
2026-01-01,7,Horta-Guinardó,43,Horta,154,7106,19,4
2026-01-01,7,Horta-Guinardó,43,Horta,154,7106,55,5
2026-01-01,7,Horta-Guinardó,43,Horta,154,7106,45,6
2026-01-01,7,Horta-Guinardó,43,Horta,154,7106,31,7
2026-01-01,7,Horta-Guinardó,43,Horta,154,7106,94,8
2026-01-01,7,Horta-Guinardó,43,Horta,154,7106,13,9
2026-01-01,7,Horta-Guinardó,43,Horta,154,7106,3,10
2026-01-01,7,Horta-Guinardó,43,Horta,154,7106,64,11
2026-01-01,7,Horta-Guinardó,43,Horta,154,7106,40,12
2026-01-01,7,Horta-Guinardó,43,Horta,154,7107,26,1
2026-01-01,7,Horta-Guinardó,43,Horta,154,7107,25,2
2026-01-01,7,Horta-Guinardó,43,Horta,154,7107,49,3
2026-01-01,7,Horta-Guinardó,43,Horta,154,7107,19,4
2026-01-01,7,Horta-Guinardó,43,Horta,154,7107,60,5
2026-01-01,7,Horta-Guinardó,43,Horta,154,7107,68,6
2026-01-01,7,Horta-Guinardó,43,Horta,154,7107,32,7
2026-01-01,7,Horta-Guinardó,43,Horta,154,7107,95,8
2026-01-01,7,Horta-Guinardó,43,Horta,154,7107,7,9
2026-01-01,7,Horta-Guinardó,43,Horta,154,7107,1,10
2026-01-01,7,Horta-Guinardó,43,Horta,154,7107,56,11
2026-01-01,7,Horta-Guinardó,43,Horta,154,7107,33,12
2026-01-01,7,Horta-Guinardó,43,Horta,154,7108,36,1
2026-01-01,7,Horta-Guinardó,43,Horta,154,7108,35,2
2026-01-01,7,Horta-Guinardó,43,Horta,154,7108,67,3
2026-01-01,7,Horta-Guinardó,43,Horta,154,7108,11,4
2026-01-01,7,Horta-Guinardó,43,Horta,154,7108,77,5
2026-01-01,7,Horta-Guinardó,43,Horta,154,7108,68,6
2026-01-01,7,Horta-Guinardó,43,Horta,154,7108,26,7
2026-01-01,7,Horta-Guinardó,43,Horta,154,7108,100,8
2026-01-01,7,Horta-Guinardó,43,Horta,154,7108,5,9
2026-01-01,7,Horta-Guinardó,43,Horta,154,7108,1,10
2026-01-01,7,Horta-Guinardó,43,Horta,154,7108,66,11
2026-01-01,7,Horta-Guinardó,43,Horta,154,7108,34,12
2026-01-01,7,Horta-Guinardó,43,Horta,154,7109,69,1
2026-01-01,7,Horta-Guinardó,43,Horta,154,7109,74,2
2026-01-01,7,Horta-Guinardó,43,Horta,154,7109,75,3
2026-01-01,7,Horta-Guinardó,43,Horta,154,7109,27,4
2026-01-01,7,Horta-Guinardó,43,Horta,154,7109,96,5
2026-01-01,7,Horta-Guinardó,43,Horta,154,7109,69,6
2026-01-01,7,Horta-Guinardó,43,Horta,154,7109,46,7
2026-01-01,7,Horta-Guinardó,43,Horta,154,7109,114,8
2026-01-01,7,Horta-Guinardó,43,Horta,154,7109,17,9
2026-01-01,7,Horta-Guinardó,43,Horta,154,7109,7,10
2026-01-01,7,Horta-Guinardó,43,Horta,154,7109,93,11
2026-01-01,7,Horta-Guinardó,43,Horta,154,7109,47,12
2026-01-01,7,Horta-Guinardó,43,Horta,154,7110,33,1
2026-01-01,7,Horta-Guinardó,43,Horta,154,7110,23,2
2026-01-01,7,Horta-Guinardó,43,Horta,154,7110,53,3
2026-01-01,7,Horta-Guinardó,43,Horta,154,7110,24,4
2026-01-01,7,Horta-Guinardó,43,Horta,154,7110,36,5
2026-01-01,7,Horta-Guinardó,43,Horta,154,7110,43,6
2026-01-01,7,Horta-Guinardó,43,Horta,154,7110,19,7
2026-01-01,7,Horta-Guinardó,43,Horta,154,7110,91,8
2026-01-01,7,Horta-Guinardó,43,Horta,154,7110,11,9
2026-01-01,7,Horta-Guinardó,43,Horta,154,7110,48,11
2026-01-01,7,Horta-Guinardó,43,Horta,154,7110,26,12
2026-01-01,7,Horta-Guinardó,43,Horta,154,7111,24,1
2026-01-01,7,Horta-Guinardó,43,Horta,154,7111,21,2
2026-01-01,7,Horta-Guinardó,43,Horta,154,7111,51,3
2026-01-01,7,Horta-Guinardó,43,Horta,154,7111,15,4
2026-01-01,7,Horta-Guinardó,43,Horta,154,7111,26,5
2026-01-01,7,Horta-Guinardó,43,Horta,154,7111,66,6
2026-01-01,7,Horta-Guinardó,43,Horta,154,7111,23,7
2026-01-01,7,Horta-Guinardó,43,Horta,154,7111,80,8
2026-01-01,7,Horta-Guinardó,43,Horta,154,7111,11,9
2026-01-01,7,Horta-Guinardó,43,Horta,154,7111,3,10
2026-01-01,7,Horta-Guinardó,43,Horta,154,7111,42,11
2026-01-01,7,Horta-Guinardó,43,Horta,154,7111,22,12
2026-01-01,7,Horta-Guinardó,43,Horta,155,7112,36,1
2026-01-01,7,Horta-Guinardó,43,Horta,155,7112,33,2
2026-01-01,7,Horta-Guinardó,43,Horta,155,7112,57,3
2026-01-01,7,Horta-Guinardó,43,Horta,155,7112,23,4
2026-01-01,7,Horta-Guinardó,43,Horta,155,7112,56,5
2026-01-01,7,Horta-Guinardó,43,Horta,155,7112,69,6
2026-01-01,7,Horta-Guinardó,43,Horta,155,7112,20,7
2026-01-01,7,Horta-Guinardó,43,Horta,155,7112,109,8
2026-01-01,7,Horta-Guinardó,43,Horta,155,7112,18,9
2026-01-01,7,Horta-Guinardó,43,Horta,155,7112,2,10
2026-01-01,7,Horta-Guinardó,43,Horta,155,7112,51,11
2026-01-01,7,Horta-Guinardó,43,Horta,155,7112,46,12
2026-01-01,7,Horta-Guinardó,43,Horta,155,7113,45,1
2026-01-01,7,Horta-Guinardó,43,Horta,155,7113,44,2
2026-01-01,7,Horta-Guinardó,43,Horta,155,7113,47,3
2026-01-01,7,Horta-Guinardó,43,Horta,155,7113,21,4
2026-01-01,7,Horta-Guinardó,43,Horta,155,7113,73,5
2026-01-01,7,Horta-Guinardó,43,Horta,155,7113,33,6
2026-01-01,7,Horta-Guinardó,43,Horta,155,7113,29,7
2026-01-01,7,Horta-Guinardó,43,Horta,155,7113,95,8
2026-01-01,7,Horta-Guinardó,43,Horta,155,7113,9,9
2026-01-01,7,Horta-Guinardó,43,Horta,155,7113,3,10
2026-01-01,7,Horta-Guinardó,43,Horta,155,7113,64,11
2026-01-01,7,Horta-Guinardó,43,Horta,155,7113,49,12
2026-01-01,7,Horta-Guinardó,43,Horta,155,7114,36,1
2026-01-01,7,Horta-Guinardó,43,Horta,155,7114,34,2
2026-01-01,7,Horta-Guinardó,43,Horta,155,7114,55,3
2026-01-01,7,Horta-Guinardó,43,Horta,155,7114,18,4
2026-01-01,7,Horta-Guinardó,43,Horta,155,7114,65,5
2026-01-01,7,Horta-Guinardó,43,Horta,155,7114,53,6
2026-01-01,7,Horta-Guinardó,43,Horta,155,7114,18,7
2026-01-01,7,Horta-Guinardó,43,Horta,155,7114,102,8
2026-01-01,7,Horta-Guinardó,43,Horta,155,7114,7,9
2026-01-01,7,Horta-Guinardó,43,Horta,155,7114,1,10
2026-01-01,7,Horta-Guinardó,43,Horta,155,7114,72,11
2026-01-01,7,Horta-Guinardó,43,Horta,155,7114,45,12
2026-01-01,7,Horta-Guinardó,43,Horta,155,7115,38,1
2026-01-01,7,Horta-Guinardó,43,Horta,155,7115,38,2
2026-01-01,7,Horta-Guinardó,43,Horta,155,7115,59,3
2026-01-01,7,Horta-Guinardó,43,Horta,155,7115,14,4
2026-01-01,7,Horta-Guinardó,43,Horta,155,7115,51,5
2026-01-01,7,Horta-Guinardó,43,Horta,155,7115,44,6
2026-01-01,7,Horta-Guinardó,43,Horta,155,7115,33,7
2026-01-01,7,Horta-Guinardó,43,Horta,155,7115,90,8
2026-01-01,7,Horta-Guinardó,43,Horta,155,7115,9,9
2026-01-01,7,Horta-Guinardó,43,Horta,155,7115,4,10
2026-01-01,7,Horta-Guinardó,43,Horta,155,7115,67,11
2026-01-01,7,Horta-Guinardó,43,Horta,155,7115,21,12
2026-01-01,7,Horta-Guinardó,43,Horta,155,7116,50,1
2026-01-01,7,Horta-Guinardó,43,Horta,155,7116,41,2
2026-01-01,7,Horta-Guinardó,43,Horta,155,7116,67,3
2026-01-01,7,Horta-Guinardó,43,Horta,155,7116,26,4
2026-01-01,7,Horta-Guinardó,43,Horta,155,7116,73,5
2026-01-01,7,Horta-Guinardó,43,Horta,155,7116,62,6
2026-01-01,7,Horta-Guinardó,43,Horta,155,7116,49,7
2026-01-01,7,Horta-Guinardó,43,Horta,155,7116,112,8
2026-01-01,7,Horta-Guinardó,43,Horta,155,7116,21,9
2026-01-01,7,Horta-Guinardó,43,Horta,155,7116,1,10
2026-01-01,7,Horta-Guinardó,43,Horta,155,7116,93,11
2026-01-01,7,Horta-Guinardó,43,Horta,155,7116,44,12
2026-01-01,7,Horta-Guinardó,43,Horta,155,7117,51,1
2026-01-01,7,Horta-Guinardó,43,Horta,155,7117,37,2
2026-01-01,7,Horta-Guinardó,43,Horta,155,7117,39,3
2026-01-01,7,Horta-Guinardó,43,Horta,155,7117,19,4
2026-01-01,7,Horta-Guinardó,43,Horta,155,7117,61,5
2026-01-01,7,Horta-Guinardó,43,Horta,155,7117,52,6
2026-01-01,7,Horta-Guinardó,43,Horta,155,7117,25,7
2026-01-01,7,Horta-Guinardó,43,Horta,155,7117,85,8
2026-01-01,7,Horta-Guinardó,43,Horta,155,7117,7,9
2026-01-01,7,Horta-Guinardó,43,Horta,155,7117,2,10
2026-01-01,7,Horta-Guinardó,43,Horta,155,7117,46,11
2026-01-01,7,Horta-Guinardó,43,Horta,155,7117,33,12
2026-01-01,7,Horta-Guinardó,43,Horta,155,7118,55,1
2026-01-01,7,Horta-Guinardó,43,Horta,155,7118,43,2
2026-01-01,7,Horta-Guinardó,43,Horta,155,7118,65,3
2026-01-01,7,Horta-Guinardó,43,Horta,155,7118,20,4
2026-01-01,7,Horta-Guinardó,43,Horta,155,7118,70,5
2026-01-01,7,Horta-Guinardó,43,Horta,155,7118,54,6
2026-01-01,7,Horta-Guinardó,43,Horta,155,7118,25,7
2026-01-01,7,Horta-Guinardó,43,Horta,155,7118,98,8
2026-01-01,7,Horta-Guinardó,43,Horta,155,7118,9,9
2026-01-01,7,Horta-Guinardó,43,Horta,155,7118,2,10
2026-01-01,7,Horta-Guinardó,43,Horta,155,7118,50,11
2026-01-01,7,Horta-Guinardó,43,Horta,155,7118,50,12
2026-01-01,7,Horta-Guinardó,43,Horta,156,7119,46,1
2026-01-01,7,Horta-Guinardó,43,Horta,156,7119,38,2
2026-01-01,7,Horta-Guinardó,43,Horta,156,7119,53,3
2026-01-01,7,Horta-Guinardó,43,Horta,156,7119,19,4
2026-01-01,7,Horta-Guinardó,43,Horta,156,7119,79,5
2026-01-01,7,Horta-Guinardó,43,Horta,156,7119,39,6
2026-01-01,7,Horta-Guinardó,43,Horta,156,7119,25,7
2026-01-01,7,Horta-Guinardó,43,Horta,156,7119,115,8
2026-01-01,7,Horta-Guinardó,43,Horta,156,7119,18,9
2026-01-01,7,Horta-Guinardó,43,Horta,156,7119,2,10
2026-01-01,7,Horta-Guinardó,43,Horta,156,7119,69,11
2026-01-01,7,Horta-Guinardó,43,Horta,156,7119,42,12
2026-01-01,7,Horta-Guinardó,43,Horta,156,7120,43,1
2026-01-01,7,Horta-Guinardó,43,Horta,156,7120,41,2
2026-01-01,7,Horta-Guinardó,43,Horta,156,7120,53,3
2026-01-01,7,Horta-Guinardó,43,Horta,156,7120,17,4
2026-01-01,7,Horta-Guinardó,43,Horta,156,7120,58,5
2026-01-01,7,Horta-Guinardó,43,Horta,156,7120,65,6
2026-01-01,7,Horta-Guinardó,43,Horta,156,7120,29,7
2026-01-01,7,Horta-Guinardó,43,Horta,156,7120,103,8
2026-01-01,7,Horta-Guinardó,43,Horta,156,7120,11,9
2026-01-01,7,Horta-Guinardó,43,Horta,156,7120,4,10
2026-01-01,7,Horta-Guinardó,43,Horta,156,7120,47,11
2026-01-01,7,Horta-Guinardó,43,Horta,156,7120,42,12
2026-01-01,7,Horta-Guinardó,43,Horta,156,7121,43,1
2026-01-01,7,Horta-Guinardó,43,Horta,156,7121,33,2
2026-01-01,7,Horta-Guinardó,43,Horta,156,7121,60,3
2026-01-01,7,Horta-Guinardó,43,Horta,156,7121,16,4
2026-01-01,7,Horta-Guinardó,43,Horta,156,7121,48,5
2026-01-01,7,Horta-Guinardó,43,Horta,156,7121,60,6
2026-01-01,7,Horta-Guinardó,43,Horta,156,7121,17,7
2026-01-01,7,Horta-Guinardó,43,Horta,156,7121,113,8
2026-01-01,7,Horta-Guinardó,43,Horta,156,7121,9,9
2026-01-01,7,Horta-Guinardó,43,Horta,156,7121,3,10
2026-01-01,7,Horta-Guinardó,43,Horta,156,7121,42,11
2026-01-01,7,Horta-Guinardó,43,Horta,156,7121,43,12
2026-01-01,7,Horta-Guinardó,43,Horta,156,7122,58,1
2026-01-01,7,Horta-Guinardó,43,Horta,156,7122,42,2
2026-01-01,7,Horta-Guinardó,43,Horta,156,7122,71,3
2026-01-01,7,Horta-Guinardó,43,Horta,156,7122,25,4
2026-01-01,7,Horta-Guinardó,43,Horta,156,7122,62,5
2026-01-01,7,Horta-Guinardó,43,Horta,156,7122,64,6
2026-01-01,7,Horta-Guinardó,43,Horta,156,7122,37,7
2026-01-01,7,Horta-Guinardó,43,Horta,156,7122,108,8
2026-01-01,7,Horta-Guinardó,43,Horta,156,7122,18,9
2026-01-01,7,Horta-Guinardó,43,Horta,156,7122,5,10
2026-01-01,7,Horta-Guinardó,43,Horta,156,7122,78,11
2026-01-01,7,Horta-Guinardó,43,Horta,156,7122,39,12
2026-01-01,7,Horta-Guinardó,43,Horta,156,7123,47,1
2026-01-01,7,Horta-Guinardó,43,Horta,156,7123,49,2
2026-01-01,7,Horta-Guinardó,43,Horta,156,7123,79,3
2026-01-01,7,Horta-Guinardó,43,Horta,156,7123,28,4
2026-01-01,7,Horta-Guinardó,43,Horta,156,7123,62,5
2026-01-01,7,Horta-Guinardó,43,Horta,156,7123,68,6
2026-01-01,7,Horta-Guinardó,43,Horta,156,7123,22,7
2026-01-01,7,Horta-Guinardó,43,Horta,156,7123,119,8
2026-01-01,7,Horta-Guinardó,43,Horta,156,7123,15,9
2026-01-01,7,Horta-Guinardó,43,Horta,156,7123,3,10
2026-01-01,7,Horta-Guinardó,43,Horta,156,7123,65,11
2026-01-01,7,Horta-Guinardó,43,Horta,156,7123,51,12
2026-01-01,8,Nou Barris,44,Vilapicina i la Torre Llobeta,157,8001,27,1
2026-01-01,8,Nou Barris,44,Vilapicina i la Torre Llobeta,157,8001,42,2
2026-01-01,8,Nou Barris,44,Vilapicina i la Torre Llobeta,157,8001,74,3
2026-01-01,8,Nou Barris,44,Vilapicina i la Torre Llobeta,157,8001,23,4
2026-01-01,8,Nou Barris,44,Vilapicina i la Torre Llobeta,157,8001,64,5
2026-01-01,8,Nou Barris,44,Vilapicina i la Torre Llobeta,157,8001,85,6
2026-01-01,8,Nou Barris,44,Vilapicina i la Torre Llobeta,157,8001,29,7
2026-01-01,8,Nou Barris,44,Vilapicina i la Torre Llobeta,157,8001,89,8
2026-01-01,8,Nou Barris,44,Vilapicina i la Torre Llobeta,157,8001,12,9
2026-01-01,8,Nou Barris,44,Vilapicina i la Torre Llobeta,157,8001,2,10
2026-01-01,8,Nou Barris,44,Vilapicina i la Torre Llobeta,157,8001,58,11
2026-01-01,8,Nou Barris,44,Vilapicina i la Torre Llobeta,157,8001,37,12
2026-01-01,8,Nou Barris,44,Vilapicina i la Torre Llobeta,157,8002,40,1
2026-01-01,8,Nou Barris,44,Vilapicina i la Torre Llobeta,157,8002,39,2
2026-01-01,8,Nou Barris,44,Vilapicina i la Torre Llobeta,157,8002,74,3
2026-01-01,8,Nou Barris,44,Vilapicina i la Torre Llobeta,157,8002,29,4
2026-01-01,8,Nou Barris,44,Vilapicina i la Torre Llobeta,157,8002,70,5
2026-01-01,8,Nou Barris,44,Vilapicina i la Torre Llobeta,157,8002,54,6
2026-01-01,8,Nou Barris,44,Vilapicina i la Torre Llobeta,157,8002,31,7
2026-01-01,8,Nou Barris,44,Vilapicina i la Torre Llobeta,157,8002,106,8
2026-01-01,8,Nou Barris,44,Vilapicina i la Torre Llobeta,157,8002,18,9
2026-01-01,8,Nou Barris,44,Vilapicina i la Torre Llobeta,157,8002,5,10
2026-01-01,8,Nou Barris,44,Vilapicina i la Torre Llobeta,157,8002,65,11
2026-01-01,8,Nou Barris,44,Vilapicina i la Torre Llobeta,157,8002,34,12
2026-01-01,8,Nou Barris,44,Vilapicina i la Torre Llobeta,157,8003,40,1
2026-01-01,8,Nou Barris,44,Vilapicina i la Torre Llobeta,157,8003,28,2
2026-01-01,8,Nou Barris,44,Vilapicina i la Torre Llobeta,157,8003,75,3
2026-01-01,8,Nou Barris,44,Vilapicina i la Torre Llobeta,157,8003,19,4
2026-01-01,8,Nou Barris,44,Vilapicina i la Torre Llobeta,157,8003,50,5
2026-01-01,8,Nou Barris,44,Vilapicina i la Torre Llobeta,157,8003,66,6
2026-01-01,8,Nou Barris,44,Vilapicina i la Torre Llobeta,157,8003,34,7
2026-01-01,8,Nou Barris,44,Vilapicina i la Torre Llobeta,157,8003,99,8
2026-01-01,8,Nou Barris,44,Vilapicina i la Torre Llobeta,157,8003,11,9
2026-01-01,8,Nou Barris,44,Vilapicina i la Torre Llobeta,157,8003,1,10
2026-01-01,8,Nou Barris,44,Vilapicina i la Torre Llobeta,157,8003,58,11
2026-01-01,8,Nou Barris,44,Vilapicina i la Torre Llobeta,157,8003,47,12
2026-01-01,8,Nou Barris,44,Vilapicina i la Torre Llobeta,157,8004,33,1
2026-01-01,8,Nou Barris,44,Vilapicina i la Torre Llobeta,157,8004,39,2
2026-01-01,8,Nou Barris,44,Vilapicina i la Torre Llobeta,157,8004,75,3
2026-01-01,8,Nou Barris,44,Vilapicina i la Torre Llobeta,157,8004,18,4
2026-01-01,8,Nou Barris,44,Vilapicina i la Torre Llobeta,157,8004,71,5
2026-01-01,8,Nou Barris,44,Vilapicina i la Torre Llobeta,157,8004,66,6
2026-01-01,8,Nou Barris,44,Vilapicina i la Torre Llobeta,157,8004,41,7
2026-01-01,8,Nou Barris,44,Vilapicina i la Torre Llobeta,157,8004,112,8
2026-01-01,8,Nou Barris,44,Vilapicina i la Torre Llobeta,157,8004,9,9
2026-01-01,8,Nou Barris,44,Vilapicina i la Torre Llobeta,157,8004,3,10
2026-01-01,8,Nou Barris,44,Vilapicina i la Torre Llobeta,157,8004,76,11
2026-01-01,8,Nou Barris,44,Vilapicina i la Torre Llobeta,157,8004,55,12
2026-01-01,8,Nou Barris,44,Vilapicina i la Torre Llobeta,157,8005,34,1
2026-01-01,8,Nou Barris,44,Vilapicina i la Torre Llobeta,157,8005,29,2
2026-01-01,8,Nou Barris,44,Vilapicina i la Torre Llobeta,157,8005,67,3
2026-01-01,8,Nou Barris,44,Vilapicina i la Torre Llobeta,157,8005,20,4
2026-01-01,8,Nou Barris,44,Vilapicina i la Torre Llobeta,157,8005,63,5
2026-01-01,8,Nou Barris,44,Vilapicina i la Torre Llobeta,157,8005,65,6
2026-01-01,8,Nou Barris,44,Vilapicina i la Torre Llobeta,157,8005,34,7
2026-01-01,8,Nou Barris,44,Vilapicina i la Torre Llobeta,157,8005,89,8
2026-01-01,8,Nou Barris,44,Vilapicina i la Torre Llobeta,157,8005,8,9
2026-01-01,8,Nou Barris,44,Vilapicina i la Torre Llobeta,157,8005,2,10
2026-01-01,8,Nou Barris,44,Vilapicina i la Torre Llobeta,157,8005,45,11
2026-01-01,8,Nou Barris,44,Vilapicina i la Torre Llobeta,157,8005,31,12
2026-01-01,8,Nou Barris,44,Vilapicina i la Torre Llobeta,157,8006,51,1
2026-01-01,8,Nou Barris,44,Vilapicina i la Torre Llobeta,157,8006,35,2
2026-01-01,8,Nou Barris,44,Vilapicina i la Torre Llobeta,157,8006,79,3
2026-01-01,8,Nou Barris,44,Vilapicina i la Torre Llobeta,157,8006,23,4
2026-01-01,8,Nou Barris,44,Vilapicina i la Torre Llobeta,157,8006,97,5
2026-01-01,8,Nou Barris,44,Vilapicina i la Torre Llobeta,157,8006,71,6
2026-01-01,8,Nou Barris,44,Vilapicina i la Torre Llobeta,157,8006,38,7
2026-01-01,8,Nou Barris,44,Vilapicina i la Torre Llobeta,157,8006,137,8
2026-01-01,8,Nou Barris,44,Vilapicina i la Torre Llobeta,157,8006,11,9
2026-01-01,8,Nou Barris,44,Vilapicina i la Torre Llobeta,157,8006,1,10
2026-01-01,8,Nou Barris,44,Vilapicina i la Torre Llobeta,157,8006,70,11
2026-01-01,8,Nou Barris,44,Vilapicina i la Torre Llobeta,157,8006,60,12
2026-01-01,8,Nou Barris,44,Vilapicina i la Torre Llobeta,157,8007,29,1
2026-01-01,8,Nou Barris,44,Vilapicina i la Torre Llobeta,157,8007,16,2
2026-01-01,8,Nou Barris,44,Vilapicina i la Torre Llobeta,157,8007,57,3
2026-01-01,8,Nou Barris,44,Vilapicina i la Torre Llobeta,157,8007,19,4
2026-01-01,8,Nou Barris,44,Vilapicina i la Torre Llobeta,157,8007,52,5
2026-01-01,8,Nou Barris,44,Vilapicina i la Torre Llobeta,157,8007,72,6
2026-01-01,8,Nou Barris,44,Vilapicina i la Torre Llobeta,157,8007,31,7
2026-01-01,8,Nou Barris,44,Vilapicina i la Torre Llobeta,157,8007,90,8
2026-01-01,8,Nou Barris,44,Vilapicina i la Torre Llobeta,157,8007,11,9
2026-01-01,8,Nou Barris,44,Vilapicina i la Torre Llobeta,157,8007,1,10
2026-01-01,8,Nou Barris,44,Vilapicina i la Torre Llobeta,157,8007,63,11
2026-01-01,8,Nou Barris,44,Vilapicina i la Torre Llobeta,157,8007,34,12
2026-01-01,8,Nou Barris,44,Vilapicina i la Torre Llobeta,157,8008,37,1
2026-01-01,8,Nou Barris,44,Vilapicina i la Torre Llobeta,157,8008,60,2
2026-01-01,8,Nou Barris,44,Vilapicina i la Torre Llobeta,157,8008,80,3
2026-01-01,8,Nou Barris,44,Vilapicina i la Torre Llobeta,157,8008,19,4
2026-01-01,8,Nou Barris,44,Vilapicina i la Torre Llobeta,157,8008,72,5
2026-01-01,8,Nou Barris,44,Vilapicina i la Torre Llobeta,157,8008,84,6
2026-01-01,8,Nou Barris,44,Vilapicina i la Torre Llobeta,157,8008,35,7
2026-01-01,8,Nou Barris,44,Vilapicina i la Torre Llobeta,157,8008,137,8
2026-01-01,8,Nou Barris,44,Vilapicina i la Torre Llobeta,157,8008,21,9
2026-01-01,8,Nou Barris,44,Vilapicina i la Torre Llobeta,157,8008,2,10
2026-01-01,8,Nou Barris,44,Vilapicina i la Torre Llobeta,157,8008,65,11
2026-01-01,8,Nou Barris,44,Vilapicina i la Torre Llobeta,157,8008,58,12
2026-01-01,8,Nou Barris,44,Vilapicina i la Torre Llobeta,158,8009,77,1
2026-01-01,8,Nou Barris,44,Vilapicina i la Torre Llobeta,158,8009,58,2
2026-01-01,8,Nou Barris,44,Vilapicina i la Torre Llobeta,158,8009,76,3
2026-01-01,8,Nou Barris,44,Vilapicina i la Torre Llobeta,158,8009,28,4
2026-01-01,8,Nou Barris,44,Vilapicina i la Torre Llobeta,158,8009,98,5
2026-01-01,8,Nou Barris,44,Vilapicina i la Torre Llobeta,158,8009,45,6
2026-01-01,8,Nou Barris,44,Vilapicina i la Torre Llobeta,158,8009,42,7
2026-01-01,8,Nou Barris,44,Vilapicina i la Torre Llobeta,158,8009,125,8
2026-01-01,8,Nou Barris,44,Vilapicina i la Torre Llobeta,158,8009,10,9
2026-01-01,8,Nou Barris,44,Vilapicina i la Torre Llobeta,158,8009,2,10
2026-01-01,8,Nou Barris,44,Vilapicina i la Torre Llobeta,158,8009,101,11
2026-01-01,8,Nou Barris,44,Vilapicina i la Torre Llobeta,158,8009,66,12
2026-01-01,8,Nou Barris,44,Vilapicina i la Torre Llobeta,159,8010,35,1
2026-01-01,8,Nou Barris,44,Vilapicina i la Torre Llobeta,159,8010,45,2
2026-01-01,8,Nou Barris,44,Vilapicina i la Torre Llobeta,159,8010,50,3
2026-01-01,8,Nou Barris,44,Vilapicina i la Torre Llobeta,159,8010,15,4
2026-01-01,8,Nou Barris,44,Vilapicina i la Torre Llobeta,159,8010,72,5
2026-01-01,8,Nou Barris,44,Vilapicina i la Torre Llobeta,159,8010,55,6
2026-01-01,8,Nou Barris,44,Vilapicina i la Torre Llobeta,159,8010,26,7
2026-01-01,8,Nou Barris,44,Vilapicina i la Torre Llobeta,159,8010,93,8
2026-01-01,8,Nou Barris,44,Vilapicina i la Torre Llobeta,159,8010,10,9
2026-01-01,8,Nou Barris,44,Vilapicina i la Torre Llobeta,159,8010,1,10
2026-01-01,8,Nou Barris,44,Vilapicina i la Torre Llobeta,159,8010,49,11
2026-01-01,8,Nou Barris,44,Vilapicina i la Torre Llobeta,159,8010,31,12
2026-01-01,8,Nou Barris,44,Vilapicina i la Torre Llobeta,159,8011,26,1
2026-01-01,8,Nou Barris,44,Vilapicina i la Torre Llobeta,159,8011,20,2
2026-01-01,8,Nou Barris,44,Vilapicina i la Torre Llobeta,159,8011,63,3
2026-01-01,8,Nou Barris,44,Vilapicina i la Torre Llobeta,159,8011,14,4
2026-01-01,8,Nou Barris,44,Vilapicina i la Torre Llobeta,159,8011,56,5
2026-01-01,8,Nou Barris,44,Vilapicina i la Torre Llobeta,159,8011,51,6
2026-01-01,8,Nou Barris,44,Vilapicina i la Torre Llobeta,159,8011,22,7
2026-01-01,8,Nou Barris,44,Vilapicina i la Torre Llobeta,159,8011,111,8
2026-01-01,8,Nou Barris,44,Vilapicina i la Torre Llobeta,159,8011,6,9
2026-01-01,8,Nou Barris,44,Vilapicina i la Torre Llobeta,159,8011,60,11
2026-01-01,8,Nou Barris,44,Vilapicina i la Torre Llobeta,159,8011,38,12
2026-01-01,8,Nou Barris,44,Vilapicina i la Torre Llobeta,159,8012,45,1
2026-01-01,8,Nou Barris,44,Vilapicina i la Torre Llobeta,159,8012,52,2
2026-01-01,8,Nou Barris,44,Vilapicina i la Torre Llobeta,159,8012,84,3
2026-01-01,8,Nou Barris,44,Vilapicina i la Torre Llobeta,159,8012,16,4
2026-01-01,8,Nou Barris,44,Vilapicina i la Torre Llobeta,159,8012,75,5
2026-01-01,8,Nou Barris,44,Vilapicina i la Torre Llobeta,159,8012,54,6
2026-01-01,8,Nou Barris,44,Vilapicina i la Torre Llobeta,159,8012,26,7
2026-01-01,8,Nou Barris,44,Vilapicina i la Torre Llobeta,159,8012,107,8
2026-01-01,8,Nou Barris,44,Vilapicina i la Torre Llobeta,159,8012,6,9
2026-01-01,8,Nou Barris,44,Vilapicina i la Torre Llobeta,159,8012,2,10
2026-01-01,8,Nou Barris,44,Vilapicina i la Torre Llobeta,159,8012,64,11
2026-01-01,8,Nou Barris,44,Vilapicina i la Torre Llobeta,159,8012,35,12
2026-01-01,8,Nou Barris,44,Vilapicina i la Torre Llobeta,159,8013,28,1
2026-01-01,8,Nou Barris,44,Vilapicina i la Torre Llobeta,159,8013,33,2
2026-01-01,8,Nou Barris,44,Vilapicina i la Torre Llobeta,159,8013,83,3
2026-01-01,8,Nou Barris,44,Vilapicina i la Torre Llobeta,159,8013,18,4
2026-01-01,8,Nou Barris,44,Vilapicina i la Torre Llobeta,159,8013,49,5
2026-01-01,8,Nou Barris,44,Vilapicina i la Torre Llobeta,159,8013,58,6
2026-01-01,8,Nou Barris,44,Vilapicina i la Torre Llobeta,159,8013,31,7
2026-01-01,8,Nou Barris,44,Vilapicina i la Torre Llobeta,159,8013,93,8
2026-01-01,8,Nou Barris,44,Vilapicina i la Torre Llobeta,159,8013,14,9
2026-01-01,8,Nou Barris,44,Vilapicina i la Torre Llobeta,159,8013,1,10
2026-01-01,8,Nou Barris,44,Vilapicina i la Torre Llobeta,159,8013,49,11
2026-01-01,8,Nou Barris,44,Vilapicina i la Torre Llobeta,159,8013,44,12
2026-01-01,8,Nou Barris,44,Vilapicina i la Torre Llobeta,159,8014,40,1
2026-01-01,8,Nou Barris,44,Vilapicina i la Torre Llobeta,159,8014,33,2
2026-01-01,8,Nou Barris,44,Vilapicina i la Torre Llobeta,159,8014,53,3
2026-01-01,8,Nou Barris,44,Vilapicina i la Torre Llobeta,159,8014,18,4
2026-01-01,8,Nou Barris,44,Vilapicina i la Torre Llobeta,159,8014,79,5
2026-01-01,8,Nou Barris,44,Vilapicina i la Torre Llobeta,159,8014,39,6
2026-01-01,8,Nou Barris,44,Vilapicina i la Torre Llobeta,159,8014,30,7
2026-01-01,8,Nou Barris,44,Vilapicina i la Torre Llobeta,159,8014,109,8
2026-01-01,8,Nou Barris,44,Vilapicina i la Torre Llobeta,159,8014,18,9
2026-01-01,8,Nou Barris,44,Vilapicina i la Torre Llobeta,159,8014,2,10
2026-01-01,8,Nou Barris,44,Vilapicina i la Torre Llobeta,159,8014,48,11
2026-01-01,8,Nou Barris,44,Vilapicina i la Torre Llobeta,159,8014,46,12
2026-01-01,8,Nou Barris,44,Vilapicina i la Torre Llobeta,160,8015,53,1
2026-01-01,8,Nou Barris,44,Vilapicina i la Torre Llobeta,160,8015,44,2
2026-01-01,8,Nou Barris,44,Vilapicina i la Torre Llobeta,160,8015,82,3
2026-01-01,8,Nou Barris,44,Vilapicina i la Torre Llobeta,160,8015,21,4
2026-01-01,8,Nou Barris,44,Vilapicina i la Torre Llobeta,160,8015,85,5
2026-01-01,8,Nou Barris,44,Vilapicina i la Torre Llobeta,160,8015,41,6
2026-01-01,8,Nou Barris,44,Vilapicina i la Torre Llobeta,160,8015,35,7
2026-01-01,8,Nou Barris,44,Vilapicina i la Torre Llobeta,160,8015,122,8
2026-01-01,8,Nou Barris,44,Vilapicina i la Torre Llobeta,160,8015,16,9
2026-01-01,8,Nou Barris,44,Vilapicina i la Torre Llobeta,160,8015,2,10
2026-01-01,8,Nou Barris,44,Vilapicina i la Torre Llobeta,160,8015,51,11
2026-01-01,8,Nou Barris,44,Vilapicina i la Torre Llobeta,160,8015,60,12
2026-01-01,8,Nou Barris,44,Vilapicina i la Torre Llobeta,160,8016,46,1
2026-01-01,8,Nou Barris,44,Vilapicina i la Torre Llobeta,160,8016,37,2
2026-01-01,8,Nou Barris,44,Vilapicina i la Torre Llobeta,160,8016,61,3
2026-01-01,8,Nou Barris,44,Vilapicina i la Torre Llobeta,160,8016,16,4
2026-01-01,8,Nou Barris,44,Vilapicina i la Torre Llobeta,160,8016,42,5
2026-01-01,8,Nou Barris,44,Vilapicina i la Torre Llobeta,160,8016,50,6
2026-01-01,8,Nou Barris,44,Vilapicina i la Torre Llobeta,160,8016,30,7
2026-01-01,8,Nou Barris,44,Vilapicina i la Torre Llobeta,160,8016,89,8
2026-01-01,8,Nou Barris,44,Vilapicina i la Torre Llobeta,160,8016,12,9
2026-01-01,8,Nou Barris,44,Vilapicina i la Torre Llobeta,160,8016,2,10
2026-01-01,8,Nou Barris,44,Vilapicina i la Torre Llobeta,160,8016,65,11
2026-01-01,8,Nou Barris,44,Vilapicina i la Torre Llobeta,160,8016,35,12
2026-01-01,8,Nou Barris,44,Vilapicina i la Torre Llobeta,160,8017,40,1
2026-01-01,8,Nou Barris,44,Vilapicina i la Torre Llobeta,160,8017,40,2
2026-01-01,8,Nou Barris,44,Vilapicina i la Torre Llobeta,160,8017,92,3
2026-01-01,8,Nou Barris,44,Vilapicina i la Torre Llobeta,160,8017,28,4
2026-01-01,8,Nou Barris,44,Vilapicina i la Torre Llobeta,160,8017,60,5
2026-01-01,8,Nou Barris,44,Vilapicina i la Torre Llobeta,160,8017,83,6
2026-01-01,8,Nou Barris,44,Vilapicina i la Torre Llobeta,160,8017,33,7
2026-01-01,8,Nou Barris,44,Vilapicina i la Torre Llobeta,160,8017,98,8
2026-01-01,8,Nou Barris,44,Vilapicina i la Torre Llobeta,160,8017,15,9
2026-01-01,8,Nou Barris,44,Vilapicina i la Torre Llobeta,160,8017,2,10
2026-01-01,8,Nou Barris,44,Vilapicina i la Torre Llobeta,160,8017,62,11
2026-01-01,8,Nou Barris,44,Vilapicina i la Torre Llobeta,160,8017,31,12
2026-01-01,8,Nou Barris,44,Vilapicina i la Torre Llobeta,160,8018,39,1
2026-01-01,8,Nou Barris,44,Vilapicina i la Torre Llobeta,160,8018,47,2
2026-01-01,8,Nou Barris,44,Vilapicina i la Torre Llobeta,160,8018,95,3
2026-01-01,8,Nou Barris,44,Vilapicina i la Torre Llobeta,160,8018,22,4
2026-01-01,8,Nou Barris,44,Vilapicina i la Torre Llobeta,160,8018,57,5
2026-01-01,8,Nou Barris,44,Vilapicina i la Torre Llobeta,160,8018,78,6
2026-01-01,8,Nou Barris,44,Vilapicina i la Torre Llobeta,160,8018,43,7
2026-01-01,8,Nou Barris,44,Vilapicina i la Torre Llobeta,160,8018,132,8
2026-01-01,8,Nou Barris,44,Vilapicina i la Torre Llobeta,160,8018,16,9
2026-01-01,8,Nou Barris,44,Vilapicina i la Torre Llobeta,160,8018,1,10
2026-01-01,8,Nou Barris,44,Vilapicina i la Torre Llobeta,160,8018,55,11
2026-01-01,8,Nou Barris,44,Vilapicina i la Torre Llobeta,160,8018,41,12
2026-01-01,8,Nou Barris,44,Vilapicina i la Torre Llobeta,160,8019,59,1
2026-01-01,8,Nou Barris,44,Vilapicina i la Torre Llobeta,160,8019,53,2
2026-01-01,8,Nou Barris,44,Vilapicina i la Torre Llobeta,160,8019,100,3
2026-01-01,8,Nou Barris,44,Vilapicina i la Torre Llobeta,160,8019,18,4
2026-01-01,8,Nou Barris,44,Vilapicina i la Torre Llobeta,160,8019,98,5
2026-01-01,8,Nou Barris,44,Vilapicina i la Torre Llobeta,160,8019,67,6
2026-01-01,8,Nou Barris,44,Vilapicina i la Torre Llobeta,160,8019,45,7
2026-01-01,8,Nou Barris,44,Vilapicina i la Torre Llobeta,160,8019,137,8
2026-01-01,8,Nou Barris,44,Vilapicina i la Torre Llobeta,160,8019,15,9
2026-01-01,8,Nou Barris,44,Vilapicina i la Torre Llobeta,160,8019,3,10
2026-01-01,8,Nou Barris,44,Vilapicina i la Torre Llobeta,160,8019,67,11
2026-01-01,8,Nou Barris,44,Vilapicina i la Torre Llobeta,160,8019,71,12
2026-01-01,8,Nou Barris,45,Porta,161,8020,72,1
2026-01-01,8,Nou Barris,45,Porta,161,8020,49,2
2026-01-01,8,Nou Barris,45,Porta,161,8020,58,3
2026-01-01,8,Nou Barris,45,Porta,161,8020,16,4
2026-01-01,8,Nou Barris,45,Porta,161,8020,72,5
2026-01-01,8,Nou Barris,45,Porta,161,8020,58,6
2026-01-01,8,Nou Barris,45,Porta,161,8020,27,7
2026-01-01,8,Nou Barris,45,Porta,161,8020,119,8
2026-01-01,8,Nou Barris,45,Porta,161,8020,12,9
2026-01-01,8,Nou Barris,45,Porta,161,8020,2,10
2026-01-01,8,Nou Barris,45,Porta,161,8020,62,11
2026-01-01,8,Nou Barris,45,Porta,161,8020,46,12
2026-01-01,8,Nou Barris,45,Porta,161,8021,52,1
2026-01-01,8,Nou Barris,45,Porta,161,8021,41,2
2026-01-01,8,Nou Barris,45,Porta,161,8021,65,3
2026-01-01,8,Nou Barris,45,Porta,161,8021,24,4
2026-01-01,8,Nou Barris,45,Porta,161,8021,91,5
2026-01-01,8,Nou Barris,45,Porta,161,8021,65,6
2026-01-01,8,Nou Barris,45,Porta,161,8021,39,7
2026-01-01,8,Nou Barris,45,Porta,161,8021,110,8
2026-01-01,8,Nou Barris,45,Porta,161,8021,9,9
2026-01-01,8,Nou Barris,45,Porta,161,8021,1,10
2026-01-01,8,Nou Barris,45,Porta,161,8021,77,11
2026-01-01,8,Nou Barris,45,Porta,161,8021,44,12
2026-01-01,8,Nou Barris,45,Porta,161,8022,30,1
2026-01-01,8,Nou Barris,45,Porta,161,8022,27,2
2026-01-01,8,Nou Barris,45,Porta,161,8022,57,3
2026-01-01,8,Nou Barris,45,Porta,161,8022,10,4
2026-01-01,8,Nou Barris,45,Porta,161,8022,54,5
2026-01-01,8,Nou Barris,45,Porta,161,8022,67,6
2026-01-01,8,Nou Barris,45,Porta,161,8022,43,7
2026-01-01,8,Nou Barris,45,Porta,161,8022,109,8
2026-01-01,8,Nou Barris,45,Porta,161,8022,15,9
2026-01-01,8,Nou Barris,45,Porta,161,8022,2,10
2026-01-01,8,Nou Barris,45,Porta,161,8022,56,11
2026-01-01,8,Nou Barris,45,Porta,161,8022,28,12
2026-01-01,8,Nou Barris,45,Porta,161,8023,45,1
2026-01-01,8,Nou Barris,45,Porta,161,8023,50,2
2026-01-01,8,Nou Barris,45,Porta,161,8023,71,3
2026-01-01,8,Nou Barris,45,Porta,161,8023,21,4
2026-01-01,8,Nou Barris,45,Porta,161,8023,80,5
2026-01-01,8,Nou Barris,45,Porta,161,8023,25,6
2026-01-01,8,Nou Barris,45,Porta,161,8023,34,7
2026-01-01,8,Nou Barris,45,Porta,161,8023,117,8
2026-01-01,8,Nou Barris,45,Porta,161,8023,8,9
2026-01-01,8,Nou Barris,45,Porta,161,8023,7,10
2026-01-01,8,Nou Barris,45,Porta,161,8023,81,11
2026-01-01,8,Nou Barris,45,Porta,161,8023,47,12
2026-01-01,8,Nou Barris,45,Porta,161,8024,42,1
2026-01-01,8,Nou Barris,45,Porta,161,8024,50,2
2026-01-01,8,Nou Barris,45,Porta,161,8024,70,3
2026-01-01,8,Nou Barris,45,Porta,161,8024,27,4
2026-01-01,8,Nou Barris,45,Porta,161,8024,68,5
2026-01-01,8,Nou Barris,45,Porta,161,8024,56,6
2026-01-01,8,Nou Barris,45,Porta,161,8024,30,7
2026-01-01,8,Nou Barris,45,Porta,161,8024,105,8
2026-01-01,8,Nou Barris,45,Porta,161,8024,13,9
2026-01-01,8,Nou Barris,45,Porta,161,8024,67,11
2026-01-01,8,Nou Barris,45,Porta,161,8024,46,12
2026-01-01,8,Nou Barris,45,Porta,161,8025,52,1
2026-01-01,8,Nou Barris,45,Porta,161,8025,37,2
2026-01-01,8,Nou Barris,45,Porta,161,8025,73,3
2026-01-01,8,Nou Barris,45,Porta,161,8025,17,4
2026-01-01,8,Nou Barris,45,Porta,161,8025,70,5
2026-01-01,8,Nou Barris,45,Porta,161,8025,28,6
2026-01-01,8,Nou Barris,45,Porta,161,8025,23,7
2026-01-01,8,Nou Barris,45,Porta,161,8025,112,8
2026-01-01,8,Nou Barris,45,Porta,161,8025,18,9
2026-01-01,8,Nou Barris,45,Porta,161,8025,1,10
2026-01-01,8,Nou Barris,45,Porta,161,8025,50,11
2026-01-01,8,Nou Barris,45,Porta,161,8025,50,12
2026-01-01,8,Nou Barris,45,Porta,161,8026,41,1
2026-01-01,8,Nou Barris,45,Porta,161,8026,37,2
2026-01-01,8,Nou Barris,45,Porta,161,8026,54,3
2026-01-01,8,Nou Barris,45,Porta,161,8026,26,4
2026-01-01,8,Nou Barris,45,Porta,161,8026,82,5
2026-01-01,8,Nou Barris,45,Porta,161,8026,49,6
2026-01-01,8,Nou Barris,45,Porta,161,8026,42,7
2026-01-01,8,Nou Barris,45,Porta,161,8026,103,8
2026-01-01,8,Nou Barris,45,Porta,161,8026,12,9
2026-01-01,8,Nou Barris,45,Porta,161,8026,1,10
2026-01-01,8,Nou Barris,45,Porta,161,8026,66,11
2026-01-01,8,Nou Barris,45,Porta,161,8026,57,12
2026-01-01,8,Nou Barris,45,Porta,162,8027,54,1
2026-01-01,8,Nou Barris,45,Porta,162,8027,44,2
2026-01-01,8,Nou Barris,45,Porta,162,8027,58,3
2026-01-01,8,Nou Barris,45,Porta,162,8027,20,4
2026-01-01,8,Nou Barris,45,Porta,162,8027,68,5
2026-01-01,8,Nou Barris,45,Porta,162,8027,78,6
2026-01-01,8,Nou Barris,45,Porta,162,8027,39,7
2026-01-01,8,Nou Barris,45,Porta,162,8027,98,8
2026-01-01,8,Nou Barris,45,Porta,162,8027,7,9
2026-01-01,8,Nou Barris,45,Porta,162,8027,4,10
2026-01-01,8,Nou Barris,45,Porta,162,8027,95,11
2026-01-01,8,Nou Barris,45,Porta,162,8027,39,12
2026-01-01,8,Nou Barris,45,Porta,162,8028,32,1
2026-01-01,8,Nou Barris,45,Porta,162,8028,35,2
2026-01-01,8,Nou Barris,45,Porta,162,8028,60,3
2026-01-01,8,Nou Barris,45,Porta,162,8028,12,4
2026-01-01,8,Nou Barris,45,Porta,162,8028,43,5
2026-01-01,8,Nou Barris,45,Porta,162,8028,69,6
2026-01-01,8,Nou Barris,45,Porta,162,8028,40,7
2026-01-01,8,Nou Barris,45,Porta,162,8028,79,8
2026-01-01,8,Nou Barris,45,Porta,162,8028,17,9
2026-01-01,8,Nou Barris,45,Porta,162,8028,3,10
2026-01-01,8,Nou Barris,45,Porta,162,8028,44,11
2026-01-01,8,Nou Barris,45,Porta,162,8028,29,12
2026-01-01,8,Nou Barris,45,Porta,162,8029,66,1
2026-01-01,8,Nou Barris,45,Porta,162,8029,76,2
2026-01-01,8,Nou Barris,45,Porta,162,8029,69,3
2026-01-01,8,Nou Barris,45,Porta,162,8029,36,4
2026-01-01,8,Nou Barris,45,Porta,162,8029,67,5
2026-01-01,8,Nou Barris,45,Porta,162,8029,31,6
2026-01-01,8,Nou Barris,45,Porta,162,8029,41,7
2026-01-01,8,Nou Barris,45,Porta,162,8029,118,8
2026-01-01,8,Nou Barris,45,Porta,162,8029,25,9
2026-01-01,8,Nou Barris,45,Porta,162,8029,3,10
2026-01-01,8,Nou Barris,45,Porta,162,8029,53,11
2026-01-01,8,Nou Barris,45,Porta,162,8029,58,12
2026-01-01,8,Nou Barris,45,Porta,162,8030,39,1
2026-01-01,8,Nou Barris,45,Porta,162,8030,39,2
2026-01-01,8,Nou Barris,45,Porta,162,8030,58,3
2026-01-01,8,Nou Barris,45,Porta,162,8030,19,4
2026-01-01,8,Nou Barris,45,Porta,162,8030,76,5
2026-01-01,8,Nou Barris,45,Porta,162,8030,52,6
2026-01-01,8,Nou Barris,45,Porta,162,8030,36,7
2026-01-01,8,Nou Barris,45,Porta,162,8030,125,8
2026-01-01,8,Nou Barris,45,Porta,162,8030,19,9
2026-01-01,8,Nou Barris,45,Porta,162,8030,3,10
2026-01-01,8,Nou Barris,45,Porta,162,8030,72,11
2026-01-01,8,Nou Barris,45,Porta,162,8030,53,12
2026-01-01,8,Nou Barris,45,Porta,163,8031,35,1
2026-01-01,8,Nou Barris,45,Porta,163,8031,40,2
2026-01-01,8,Nou Barris,45,Porta,163,8031,79,3
2026-01-01,8,Nou Barris,45,Porta,163,8031,21,4
2026-01-01,8,Nou Barris,45,Porta,163,8031,52,5
2026-01-01,8,Nou Barris,45,Porta,163,8031,74,6
2026-01-01,8,Nou Barris,45,Porta,163,8031,33,7
2026-01-01,8,Nou Barris,45,Porta,163,8031,104,8
2026-01-01,8,Nou Barris,45,Porta,163,8031,16,9
2026-01-01,8,Nou Barris,45,Porta,163,8031,50,11
2026-01-01,8,Nou Barris,45,Porta,163,8031,42,12
2026-01-01,8,Nou Barris,45,Porta,163,8032,28,1
2026-01-01,8,Nou Barris,45,Porta,163,8032,22,2
2026-01-01,8,Nou Barris,45,Porta,163,8032,61,3
2026-01-01,8,Nou Barris,45,Porta,163,8032,18,4
2026-01-01,8,Nou Barris,45,Porta,163,8032,59,5
2026-01-01,8,Nou Barris,45,Porta,163,8032,73,6
2026-01-01,8,Nou Barris,45,Porta,163,8032,39,7
2026-01-01,8,Nou Barris,45,Porta,163,8032,114,8
2026-01-01,8,Nou Barris,45,Porta,163,8032,7,9
2026-01-01,8,Nou Barris,45,Porta,163,8032,3,10
2026-01-01,8,Nou Barris,45,Porta,163,8032,54,11
2026-01-01,8,Nou Barris,45,Porta,163,8032,35,12
2026-01-01,8,Nou Barris,45,Porta,163,8033,57,1
2026-01-01,8,Nou Barris,45,Porta,163,8033,34,2
2026-01-01,8,Nou Barris,45,Porta,163,8033,71,3
2026-01-01,8,Nou Barris,45,Porta,163,8033,22,4
2026-01-01,8,Nou Barris,45,Porta,163,8033,68,5
2026-01-01,8,Nou Barris,45,Porta,163,8033,55,6
2026-01-01,8,Nou Barris,45,Porta,163,8033,34,7
2026-01-01,8,Nou Barris,45,Porta,163,8033,115,8
2026-01-01,8,Nou Barris,45,Porta,163,8033,16,9
2026-01-01,8,Nou Barris,45,Porta,163,8033,72,11
2026-01-01,8,Nou Barris,45,Porta,163,8033,54,12
2026-01-01,8,Nou Barris,45,Porta,163,8034,45,1
2026-01-01,8,Nou Barris,45,Porta,163,8034,43,2
2026-01-01,8,Nou Barris,45,Porta,163,8034,83,3
2026-01-01,8,Nou Barris,45,Porta,163,8034,16,4
2026-01-01,8,Nou Barris,45,Porta,163,8034,59,5
2026-01-01,8,Nou Barris,45,Porta,163,8034,35,6
2026-01-01,8,Nou Barris,45,Porta,163,8034,27,7
2026-01-01,8,Nou Barris,45,Porta,163,8034,100,8
2026-01-01,8,Nou Barris,45,Porta,163,8034,17,9
2026-01-01,8,Nou Barris,45,Porta,163,8034,1,10
2026-01-01,8,Nou Barris,45,Porta,163,8034,45,11
2026-01-01,8,Nou Barris,45,Porta,163,8034,55,12
2026-01-01,8,Nou Barris,45,Porta,163,8035,65,1
2026-01-01,8,Nou Barris,45,Porta,163,8035,67,2
2026-01-01,8,Nou Barris,45,Porta,163,8035,83,3
2026-01-01,8,Nou Barris,45,Porta,163,8035,29,4
2026-01-01,8,Nou Barris,45,Porta,163,8035,76,5
2026-01-01,8,Nou Barris,45,Porta,163,8035,66,6
2026-01-01,8,Nou Barris,45,Porta,163,8035,45,7
2026-01-01,8,Nou Barris,45,Porta,163,8035,98,8
2026-01-01,8,Nou Barris,45,Porta,163,8035,7,9
2026-01-01,8,Nou Barris,45,Porta,163,8035,4,10
2026-01-01,8,Nou Barris,45,Porta,163,8035,65,11
2026-01-01,8,Nou Barris,45,Porta,163,8035,41,12
2026-01-01,8,Nou Barris,45,Porta,163,8036,71,1
2026-01-01,8,Nou Barris,45,Porta,163,8036,53,2
2026-01-01,8,Nou Barris,45,Porta,163,8036,70,3
2026-01-01,8,Nou Barris,45,Porta,163,8036,19,4
2026-01-01,8,Nou Barris,45,Porta,163,8036,98,5
2026-01-01,8,Nou Barris,45,Porta,163,8036,54,6
2026-01-01,8,Nou Barris,45,Porta,163,8036,41,7
2026-01-01,8,Nou Barris,45,Porta,163,8036,121,8
2026-01-01,8,Nou Barris,45,Porta,163,8036,16,9
2026-01-01,8,Nou Barris,45,Porta,163,8036,48,11
2026-01-01,8,Nou Barris,45,Porta,163,8036,63,12
2026-01-01,8,Nou Barris,45,Porta,163,8037,48,1
2026-01-01,8,Nou Barris,45,Porta,163,8037,42,2
2026-01-01,8,Nou Barris,45,Porta,163,8037,76,3
2026-01-01,8,Nou Barris,45,Porta,163,8037,27,4
2026-01-01,8,Nou Barris,45,Porta,163,8037,89,5
2026-01-01,8,Nou Barris,45,Porta,163,8037,62,6
2026-01-01,8,Nou Barris,45,Porta,163,8037,40,7
2026-01-01,8,Nou Barris,45,Porta,163,8037,129,8
2026-01-01,8,Nou Barris,45,Porta,163,8037,17,9
2026-01-01,8,Nou Barris,45,Porta,163,8037,2,10
2026-01-01,8,Nou Barris,45,Porta,163,8037,61,11
2026-01-01,8,Nou Barris,45,Porta,163,8037,63,12
2026-01-01,8,Nou Barris,46,el Turó de la Peira,164,8038,44,1
2026-01-01,8,Nou Barris,46,el Turó de la Peira,164,8038,51,2
2026-01-01,8,Nou Barris,46,el Turó de la Peira,164,8038,59,3
2026-01-01,8,Nou Barris,46,el Turó de la Peira,164,8038,22,4
2026-01-01,8,Nou Barris,46,el Turó de la Peira,164,8038,80,5
2026-01-01,8,Nou Barris,46,el Turó de la Peira,164,8038,33,6
2026-01-01,8,Nou Barris,46,el Turó de la Peira,164,8038,45,7
2026-01-01,8,Nou Barris,46,el Turó de la Peira,164,8038,126,8
2026-01-01,8,Nou Barris,46,el Turó de la Peira,164,8038,20,9
2026-01-01,8,Nou Barris,46,el Turó de la Peira,164,8038,1,10
2026-01-01,8,Nou Barris,46,el Turó de la Peira,164,8038,80,11
2026-01-01,8,Nou Barris,46,el Turó de la Peira,164,8038,73,12
2026-01-01,8,Nou Barris,46,el Turó de la Peira,164,8039,43,1
2026-01-01,8,Nou Barris,46,el Turó de la Peira,164,8039,56,2
2026-01-01,8,Nou Barris,46,el Turó de la Peira,164,8039,78,3
2026-01-01,8,Nou Barris,46,el Turó de la Peira,164,8039,22,4
2026-01-01,8,Nou Barris,46,el Turó de la Peira,164,8039,85,5
2026-01-01,8,Nou Barris,46,el Turó de la Peira,164,8039,58,6
2026-01-01,8,Nou Barris,46,el Turó de la Peira,164,8039,44,7
2026-01-01,8,Nou Barris,46,el Turó de la Peira,164,8039,116,8
2026-01-01,8,Nou Barris,46,el Turó de la Peira,164,8039,23,9
2026-01-01,8,Nou Barris,46,el Turó de la Peira,164,8039,4,10
2026-01-01,8,Nou Barris,46,el Turó de la Peira,164,8039,76,11
2026-01-01,8,Nou Barris,46,el Turó de la Peira,164,8039,63,12
2026-01-01,8,Nou Barris,46,el Turó de la Peira,164,8040,74,1
2026-01-01,8,Nou Barris,46,el Turó de la Peira,164,8040,70,2
2026-01-01,8,Nou Barris,46,el Turó de la Peira,164,8040,57,3
2026-01-01,8,Nou Barris,46,el Turó de la Peira,164,8040,18,4
2026-01-01,8,Nou Barris,46,el Turó de la Peira,164,8040,108,5
2026-01-01,8,Nou Barris,46,el Turó de la Peira,164,8040,45,6
2026-01-01,8,Nou Barris,46,el Turó de la Peira,164,8040,47,7
2026-01-01,8,Nou Barris,46,el Turó de la Peira,164,8040,137,8
2026-01-01,8,Nou Barris,46,el Turó de la Peira,164,8040,29,9
2026-01-01,8,Nou Barris,46,el Turó de la Peira,164,8040,4,10
2026-01-01,8,Nou Barris,46,el Turó de la Peira,164,8040,110,11
2026-01-01,8,Nou Barris,46,el Turó de la Peira,164,8040,79,12
2026-01-01,8,Nou Barris,46,el Turó de la Peira,164,8041,59,1
2026-01-01,8,Nou Barris,46,el Turó de la Peira,164,8041,72,2
2026-01-01,8,Nou Barris,46,el Turó de la Peira,164,8041,60,3
2026-01-01,8,Nou Barris,46,el Turó de la Peira,164,8041,34,4
2026-01-01,8,Nou Barris,46,el Turó de la Peira,164,8041,120,5
2026-01-01,8,Nou Barris,46,el Turó de la Peira,164,8041,36,6
2026-01-01,8,Nou Barris,46,el Turó de la Peira,164,8041,39,7
2026-01-01,8,Nou Barris,46,el Turó de la Peira,164,8041,171,8
2026-01-01,8,Nou Barris,46,el Turó de la Peira,164,8041,35,9
2026-01-01,8,Nou Barris,46,el Turó de la Peira,164,8041,5,10
2026-01-01,8,Nou Barris,46,el Turó de la Peira,164,8041,123,11
2026-01-01,8,Nou Barris,46,el Turó de la Peira,164,8041,151,12
2026-01-01,8,Nou Barris,46,el Turó de la Peira,164,8042,36,1
2026-01-01,8,Nou Barris,46,el Turó de la Peira,164,8042,35,2
2026-01-01,8,Nou Barris,46,el Turó de la Peira,164,8042,71,3
2026-01-01,8,Nou Barris,46,el Turó de la Peira,164,8042,23,4
2026-01-01,8,Nou Barris,46,el Turó de la Peira,164,8042,46,5
2026-01-01,8,Nou Barris,46,el Turó de la Peira,164,8042,67,6
2026-01-01,8,Nou Barris,46,el Turó de la Peira,164,8042,33,7
2026-01-01,8,Nou Barris,46,el Turó de la Peira,164,8042,117,8
2026-01-01,8,Nou Barris,46,el Turó de la Peira,164,8042,5,9
2026-01-01,8,Nou Barris,46,el Turó de la Peira,164,8042,3,10
2026-01-01,8,Nou Barris,46,el Turó de la Peira,164,8042,52,11
2026-01-01,8,Nou Barris,46,el Turó de la Peira,164,8042,42,12
2026-01-01,8,Nou Barris,46,el Turó de la Peira,164,8043,37,1
2026-01-01,8,Nou Barris,46,el Turó de la Peira,164,8043,49,2
2026-01-01,8,Nou Barris,46,el Turó de la Peira,164,8043,64,3
2026-01-01,8,Nou Barris,46,el Turó de la Peira,164,8043,29,4
2026-01-01,8,Nou Barris,46,el Turó de la Peira,164,8043,62,5
2026-01-01,8,Nou Barris,46,el Turó de la Peira,164,8043,48,6
2026-01-01,8,Nou Barris,46,el Turó de la Peira,164,8043,51,7
2026-01-01,8,Nou Barris,46,el Turó de la Peira,164,8043,77,8
2026-01-01,8,Nou Barris,46,el Turó de la Peira,164,8043,14,9
2026-01-01,8,Nou Barris,46,el Turó de la Peira,164,8043,1,10
2026-01-01,8,Nou Barris,46,el Turó de la Peira,164,8043,54,11
2026-01-01,8,Nou Barris,46,el Turó de la Peira,164,8043,22,12
2026-01-01,8,Nou Barris,46,el Turó de la Peira,165,8044,46,1
2026-01-01,8,Nou Barris,46,el Turó de la Peira,165,8044,46,2
2026-01-01,8,Nou Barris,46,el Turó de la Peira,165,8044,70,3
2026-01-01,8,Nou Barris,46,el Turó de la Peira,165,8044,15,4
2026-01-01,8,Nou Barris,46,el Turó de la Peira,165,8044,81,5
2026-01-01,8,Nou Barris,46,el Turó de la Peira,165,8044,28,6
2026-01-01,8,Nou Barris,46,el Turó de la Peira,165,8044,26,7
2026-01-01,8,Nou Barris,46,el Turó de la Peira,165,8044,93,8
2026-01-01,8,Nou Barris,46,el Turó de la Peira,165,8044,20,9
2026-01-01,8,Nou Barris,46,el Turó de la Peira,165,8044,1,10
2026-01-01,8,Nou Barris,46,el Turó de la Peira,165,8044,61,11
2026-01-01,8,Nou Barris,46,el Turó de la Peira,165,8044,64,12
2026-01-01,8,Nou Barris,46,el Turó de la Peira,165,8045,57,1
2026-01-01,8,Nou Barris,46,el Turó de la Peira,165,8045,54,2
2026-01-01,8,Nou Barris,46,el Turó de la Peira,165,8045,62,3
2026-01-01,8,Nou Barris,46,el Turó de la Peira,165,8045,32,4
2026-01-01,8,Nou Barris,46,el Turó de la Peira,165,8045,73,5
2026-01-01,8,Nou Barris,46,el Turó de la Peira,165,8045,51,6
2026-01-01,8,Nou Barris,46,el Turó de la Peira,165,8045,37,7
2026-01-01,8,Nou Barris,46,el Turó de la Peira,165,8045,129,8
2026-01-01,8,Nou Barris,46,el Turó de la Peira,165,8045,13,9
2026-01-01,8,Nou Barris,46,el Turó de la Peira,165,8045,1,10
2026-01-01,8,Nou Barris,46,el Turó de la Peira,165,8045,86,11
2026-01-01,8,Nou Barris,46,el Turó de la Peira,165,8045,90,12
2026-01-01,8,Nou Barris,46,el Turó de la Peira,165,8046,56,1
2026-01-01,8,Nou Barris,46,el Turó de la Peira,165,8046,44,2
2026-01-01,8,Nou Barris,46,el Turó de la Peira,165,8046,67,3
2026-01-01,8,Nou Barris,46,el Turó de la Peira,165,8046,21,4
2026-01-01,8,Nou Barris,46,el Turó de la Peira,165,8046,93,5
2026-01-01,8,Nou Barris,46,el Turó de la Peira,165,8046,47,6
2026-01-01,8,Nou Barris,46,el Turó de la Peira,165,8046,44,7
2026-01-01,8,Nou Barris,46,el Turó de la Peira,165,8046,97,8
2026-01-01,8,Nou Barris,46,el Turó de la Peira,165,8046,15,9
2026-01-01,8,Nou Barris,46,el Turó de la Peira,165,8046,5,10
2026-01-01,8,Nou Barris,46,el Turó de la Peira,165,8046,61,11
2026-01-01,8,Nou Barris,46,el Turó de la Peira,165,8046,82,12
2026-01-01,8,Nou Barris,46,el Turó de la Peira,165,8047,52,1
2026-01-01,8,Nou Barris,46,el Turó de la Peira,165,8047,48,2
2026-01-01,8,Nou Barris,46,el Turó de la Peira,165,8047,48,3
2026-01-01,8,Nou Barris,46,el Turó de la Peira,165,8047,23,4
2026-01-01,8,Nou Barris,46,el Turó de la Peira,165,8047,80,5
2026-01-01,8,Nou Barris,46,el Turó de la Peira,165,8047,19,6
2026-01-01,8,Nou Barris,46,el Turó de la Peira,165,8047,35,7
2026-01-01,8,Nou Barris,46,el Turó de la Peira,165,8047,113,8
2026-01-01,8,Nou Barris,46,el Turó de la Peira,165,8047,22,9
2026-01-01,8,Nou Barris,46,el Turó de la Peira,165,8047,3,10
2026-01-01,8,Nou Barris,46,el Turó de la Peira,165,8047,77,11
2026-01-01,8,Nou Barris,46,el Turó de la Peira,165,8047,97,12
2026-01-01,8,Nou Barris,47,Can Peguera,166,8048,26,1
2026-01-01,8,Nou Barris,47,Can Peguera,166,8048,38,2
2026-01-01,8,Nou Barris,47,Can Peguera,166,8048,36,3
2026-01-01,8,Nou Barris,47,Can Peguera,166,8048,22,4
2026-01-01,8,Nou Barris,47,Can Peguera,166,8048,39,5
2026-01-01,8,Nou Barris,47,Can Peguera,166,8048,22,6
2026-01-01,8,Nou Barris,47,Can Peguera,166,8048,49,7
2026-01-01,8,Nou Barris,47,Can Peguera,166,8048,67,8
2026-01-01,8,Nou Barris,47,Can Peguera,166,8048,18,9
2026-01-01,8,Nou Barris,47,Can Peguera,166,8048,40,11
2026-01-01,8,Nou Barris,47,Can Peguera,166,8048,30,12
2026-01-01,8,Nou Barris,47,Can Peguera,166,8049,63,1
2026-01-01,8,Nou Barris,47,Can Peguera,166,8049,63,2
2026-01-01,8,Nou Barris,47,Can Peguera,166,8049,66,3
2026-01-01,8,Nou Barris,47,Can Peguera,166,8049,24,4
2026-01-01,8,Nou Barris,47,Can Peguera,166,8049,53,5
2026-01-01,8,Nou Barris,47,Can Peguera,166,8049,22,6
2026-01-01,8,Nou Barris,47,Can Peguera,166,8049,42,7
2026-01-01,8,Nou Barris,47,Can Peguera,166,8049,90,8
2026-01-01,8,Nou Barris,47,Can Peguera,166,8049,23,9
2026-01-01,8,Nou Barris,47,Can Peguera,166,8049,2,10
2026-01-01,8,Nou Barris,47,Can Peguera,166,8049,52,11
2026-01-01,8,Nou Barris,47,Can Peguera,166,8049,29,12
2026-01-01,8,Nou Barris,48,la Guineueta,167,8050,17,1
2026-01-01,8,Nou Barris,48,la Guineueta,167,8050,20,2
2026-01-01,8,Nou Barris,48,la Guineueta,167,8050,87,3
2026-01-01,8,Nou Barris,48,la Guineueta,167,8050,21,4
2026-01-01,8,Nou Barris,48,la Guineueta,167,8050,43,5
2026-01-01,8,Nou Barris,48,la Guineueta,167,8050,110,6
2026-01-01,8,Nou Barris,48,la Guineueta,167,8050,39,7
2026-01-01,8,Nou Barris,48,la Guineueta,167,8050,101,8
2026-01-01,8,Nou Barris,48,la Guineueta,167,8050,11,9
2026-01-01,8,Nou Barris,48,la Guineueta,167,8050,1,10
2026-01-01,8,Nou Barris,48,la Guineueta,167,8050,78,11
2026-01-01,8,Nou Barris,48,la Guineueta,167,8050,37,12
2026-01-01,8,Nou Barris,48,la Guineueta,167,8051,29,1
2026-01-01,8,Nou Barris,48,la Guineueta,167,8051,28,2
2026-01-01,8,Nou Barris,48,la Guineueta,167,8051,61,3
2026-01-01,8,Nou Barris,48,la Guineueta,167,8051,16,4
2026-01-01,8,Nou Barris,48,la Guineueta,167,8051,57,5
2026-01-01,8,Nou Barris,48,la Guineueta,167,8051,50,6
2026-01-01,8,Nou Barris,48,la Guineueta,167,8051,24,7
2026-01-01,8,Nou Barris,48,la Guineueta,167,8051,96,8
2026-01-01,8,Nou Barris,48,la Guineueta,167,8051,10,9
2026-01-01,8,Nou Barris,48,la Guineueta,167,8051,4,10
2026-01-01,8,Nou Barris,48,la Guineueta,167,8051,81,11
2026-01-01,8,Nou Barris,48,la Guineueta,167,8051,58,12
2026-01-01,8,Nou Barris,48,la Guineueta,167,8052,23,1
2026-01-01,8,Nou Barris,48,la Guineueta,167,8052,23,2
2026-01-01,8,Nou Barris,48,la Guineueta,167,8052,58,3
2026-01-01,8,Nou Barris,48,la Guineueta,167,8052,15,4
2026-01-01,8,Nou Barris,48,la Guineueta,167,8052,40,5
2026-01-01,8,Nou Barris,48,la Guineueta,167,8052,40,6
2026-01-01,8,Nou Barris,48,la Guineueta,167,8052,28,7
2026-01-01,8,Nou Barris,48,la Guineueta,167,8052,72,8
2026-01-01,8,Nou Barris,48,la Guineueta,167,8052,9,9
2026-01-01,8,Nou Barris,48,la Guineueta,167,8052,2,10
2026-01-01,8,Nou Barris,48,la Guineueta,167,8052,47,11
2026-01-01,8,Nou Barris,48,la Guineueta,167,8052,28,12
2026-01-01,8,Nou Barris,48,la Guineueta,167,8053,17,1
2026-01-01,8,Nou Barris,48,la Guineueta,167,8053,30,2
2026-01-01,8,Nou Barris,48,la Guineueta,167,8053,77,3
2026-01-01,8,Nou Barris,48,la Guineueta,167,8053,18,4
2026-01-01,8,Nou Barris,48,la Guineueta,167,8053,32,5
2026-01-01,8,Nou Barris,48,la Guineueta,167,8053,70,6
2026-01-01,8,Nou Barris,48,la Guineueta,167,8053,30,7
2026-01-01,8,Nou Barris,48,la Guineueta,167,8053,92,8
2026-01-01,8,Nou Barris,48,la Guineueta,167,8053,4,9
2026-01-01,8,Nou Barris,48,la Guineueta,167,8053,3,10
2026-01-01,8,Nou Barris,48,la Guineueta,167,8053,60,11
2026-01-01,8,Nou Barris,48,la Guineueta,167,8053,30,12
2026-01-01,8,Nou Barris,48,la Guineueta,167,8054,42,1
2026-01-01,8,Nou Barris,48,la Guineueta,167,8054,39,2
2026-01-01,8,Nou Barris,48,la Guineueta,167,8054,114,3
2026-01-01,8,Nou Barris,48,la Guineueta,167,8054,28,4
2026-01-01,8,Nou Barris,48,la Guineueta,167,8054,79,5
2026-01-01,8,Nou Barris,48,la Guineueta,167,8054,90,6
2026-01-01,8,Nou Barris,48,la Guineueta,167,8054,62,7
2026-01-01,8,Nou Barris,48,la Guineueta,167,8054,138,8
2026-01-01,8,Nou Barris,48,la Guineueta,167,8054,19,9
2026-01-01,8,Nou Barris,48,la Guineueta,167,8054,2,10
2026-01-01,8,Nou Barris,48,la Guineueta,167,8054,82,11
2026-01-01,8,Nou Barris,48,la Guineueta,167,8054,34,12
2026-01-01,8,Nou Barris,48,la Guineueta,167,8055,23,1
2026-01-01,8,Nou Barris,48,la Guineueta,167,8055,34,2
2026-01-01,8,Nou Barris,48,la Guineueta,167,8055,114,3
2026-01-01,8,Nou Barris,48,la Guineueta,167,8055,29,4
2026-01-01,8,Nou Barris,48,la Guineueta,167,8055,47,5
2026-01-01,8,Nou Barris,48,la Guineueta,167,8055,169,6
2026-01-01,8,Nou Barris,48,la Guineueta,167,8055,37,7
2026-01-01,8,Nou Barris,48,la Guineueta,167,8055,150,8
2026-01-01,8,Nou Barris,48,la Guineueta,167,8055,5,9
2026-01-01,8,Nou Barris,48,la Guineueta,167,8055,3,10
2026-01-01,8,Nou Barris,48,la Guineueta,167,8055,72,11
2026-01-01,8,Nou Barris,48,la Guineueta,167,8055,58,12
2026-01-01,8,Nou Barris,48,la Guineueta,167,8215,27,1
2026-01-01,8,Nou Barris,48,la Guineueta,167,8215,27,2
2026-01-01,8,Nou Barris,48,la Guineueta,167,8215,60,3
2026-01-01,8,Nou Barris,48,la Guineueta,167,8215,19,4
2026-01-01,8,Nou Barris,48,la Guineueta,167,8215,66,5
2026-01-01,8,Nou Barris,48,la Guineueta,167,8215,64,6
2026-01-01,8,Nou Barris,48,la Guineueta,167,8215,28,7
2026-01-01,8,Nou Barris,48,la Guineueta,167,8215,106,8
2026-01-01,8,Nou Barris,48,la Guineueta,167,8215,27,9
2026-01-01,8,Nou Barris,48,la Guineueta,167,8215,7,10
2026-01-01,8,Nou Barris,48,la Guineueta,167,8215,81,11
2026-01-01,8,Nou Barris,48,la Guineueta,167,8215,34,12
2026-01-01,8,Nou Barris,48,la Guineueta,168,8056,35,1
2026-01-01,8,Nou Barris,48,la Guineueta,168,8056,46,2
2026-01-01,8,Nou Barris,48,la Guineueta,168,8056,88,3
2026-01-01,8,Nou Barris,48,la Guineueta,168,8056,23,4
2026-01-01,8,Nou Barris,48,la Guineueta,168,8056,75,5
2026-01-01,8,Nou Barris,48,la Guineueta,168,8056,56,6
2026-01-01,8,Nou Barris,48,la Guineueta,168,8056,39,7
2026-01-01,8,Nou Barris,48,la Guineueta,168,8056,145,8
2026-01-01,8,Nou Barris,48,la Guineueta,168,8056,13,9
2026-01-01,8,Nou Barris,48,la Guineueta,168,8056,3,10
2026-01-01,8,Nou Barris,48,la Guineueta,168,8056,60,11
2026-01-01,8,Nou Barris,48,la Guineueta,168,8056,51,12
2026-01-01,8,Nou Barris,48,la Guineueta,168,8057,26,1
2026-01-01,8,Nou Barris,48,la Guineueta,168,8057,46,2
2026-01-01,8,Nou Barris,48,la Guineueta,168,8057,56,3
2026-01-01,8,Nou Barris,48,la Guineueta,168,8057,25,4
2026-01-01,8,Nou Barris,48,la Guineueta,168,8057,59,5
2026-01-01,8,Nou Barris,48,la Guineueta,168,8057,49,6
2026-01-01,8,Nou Barris,48,la Guineueta,168,8057,52,7
2026-01-01,8,Nou Barris,48,la Guineueta,168,8057,131,8
2026-01-01,8,Nou Barris,48,la Guineueta,168,8057,13,9
2026-01-01,8,Nou Barris,48,la Guineueta,168,8057,55,11
2026-01-01,8,Nou Barris,48,la Guineueta,168,8057,41,12
2026-01-01,8,Nou Barris,48,la Guineueta,168,8058,49,1
2026-01-01,8,Nou Barris,48,la Guineueta,168,8058,59,2
2026-01-01,8,Nou Barris,48,la Guineueta,168,8058,79,3
2026-01-01,8,Nou Barris,48,la Guineueta,168,8058,27,4
2026-01-01,8,Nou Barris,48,la Guineueta,168,8058,88,5
2026-01-01,8,Nou Barris,48,la Guineueta,168,8058,48,6
2026-01-01,8,Nou Barris,48,la Guineueta,168,8058,47,7
2026-01-01,8,Nou Barris,48,la Guineueta,168,8058,141,8
2026-01-01,8,Nou Barris,48,la Guineueta,168,8058,25,9
2026-01-01,8,Nou Barris,48,la Guineueta,168,8058,2,10
2026-01-01,8,Nou Barris,48,la Guineueta,168,8058,61,11
2026-01-01,8,Nou Barris,48,la Guineueta,168,8058,62,12
2026-01-01,8,Nou Barris,48,la Guineueta,168,8059,32,1
2026-01-01,8,Nou Barris,48,la Guineueta,168,8059,39,2
2026-01-01,8,Nou Barris,48,la Guineueta,168,8059,50,3
2026-01-01,8,Nou Barris,48,la Guineueta,168,8059,18,4
2026-01-01,8,Nou Barris,48,la Guineueta,168,8059,61,5
2026-01-01,8,Nou Barris,48,la Guineueta,168,8059,30,6
2026-01-01,8,Nou Barris,48,la Guineueta,168,8059,29,7
2026-01-01,8,Nou Barris,48,la Guineueta,168,8059,80,8
2026-01-01,8,Nou Barris,48,la Guineueta,168,8059,12,9
2026-01-01,8,Nou Barris,48,la Guineueta,168,8059,1,10
2026-01-01,8,Nou Barris,48,la Guineueta,168,8059,51,11
2026-01-01,8,Nou Barris,48,la Guineueta,168,8059,31,12
2026-01-01,8,Nou Barris,49,Canyelles,169,8060,20,1
2026-01-01,8,Nou Barris,49,Canyelles,169,8060,26,2
2026-01-01,8,Nou Barris,49,Canyelles,169,8060,64,3
2026-01-01,8,Nou Barris,49,Canyelles,169,8060,15,4
2026-01-01,8,Nou Barris,49,Canyelles,169,8060,49,5
2026-01-01,8,Nou Barris,49,Canyelles,169,8060,87,6
2026-01-01,8,Nou Barris,49,Canyelles,169,8060,45,7
2026-01-01,8,Nou Barris,49,Canyelles,169,8060,100,8
2026-01-01,8,Nou Barris,49,Canyelles,169,8060,11,9
2026-01-01,8,Nou Barris,49,Canyelles,169,8060,1,10
2026-01-01,8,Nou Barris,49,Canyelles,169,8060,57,11
2026-01-01,8,Nou Barris,49,Canyelles,169,8060,33,12
2026-01-01,8,Nou Barris,49,Canyelles,169,8061,38,1
2026-01-01,8,Nou Barris,49,Canyelles,169,8061,39,2
2026-01-01,8,Nou Barris,49,Canyelles,169,8061,95,3
2026-01-01,8,Nou Barris,49,Canyelles,169,8061,53,4
2026-01-01,8,Nou Barris,49,Canyelles,169,8061,65,5
2026-01-01,8,Nou Barris,49,Canyelles,169,8061,69,6
2026-01-01,8,Nou Barris,49,Canyelles,169,8061,45,7
2026-01-01,8,Nou Barris,49,Canyelles,169,8061,159,8
2026-01-01,8,Nou Barris,49,Canyelles,169,8061,25,9
2026-01-01,8,Nou Barris,49,Canyelles,169,8061,9,10
2026-01-01,8,Nou Barris,49,Canyelles,169,8061,70,11
2026-01-01,8,Nou Barris,49,Canyelles,169,8061,39,12
2026-01-01,8,Nou Barris,49,Canyelles,169,8062,12,1
2026-01-01,8,Nou Barris,49,Canyelles,169,8062,23,2
2026-01-01,8,Nou Barris,49,Canyelles,169,8062,60,3
2026-01-01,8,Nou Barris,49,Canyelles,169,8062,16,4
2026-01-01,8,Nou Barris,49,Canyelles,169,8062,59,5
2026-01-01,8,Nou Barris,49,Canyelles,169,8062,88,6
2026-01-01,8,Nou Barris,49,Canyelles,169,8062,31,7
2026-01-01,8,Nou Barris,49,Canyelles,169,8062,106,8
2026-01-01,8,Nou Barris,49,Canyelles,169,8062,8,9
2026-01-01,8,Nou Barris,49,Canyelles,169,8062,2,10
2026-01-01,8,Nou Barris,49,Canyelles,169,8062,34,11
2026-01-01,8,Nou Barris,49,Canyelles,169,8062,32,12
2026-01-01,8,Nou Barris,49,Canyelles,169,8063,18,1
2026-01-01,8,Nou Barris,49,Canyelles,169,8063,18,2
2026-01-01,8,Nou Barris,49,Canyelles,169,8063,70,3
2026-01-01,8,Nou Barris,49,Canyelles,169,8063,25,4
2026-01-01,8,Nou Barris,49,Canyelles,169,8063,26,5
2026-01-01,8,Nou Barris,49,Canyelles,169,8063,101,6
2026-01-01,8,Nou Barris,49,Canyelles,169,8063,35,7
2026-01-01,8,Nou Barris,49,Canyelles,169,8063,94,8
2026-01-01,8,Nou Barris,49,Canyelles,169,8063,3,9
2026-01-01,8,Nou Barris,49,Canyelles,169,8063,2,10
2026-01-01,8,Nou Barris,49,Canyelles,169,8063,38,11
2026-01-01,8,Nou Barris,49,Canyelles,169,8063,26,12
2026-01-01,8,Nou Barris,49,Canyelles,169,8064,43,1
2026-01-01,8,Nou Barris,49,Canyelles,169,8064,45,2
2026-01-01,8,Nou Barris,49,Canyelles,169,8064,80,3
2026-01-01,8,Nou Barris,49,Canyelles,169,8064,28,4
2026-01-01,8,Nou Barris,49,Canyelles,169,8064,81,5
2026-01-01,8,Nou Barris,49,Canyelles,169,8064,69,6
2026-01-01,8,Nou Barris,49,Canyelles,169,8064,58,7
2026-01-01,8,Nou Barris,49,Canyelles,169,8064,142,8
2026-01-01,8,Nou Barris,49,Canyelles,169,8064,17,9
2026-01-01,8,Nou Barris,49,Canyelles,169,8064,4,10
2026-01-01,8,Nou Barris,49,Canyelles,169,8064,88,11
2026-01-01,8,Nou Barris,49,Canyelles,169,8064,61,12
2026-01-01,8,Nou Barris,50,les Roquetes,170,8065,35,1
2026-01-01,8,Nou Barris,50,les Roquetes,170,8065,71,2
2026-01-01,8,Nou Barris,50,les Roquetes,170,8065,39,3
2026-01-01,8,Nou Barris,50,les Roquetes,170,8065,13,4
2026-01-01,8,Nou Barris,50,les Roquetes,170,8065,80,5
2026-01-01,8,Nou Barris,50,les Roquetes,170,8065,34,6
2026-01-01,8,Nou Barris,50,les Roquetes,170,8065,30,7
2026-01-01,8,Nou Barris,50,les Roquetes,170,8065,128,8
2026-01-01,8,Nou Barris,50,les Roquetes,170,8065,25,9
2026-01-01,8,Nou Barris,50,les Roquetes,170,8065,4,10
2026-01-01,8,Nou Barris,50,les Roquetes,170,8065,93,11
2026-01-01,8,Nou Barris,50,les Roquetes,170,8065,86,12
2026-01-01,8,Nou Barris,50,les Roquetes,170,8066,45,1
2026-01-01,8,Nou Barris,50,les Roquetes,170,8066,54,2
2026-01-01,8,Nou Barris,50,les Roquetes,170,8066,36,3
2026-01-01,8,Nou Barris,50,les Roquetes,170,8066,12,4
2026-01-01,8,Nou Barris,50,les Roquetes,170,8066,72,5
2026-01-01,8,Nou Barris,50,les Roquetes,170,8066,37,6
2026-01-01,8,Nou Barris,50,les Roquetes,170,8066,37,7
2026-01-01,8,Nou Barris,50,les Roquetes,170,8066,117,8
2026-01-01,8,Nou Barris,50,les Roquetes,170,8066,27,9
2026-01-01,8,Nou Barris,50,les Roquetes,170,8066,2,10
2026-01-01,8,Nou Barris,50,les Roquetes,170,8066,97,11
2026-01-01,8,Nou Barris,50,les Roquetes,170,8066,73,12
2026-01-01,8,Nou Barris,50,les Roquetes,170,8067,58,1
2026-01-01,8,Nou Barris,50,les Roquetes,170,8067,44,2
2026-01-01,8,Nou Barris,50,les Roquetes,170,8067,71,3
2026-01-01,8,Nou Barris,50,les Roquetes,170,8067,23,4
2026-01-01,8,Nou Barris,50,les Roquetes,170,8067,76,5
2026-01-01,8,Nou Barris,50,les Roquetes,170,8067,61,6
2026-01-01,8,Nou Barris,50,les Roquetes,170,8067,34,7
2026-01-01,8,Nou Barris,50,les Roquetes,170,8067,151,8
2026-01-01,8,Nou Barris,50,les Roquetes,170,8067,22,9
2026-01-01,8,Nou Barris,50,les Roquetes,170,8067,1,10
2026-01-01,8,Nou Barris,50,les Roquetes,170,8067,87,11
2026-01-01,8,Nou Barris,50,les Roquetes,170,8067,95,12
2026-01-01,8,Nou Barris,50,les Roquetes,170,8068,33,1
2026-01-01,8,Nou Barris,50,les Roquetes,170,8068,50,2
2026-01-01,8,Nou Barris,50,les Roquetes,170,8068,64,3
2026-01-01,8,Nou Barris,50,les Roquetes,170,8068,13,4
2026-01-01,8,Nou Barris,50,les Roquetes,170,8068,85,5
2026-01-01,8,Nou Barris,50,les Roquetes,170,8068,63,6
2026-01-01,8,Nou Barris,50,les Roquetes,170,8068,40,7
2026-01-01,8,Nou Barris,50,les Roquetes,170,8068,137,8
2026-01-01,8,Nou Barris,50,les Roquetes,170,8068,18,9
2026-01-01,8,Nou Barris,50,les Roquetes,170,8068,2,10
2026-01-01,8,Nou Barris,50,les Roquetes,170,8068,68,11
2026-01-01,8,Nou Barris,50,les Roquetes,170,8068,101,12
2026-01-01,8,Nou Barris,50,les Roquetes,170,8069,33,1
2026-01-01,8,Nou Barris,50,les Roquetes,170,8069,37,2
2026-01-01,8,Nou Barris,50,les Roquetes,170,8069,49,3
2026-01-01,8,Nou Barris,50,les Roquetes,170,8069,17,4
2026-01-01,8,Nou Barris,50,les Roquetes,170,8069,75,5
2026-01-01,8,Nou Barris,50,les Roquetes,170,8069,56,6
2026-01-01,8,Nou Barris,50,les Roquetes,170,8069,30,7
2026-01-01,8,Nou Barris,50,les Roquetes,170,8069,129,8
2026-01-01,8,Nou Barris,50,les Roquetes,170,8069,16,9
2026-01-01,8,Nou Barris,50,les Roquetes,170,8069,2,10
2026-01-01,8,Nou Barris,50,les Roquetes,170,8069,72,11
2026-01-01,8,Nou Barris,50,les Roquetes,170,8069,76,12
2026-01-01,8,Nou Barris,50,les Roquetes,171,8070,37,1
2026-01-01,8,Nou Barris,50,les Roquetes,171,8070,45,2
2026-01-01,8,Nou Barris,50,les Roquetes,171,8070,50,3
2026-01-01,8,Nou Barris,50,les Roquetes,171,8070,11,4
2026-01-01,8,Nou Barris,50,les Roquetes,171,8070,61,5
2026-01-01,8,Nou Barris,50,les Roquetes,171,8070,38,6
2026-01-01,8,Nou Barris,50,les Roquetes,171,8070,27,7
2026-01-01,8,Nou Barris,50,les Roquetes,171,8070,112,8
2026-01-01,8,Nou Barris,50,les Roquetes,171,8070,33,9
2026-01-01,8,Nou Barris,50,les Roquetes,171,8070,2,10
2026-01-01,8,Nou Barris,50,les Roquetes,171,8070,82,11
2026-01-01,8,Nou Barris,50,les Roquetes,171,8070,65,12
2026-01-01,8,Nou Barris,50,les Roquetes,171,8071,26,1
2026-01-01,8,Nou Barris,50,les Roquetes,171,8071,46,2
2026-01-01,8,Nou Barris,50,les Roquetes,171,8071,59,3
2026-01-01,8,Nou Barris,50,les Roquetes,171,8071,23,4
2026-01-01,8,Nou Barris,50,les Roquetes,171,8071,76,5
2026-01-01,8,Nou Barris,50,les Roquetes,171,8071,70,6
2026-01-01,8,Nou Barris,50,les Roquetes,171,8071,38,7
2026-01-01,8,Nou Barris,50,les Roquetes,171,8071,130,8
2026-01-01,8,Nou Barris,50,les Roquetes,171,8071,20,9
2026-01-01,8,Nou Barris,50,les Roquetes,171,8071,2,10
2026-01-01,8,Nou Barris,50,les Roquetes,171,8071,88,11
2026-01-01,8,Nou Barris,50,les Roquetes,171,8071,71,12
2026-01-01,8,Nou Barris,50,les Roquetes,171,8072,25,1
2026-01-01,8,Nou Barris,50,les Roquetes,171,8072,27,2
2026-01-01,8,Nou Barris,50,les Roquetes,171,8072,46,3
2026-01-01,8,Nou Barris,50,les Roquetes,171,8072,12,4
2026-01-01,8,Nou Barris,50,les Roquetes,171,8072,49,5
2026-01-01,8,Nou Barris,50,les Roquetes,171,8072,71,6
2026-01-01,8,Nou Barris,50,les Roquetes,171,8072,34,7
2026-01-01,8,Nou Barris,50,les Roquetes,171,8072,88,8
2026-01-01,8,Nou Barris,50,les Roquetes,171,8072,14,9
2026-01-01,8,Nou Barris,50,les Roquetes,171,8072,56,11
2026-01-01,8,Nou Barris,50,les Roquetes,171,8072,49,12
2026-01-01,8,Nou Barris,50,les Roquetes,171,8073,68,1
2026-01-01,8,Nou Barris,50,les Roquetes,171,8073,78,2
2026-01-01,8,Nou Barris,50,les Roquetes,171,8073,62,3
2026-01-01,8,Nou Barris,50,les Roquetes,171,8073,26,4
2026-01-01,8,Nou Barris,50,les Roquetes,171,8073,97,5
2026-01-01,8,Nou Barris,50,les Roquetes,171,8073,35,6
2026-01-01,8,Nou Barris,50,les Roquetes,171,8073,45,7
2026-01-01,8,Nou Barris,50,les Roquetes,171,8073,117,8
2026-01-01,8,Nou Barris,50,les Roquetes,171,8073,31,9
2026-01-01,8,Nou Barris,50,les Roquetes,171,8073,4,10
2026-01-01,8,Nou Barris,50,les Roquetes,171,8073,92,11
2026-01-01,8,Nou Barris,50,les Roquetes,171,8073,98,12
2026-01-01,8,Nou Barris,50,les Roquetes,171,8074,43,1
2026-01-01,8,Nou Barris,50,les Roquetes,171,8074,55,2
2026-01-01,8,Nou Barris,50,les Roquetes,171,8074,48,3
2026-01-01,8,Nou Barris,50,les Roquetes,171,8074,22,4
2026-01-01,8,Nou Barris,50,les Roquetes,171,8074,70,5
2026-01-01,8,Nou Barris,50,les Roquetes,171,8074,41,6
2026-01-01,8,Nou Barris,50,les Roquetes,171,8074,31,7
2026-01-01,8,Nou Barris,50,les Roquetes,171,8074,106,8
2026-01-01,8,Nou Barris,50,les Roquetes,171,8074,18,9
2026-01-01,8,Nou Barris,50,les Roquetes,171,8074,4,10
2026-01-01,8,Nou Barris,50,les Roquetes,171,8074,90,11
2026-01-01,8,Nou Barris,50,les Roquetes,171,8074,71,12
2026-01-01,8,Nou Barris,51,Verdun,172,8075,100,1
2026-01-01,8,Nou Barris,51,Verdun,172,8075,71,2
2026-01-01,8,Nou Barris,51,Verdun,172,8075,77,3
2026-01-01,8,Nou Barris,51,Verdun,172,8075,25,4
2026-01-01,8,Nou Barris,51,Verdun,172,8075,85,5
2026-01-01,8,Nou Barris,51,Verdun,172,8075,73,6
2026-01-01,8,Nou Barris,51,Verdun,172,8075,49,7
2026-01-01,8,Nou Barris,51,Verdun,172,8075,162,8
2026-01-01,8,Nou Barris,51,Verdun,172,8075,34,9
2026-01-01,8,Nou Barris,51,Verdun,172,8075,2,10
2026-01-01,8,Nou Barris,51,Verdun,172,8075,69,11
2026-01-01,8,Nou Barris,51,Verdun,172,8075,68,12
2026-01-01,8,Nou Barris,51,Verdun,172,8076,50,1
2026-01-01,8,Nou Barris,51,Verdun,172,8076,53,2
2026-01-01,8,Nou Barris,51,Verdun,172,8076,98,3
2026-01-01,8,Nou Barris,51,Verdun,172,8076,38,4
2026-01-01,8,Nou Barris,51,Verdun,172,8076,73,5
2026-01-01,8,Nou Barris,51,Verdun,172,8076,76,6
2026-01-01,8,Nou Barris,51,Verdun,172,8076,39,7
2026-01-01,8,Nou Barris,51,Verdun,172,8076,112,8
2026-01-01,8,Nou Barris,51,Verdun,172,8076,24,9
2026-01-01,8,Nou Barris,51,Verdun,172,8076,1,10
2026-01-01,8,Nou Barris,51,Verdun,172,8076,72,11
2026-01-01,8,Nou Barris,51,Verdun,172,8076,55,12
2026-01-01,8,Nou Barris,51,Verdun,172,8077,40,1
2026-01-01,8,Nou Barris,51,Verdun,172,8077,47,2
2026-01-01,8,Nou Barris,51,Verdun,172,8077,59,3
2026-01-01,8,Nou Barris,51,Verdun,172,8077,27,4
2026-01-01,8,Nou Barris,51,Verdun,172,8077,55,5
2026-01-01,8,Nou Barris,51,Verdun,172,8077,33,6
2026-01-01,8,Nou Barris,51,Verdun,172,8077,47,7
2026-01-01,8,Nou Barris,51,Verdun,172,8077,102,8
2026-01-01,8,Nou Barris,51,Verdun,172,8077,25,9
2026-01-01,8,Nou Barris,51,Verdun,172,8077,2,10
2026-01-01,8,Nou Barris,51,Verdun,172,8077,86,11
2026-01-01,8,Nou Barris,51,Verdun,172,8077,41,12
2026-01-01,8,Nou Barris,51,Verdun,173,8078,77,1
2026-01-01,8,Nou Barris,51,Verdun,173,8078,75,2
2026-01-01,8,Nou Barris,51,Verdun,173,8078,66,3
2026-01-01,8,Nou Barris,51,Verdun,173,8078,30,4
2026-01-01,8,Nou Barris,51,Verdun,173,8078,103,5
2026-01-01,8,Nou Barris,51,Verdun,173,8078,43,6
2026-01-01,8,Nou Barris,51,Verdun,173,8078,42,7
2026-01-01,8,Nou Barris,51,Verdun,173,8078,118,8
2026-01-01,8,Nou Barris,51,Verdun,173,8078,17,9
2026-01-01,8,Nou Barris,51,Verdun,173,8078,5,10
2026-01-01,8,Nou Barris,51,Verdun,173,8078,73,11
2026-01-01,8,Nou Barris,51,Verdun,173,8078,65,12
2026-01-01,8,Nou Barris,51,Verdun,173,8079,55,1
2026-01-01,8,Nou Barris,51,Verdun,173,8079,59,2
2026-01-01,8,Nou Barris,51,Verdun,173,8079,54,3
2026-01-01,8,Nou Barris,51,Verdun,173,8079,20,4
2026-01-01,8,Nou Barris,51,Verdun,173,8079,78,5
2026-01-01,8,Nou Barris,51,Verdun,173,8079,31,6
2026-01-01,8,Nou Barris,51,Verdun,173,8079,31,7
2026-01-01,8,Nou Barris,51,Verdun,173,8079,111,8
2026-01-01,8,Nou Barris,51,Verdun,173,8079,18,9
2026-01-01,8,Nou Barris,51,Verdun,173,8079,3,10
2026-01-01,8,Nou Barris,51,Verdun,173,8079,65,11
2026-01-01,8,Nou Barris,51,Verdun,173,8079,76,12
2026-01-01,8,Nou Barris,51,Verdun,173,8080,44,1
2026-01-01,8,Nou Barris,51,Verdun,173,8080,42,2
2026-01-01,8,Nou Barris,51,Verdun,173,8080,66,3
2026-01-01,8,Nou Barris,51,Verdun,173,8080,26,4
2026-01-01,8,Nou Barris,51,Verdun,173,8080,89,5
2026-01-01,8,Nou Barris,51,Verdun,173,8080,56,6
2026-01-01,8,Nou Barris,51,Verdun,173,8080,26,7
2026-01-01,8,Nou Barris,51,Verdun,173,8080,113,8
2026-01-01,8,Nou Barris,51,Verdun,173,8080,22,9
2026-01-01,8,Nou Barris,51,Verdun,173,8080,2,10
2026-01-01,8,Nou Barris,51,Verdun,173,8080,74,11
2026-01-01,8,Nou Barris,51,Verdun,173,8080,66,12
2026-01-01,8,Nou Barris,51,Verdun,173,8081,45,1
2026-01-01,8,Nou Barris,51,Verdun,173,8081,57,2
2026-01-01,8,Nou Barris,51,Verdun,173,8081,59,3
2026-01-01,8,Nou Barris,51,Verdun,173,8081,12,4
2026-01-01,8,Nou Barris,51,Verdun,173,8081,91,5
2026-01-01,8,Nou Barris,51,Verdun,173,8081,35,6
2026-01-01,8,Nou Barris,51,Verdun,173,8081,37,7
2026-01-01,8,Nou Barris,51,Verdun,173,8081,113,8
2026-01-01,8,Nou Barris,51,Verdun,173,8081,13,9
2026-01-01,8,Nou Barris,51,Verdun,173,8081,2,10
2026-01-01,8,Nou Barris,51,Verdun,173,8081,78,11
2026-01-01,8,Nou Barris,51,Verdun,173,8081,82,12
2026-01-01,8,Nou Barris,51,Verdun,173,8082,71,1
2026-01-01,8,Nou Barris,51,Verdun,173,8082,57,2
2026-01-01,8,Nou Barris,51,Verdun,173,8082,89,3
2026-01-01,8,Nou Barris,51,Verdun,173,8082,19,4
2026-01-01,8,Nou Barris,51,Verdun,173,8082,87,5
2026-01-01,8,Nou Barris,51,Verdun,173,8082,64,6
2026-01-01,8,Nou Barris,51,Verdun,173,8082,33,7
2026-01-01,8,Nou Barris,51,Verdun,173,8082,117,8
2026-01-01,8,Nou Barris,51,Verdun,173,8082,22,9
2026-01-01,8,Nou Barris,51,Verdun,173,8082,3,10
2026-01-01,8,Nou Barris,51,Verdun,173,8082,60,11
2026-01-01,8,Nou Barris,51,Verdun,173,8082,74,12
2026-01-01,8,Nou Barris,52,la Prosperitat,174,8083,39,1
2026-01-01,8,Nou Barris,52,la Prosperitat,174,8083,36,2
2026-01-01,8,Nou Barris,52,la Prosperitat,174,8083,65,3
2026-01-01,8,Nou Barris,52,la Prosperitat,174,8083,20,4
2026-01-01,8,Nou Barris,52,la Prosperitat,174,8083,56,5
2026-01-01,8,Nou Barris,52,la Prosperitat,174,8083,47,6
2026-01-01,8,Nou Barris,52,la Prosperitat,174,8083,22,7
2026-01-01,8,Nou Barris,52,la Prosperitat,174,8083,102,8
2026-01-01,8,Nou Barris,52,la Prosperitat,174,8083,17,9
2026-01-01,8,Nou Barris,52,la Prosperitat,174,8083,2,10
2026-01-01,8,Nou Barris,52,la Prosperitat,174,8083,60,11
2026-01-01,8,Nou Barris,52,la Prosperitat,174,8083,58,12
2026-01-01,8,Nou Barris,52,la Prosperitat,174,8084,41,1
2026-01-01,8,Nou Barris,52,la Prosperitat,174,8084,23,2
2026-01-01,8,Nou Barris,52,la Prosperitat,174,8084,65,3
2026-01-01,8,Nou Barris,52,la Prosperitat,174,8084,24,4
2026-01-01,8,Nou Barris,52,la Prosperitat,174,8084,50,5
2026-01-01,8,Nou Barris,52,la Prosperitat,174,8084,45,6
2026-01-01,8,Nou Barris,52,la Prosperitat,174,8084,24,7
2026-01-01,8,Nou Barris,52,la Prosperitat,174,8084,92,8
2026-01-01,8,Nou Barris,52,la Prosperitat,174,8084,10,9
2026-01-01,8,Nou Barris,52,la Prosperitat,174,8084,4,10
2026-01-01,8,Nou Barris,52,la Prosperitat,174,8084,44,11
2026-01-01,8,Nou Barris,52,la Prosperitat,174,8084,53,12
2026-01-01,8,Nou Barris,52,la Prosperitat,174,8085,41,1
2026-01-01,8,Nou Barris,52,la Prosperitat,174,8085,49,2
2026-01-01,8,Nou Barris,52,la Prosperitat,174,8085,54,3
2026-01-01,8,Nou Barris,52,la Prosperitat,174,8085,24,4
2026-01-01,8,Nou Barris,52,la Prosperitat,174,8085,75,5
2026-01-01,8,Nou Barris,52,la Prosperitat,174,8085,42,6
2026-01-01,8,Nou Barris,52,la Prosperitat,174,8085,29,7
2026-01-01,8,Nou Barris,52,la Prosperitat,174,8085,150,8
2026-01-01,8,Nou Barris,52,la Prosperitat,174,8085,12,9
2026-01-01,8,Nou Barris,52,la Prosperitat,174,8085,1,10
2026-01-01,8,Nou Barris,52,la Prosperitat,174,8085,67,11
2026-01-01,8,Nou Barris,52,la Prosperitat,174,8085,54,12
2026-01-01,8,Nou Barris,52,la Prosperitat,174,8086,57,1
2026-01-01,8,Nou Barris,52,la Prosperitat,174,8086,53,2
2026-01-01,8,Nou Barris,52,la Prosperitat,174,8086,64,3
2026-01-01,8,Nou Barris,52,la Prosperitat,174,8086,31,4
2026-01-01,8,Nou Barris,52,la Prosperitat,174,8086,79,5
2026-01-01,8,Nou Barris,52,la Prosperitat,174,8086,73,6
2026-01-01,8,Nou Barris,52,la Prosperitat,174,8086,47,7
2026-01-01,8,Nou Barris,52,la Prosperitat,174,8086,133,8
2026-01-01,8,Nou Barris,52,la Prosperitat,174,8086,17,9
2026-01-01,8,Nou Barris,52,la Prosperitat,174,8086,7,10
2026-01-01,8,Nou Barris,52,la Prosperitat,174,8086,73,11
2026-01-01,8,Nou Barris,52,la Prosperitat,174,8086,68,12
2026-01-01,8,Nou Barris,52,la Prosperitat,175,8087,44,1
2026-01-01,8,Nou Barris,52,la Prosperitat,175,8087,45,2
2026-01-01,8,Nou Barris,52,la Prosperitat,175,8087,67,3
2026-01-01,8,Nou Barris,52,la Prosperitat,175,8087,17,4
2026-01-01,8,Nou Barris,52,la Prosperitat,175,8087,59,5
2026-01-01,8,Nou Barris,52,la Prosperitat,175,8087,59,6
2026-01-01,8,Nou Barris,52,la Prosperitat,175,8087,30,7
2026-01-01,8,Nou Barris,52,la Prosperitat,175,8087,110,8
2026-01-01,8,Nou Barris,52,la Prosperitat,175,8087,4,9
2026-01-01,8,Nou Barris,52,la Prosperitat,175,8087,1,10
2026-01-01,8,Nou Barris,52,la Prosperitat,175,8087,54,11
2026-01-01,8,Nou Barris,52,la Prosperitat,175,8087,52,12
2026-01-01,8,Nou Barris,52,la Prosperitat,175,8088,42,1
2026-01-01,8,Nou Barris,52,la Prosperitat,175,8088,31,2
2026-01-01,8,Nou Barris,52,la Prosperitat,175,8088,53,3
2026-01-01,8,Nou Barris,52,la Prosperitat,175,8088,25,4
2026-01-01,8,Nou Barris,52,la Prosperitat,175,8088,71,5
2026-01-01,8,Nou Barris,52,la Prosperitat,175,8088,45,6
2026-01-01,8,Nou Barris,52,la Prosperitat,175,8088,28,7
2026-01-01,8,Nou Barris,52,la Prosperitat,175,8088,102,8
2026-01-01,8,Nou Barris,52,la Prosperitat,175,8088,16,9
2026-01-01,8,Nou Barris,52,la Prosperitat,175,8088,1,10
2026-01-01,8,Nou Barris,52,la Prosperitat,175,8088,55,11
2026-01-01,8,Nou Barris,52,la Prosperitat,175,8088,56,12
2026-01-01,8,Nou Barris,52,la Prosperitat,175,8089,42,1
2026-01-01,8,Nou Barris,52,la Prosperitat,175,8089,49,2
2026-01-01,8,Nou Barris,52,la Prosperitat,175,8089,54,3
2026-01-01,8,Nou Barris,52,la Prosperitat,175,8089,26,4
2026-01-01,8,Nou Barris,52,la Prosperitat,175,8089,69,5
2026-01-01,8,Nou Barris,52,la Prosperitat,175,8089,38,6
2026-01-01,8,Nou Barris,52,la Prosperitat,175,8089,40,7
2026-01-01,8,Nou Barris,52,la Prosperitat,175,8089,85,8
2026-01-01,8,Nou Barris,52,la Prosperitat,175,8089,12,9
2026-01-01,8,Nou Barris,52,la Prosperitat,175,8089,2,10
2026-01-01,8,Nou Barris,52,la Prosperitat,175,8089,43,11
2026-01-01,8,Nou Barris,52,la Prosperitat,175,8089,49,12
2026-01-01,8,Nou Barris,52,la Prosperitat,175,8090,41,1
2026-01-01,8,Nou Barris,52,la Prosperitat,175,8090,45,2
2026-01-01,8,Nou Barris,52,la Prosperitat,175,8090,57,3
2026-01-01,8,Nou Barris,52,la Prosperitat,175,8090,15,4
2026-01-01,8,Nou Barris,52,la Prosperitat,175,8090,70,5
2026-01-01,8,Nou Barris,52,la Prosperitat,175,8090,60,6
2026-01-01,8,Nou Barris,52,la Prosperitat,175,8090,21,7
2026-01-01,8,Nou Barris,52,la Prosperitat,175,8090,93,8
2026-01-01,8,Nou Barris,52,la Prosperitat,175,8090,16,9
2026-01-01,8,Nou Barris,52,la Prosperitat,175,8090,3,10
2026-01-01,8,Nou Barris,52,la Prosperitat,175,8090,57,11
2026-01-01,8,Nou Barris,52,la Prosperitat,175,8090,54,12
2026-01-01,8,Nou Barris,52,la Prosperitat,175,8091,31,1
2026-01-01,8,Nou Barris,52,la Prosperitat,175,8091,35,2
2026-01-01,8,Nou Barris,52,la Prosperitat,175,8091,46,3
2026-01-01,8,Nou Barris,52,la Prosperitat,175,8091,27,4
2026-01-01,8,Nou Barris,52,la Prosperitat,175,8091,52,5
2026-01-01,8,Nou Barris,52,la Prosperitat,175,8091,56,6
2026-01-01,8,Nou Barris,52,la Prosperitat,175,8091,34,7
2026-01-01,8,Nou Barris,52,la Prosperitat,175,8091,116,8
2026-01-01,8,Nou Barris,52,la Prosperitat,175,8091,5,9
2026-01-01,8,Nou Barris,52,la Prosperitat,175,8091,2,10
2026-01-01,8,Nou Barris,52,la Prosperitat,175,8091,50,11
2026-01-01,8,Nou Barris,52,la Prosperitat,175,8091,41,12
2026-01-01,8,Nou Barris,52,la Prosperitat,176,8092,17,1
2026-01-01,8,Nou Barris,52,la Prosperitat,176,8092,22,2
2026-01-01,8,Nou Barris,52,la Prosperitat,176,8092,59,3
2026-01-01,8,Nou Barris,52,la Prosperitat,176,8092,13,4
2026-01-01,8,Nou Barris,52,la Prosperitat,176,8092,33,5
2026-01-01,8,Nou Barris,52,la Prosperitat,176,8092,69,6
2026-01-01,8,Nou Barris,52,la Prosperitat,176,8092,32,7
2026-01-01,8,Nou Barris,52,la Prosperitat,176,8092,86,8
2026-01-01,8,Nou Barris,52,la Prosperitat,176,8092,5,9
2026-01-01,8,Nou Barris,52,la Prosperitat,176,8092,1,10
2026-01-01,8,Nou Barris,52,la Prosperitat,176,8092,28,11
2026-01-01,8,Nou Barris,52,la Prosperitat,176,8092,33,12
2026-01-01,8,Nou Barris,52,la Prosperitat,176,8093,31,1
2026-01-01,8,Nou Barris,52,la Prosperitat,176,8093,41,2
2026-01-01,8,Nou Barris,52,la Prosperitat,176,8093,64,3
2026-01-01,8,Nou Barris,52,la Prosperitat,176,8093,14,4
2026-01-01,8,Nou Barris,52,la Prosperitat,176,8093,72,5
2026-01-01,8,Nou Barris,52,la Prosperitat,176,8093,44,6
2026-01-01,8,Nou Barris,52,la Prosperitat,176,8093,37,7
2026-01-01,8,Nou Barris,52,la Prosperitat,176,8093,103,8
2026-01-01,8,Nou Barris,52,la Prosperitat,176,8093,14,9
2026-01-01,8,Nou Barris,52,la Prosperitat,176,8093,1,10
2026-01-01,8,Nou Barris,52,la Prosperitat,176,8093,61,11
2026-01-01,8,Nou Barris,52,la Prosperitat,176,8093,54,12
2026-01-01,8,Nou Barris,52,la Prosperitat,176,8094,24,1
2026-01-01,8,Nou Barris,52,la Prosperitat,176,8094,33,2
2026-01-01,8,Nou Barris,52,la Prosperitat,176,8094,74,3
2026-01-01,8,Nou Barris,52,la Prosperitat,176,8094,26,4
2026-01-01,8,Nou Barris,52,la Prosperitat,176,8094,53,5
2026-01-01,8,Nou Barris,52,la Prosperitat,176,8094,121,6
2026-01-01,8,Nou Barris,52,la Prosperitat,176,8094,44,7
2026-01-01,8,Nou Barris,52,la Prosperitat,176,8094,129,8
2026-01-01,8,Nou Barris,52,la Prosperitat,176,8094,15,9
2026-01-01,8,Nou Barris,52,la Prosperitat,176,8094,1,10
2026-01-01,8,Nou Barris,52,la Prosperitat,176,8094,53,11
2026-01-01,8,Nou Barris,52,la Prosperitat,176,8094,38,12
2026-01-01,8,Nou Barris,52,la Prosperitat,176,8095,26,1
2026-01-01,8,Nou Barris,52,la Prosperitat,176,8095,30,2
2026-01-01,8,Nou Barris,52,la Prosperitat,176,8095,54,3
2026-01-01,8,Nou Barris,52,la Prosperitat,176,8095,19,4
2026-01-01,8,Nou Barris,52,la Prosperitat,176,8095,42,5
2026-01-01,8,Nou Barris,52,la Prosperitat,176,8095,56,6
2026-01-01,8,Nou Barris,52,la Prosperitat,176,8095,31,7
2026-01-01,8,Nou Barris,52,la Prosperitat,176,8095,112,8
2026-01-01,8,Nou Barris,52,la Prosperitat,176,8095,6,9
2026-01-01,8,Nou Barris,52,la Prosperitat,176,8095,5,10
2026-01-01,8,Nou Barris,52,la Prosperitat,176,8095,55,11
2026-01-01,8,Nou Barris,52,la Prosperitat,176,8095,29,12
2026-01-01,8,Nou Barris,52,la Prosperitat,177,8096,45,1
2026-01-01,8,Nou Barris,52,la Prosperitat,177,8096,42,2
2026-01-01,8,Nou Barris,52,la Prosperitat,177,8096,45,3
2026-01-01,8,Nou Barris,52,la Prosperitat,177,8096,24,4
2026-01-01,8,Nou Barris,52,la Prosperitat,177,8096,77,5
2026-01-01,8,Nou Barris,52,la Prosperitat,177,8096,52,6
2026-01-01,8,Nou Barris,52,la Prosperitat,177,8096,35,7
2026-01-01,8,Nou Barris,52,la Prosperitat,177,8096,133,8
2026-01-01,8,Nou Barris,52,la Prosperitat,177,8096,11,9
2026-01-01,8,Nou Barris,52,la Prosperitat,177,8096,1,10
2026-01-01,8,Nou Barris,52,la Prosperitat,177,8096,80,11
2026-01-01,8,Nou Barris,52,la Prosperitat,177,8096,46,12
2026-01-01,8,Nou Barris,52,la Prosperitat,177,8097,37,1
2026-01-01,8,Nou Barris,52,la Prosperitat,177,8097,30,2
2026-01-01,8,Nou Barris,52,la Prosperitat,177,8097,77,3
2026-01-01,8,Nou Barris,52,la Prosperitat,177,8097,21,4
2026-01-01,8,Nou Barris,52,la Prosperitat,177,8097,72,5
2026-01-01,8,Nou Barris,52,la Prosperitat,177,8097,49,6
2026-01-01,8,Nou Barris,52,la Prosperitat,177,8097,29,7
2026-01-01,8,Nou Barris,52,la Prosperitat,177,8097,100,8
2026-01-01,8,Nou Barris,52,la Prosperitat,177,8097,14,9
2026-01-01,8,Nou Barris,52,la Prosperitat,177,8097,1,10
2026-01-01,8,Nou Barris,52,la Prosperitat,177,8097,51,11
2026-01-01,8,Nou Barris,52,la Prosperitat,177,8097,57,12
2026-01-01,8,Nou Barris,52,la Prosperitat,177,8098,33,1
2026-01-01,8,Nou Barris,52,la Prosperitat,177,8098,41,2
2026-01-01,8,Nou Barris,52,la Prosperitat,177,8098,45,3
2026-01-01,8,Nou Barris,52,la Prosperitat,177,8098,21,4
2026-01-01,8,Nou Barris,52,la Prosperitat,177,8098,64,5
2026-01-01,8,Nou Barris,52,la Prosperitat,177,8098,50,6
2026-01-01,8,Nou Barris,52,la Prosperitat,177,8098,27,7
2026-01-01,8,Nou Barris,52,la Prosperitat,177,8098,102,8
2026-01-01,8,Nou Barris,52,la Prosperitat,177,8098,17,9
2026-01-01,8,Nou Barris,52,la Prosperitat,177,8098,3,10
2026-01-01,8,Nou Barris,52,la Prosperitat,177,8098,60,11
2026-01-01,8,Nou Barris,52,la Prosperitat,177,8098,54,12
2026-01-01,8,Nou Barris,52,la Prosperitat,177,8099,57,1
2026-01-01,8,Nou Barris,52,la Prosperitat,177,8099,57,2
2026-01-01,8,Nou Barris,52,la Prosperitat,177,8099,51,3
2026-01-01,8,Nou Barris,52,la Prosperitat,177,8099,22,4
2026-01-01,8,Nou Barris,52,la Prosperitat,177,8099,84,5
2026-01-01,8,Nou Barris,52,la Prosperitat,177,8099,35,6
2026-01-01,8,Nou Barris,52,la Prosperitat,177,8099,34,7
2026-01-01,8,Nou Barris,52,la Prosperitat,177,8099,105,8
2026-01-01,8,Nou Barris,52,la Prosperitat,177,8099,12,9
2026-01-01,8,Nou Barris,52,la Prosperitat,177,8099,1,10
2026-01-01,8,Nou Barris,52,la Prosperitat,177,8099,76,11
2026-01-01,8,Nou Barris,52,la Prosperitat,177,8099,63,12
2026-01-01,8,Nou Barris,52,la Prosperitat,177,8100,49,1
2026-01-01,8,Nou Barris,52,la Prosperitat,177,8100,58,2
2026-01-01,8,Nou Barris,52,la Prosperitat,177,8100,62,3
2026-01-01,8,Nou Barris,52,la Prosperitat,177,8100,27,4
2026-01-01,8,Nou Barris,52,la Prosperitat,177,8100,65,5
2026-01-01,8,Nou Barris,52,la Prosperitat,177,8100,39,6
2026-01-01,8,Nou Barris,52,la Prosperitat,177,8100,37,7
2026-01-01,8,Nou Barris,52,la Prosperitat,177,8100,86,8
2026-01-01,8,Nou Barris,52,la Prosperitat,177,8100,13,9
2026-01-01,8,Nou Barris,52,la Prosperitat,177,8100,2,10
2026-01-01,8,Nou Barris,52,la Prosperitat,177,8100,66,11
2026-01-01,8,Nou Barris,52,la Prosperitat,177,8100,55,12
2026-01-01,8,Nou Barris,52,la Prosperitat,177,8101,36,1
2026-01-01,8,Nou Barris,52,la Prosperitat,177,8101,40,2
2026-01-01,8,Nou Barris,52,la Prosperitat,177,8101,99,3
2026-01-01,8,Nou Barris,52,la Prosperitat,177,8101,44,4
2026-01-01,8,Nou Barris,52,la Prosperitat,177,8101,64,5
2026-01-01,8,Nou Barris,52,la Prosperitat,177,8101,90,6
2026-01-01,8,Nou Barris,52,la Prosperitat,177,8101,38,7
2026-01-01,8,Nou Barris,52,la Prosperitat,177,8101,142,8
2026-01-01,8,Nou Barris,52,la Prosperitat,177,8101,14,9
2026-01-01,8,Nou Barris,52,la Prosperitat,177,8101,5,10
2026-01-01,8,Nou Barris,52,la Prosperitat,177,8101,70,11
2026-01-01,8,Nou Barris,52,la Prosperitat,177,8101,67,12
2026-01-01,8,Nou Barris,52,la Prosperitat,177,8102,44,1
2026-01-01,8,Nou Barris,52,la Prosperitat,177,8102,46,2
2026-01-01,8,Nou Barris,52,la Prosperitat,177,8102,110,3
2026-01-01,8,Nou Barris,52,la Prosperitat,177,8102,25,4
2026-01-01,8,Nou Barris,52,la Prosperitat,177,8102,71,5
2026-01-01,8,Nou Barris,52,la Prosperitat,177,8102,43,6
2026-01-01,8,Nou Barris,52,la Prosperitat,177,8102,27,7
2026-01-01,8,Nou Barris,52,la Prosperitat,177,8102,127,8
2026-01-01,8,Nou Barris,52,la Prosperitat,177,8102,18,9
2026-01-01,8,Nou Barris,52,la Prosperitat,177,8102,5,10
2026-01-01,8,Nou Barris,52,la Prosperitat,177,8102,63,11
2026-01-01,8,Nou Barris,52,la Prosperitat,177,8102,51,12
2026-01-01,8,Nou Barris,53,la Trinitat Nova,178,8103,72,1
2026-01-01,8,Nou Barris,53,la Trinitat Nova,178,8103,75,2
2026-01-01,8,Nou Barris,53,la Trinitat Nova,178,8103,40,3
2026-01-01,8,Nou Barris,53,la Trinitat Nova,178,8103,45,4
2026-01-01,8,Nou Barris,53,la Trinitat Nova,178,8103,91,5
2026-01-01,8,Nou Barris,53,la Trinitat Nova,178,8103,21,6
2026-01-01,8,Nou Barris,53,la Trinitat Nova,178,8103,38,7
2026-01-01,8,Nou Barris,53,la Trinitat Nova,178,8103,114,8
2026-01-01,8,Nou Barris,53,la Trinitat Nova,178,8103,28,9
2026-01-01,8,Nou Barris,53,la Trinitat Nova,178,8103,3,10
2026-01-01,8,Nou Barris,53,la Trinitat Nova,178,8103,91,11
2026-01-01,8,Nou Barris,53,la Trinitat Nova,178,8103,86,12
2026-01-01,8,Nou Barris,53,la Trinitat Nova,178,8104,48,1
2026-01-01,8,Nou Barris,53,la Trinitat Nova,178,8104,59,2
2026-01-01,8,Nou Barris,53,la Trinitat Nova,178,8104,55,3
2026-01-01,8,Nou Barris,53,la Trinitat Nova,178,8104,22,4
2026-01-01,8,Nou Barris,53,la Trinitat Nova,178,8104,65,5
2026-01-01,8,Nou Barris,53,la Trinitat Nova,178,8104,24,6
2026-01-01,8,Nou Barris,53,la Trinitat Nova,178,8104,27,7
2026-01-01,8,Nou Barris,53,la Trinitat Nova,178,8104,99,8
2026-01-01,8,Nou Barris,53,la Trinitat Nova,178,8104,20,9
2026-01-01,8,Nou Barris,53,la Trinitat Nova,178,8104,2,10
2026-01-01,8,Nou Barris,53,la Trinitat Nova,178,8104,47,11
2026-01-01,8,Nou Barris,53,la Trinitat Nova,178,8104,62,12
2026-01-01,8,Nou Barris,53,la Trinitat Nova,178,8105,30,1
2026-01-01,8,Nou Barris,53,la Trinitat Nova,178,8105,34,2
2026-01-01,8,Nou Barris,53,la Trinitat Nova,178,8105,60,3
2026-01-01,8,Nou Barris,53,la Trinitat Nova,178,8105,19,4
2026-01-01,8,Nou Barris,53,la Trinitat Nova,178,8105,73,5
2026-01-01,8,Nou Barris,53,la Trinitat Nova,178,8105,39,6
2026-01-01,8,Nou Barris,53,la Trinitat Nova,178,8105,35,7
2026-01-01,8,Nou Barris,53,la Trinitat Nova,178,8105,114,8
2026-01-01,8,Nou Barris,53,la Trinitat Nova,178,8105,14,9
2026-01-01,8,Nou Barris,53,la Trinitat Nova,178,8105,1,10
2026-01-01,8,Nou Barris,53,la Trinitat Nova,178,8105,65,11
2026-01-01,8,Nou Barris,53,la Trinitat Nova,178,8105,64,12
2026-01-01,8,Nou Barris,53,la Trinitat Nova,178,8106,32,1
2026-01-01,8,Nou Barris,53,la Trinitat Nova,178,8106,40,2
2026-01-01,8,Nou Barris,53,la Trinitat Nova,178,8106,51,3
2026-01-01,8,Nou Barris,53,la Trinitat Nova,178,8106,14,4
2026-01-01,8,Nou Barris,53,la Trinitat Nova,178,8106,59,5
2026-01-01,8,Nou Barris,53,la Trinitat Nova,178,8106,25,6
2026-01-01,8,Nou Barris,53,la Trinitat Nova,178,8106,22,7
2026-01-01,8,Nou Barris,53,la Trinitat Nova,178,8106,100,8
2026-01-01,8,Nou Barris,53,la Trinitat Nova,178,8106,13,9
2026-01-01,8,Nou Barris,53,la Trinitat Nova,178,8106,59,11
2026-01-01,8,Nou Barris,53,la Trinitat Nova,178,8106,77,12
2026-01-01,8,Nou Barris,53,la Trinitat Nova,178,8107,71,1
2026-01-01,8,Nou Barris,53,la Trinitat Nova,178,8107,76,2
2026-01-01,8,Nou Barris,53,la Trinitat Nova,178,8107,80,3
2026-01-01,8,Nou Barris,53,la Trinitat Nova,178,8107,31,4
2026-01-01,8,Nou Barris,53,la Trinitat Nova,178,8107,96,5
2026-01-01,8,Nou Barris,53,la Trinitat Nova,178,8107,35,6
2026-01-01,8,Nou Barris,53,la Trinitat Nova,178,8107,60,7
2026-01-01,8,Nou Barris,53,la Trinitat Nova,178,8107,157,8
2026-01-01,8,Nou Barris,53,la Trinitat Nova,178,8107,21,9
2026-01-01,8,Nou Barris,53,la Trinitat Nova,178,8107,4,10
2026-01-01,8,Nou Barris,53,la Trinitat Nova,178,8107,83,11
2026-01-01,8,Nou Barris,53,la Trinitat Nova,178,8107,67,12
2026-01-01,8,Nou Barris,54,Torre Baró,179,8108,40,1
2026-01-01,8,Nou Barris,54,Torre Baró,179,8108,66,2
2026-01-01,8,Nou Barris,54,Torre Baró,179,8108,38,3
2026-01-01,8,Nou Barris,54,Torre Baró,179,8108,18,4
2026-01-01,8,Nou Barris,54,Torre Baró,179,8108,86,5
2026-01-01,8,Nou Barris,54,Torre Baró,179,8108,25,6
2026-01-01,8,Nou Barris,54,Torre Baró,179,8108,47,7
2026-01-01,8,Nou Barris,54,Torre Baró,179,8108,149,8
2026-01-01,8,Nou Barris,54,Torre Baró,179,8108,50,9
2026-01-01,8,Nou Barris,54,Torre Baró,179,8108,4,10
2026-01-01,8,Nou Barris,54,Torre Baró,179,8108,105,11
2026-01-01,8,Nou Barris,54,Torre Baró,179,8108,117,12
2026-01-01,8,Nou Barris,54,Torre Baró,179,8109,18,1
2026-01-01,8,Nou Barris,54,Torre Baró,179,8109,41,2
2026-01-01,8,Nou Barris,54,Torre Baró,179,8109,14,3
2026-01-01,8,Nou Barris,54,Torre Baró,179,8109,11,4
2026-01-01,8,Nou Barris,54,Torre Baró,179,8109,45,5
2026-01-01,8,Nou Barris,54,Torre Baró,179,8109,16,6
2026-01-01,8,Nou Barris,54,Torre Baró,179,8109,33,7
2026-01-01,8,Nou Barris,54,Torre Baró,179,8109,69,8
2026-01-01,8,Nou Barris,54,Torre Baró,179,8109,10,9
2026-01-01,8,Nou Barris,54,Torre Baró,179,8109,1,10
2026-01-01,8,Nou Barris,54,Torre Baró,179,8109,30,11
2026-01-01,8,Nou Barris,54,Torre Baró,179,8109,51,12
2026-01-01,8,Nou Barris,55,Ciutat Meridiana,180,8110,43,1
2026-01-01,8,Nou Barris,55,Ciutat Meridiana,180,8110,72,2
2026-01-01,8,Nou Barris,55,Ciutat Meridiana,180,8110,44,3
2026-01-01,8,Nou Barris,55,Ciutat Meridiana,180,8110,15,4
2026-01-01,8,Nou Barris,55,Ciutat Meridiana,180,8110,78,5
2026-01-01,8,Nou Barris,55,Ciutat Meridiana,180,8110,33,6
2026-01-01,8,Nou Barris,55,Ciutat Meridiana,180,8110,34,7
2026-01-01,8,Nou Barris,55,Ciutat Meridiana,180,8110,115,8
2026-01-01,8,Nou Barris,55,Ciutat Meridiana,180,8110,44,9
2026-01-01,8,Nou Barris,55,Ciutat Meridiana,180,8110,4,10
2026-01-01,8,Nou Barris,55,Ciutat Meridiana,180,8110,103,11
2026-01-01,8,Nou Barris,55,Ciutat Meridiana,180,8110,119,12
2026-01-01,8,Nou Barris,55,Ciutat Meridiana,180,8111,29,1
2026-01-01,8,Nou Barris,55,Ciutat Meridiana,180,8111,31,2
2026-01-01,8,Nou Barris,55,Ciutat Meridiana,180,8111,61,3
2026-01-01,8,Nou Barris,55,Ciutat Meridiana,180,8111,10,4
2026-01-01,8,Nou Barris,55,Ciutat Meridiana,180,8111,56,5
2026-01-01,8,Nou Barris,55,Ciutat Meridiana,180,8111,37,6
2026-01-01,8,Nou Barris,55,Ciutat Meridiana,180,8111,22,7
2026-01-01,8,Nou Barris,55,Ciutat Meridiana,180,8111,120,8
2026-01-01,8,Nou Barris,55,Ciutat Meridiana,180,8111,28,9
2026-01-01,8,Nou Barris,55,Ciutat Meridiana,180,8111,4,10
2026-01-01,8,Nou Barris,55,Ciutat Meridiana,180,8111,82,11
2026-01-01,8,Nou Barris,55,Ciutat Meridiana,180,8111,93,12
2026-01-01,8,Nou Barris,55,Ciutat Meridiana,180,8112,26,1
2026-01-01,8,Nou Barris,55,Ciutat Meridiana,180,8112,50,2
2026-01-01,8,Nou Barris,55,Ciutat Meridiana,180,8112,43,3
2026-01-01,8,Nou Barris,55,Ciutat Meridiana,180,8112,26,4
2026-01-01,8,Nou Barris,55,Ciutat Meridiana,180,8112,47,5
2026-01-01,8,Nou Barris,55,Ciutat Meridiana,180,8112,47,6
2026-01-01,8,Nou Barris,55,Ciutat Meridiana,180,8112,39,7
2026-01-01,8,Nou Barris,55,Ciutat Meridiana,180,8112,110,8
2026-01-01,8,Nou Barris,55,Ciutat Meridiana,180,8112,23,9
2026-01-01,8,Nou Barris,55,Ciutat Meridiana,180,8112,1,10
2026-01-01,8,Nou Barris,55,Ciutat Meridiana,180,8112,82,11
2026-01-01,8,Nou Barris,55,Ciutat Meridiana,180,8112,99,12
2026-01-01,8,Nou Barris,55,Ciutat Meridiana,180,8113,30,1
2026-01-01,8,Nou Barris,55,Ciutat Meridiana,180,8113,40,2
2026-01-01,8,Nou Barris,55,Ciutat Meridiana,180,8113,69,3
2026-01-01,8,Nou Barris,55,Ciutat Meridiana,180,8113,16,4
2026-01-01,8,Nou Barris,55,Ciutat Meridiana,180,8113,53,5
2026-01-01,8,Nou Barris,55,Ciutat Meridiana,180,8113,57,6
2026-01-01,8,Nou Barris,55,Ciutat Meridiana,180,8113,28,7
2026-01-01,8,Nou Barris,55,Ciutat Meridiana,180,8113,135,8
2026-01-01,8,Nou Barris,55,Ciutat Meridiana,180,8113,20,9
2026-01-01,8,Nou Barris,55,Ciutat Meridiana,180,8113,3,10
2026-01-01,8,Nou Barris,55,Ciutat Meridiana,180,8113,69,11
2026-01-01,8,Nou Barris,55,Ciutat Meridiana,180,8113,96,12
2026-01-01,8,Nou Barris,55,Ciutat Meridiana,180,8114,28,1
2026-01-01,8,Nou Barris,55,Ciutat Meridiana,180,8114,30,2
2026-01-01,8,Nou Barris,55,Ciutat Meridiana,180,8114,64,3
2026-01-01,8,Nou Barris,55,Ciutat Meridiana,180,8114,13,4
2026-01-01,8,Nou Barris,55,Ciutat Meridiana,180,8114,59,5
2026-01-01,8,Nou Barris,55,Ciutat Meridiana,180,8114,69,6
2026-01-01,8,Nou Barris,55,Ciutat Meridiana,180,8114,40,7
2026-01-01,8,Nou Barris,55,Ciutat Meridiana,180,8114,135,8
2026-01-01,8,Nou Barris,55,Ciutat Meridiana,180,8114,23,9
2026-01-01,8,Nou Barris,55,Ciutat Meridiana,180,8114,1,10
2026-01-01,8,Nou Barris,55,Ciutat Meridiana,180,8114,88,11
2026-01-01,8,Nou Barris,55,Ciutat Meridiana,180,8114,117,12
2026-01-01,8,Nou Barris,55,Ciutat Meridiana,180,8115,36,1
2026-01-01,8,Nou Barris,55,Ciutat Meridiana,180,8115,49,2
2026-01-01,8,Nou Barris,55,Ciutat Meridiana,180,8115,56,3
2026-01-01,8,Nou Barris,55,Ciutat Meridiana,180,8115,23,4
2026-01-01,8,Nou Barris,55,Ciutat Meridiana,180,8115,61,5
2026-01-01,8,Nou Barris,55,Ciutat Meridiana,180,8115,51,6
2026-01-01,8,Nou Barris,55,Ciutat Meridiana,180,8115,29,7
2026-01-01,8,Nou Barris,55,Ciutat Meridiana,180,8115,115,8
2026-01-01,8,Nou Barris,55,Ciutat Meridiana,180,8115,18,9
2026-01-01,8,Nou Barris,55,Ciutat Meridiana,180,8115,79,11
2026-01-01,8,Nou Barris,55,Ciutat Meridiana,180,8115,101,12
2026-01-01,8,Nou Barris,56,Vallbona,181,8116,31,1
2026-01-01,8,Nou Barris,56,Vallbona,181,8116,67,2
2026-01-01,8,Nou Barris,56,Vallbona,181,8116,30,3
2026-01-01,8,Nou Barris,56,Vallbona,181,8116,10,4
2026-01-01,8,Nou Barris,56,Vallbona,181,8116,46,5
2026-01-01,8,Nou Barris,56,Vallbona,181,8116,24,6
2026-01-01,8,Nou Barris,56,Vallbona,181,8116,32,7
2026-01-01,8,Nou Barris,56,Vallbona,181,8116,94,8
2026-01-01,8,Nou Barris,56,Vallbona,181,8116,22,9
2026-01-01,8,Nou Barris,56,Vallbona,181,8116,3,10
2026-01-01,8,Nou Barris,56,Vallbona,181,8116,68,11
2026-01-01,8,Nou Barris,56,Vallbona,181,8116,65,12
2026-01-01,9,Sant Andreu,57,la Trinitat Vella,182,9001,44,1
2026-01-01,9,Sant Andreu,57,la Trinitat Vella,182,9001,83,2
2026-01-01,9,Sant Andreu,57,la Trinitat Vella,182,9001,47,3
2026-01-01,9,Sant Andreu,57,la Trinitat Vella,182,9001,29,4
2026-01-01,9,Sant Andreu,57,la Trinitat Vella,182,9001,93,5
2026-01-01,9,Sant Andreu,57,la Trinitat Vella,182,9001,39,6
2026-01-01,9,Sant Andreu,57,la Trinitat Vella,182,9001,46,7
2026-01-01,9,Sant Andreu,57,la Trinitat Vella,182,9001,174,8
2026-01-01,9,Sant Andreu,57,la Trinitat Vella,182,9001,35,9
2026-01-01,9,Sant Andreu,57,la Trinitat Vella,182,9001,3,10
2026-01-01,9,Sant Andreu,57,la Trinitat Vella,182,9001,128,11
2026-01-01,9,Sant Andreu,57,la Trinitat Vella,182,9001,157,12
2026-01-01,9,Sant Andreu,57,la Trinitat Vella,182,9002,43,1
2026-01-01,9,Sant Andreu,57,la Trinitat Vella,182,9002,68,2
2026-01-01,9,Sant Andreu,57,la Trinitat Vella,182,9002,46,3
2026-01-01,9,Sant Andreu,57,la Trinitat Vella,182,9002,21,4
2026-01-01,9,Sant Andreu,57,la Trinitat Vella,182,9002,83,5
2026-01-01,9,Sant Andreu,57,la Trinitat Vella,182,9002,46,6
2026-01-01,9,Sant Andreu,57,la Trinitat Vella,182,9002,36,7
2026-01-01,9,Sant Andreu,57,la Trinitat Vella,182,9002,155,8
2026-01-01,9,Sant Andreu,57,la Trinitat Vella,182,9002,27,9
2026-01-01,9,Sant Andreu,57,la Trinitat Vella,182,9002,3,10
2026-01-01,9,Sant Andreu,57,la Trinitat Vella,182,9002,119,11
2026-01-01,9,Sant Andreu,57,la Trinitat Vella,182,9002,107,12
2026-01-01,9,Sant Andreu,57,la Trinitat Vella,182,9003,38,1
2026-01-01,9,Sant Andreu,57,la Trinitat Vella,182,9003,69,2
2026-01-01,9,Sant Andreu,57,la Trinitat Vella,182,9003,59,3
2026-01-01,9,Sant Andreu,57,la Trinitat Vella,182,9003,23,4
2026-01-01,9,Sant Andreu,57,la Trinitat Vella,182,9003,89,5
2026-01-01,9,Sant Andreu,57,la Trinitat Vella,182,9003,58,6
2026-01-01,9,Sant Andreu,57,la Trinitat Vella,182,9003,44,7
2026-01-01,9,Sant Andreu,57,la Trinitat Vella,182,9003,166,8
2026-01-01,9,Sant Andreu,57,la Trinitat Vella,182,9003,23,9
2026-01-01,9,Sant Andreu,57,la Trinitat Vella,182,9003,3,10
2026-01-01,9,Sant Andreu,57,la Trinitat Vella,182,9003,91,11
2026-01-01,9,Sant Andreu,57,la Trinitat Vella,182,9003,111,12
2026-01-01,9,Sant Andreu,57,la Trinitat Vella,182,9004,37,1
2026-01-01,9,Sant Andreu,57,la Trinitat Vella,182,9004,38,2
2026-01-01,9,Sant Andreu,57,la Trinitat Vella,182,9004,42,3
2026-01-01,9,Sant Andreu,57,la Trinitat Vella,182,9004,20,4
2026-01-01,9,Sant Andreu,57,la Trinitat Vella,182,9004,80,5
2026-01-01,9,Sant Andreu,57,la Trinitat Vella,182,9004,51,6
2026-01-01,9,Sant Andreu,57,la Trinitat Vella,182,9004,36,7
2026-01-01,9,Sant Andreu,57,la Trinitat Vella,182,9004,132,8
2026-01-01,9,Sant Andreu,57,la Trinitat Vella,182,9004,23,9
2026-01-01,9,Sant Andreu,57,la Trinitat Vella,182,9004,2,10
2026-01-01,9,Sant Andreu,57,la Trinitat Vella,182,9004,73,11
2026-01-01,9,Sant Andreu,57,la Trinitat Vella,182,9004,86,12
2026-01-01,9,Sant Andreu,57,la Trinitat Vella,182,9005,64,1
2026-01-01,9,Sant Andreu,57,la Trinitat Vella,182,9005,63,2
2026-01-01,9,Sant Andreu,57,la Trinitat Vella,182,9005,82,3
2026-01-01,9,Sant Andreu,57,la Trinitat Vella,182,9005,35,4
2026-01-01,9,Sant Andreu,57,la Trinitat Vella,182,9005,70,5
2026-01-01,9,Sant Andreu,57,la Trinitat Vella,182,9005,77,6
2026-01-01,9,Sant Andreu,57,la Trinitat Vella,182,9005,23,7
2026-01-01,9,Sant Andreu,57,la Trinitat Vella,182,9005,136,8
2026-01-01,9,Sant Andreu,57,la Trinitat Vella,182,9005,25,9
2026-01-01,9,Sant Andreu,57,la Trinitat Vella,182,9005,4,10
2026-01-01,9,Sant Andreu,57,la Trinitat Vella,182,9005,119,11
2026-01-01,9,Sant Andreu,57,la Trinitat Vella,182,9005,76,12
2026-01-01,9,Sant Andreu,58,Baró de Viver,183,9006,23,1
2026-01-01,9,Sant Andreu,58,Baró de Viver,183,9006,30,2
2026-01-01,9,Sant Andreu,58,Baró de Viver,183,9006,34,3
2026-01-01,9,Sant Andreu,58,Baró de Viver,183,9006,24,4
2026-01-01,9,Sant Andreu,58,Baró de Viver,183,9006,64,5
2026-01-01,9,Sant Andreu,58,Baró de Viver,183,9006,31,6
2026-01-01,9,Sant Andreu,58,Baró de Viver,183,9006,29,7
2026-01-01,9,Sant Andreu,58,Baró de Viver,183,9006,104,8
2026-01-01,9,Sant Andreu,58,Baró de Viver,183,9006,12,9
2026-01-01,9,Sant Andreu,58,Baró de Viver,183,9006,3,10
2026-01-01,9,Sant Andreu,58,Baró de Viver,183,9006,58,11
2026-01-01,9,Sant Andreu,58,Baró de Viver,183,9006,62,12
2026-01-01,9,Sant Andreu,58,Baró de Viver,183,9007,53,1
2026-01-01,9,Sant Andreu,58,Baró de Viver,183,9007,62,2
2026-01-01,9,Sant Andreu,58,Baró de Viver,183,9007,40,3
2026-01-01,9,Sant Andreu,58,Baró de Viver,183,9007,17,4
2026-01-01,9,Sant Andreu,58,Baró de Viver,183,9007,59,5
2026-01-01,9,Sant Andreu,58,Baró de Viver,183,9007,23,6
2026-01-01,9,Sant Andreu,58,Baró de Viver,183,9007,34,7
2026-01-01,9,Sant Andreu,58,Baró de Viver,183,9007,89,8
2026-01-01,9,Sant Andreu,58,Baró de Viver,183,9007,25,9
2026-01-01,9,Sant Andreu,58,Baró de Viver,183,9007,3,10
2026-01-01,9,Sant Andreu,58,Baró de Viver,183,9007,75,11
2026-01-01,9,Sant Andreu,58,Baró de Viver,183,9007,49,12
2026-01-01,9,Sant Andreu,59,el Bon Pastor,184,9008,26,1
2026-01-01,9,Sant Andreu,59,el Bon Pastor,184,9008,37,2
2026-01-01,9,Sant Andreu,59,el Bon Pastor,184,9008,11,3
2026-01-01,9,Sant Andreu,59,el Bon Pastor,184,9008,11,4
2026-01-01,9,Sant Andreu,59,el Bon Pastor,184,9008,78,5
2026-01-01,9,Sant Andreu,59,el Bon Pastor,184,9008,31,6
2026-01-01,9,Sant Andreu,59,el Bon Pastor,184,9008,11,7
2026-01-01,9,Sant Andreu,59,el Bon Pastor,184,9008,140,8
2026-01-01,9,Sant Andreu,59,el Bon Pastor,184,9008,19,9
2026-01-01,9,Sant Andreu,59,el Bon Pastor,184,9008,8,10
2026-01-01,9,Sant Andreu,59,el Bon Pastor,184,9008,172,11
2026-01-01,9,Sant Andreu,59,el Bon Pastor,184,9008,93,12
2026-01-01,9,Sant Andreu,59,el Bon Pastor,184,9009,28,1
2026-01-01,9,Sant Andreu,59,el Bon Pastor,184,9009,31,2
2026-01-01,9,Sant Andreu,59,el Bon Pastor,184,9009,56,3
2026-01-01,9,Sant Andreu,59,el Bon Pastor,184,9009,16,4
2026-01-01,9,Sant Andreu,59,el Bon Pastor,184,9009,50,5
2026-01-01,9,Sant Andreu,59,el Bon Pastor,184,9009,57,6
2026-01-01,9,Sant Andreu,59,el Bon Pastor,184,9009,31,7
2026-01-01,9,Sant Andreu,59,el Bon Pastor,184,9009,110,8
2026-01-01,9,Sant Andreu,59,el Bon Pastor,184,9009,12,9
2026-01-01,9,Sant Andreu,59,el Bon Pastor,184,9009,1,10
2026-01-01,9,Sant Andreu,59,el Bon Pastor,184,9009,88,11
2026-01-01,9,Sant Andreu,59,el Bon Pastor,184,9009,53,12
2026-01-01,9,Sant Andreu,59,el Bon Pastor,185,9010,45,1
2026-01-01,9,Sant Andreu,59,el Bon Pastor,185,9010,52,2
2026-01-01,9,Sant Andreu,59,el Bon Pastor,185,9010,67,3
2026-01-01,9,Sant Andreu,59,el Bon Pastor,185,9010,32,4
2026-01-01,9,Sant Andreu,59,el Bon Pastor,185,9010,78,5
2026-01-01,9,Sant Andreu,59,el Bon Pastor,185,9010,83,6
2026-01-01,9,Sant Andreu,59,el Bon Pastor,185,9010,70,7
2026-01-01,9,Sant Andreu,59,el Bon Pastor,185,9010,139,8
2026-01-01,9,Sant Andreu,59,el Bon Pastor,185,9010,23,9
2026-01-01,9,Sant Andreu,59,el Bon Pastor,185,9010,1,10
2026-01-01,9,Sant Andreu,59,el Bon Pastor,185,9010,66,11
2026-01-01,9,Sant Andreu,59,el Bon Pastor,185,9010,70,12
2026-01-01,9,Sant Andreu,59,el Bon Pastor,185,9011,53,1
2026-01-01,9,Sant Andreu,59,el Bon Pastor,185,9011,73,2
2026-01-01,9,Sant Andreu,59,el Bon Pastor,185,9011,55,3
2026-01-01,9,Sant Andreu,59,el Bon Pastor,185,9011,26,4
2026-01-01,9,Sant Andreu,59,el Bon Pastor,185,9011,94,5
2026-01-01,9,Sant Andreu,59,el Bon Pastor,185,9011,55,6
2026-01-01,9,Sant Andreu,59,el Bon Pastor,185,9011,52,7
2026-01-01,9,Sant Andreu,59,el Bon Pastor,185,9011,141,8
2026-01-01,9,Sant Andreu,59,el Bon Pastor,185,9011,48,9
2026-01-01,9,Sant Andreu,59,el Bon Pastor,185,9011,6,10
2026-01-01,9,Sant Andreu,59,el Bon Pastor,185,9011,92,11
2026-01-01,9,Sant Andreu,59,el Bon Pastor,185,9011,72,12
2026-01-01,9,Sant Andreu,59,el Bon Pastor,185,9013,37,1
2026-01-01,9,Sant Andreu,59,el Bon Pastor,185,9013,61,2
2026-01-01,9,Sant Andreu,59,el Bon Pastor,185,9013,58,3
2026-01-01,9,Sant Andreu,59,el Bon Pastor,185,9013,23,4
2026-01-01,9,Sant Andreu,59,el Bon Pastor,185,9013,94,5
2026-01-01,9,Sant Andreu,59,el Bon Pastor,185,9013,38,6
2026-01-01,9,Sant Andreu,59,el Bon Pastor,185,9013,41,7
2026-01-01,9,Sant Andreu,59,el Bon Pastor,185,9013,149,8
2026-01-01,9,Sant Andreu,59,el Bon Pastor,185,9013,31,9
2026-01-01,9,Sant Andreu,59,el Bon Pastor,185,9013,5,10
2026-01-01,9,Sant Andreu,59,el Bon Pastor,185,9013,89,11
2026-01-01,9,Sant Andreu,59,el Bon Pastor,185,9013,115,12
2026-01-01,9,Sant Andreu,59,el Bon Pastor,185,9014,40,1
2026-01-01,9,Sant Andreu,59,el Bon Pastor,185,9014,46,2
2026-01-01,9,Sant Andreu,59,el Bon Pastor,185,9014,57,3
2026-01-01,9,Sant Andreu,59,el Bon Pastor,185,9014,16,4
2026-01-01,9,Sant Andreu,59,el Bon Pastor,185,9014,66,5
2026-01-01,9,Sant Andreu,59,el Bon Pastor,185,9014,53,6
2026-01-01,9,Sant Andreu,59,el Bon Pastor,185,9014,39,7
2026-01-01,9,Sant Andreu,59,el Bon Pastor,185,9014,117,8
2026-01-01,9,Sant Andreu,59,el Bon Pastor,185,9014,22,9
2026-01-01,9,Sant Andreu,59,el Bon Pastor,185,9014,4,10
2026-01-01,9,Sant Andreu,59,el Bon Pastor,185,9014,59,11
2026-01-01,9,Sant Andreu,59,el Bon Pastor,185,9014,78,12
2026-01-01,9,Sant Andreu,59,el Bon Pastor,185,9015,50,1
2026-01-01,9,Sant Andreu,59,el Bon Pastor,185,9015,63,2
2026-01-01,9,Sant Andreu,59,el Bon Pastor,185,9015,63,3
2026-01-01,9,Sant Andreu,59,el Bon Pastor,185,9015,20,4
2026-01-01,9,Sant Andreu,59,el Bon Pastor,185,9015,106,5
2026-01-01,9,Sant Andreu,59,el Bon Pastor,185,9015,45,6
2026-01-01,9,Sant Andreu,59,el Bon Pastor,185,9015,29,7
2026-01-01,9,Sant Andreu,59,el Bon Pastor,185,9015,154,8
2026-01-01,9,Sant Andreu,59,el Bon Pastor,185,9015,22,9
2026-01-01,9,Sant Andreu,59,el Bon Pastor,185,9015,1,10
2026-01-01,9,Sant Andreu,59,el Bon Pastor,185,9015,86,11
2026-01-01,9,Sant Andreu,59,el Bon Pastor,185,9015,98,12
2026-01-01,9,Sant Andreu,60,Sant Andreu,186,9016,32,1
2026-01-01,9,Sant Andreu,60,Sant Andreu,186,9016,26,2
2026-01-01,9,Sant Andreu,60,Sant Andreu,186,9016,54,3
2026-01-01,9,Sant Andreu,60,Sant Andreu,186,9016,21,4
2026-01-01,9,Sant Andreu,60,Sant Andreu,186,9016,64,5
2026-01-01,9,Sant Andreu,60,Sant Andreu,186,9016,89,6
2026-01-01,9,Sant Andreu,60,Sant Andreu,186,9016,35,7
2026-01-01,9,Sant Andreu,60,Sant Andreu,186,9016,113,8
2026-01-01,9,Sant Andreu,60,Sant Andreu,186,9016,6,9
2026-01-01,9,Sant Andreu,60,Sant Andreu,186,9016,1,10
2026-01-01,9,Sant Andreu,60,Sant Andreu,186,9016,60,11
2026-01-01,9,Sant Andreu,60,Sant Andreu,186,9016,29,12
2026-01-01,9,Sant Andreu,60,Sant Andreu,186,9017,44,1
2026-01-01,9,Sant Andreu,60,Sant Andreu,186,9017,58,2
2026-01-01,9,Sant Andreu,60,Sant Andreu,186,9017,58,3
2026-01-01,9,Sant Andreu,60,Sant Andreu,186,9017,18,4
2026-01-01,9,Sant Andreu,60,Sant Andreu,186,9017,78,5
2026-01-01,9,Sant Andreu,60,Sant Andreu,186,9017,50,6
2026-01-01,9,Sant Andreu,60,Sant Andreu,186,9017,32,7
2026-01-01,9,Sant Andreu,60,Sant Andreu,186,9017,121,8
2026-01-01,9,Sant Andreu,60,Sant Andreu,186,9017,10,9
2026-01-01,9,Sant Andreu,60,Sant Andreu,186,9017,2,10
2026-01-01,9,Sant Andreu,60,Sant Andreu,186,9017,97,11
2026-01-01,9,Sant Andreu,60,Sant Andreu,186,9017,55,12
2026-01-01,9,Sant Andreu,60,Sant Andreu,186,9018,38,1
2026-01-01,9,Sant Andreu,60,Sant Andreu,186,9018,30,2
2026-01-01,9,Sant Andreu,60,Sant Andreu,186,9018,70,3
2026-01-01,9,Sant Andreu,60,Sant Andreu,186,9018,25,4
2026-01-01,9,Sant Andreu,60,Sant Andreu,186,9018,60,5
2026-01-01,9,Sant Andreu,60,Sant Andreu,186,9018,63,6
2026-01-01,9,Sant Andreu,60,Sant Andreu,186,9018,42,7
2026-01-01,9,Sant Andreu,60,Sant Andreu,186,9018,115,8
2026-01-01,9,Sant Andreu,60,Sant Andreu,186,9018,12,9
2026-01-01,9,Sant Andreu,60,Sant Andreu,186,9018,8,10
2026-01-01,9,Sant Andreu,60,Sant Andreu,186,9018,87,11
2026-01-01,9,Sant Andreu,60,Sant Andreu,186,9018,40,12
2026-01-01,9,Sant Andreu,60,Sant Andreu,186,9019,52,1
2026-01-01,9,Sant Andreu,60,Sant Andreu,186,9019,52,2
2026-01-01,9,Sant Andreu,60,Sant Andreu,186,9019,84,3
2026-01-01,9,Sant Andreu,60,Sant Andreu,186,9019,29,4
2026-01-01,9,Sant Andreu,60,Sant Andreu,186,9019,103,5
2026-01-01,9,Sant Andreu,60,Sant Andreu,186,9019,154,6
2026-01-01,9,Sant Andreu,60,Sant Andreu,186,9019,59,7
2026-01-01,9,Sant Andreu,60,Sant Andreu,186,9019,196,8
2026-01-01,9,Sant Andreu,60,Sant Andreu,186,9019,14,9
2026-01-01,9,Sant Andreu,60,Sant Andreu,186,9019,7,10
2026-01-01,9,Sant Andreu,60,Sant Andreu,186,9019,195,11
2026-01-01,9,Sant Andreu,60,Sant Andreu,186,9019,68,12
2026-01-01,9,Sant Andreu,60,Sant Andreu,186,9020,24,1
2026-01-01,9,Sant Andreu,60,Sant Andreu,186,9020,31,2
2026-01-01,9,Sant Andreu,60,Sant Andreu,186,9020,75,3
2026-01-01,9,Sant Andreu,60,Sant Andreu,186,9020,18,4
2026-01-01,9,Sant Andreu,60,Sant Andreu,186,9020,55,5
2026-01-01,9,Sant Andreu,60,Sant Andreu,186,9020,57,6
2026-01-01,9,Sant Andreu,60,Sant Andreu,186,9020,28,7
2026-01-01,9,Sant Andreu,60,Sant Andreu,186,9020,89,8
2026-01-01,9,Sant Andreu,60,Sant Andreu,186,9020,13,9
2026-01-01,9,Sant Andreu,60,Sant Andreu,186,9020,3,10
2026-01-01,9,Sant Andreu,60,Sant Andreu,186,9020,72,11
2026-01-01,9,Sant Andreu,60,Sant Andreu,186,9020,28,12
2026-01-01,9,Sant Andreu,60,Sant Andreu,186,9021,43,1
2026-01-01,9,Sant Andreu,60,Sant Andreu,186,9021,42,2
2026-01-01,9,Sant Andreu,60,Sant Andreu,186,9021,65,3
2026-01-01,9,Sant Andreu,60,Sant Andreu,186,9021,21,4
2026-01-01,9,Sant Andreu,60,Sant Andreu,186,9021,73,5
2026-01-01,9,Sant Andreu,60,Sant Andreu,186,9021,71,6
2026-01-01,9,Sant Andreu,60,Sant Andreu,186,9021,34,7
2026-01-01,9,Sant Andreu,60,Sant Andreu,186,9021,113,8
2026-01-01,9,Sant Andreu,60,Sant Andreu,186,9021,9,9
2026-01-01,9,Sant Andreu,60,Sant Andreu,186,9021,3,10
2026-01-01,9,Sant Andreu,60,Sant Andreu,186,9021,68,11
2026-01-01,9,Sant Andreu,60,Sant Andreu,186,9021,41,12
2026-01-01,9,Sant Andreu,60,Sant Andreu,186,9022,42,1
2026-01-01,9,Sant Andreu,60,Sant Andreu,186,9022,34,2
2026-01-01,9,Sant Andreu,60,Sant Andreu,186,9022,68,3
2026-01-01,9,Sant Andreu,60,Sant Andreu,186,9022,19,4
2026-01-01,9,Sant Andreu,60,Sant Andreu,186,9022,56,5
2026-01-01,9,Sant Andreu,60,Sant Andreu,186,9022,65,6
2026-01-01,9,Sant Andreu,60,Sant Andreu,186,9022,28,7
2026-01-01,9,Sant Andreu,60,Sant Andreu,186,9022,88,8
2026-01-01,9,Sant Andreu,60,Sant Andreu,186,9022,11,9
2026-01-01,9,Sant Andreu,60,Sant Andreu,186,9022,2,10
2026-01-01,9,Sant Andreu,60,Sant Andreu,186,9022,80,11
2026-01-01,9,Sant Andreu,60,Sant Andreu,186,9022,27,12
2026-01-01,9,Sant Andreu,60,Sant Andreu,186,9023,34,1
2026-01-01,9,Sant Andreu,60,Sant Andreu,186,9023,33,2
2026-01-01,9,Sant Andreu,60,Sant Andreu,186,9023,42,3
2026-01-01,9,Sant Andreu,60,Sant Andreu,186,9023,17,4
2026-01-01,9,Sant Andreu,60,Sant Andreu,186,9023,49,5
2026-01-01,9,Sant Andreu,60,Sant Andreu,186,9023,48,6
2026-01-01,9,Sant Andreu,60,Sant Andreu,186,9023,30,7
2026-01-01,9,Sant Andreu,60,Sant Andreu,186,9023,116,8
2026-01-01,9,Sant Andreu,60,Sant Andreu,186,9023,15,9
2026-01-01,9,Sant Andreu,60,Sant Andreu,186,9023,4,10
2026-01-01,9,Sant Andreu,60,Sant Andreu,186,9023,77,11
2026-01-01,9,Sant Andreu,60,Sant Andreu,186,9023,27,12
2026-01-01,9,Sant Andreu,60,Sant Andreu,187,9024,46,1
2026-01-01,9,Sant Andreu,60,Sant Andreu,187,9024,38,2
2026-01-01,9,Sant Andreu,60,Sant Andreu,187,9024,74,3
2026-01-01,9,Sant Andreu,60,Sant Andreu,187,9024,18,4
2026-01-01,9,Sant Andreu,60,Sant Andreu,187,9024,60,5
2026-01-01,9,Sant Andreu,60,Sant Andreu,187,9024,48,6
2026-01-01,9,Sant Andreu,60,Sant Andreu,187,9024,29,7
2026-01-01,9,Sant Andreu,60,Sant Andreu,187,9024,87,8
2026-01-01,9,Sant Andreu,60,Sant Andreu,187,9024,15,9
2026-01-01,9,Sant Andreu,60,Sant Andreu,187,9024,3,10
2026-01-01,9,Sant Andreu,60,Sant Andreu,187,9024,74,11
2026-01-01,9,Sant Andreu,60,Sant Andreu,187,9024,35,12
2026-01-01,9,Sant Andreu,60,Sant Andreu,187,9025,65,1
2026-01-01,9,Sant Andreu,60,Sant Andreu,187,9025,62,2
2026-01-01,9,Sant Andreu,60,Sant Andreu,187,9025,67,3
2026-01-01,9,Sant Andreu,60,Sant Andreu,187,9025,18,4
2026-01-01,9,Sant Andreu,60,Sant Andreu,187,9025,83,5
2026-01-01,9,Sant Andreu,60,Sant Andreu,187,9025,51,6
2026-01-01,9,Sant Andreu,60,Sant Andreu,187,9025,24,7
2026-01-01,9,Sant Andreu,60,Sant Andreu,187,9025,81,8
2026-01-01,9,Sant Andreu,60,Sant Andreu,187,9025,14,9
2026-01-01,9,Sant Andreu,60,Sant Andreu,187,9025,1,10
2026-01-01,9,Sant Andreu,60,Sant Andreu,187,9025,76,11
2026-01-01,9,Sant Andreu,60,Sant Andreu,187,9025,24,12
2026-01-01,9,Sant Andreu,60,Sant Andreu,187,9026,37,1
2026-01-01,9,Sant Andreu,60,Sant Andreu,187,9026,44,2
2026-01-01,9,Sant Andreu,60,Sant Andreu,187,9026,70,3
2026-01-01,9,Sant Andreu,60,Sant Andreu,187,9026,27,4
2026-01-01,9,Sant Andreu,60,Sant Andreu,187,9026,69,5
2026-01-01,9,Sant Andreu,60,Sant Andreu,187,9026,98,6
2026-01-01,9,Sant Andreu,60,Sant Andreu,187,9026,53,7
2026-01-01,9,Sant Andreu,60,Sant Andreu,187,9026,114,8
2026-01-01,9,Sant Andreu,60,Sant Andreu,187,9026,10,9
2026-01-01,9,Sant Andreu,60,Sant Andreu,187,9026,2,10
2026-01-01,9,Sant Andreu,60,Sant Andreu,187,9026,90,11
2026-01-01,9,Sant Andreu,60,Sant Andreu,187,9026,33,12
2026-01-01,9,Sant Andreu,60,Sant Andreu,187,9027,32,1
2026-01-01,9,Sant Andreu,60,Sant Andreu,187,9027,19,2
2026-01-01,9,Sant Andreu,60,Sant Andreu,187,9027,56,3
2026-01-01,9,Sant Andreu,60,Sant Andreu,187,9027,24,4
2026-01-01,9,Sant Andreu,60,Sant Andreu,187,9027,42,5
2026-01-01,9,Sant Andreu,60,Sant Andreu,187,9027,94,6
2026-01-01,9,Sant Andreu,60,Sant Andreu,187,9027,35,7
2026-01-01,9,Sant Andreu,60,Sant Andreu,187,9027,121,8
2026-01-01,9,Sant Andreu,60,Sant Andreu,187,9027,15,9
2026-01-01,9,Sant Andreu,60,Sant Andreu,187,9027,2,10
2026-01-01,9,Sant Andreu,60,Sant Andreu,187,9027,70,11
2026-01-01,9,Sant Andreu,60,Sant Andreu,187,9027,22,12
2026-01-01,9,Sant Andreu,60,Sant Andreu,188,9028,36,1
2026-01-01,9,Sant Andreu,60,Sant Andreu,188,9028,35,2
2026-01-01,9,Sant Andreu,60,Sant Andreu,188,9028,35,3
2026-01-01,9,Sant Andreu,60,Sant Andreu,188,9028,12,4
2026-01-01,9,Sant Andreu,60,Sant Andreu,188,9028,67,5
2026-01-01,9,Sant Andreu,60,Sant Andreu,188,9028,61,6
2026-01-01,9,Sant Andreu,60,Sant Andreu,188,9028,17,7
2026-01-01,9,Sant Andreu,60,Sant Andreu,188,9028,124,8
2026-01-01,9,Sant Andreu,60,Sant Andreu,188,9028,17,9
2026-01-01,9,Sant Andreu,60,Sant Andreu,188,9028,3,10
2026-01-01,9,Sant Andreu,60,Sant Andreu,188,9028,110,11
2026-01-01,9,Sant Andreu,60,Sant Andreu,188,9028,55,12
2026-01-01,9,Sant Andreu,60,Sant Andreu,188,9029,25,1
2026-01-01,9,Sant Andreu,60,Sant Andreu,188,9029,35,2
2026-01-01,9,Sant Andreu,60,Sant Andreu,188,9029,65,3
2026-01-01,9,Sant Andreu,60,Sant Andreu,188,9029,22,4
2026-01-01,9,Sant Andreu,60,Sant Andreu,188,9029,58,5
2026-01-01,9,Sant Andreu,60,Sant Andreu,188,9029,64,6
2026-01-01,9,Sant Andreu,60,Sant Andreu,188,9029,24,7
2026-01-01,9,Sant Andreu,60,Sant Andreu,188,9029,91,8
2026-01-01,9,Sant Andreu,60,Sant Andreu,188,9029,9,9
2026-01-01,9,Sant Andreu,60,Sant Andreu,188,9029,3,10
2026-01-01,9,Sant Andreu,60,Sant Andreu,188,9029,49,11
2026-01-01,9,Sant Andreu,60,Sant Andreu,188,9029,27,12
2026-01-01,9,Sant Andreu,60,Sant Andreu,188,9030,41,1
2026-01-01,9,Sant Andreu,60,Sant Andreu,188,9030,38,2
2026-01-01,9,Sant Andreu,60,Sant Andreu,188,9030,60,3
2026-01-01,9,Sant Andreu,60,Sant Andreu,188,9030,19,4
2026-01-01,9,Sant Andreu,60,Sant Andreu,188,9030,83,5
2026-01-01,9,Sant Andreu,60,Sant Andreu,188,9030,50,6
2026-01-01,9,Sant Andreu,60,Sant Andreu,188,9030,39,7
2026-01-01,9,Sant Andreu,60,Sant Andreu,188,9030,103,8
2026-01-01,9,Sant Andreu,60,Sant Andreu,188,9030,22,9
2026-01-01,9,Sant Andreu,60,Sant Andreu,188,9030,3,10
2026-01-01,9,Sant Andreu,60,Sant Andreu,188,9030,115,11
2026-01-01,9,Sant Andreu,60,Sant Andreu,188,9030,28,12
2026-01-01,9,Sant Andreu,60,Sant Andreu,188,9031,27,1
2026-01-01,9,Sant Andreu,60,Sant Andreu,188,9031,31,2
2026-01-01,9,Sant Andreu,60,Sant Andreu,188,9031,68,3
2026-01-01,9,Sant Andreu,60,Sant Andreu,188,9031,19,4
2026-01-01,9,Sant Andreu,60,Sant Andreu,188,9031,48,5
2026-01-01,9,Sant Andreu,60,Sant Andreu,188,9031,46,6
2026-01-01,9,Sant Andreu,60,Sant Andreu,188,9031,9,7
2026-01-01,9,Sant Andreu,60,Sant Andreu,188,9031,99,8
2026-01-01,9,Sant Andreu,60,Sant Andreu,188,9031,8,9
2026-01-01,9,Sant Andreu,60,Sant Andreu,188,9031,5,10
2026-01-01,9,Sant Andreu,60,Sant Andreu,188,9031,72,11
2026-01-01,9,Sant Andreu,60,Sant Andreu,188,9031,33,12
2026-01-01,9,Sant Andreu,60,Sant Andreu,189,9032,86,1
2026-01-01,9,Sant Andreu,60,Sant Andreu,189,9032,99,2
2026-01-01,9,Sant Andreu,60,Sant Andreu,189,9032,148,3
2026-01-01,9,Sant Andreu,60,Sant Andreu,189,9032,50,4
2026-01-01,9,Sant Andreu,60,Sant Andreu,189,9032,117,5
2026-01-01,9,Sant Andreu,60,Sant Andreu,189,9032,75,6
2026-01-01,9,Sant Andreu,60,Sant Andreu,189,9032,47,7
2026-01-01,9,Sant Andreu,60,Sant Andreu,189,9032,119,8
2026-01-01,9,Sant Andreu,60,Sant Andreu,189,9032,60,9
2026-01-01,9,Sant Andreu,60,Sant Andreu,189,9032,6,10
2026-01-01,9,Sant Andreu,60,Sant Andreu,189,9032,171,11
2026-01-01,9,Sant Andreu,60,Sant Andreu,189,9032,81,12
2026-01-01,9,Sant Andreu,60,Sant Andreu,189,9033,130,1
2026-01-01,9,Sant Andreu,60,Sant Andreu,189,9033,134,2
2026-01-01,9,Sant Andreu,60,Sant Andreu,189,9033,122,3
2026-01-01,9,Sant Andreu,60,Sant Andreu,189,9033,65,4
2026-01-01,9,Sant Andreu,60,Sant Andreu,189,9033,202,5
2026-01-01,9,Sant Andreu,60,Sant Andreu,189,9033,133,6
2026-01-01,9,Sant Andreu,60,Sant Andreu,189,9033,80,7
2026-01-01,9,Sant Andreu,60,Sant Andreu,189,9033,234,8
2026-01-01,9,Sant Andreu,60,Sant Andreu,189,9033,25,9
2026-01-01,9,Sant Andreu,60,Sant Andreu,189,9033,7,10
2026-01-01,9,Sant Andreu,60,Sant Andreu,189,9033,206,11
2026-01-01,9,Sant Andreu,60,Sant Andreu,189,9033,91,12
2026-01-01,9,Sant Andreu,60,Sant Andreu,190,9034,49,1
2026-01-01,9,Sant Andreu,60,Sant Andreu,190,9034,39,2
2026-01-01,9,Sant Andreu,60,Sant Andreu,190,9034,84,3
2026-01-01,9,Sant Andreu,60,Sant Andreu,190,9034,27,4
2026-01-01,9,Sant Andreu,60,Sant Andreu,190,9034,72,5
2026-01-01,9,Sant Andreu,60,Sant Andreu,190,9034,86,6
2026-01-01,9,Sant Andreu,60,Sant Andreu,190,9034,35,7
2026-01-01,9,Sant Andreu,60,Sant Andreu,190,9034,108,8
2026-01-01,9,Sant Andreu,60,Sant Andreu,190,9034,15,9
2026-01-01,9,Sant Andreu,60,Sant Andreu,190,9034,1,10
2026-01-01,9,Sant Andreu,60,Sant Andreu,190,9034,47,11
2026-01-01,9,Sant Andreu,60,Sant Andreu,190,9034,57,12
2026-01-01,9,Sant Andreu,60,Sant Andreu,190,9035,36,1
2026-01-01,9,Sant Andreu,60,Sant Andreu,190,9035,63,2
2026-01-01,9,Sant Andreu,60,Sant Andreu,190,9035,66,3
2026-01-01,9,Sant Andreu,60,Sant Andreu,190,9035,17,4
2026-01-01,9,Sant Andreu,60,Sant Andreu,190,9035,93,5
2026-01-01,9,Sant Andreu,60,Sant Andreu,190,9035,100,6
2026-01-01,9,Sant Andreu,60,Sant Andreu,190,9035,39,7
2026-01-01,9,Sant Andreu,60,Sant Andreu,190,9035,113,8
2026-01-01,9,Sant Andreu,60,Sant Andreu,190,9035,15,9
2026-01-01,9,Sant Andreu,60,Sant Andreu,190,9035,5,10
2026-01-01,9,Sant Andreu,60,Sant Andreu,190,9035,76,11
2026-01-01,9,Sant Andreu,60,Sant Andreu,190,9035,42,12
2026-01-01,9,Sant Andreu,60,Sant Andreu,190,9036,42,1
2026-01-01,9,Sant Andreu,60,Sant Andreu,190,9036,24,2
2026-01-01,9,Sant Andreu,60,Sant Andreu,190,9036,64,3
2026-01-01,9,Sant Andreu,60,Sant Andreu,190,9036,22,4
2026-01-01,9,Sant Andreu,60,Sant Andreu,190,9036,65,5
2026-01-01,9,Sant Andreu,60,Sant Andreu,190,9036,101,6
2026-01-01,9,Sant Andreu,60,Sant Andreu,190,9036,37,7
2026-01-01,9,Sant Andreu,60,Sant Andreu,190,9036,127,8
2026-01-01,9,Sant Andreu,60,Sant Andreu,190,9036,16,9
2026-01-01,9,Sant Andreu,60,Sant Andreu,190,9036,4,10
2026-01-01,9,Sant Andreu,60,Sant Andreu,190,9036,79,11
2026-01-01,9,Sant Andreu,60,Sant Andreu,190,9036,36,12
2026-01-01,9,Sant Andreu,60,Sant Andreu,190,9037,40,1
2026-01-01,9,Sant Andreu,60,Sant Andreu,190,9037,34,2
2026-01-01,9,Sant Andreu,60,Sant Andreu,190,9037,64,3
2026-01-01,9,Sant Andreu,60,Sant Andreu,190,9037,27,4
2026-01-01,9,Sant Andreu,60,Sant Andreu,190,9037,75,5
2026-01-01,9,Sant Andreu,60,Sant Andreu,190,9037,67,6
2026-01-01,9,Sant Andreu,60,Sant Andreu,190,9037,57,7
2026-01-01,9,Sant Andreu,60,Sant Andreu,190,9037,119,8
2026-01-01,9,Sant Andreu,60,Sant Andreu,190,9037,24,9
2026-01-01,9,Sant Andreu,60,Sant Andreu,190,9037,3,10
2026-01-01,9,Sant Andreu,60,Sant Andreu,190,9037,81,11
2026-01-01,9,Sant Andreu,60,Sant Andreu,190,9037,48,12
2026-01-01,9,Sant Andreu,60,Sant Andreu,190,9038,53,1
2026-01-01,9,Sant Andreu,60,Sant Andreu,190,9038,42,2
2026-01-01,9,Sant Andreu,60,Sant Andreu,190,9038,82,3
2026-01-01,9,Sant Andreu,60,Sant Andreu,190,9038,23,4
2026-01-01,9,Sant Andreu,60,Sant Andreu,190,9038,68,5
2026-01-01,9,Sant Andreu,60,Sant Andreu,190,9038,88,6
2026-01-01,9,Sant Andreu,60,Sant Andreu,190,9038,33,7
2026-01-01,9,Sant Andreu,60,Sant Andreu,190,9038,129,8
2026-01-01,9,Sant Andreu,60,Sant Andreu,190,9038,17,9
2026-01-01,9,Sant Andreu,60,Sant Andreu,190,9038,3,10
2026-01-01,9,Sant Andreu,60,Sant Andreu,190,9038,108,11
2026-01-01,9,Sant Andreu,60,Sant Andreu,190,9038,62,12
2026-01-01,9,Sant Andreu,60,Sant Andreu,190,9039,64,1
2026-01-01,9,Sant Andreu,60,Sant Andreu,190,9039,46,2
2026-01-01,9,Sant Andreu,60,Sant Andreu,190,9039,72,3
2026-01-01,9,Sant Andreu,60,Sant Andreu,190,9039,25,4
2026-01-01,9,Sant Andreu,60,Sant Andreu,190,9039,86,5
2026-01-01,9,Sant Andreu,60,Sant Andreu,190,9039,76,6
2026-01-01,9,Sant Andreu,60,Sant Andreu,190,9039,42,7
2026-01-01,9,Sant Andreu,60,Sant Andreu,190,9039,120,8
2026-01-01,9,Sant Andreu,60,Sant Andreu,190,9039,18,9
2026-01-01,9,Sant Andreu,60,Sant Andreu,190,9039,4,10
2026-01-01,9,Sant Andreu,60,Sant Andreu,190,9039,73,11
2026-01-01,9,Sant Andreu,60,Sant Andreu,190,9039,44,12
2026-01-01,9,Sant Andreu,60,Sant Andreu,191,9040,51,1
2026-01-01,9,Sant Andreu,60,Sant Andreu,191,9040,68,2
2026-01-01,9,Sant Andreu,60,Sant Andreu,191,9040,56,3
2026-01-01,9,Sant Andreu,60,Sant Andreu,191,9040,14,4
2026-01-01,9,Sant Andreu,60,Sant Andreu,191,9040,98,5
2026-01-01,9,Sant Andreu,60,Sant Andreu,191,9040,57,6
2026-01-01,9,Sant Andreu,60,Sant Andreu,191,9040,24,7
2026-01-01,9,Sant Andreu,60,Sant Andreu,191,9040,113,8
2026-01-01,9,Sant Andreu,60,Sant Andreu,191,9040,20,9
2026-01-01,9,Sant Andreu,60,Sant Andreu,191,9040,3,10
2026-01-01,9,Sant Andreu,60,Sant Andreu,191,9040,123,11
2026-01-01,9,Sant Andreu,60,Sant Andreu,191,9040,52,12
2026-01-01,9,Sant Andreu,60,Sant Andreu,191,9041,56,1
2026-01-01,9,Sant Andreu,60,Sant Andreu,191,9041,46,2
2026-01-01,9,Sant Andreu,60,Sant Andreu,191,9041,58,3
2026-01-01,9,Sant Andreu,60,Sant Andreu,191,9041,23,4
2026-01-01,9,Sant Andreu,60,Sant Andreu,191,9041,86,5
2026-01-01,9,Sant Andreu,60,Sant Andreu,191,9041,62,6
2026-01-01,9,Sant Andreu,60,Sant Andreu,191,9041,41,7
2026-01-01,9,Sant Andreu,60,Sant Andreu,191,9041,100,8
2026-01-01,9,Sant Andreu,60,Sant Andreu,191,9041,23,9
2026-01-01,9,Sant Andreu,60,Sant Andreu,191,9041,4,10
2026-01-01,9,Sant Andreu,60,Sant Andreu,191,9041,68,11
2026-01-01,9,Sant Andreu,60,Sant Andreu,191,9041,38,12
2026-01-01,9,Sant Andreu,60,Sant Andreu,191,9042,54,1
2026-01-01,9,Sant Andreu,60,Sant Andreu,191,9042,74,2
2026-01-01,9,Sant Andreu,60,Sant Andreu,191,9042,57,3
2026-01-01,9,Sant Andreu,60,Sant Andreu,191,9042,16,4
2026-01-01,9,Sant Andreu,60,Sant Andreu,191,9042,85,5
2026-01-01,9,Sant Andreu,60,Sant Andreu,191,9042,58,6
2026-01-01,9,Sant Andreu,60,Sant Andreu,191,9042,28,7
2026-01-01,9,Sant Andreu,60,Sant Andreu,191,9042,79,8
2026-01-01,9,Sant Andreu,60,Sant Andreu,191,9042,12,9
2026-01-01,9,Sant Andreu,60,Sant Andreu,191,9042,2,10
2026-01-01,9,Sant Andreu,60,Sant Andreu,191,9042,79,11
2026-01-01,9,Sant Andreu,60,Sant Andreu,191,9042,28,12
2026-01-01,9,Sant Andreu,60,Sant Andreu,191,9043,64,1
2026-01-01,9,Sant Andreu,60,Sant Andreu,191,9043,64,2
2026-01-01,9,Sant Andreu,60,Sant Andreu,191,9043,52,3
2026-01-01,9,Sant Andreu,60,Sant Andreu,191,9043,27,4
2026-01-01,9,Sant Andreu,60,Sant Andreu,191,9043,75,5
2026-01-01,9,Sant Andreu,60,Sant Andreu,191,9043,69,6
2026-01-01,9,Sant Andreu,60,Sant Andreu,191,9043,21,7
2026-01-01,9,Sant Andreu,60,Sant Andreu,191,9043,98,8
2026-01-01,9,Sant Andreu,60,Sant Andreu,191,9043,15,9
2026-01-01,9,Sant Andreu,60,Sant Andreu,191,9043,2,10
2026-01-01,9,Sant Andreu,60,Sant Andreu,191,9043,61,11
2026-01-01,9,Sant Andreu,60,Sant Andreu,191,9043,49,12
2026-01-01,9,Sant Andreu,60,Sant Andreu,191,9044,62,1
2026-01-01,9,Sant Andreu,60,Sant Andreu,191,9044,65,2
2026-01-01,9,Sant Andreu,60,Sant Andreu,191,9044,63,3
2026-01-01,9,Sant Andreu,60,Sant Andreu,191,9044,30,4
2026-01-01,9,Sant Andreu,60,Sant Andreu,191,9044,86,5
2026-01-01,9,Sant Andreu,60,Sant Andreu,191,9044,57,6
2026-01-01,9,Sant Andreu,60,Sant Andreu,191,9044,29,7
2026-01-01,9,Sant Andreu,60,Sant Andreu,191,9044,118,8
2026-01-01,9,Sant Andreu,60,Sant Andreu,191,9044,25,9
2026-01-01,9,Sant Andreu,60,Sant Andreu,191,9044,8,10
2026-01-01,9,Sant Andreu,60,Sant Andreu,191,9044,99,11
2026-01-01,9,Sant Andreu,60,Sant Andreu,191,9044,30,12
2026-01-01,9,Sant Andreu,60,Sant Andreu,191,9045,52,1
2026-01-01,9,Sant Andreu,60,Sant Andreu,191,9045,48,2
2026-01-01,9,Sant Andreu,60,Sant Andreu,191,9045,70,3
2026-01-01,9,Sant Andreu,60,Sant Andreu,191,9045,17,4
2026-01-01,9,Sant Andreu,60,Sant Andreu,191,9045,71,5
2026-01-01,9,Sant Andreu,60,Sant Andreu,191,9045,69,6
2026-01-01,9,Sant Andreu,60,Sant Andreu,191,9045,44,7
2026-01-01,9,Sant Andreu,60,Sant Andreu,191,9045,103,8
2026-01-01,9,Sant Andreu,60,Sant Andreu,191,9045,24,9
2026-01-01,9,Sant Andreu,60,Sant Andreu,191,9045,1,10
2026-01-01,9,Sant Andreu,60,Sant Andreu,191,9045,83,11
2026-01-01,9,Sant Andreu,60,Sant Andreu,191,9045,27,12
2026-01-01,9,Sant Andreu,60,Sant Andreu,192,9046,52,1
2026-01-01,9,Sant Andreu,60,Sant Andreu,192,9046,43,2
2026-01-01,9,Sant Andreu,60,Sant Andreu,192,9046,82,3
2026-01-01,9,Sant Andreu,60,Sant Andreu,192,9046,17,4
2026-01-01,9,Sant Andreu,60,Sant Andreu,192,9046,63,5
2026-01-01,9,Sant Andreu,60,Sant Andreu,192,9046,76,6
2026-01-01,9,Sant Andreu,60,Sant Andreu,192,9046,27,7
2026-01-01,9,Sant Andreu,60,Sant Andreu,192,9046,92,8
2026-01-01,9,Sant Andreu,60,Sant Andreu,192,9046,17,9
2026-01-01,9,Sant Andreu,60,Sant Andreu,192,9046,2,10
2026-01-01,9,Sant Andreu,60,Sant Andreu,192,9046,81,11
2026-01-01,9,Sant Andreu,60,Sant Andreu,192,9046,28,12
2026-01-01,9,Sant Andreu,60,Sant Andreu,192,9047,97,1
2026-01-01,9,Sant Andreu,60,Sant Andreu,192,9047,82,2
2026-01-01,9,Sant Andreu,60,Sant Andreu,192,9047,64,3
2026-01-01,9,Sant Andreu,60,Sant Andreu,192,9047,25,4
2026-01-01,9,Sant Andreu,60,Sant Andreu,192,9047,102,5
2026-01-01,9,Sant Andreu,60,Sant Andreu,192,9047,62,6
2026-01-01,9,Sant Andreu,60,Sant Andreu,192,9047,27,7
2026-01-01,9,Sant Andreu,60,Sant Andreu,192,9047,114,8
2026-01-01,9,Sant Andreu,60,Sant Andreu,192,9047,27,9
2026-01-01,9,Sant Andreu,60,Sant Andreu,192,9047,3,10
2026-01-01,9,Sant Andreu,60,Sant Andreu,192,9047,97,11
2026-01-01,9,Sant Andreu,60,Sant Andreu,192,9047,27,12
2026-01-01,9,Sant Andreu,60,Sant Andreu,192,9048,61,1
2026-01-01,9,Sant Andreu,60,Sant Andreu,192,9048,40,2
2026-01-01,9,Sant Andreu,60,Sant Andreu,192,9048,81,3
2026-01-01,9,Sant Andreu,60,Sant Andreu,192,9048,22,4
2026-01-01,9,Sant Andreu,60,Sant Andreu,192,9048,55,5
2026-01-01,9,Sant Andreu,60,Sant Andreu,192,9048,77,6
2026-01-01,9,Sant Andreu,60,Sant Andreu,192,9048,36,7
2026-01-01,9,Sant Andreu,60,Sant Andreu,192,9048,103,8
2026-01-01,9,Sant Andreu,60,Sant Andreu,192,9048,16,9
2026-01-01,9,Sant Andreu,60,Sant Andreu,192,9048,3,10
2026-01-01,9,Sant Andreu,60,Sant Andreu,192,9048,71,11
2026-01-01,9,Sant Andreu,60,Sant Andreu,192,9048,30,12
2026-01-01,9,Sant Andreu,60,Sant Andreu,192,9049,27,1
2026-01-01,9,Sant Andreu,60,Sant Andreu,192,9049,32,2
2026-01-01,9,Sant Andreu,60,Sant Andreu,192,9049,69,3
2026-01-01,9,Sant Andreu,60,Sant Andreu,192,9049,17,4
2026-01-01,9,Sant Andreu,60,Sant Andreu,192,9049,58,5
2026-01-01,9,Sant Andreu,60,Sant Andreu,192,9049,58,6
2026-01-01,9,Sant Andreu,60,Sant Andreu,192,9049,31,7
2026-01-01,9,Sant Andreu,60,Sant Andreu,192,9049,98,8
2026-01-01,9,Sant Andreu,60,Sant Andreu,192,9049,12,9
2026-01-01,9,Sant Andreu,60,Sant Andreu,192,9049,3,10
2026-01-01,9,Sant Andreu,60,Sant Andreu,192,9049,55,11
2026-01-01,9,Sant Andreu,60,Sant Andreu,192,9049,51,12
2026-01-01,9,Sant Andreu,60,Sant Andreu,192,9050,72,1
2026-01-01,9,Sant Andreu,60,Sant Andreu,192,9050,61,2
2026-01-01,9,Sant Andreu,60,Sant Andreu,192,9050,77,3
2026-01-01,9,Sant Andreu,60,Sant Andreu,192,9050,25,4
2026-01-01,9,Sant Andreu,60,Sant Andreu,192,9050,90,5
2026-01-01,9,Sant Andreu,60,Sant Andreu,192,9050,78,6
2026-01-01,9,Sant Andreu,60,Sant Andreu,192,9050,48,7
2026-01-01,9,Sant Andreu,60,Sant Andreu,192,9050,105,8
2026-01-01,9,Sant Andreu,60,Sant Andreu,192,9050,21,9
2026-01-01,9,Sant Andreu,60,Sant Andreu,192,9050,1,10
2026-01-01,9,Sant Andreu,60,Sant Andreu,192,9050,89,11
2026-01-01,9,Sant Andreu,60,Sant Andreu,192,9050,32,12
2026-01-01,9,Sant Andreu,60,Sant Andreu,192,9051,62,1
2026-01-01,9,Sant Andreu,60,Sant Andreu,192,9051,56,2
2026-01-01,9,Sant Andreu,60,Sant Andreu,192,9051,56,3
2026-01-01,9,Sant Andreu,60,Sant Andreu,192,9051,27,4
2026-01-01,9,Sant Andreu,60,Sant Andreu,192,9051,86,5
2026-01-01,9,Sant Andreu,60,Sant Andreu,192,9051,55,6
2026-01-01,9,Sant Andreu,60,Sant Andreu,192,9051,29,7
2026-01-01,9,Sant Andreu,60,Sant Andreu,192,9051,93,8
2026-01-01,9,Sant Andreu,60,Sant Andreu,192,9051,9,9
2026-01-01,9,Sant Andreu,60,Sant Andreu,192,9051,3,10
2026-01-01,9,Sant Andreu,60,Sant Andreu,192,9051,64,11
2026-01-01,9,Sant Andreu,60,Sant Andreu,192,9051,30,12
2026-01-01,9,Sant Andreu,60,Sant Andreu,192,9052,35,1
2026-01-01,9,Sant Andreu,60,Sant Andreu,192,9052,36,2
2026-01-01,9,Sant Andreu,60,Sant Andreu,192,9052,69,3
2026-01-01,9,Sant Andreu,60,Sant Andreu,192,9052,17,4
2026-01-01,9,Sant Andreu,60,Sant Andreu,192,9052,61,5
2026-01-01,9,Sant Andreu,60,Sant Andreu,192,9052,61,6
2026-01-01,9,Sant Andreu,60,Sant Andreu,192,9052,37,7
2026-01-01,9,Sant Andreu,60,Sant Andreu,192,9052,104,8
2026-01-01,9,Sant Andreu,60,Sant Andreu,192,9052,7,9
2026-01-01,9,Sant Andreu,60,Sant Andreu,192,9052,77,11
2026-01-01,9,Sant Andreu,60,Sant Andreu,192,9052,17,12
2026-01-01,9,Sant Andreu,60,Sant Andreu,192,9053,54,1
2026-01-01,9,Sant Andreu,60,Sant Andreu,192,9053,52,2
2026-01-01,9,Sant Andreu,60,Sant Andreu,192,9053,86,3
2026-01-01,9,Sant Andreu,60,Sant Andreu,192,9053,24,4
2026-01-01,9,Sant Andreu,60,Sant Andreu,192,9053,80,5
2026-01-01,9,Sant Andreu,60,Sant Andreu,192,9053,101,6
2026-01-01,9,Sant Andreu,60,Sant Andreu,192,9053,35,7
2026-01-01,9,Sant Andreu,60,Sant Andreu,192,9053,108,8
2026-01-01,9,Sant Andreu,60,Sant Andreu,192,9053,22,9
2026-01-01,9,Sant Andreu,60,Sant Andreu,192,9053,3,10
2026-01-01,9,Sant Andreu,60,Sant Andreu,192,9053,104,11
2026-01-01,9,Sant Andreu,60,Sant Andreu,192,9053,43,12
2026-01-01,9,Sant Andreu,60,Sant Andreu,192,9054,35,1
2026-01-01,9,Sant Andreu,60,Sant Andreu,192,9054,33,2
2026-01-01,9,Sant Andreu,60,Sant Andreu,192,9054,58,3
2026-01-01,9,Sant Andreu,60,Sant Andreu,192,9054,18,4
2026-01-01,9,Sant Andreu,60,Sant Andreu,192,9054,60,5
2026-01-01,9,Sant Andreu,60,Sant Andreu,192,9054,68,6
2026-01-01,9,Sant Andreu,60,Sant Andreu,192,9054,25,7
2026-01-01,9,Sant Andreu,60,Sant Andreu,192,9054,83,8
2026-01-01,9,Sant Andreu,60,Sant Andreu,192,9054,5,9
2026-01-01,9,Sant Andreu,60,Sant Andreu,192,9054,3,10
2026-01-01,9,Sant Andreu,60,Sant Andreu,192,9054,54,11
2026-01-01,9,Sant Andreu,60,Sant Andreu,192,9054,30,12
2026-01-01,9,Sant Andreu,61,la Sagrera,193,9055,14,1
2026-01-01,9,Sant Andreu,61,la Sagrera,193,9055,17,2
2026-01-01,9,Sant Andreu,61,la Sagrera,193,9055,100,3
2026-01-01,9,Sant Andreu,61,la Sagrera,193,9055,21,4
2026-01-01,9,Sant Andreu,61,la Sagrera,193,9055,36,5
2026-01-01,9,Sant Andreu,61,la Sagrera,193,9055,113,6
2026-01-01,9,Sant Andreu,61,la Sagrera,193,9055,28,7
2026-01-01,9,Sant Andreu,61,la Sagrera,193,9055,150,8
2026-01-01,9,Sant Andreu,61,la Sagrera,193,9055,15,9
2026-01-01,9,Sant Andreu,61,la Sagrera,193,9055,4,10
2026-01-01,9,Sant Andreu,61,la Sagrera,193,9055,64,11
2026-01-01,9,Sant Andreu,61,la Sagrera,193,9055,74,12
2026-01-01,9,Sant Andreu,61,la Sagrera,193,9056,22,1
2026-01-01,9,Sant Andreu,61,la Sagrera,193,9056,21,2
2026-01-01,9,Sant Andreu,61,la Sagrera,193,9056,58,3
2026-01-01,9,Sant Andreu,61,la Sagrera,193,9056,15,4
2026-01-01,9,Sant Andreu,61,la Sagrera,193,9056,48,5
2026-01-01,9,Sant Andreu,61,la Sagrera,193,9056,93,6
2026-01-01,9,Sant Andreu,61,la Sagrera,193,9056,39,7
2026-01-01,9,Sant Andreu,61,la Sagrera,193,9056,101,8
2026-01-01,9,Sant Andreu,61,la Sagrera,193,9056,2,9
2026-01-01,9,Sant Andreu,61,la Sagrera,193,9056,1,10
2026-01-01,9,Sant Andreu,61,la Sagrera,193,9056,47,11
2026-01-01,9,Sant Andreu,61,la Sagrera,193,9056,23,12
2026-01-01,9,Sant Andreu,61,la Sagrera,193,9057,46,1
2026-01-01,9,Sant Andreu,61,la Sagrera,193,9057,62,2
2026-01-01,9,Sant Andreu,61,la Sagrera,193,9057,72,3
2026-01-01,9,Sant Andreu,61,la Sagrera,193,9057,26,4
2026-01-01,9,Sant Andreu,61,la Sagrera,193,9057,75,5
2026-01-01,9,Sant Andreu,61,la Sagrera,193,9057,66,6
2026-01-01,9,Sant Andreu,61,la Sagrera,193,9057,44,7
2026-01-01,9,Sant Andreu,61,la Sagrera,193,9057,150,8
2026-01-01,9,Sant Andreu,61,la Sagrera,193,9057,22,9
2026-01-01,9,Sant Andreu,61,la Sagrera,193,9057,77,11
2026-01-01,9,Sant Andreu,61,la Sagrera,193,9057,59,12
2026-01-01,9,Sant Andreu,61,la Sagrera,193,9058,61,1
2026-01-01,9,Sant Andreu,61,la Sagrera,193,9058,55,2
2026-01-01,9,Sant Andreu,61,la Sagrera,193,9058,52,3
2026-01-01,9,Sant Andreu,61,la Sagrera,193,9058,14,4
2026-01-01,9,Sant Andreu,61,la Sagrera,193,9058,97,5
2026-01-01,9,Sant Andreu,61,la Sagrera,193,9058,51,6
2026-01-01,9,Sant Andreu,61,la Sagrera,193,9058,30,7
2026-01-01,9,Sant Andreu,61,la Sagrera,193,9058,108,8
2026-01-01,9,Sant Andreu,61,la Sagrera,193,9058,19,9
2026-01-01,9,Sant Andreu,61,la Sagrera,193,9058,5,10
2026-01-01,9,Sant Andreu,61,la Sagrera,193,9058,96,11
2026-01-01,9,Sant Andreu,61,la Sagrera,193,9058,46,12
2026-01-01,9,Sant Andreu,61,la Sagrera,193,9059,52,1
2026-01-01,9,Sant Andreu,61,la Sagrera,193,9059,59,2
2026-01-01,9,Sant Andreu,61,la Sagrera,193,9059,62,3
2026-01-01,9,Sant Andreu,61,la Sagrera,193,9059,16,4
2026-01-01,9,Sant Andreu,61,la Sagrera,193,9059,81,5
2026-01-01,9,Sant Andreu,61,la Sagrera,193,9059,61,6
2026-01-01,9,Sant Andreu,61,la Sagrera,193,9059,38,7
2026-01-01,9,Sant Andreu,61,la Sagrera,193,9059,98,8
2026-01-01,9,Sant Andreu,61,la Sagrera,193,9059,11,9
2026-01-01,9,Sant Andreu,61,la Sagrera,193,9059,3,10
2026-01-01,9,Sant Andreu,61,la Sagrera,193,9059,93,11
2026-01-01,9,Sant Andreu,61,la Sagrera,193,9059,37,12
2026-01-01,9,Sant Andreu,61,la Sagrera,193,9060,37,1
2026-01-01,9,Sant Andreu,61,la Sagrera,193,9060,35,2
2026-01-01,9,Sant Andreu,61,la Sagrera,193,9060,61,3
2026-01-01,9,Sant Andreu,61,la Sagrera,193,9060,19,4
2026-01-01,9,Sant Andreu,61,la Sagrera,193,9060,83,5
2026-01-01,9,Sant Andreu,61,la Sagrera,193,9060,65,6
2026-01-01,9,Sant Andreu,61,la Sagrera,193,9060,38,7
2026-01-01,9,Sant Andreu,61,la Sagrera,193,9060,113,8
2026-01-01,9,Sant Andreu,61,la Sagrera,193,9060,19,9
2026-01-01,9,Sant Andreu,61,la Sagrera,193,9060,4,10
2026-01-01,9,Sant Andreu,61,la Sagrera,193,9060,62,11
2026-01-01,9,Sant Andreu,61,la Sagrera,193,9060,43,12
2026-01-01,9,Sant Andreu,61,la Sagrera,193,9156,12,1
2026-01-01,9,Sant Andreu,61,la Sagrera,193,9156,14,2
2026-01-01,9,Sant Andreu,61,la Sagrera,193,9156,81,3
2026-01-01,9,Sant Andreu,61,la Sagrera,193,9156,23,4
2026-01-01,9,Sant Andreu,61,la Sagrera,193,9156,34,5
2026-01-01,9,Sant Andreu,61,la Sagrera,193,9156,111,6
2026-01-01,9,Sant Andreu,61,la Sagrera,193,9156,27,7
2026-01-01,9,Sant Andreu,61,la Sagrera,193,9156,86,8
2026-01-01,9,Sant Andreu,61,la Sagrera,193,9156,10,9
2026-01-01,9,Sant Andreu,61,la Sagrera,193,9156,50,11
2026-01-01,9,Sant Andreu,61,la Sagrera,193,9156,52,12
2026-01-01,9,Sant Andreu,61,la Sagrera,194,9061,68,1
2026-01-01,9,Sant Andreu,61,la Sagrera,194,9061,66,2
2026-01-01,9,Sant Andreu,61,la Sagrera,194,9061,57,3
2026-01-01,9,Sant Andreu,61,la Sagrera,194,9061,15,4
2026-01-01,9,Sant Andreu,61,la Sagrera,194,9061,103,5
2026-01-01,9,Sant Andreu,61,la Sagrera,194,9061,79,6
2026-01-01,9,Sant Andreu,61,la Sagrera,194,9061,26,7
2026-01-01,9,Sant Andreu,61,la Sagrera,194,9061,139,8
2026-01-01,9,Sant Andreu,61,la Sagrera,194,9061,14,9
2026-01-01,9,Sant Andreu,61,la Sagrera,194,9061,6,10
2026-01-01,9,Sant Andreu,61,la Sagrera,194,9061,107,11
2026-01-01,9,Sant Andreu,61,la Sagrera,194,9061,46,12
2026-01-01,9,Sant Andreu,61,la Sagrera,194,9062,73,1
2026-01-01,9,Sant Andreu,61,la Sagrera,194,9062,59,2
2026-01-01,9,Sant Andreu,61,la Sagrera,194,9062,48,3
2026-01-01,9,Sant Andreu,61,la Sagrera,194,9062,18,4
2026-01-01,9,Sant Andreu,61,la Sagrera,194,9062,108,5
2026-01-01,9,Sant Andreu,61,la Sagrera,194,9062,49,6
2026-01-01,9,Sant Andreu,61,la Sagrera,194,9062,29,7
2026-01-01,9,Sant Andreu,61,la Sagrera,194,9062,104,8
2026-01-01,9,Sant Andreu,61,la Sagrera,194,9062,19,9
2026-01-01,9,Sant Andreu,61,la Sagrera,194,9062,4,10
2026-01-01,9,Sant Andreu,61,la Sagrera,194,9062,125,11
2026-01-01,9,Sant Andreu,61,la Sagrera,194,9062,51,12
2026-01-01,9,Sant Andreu,61,la Sagrera,195,9063,82,1
2026-01-01,9,Sant Andreu,61,la Sagrera,195,9063,68,2
2026-01-01,9,Sant Andreu,61,la Sagrera,195,9063,29,3
2026-01-01,9,Sant Andreu,61,la Sagrera,195,9063,26,4
2026-01-01,9,Sant Andreu,61,la Sagrera,195,9063,113,5
2026-01-01,9,Sant Andreu,61,la Sagrera,195,9063,54,6
2026-01-01,9,Sant Andreu,61,la Sagrera,195,9063,28,7
2026-01-01,9,Sant Andreu,61,la Sagrera,195,9063,95,8
2026-01-01,9,Sant Andreu,61,la Sagrera,195,9063,22,9
2026-01-01,9,Sant Andreu,61,la Sagrera,195,9063,3,10
2026-01-01,9,Sant Andreu,61,la Sagrera,195,9063,123,11
2026-01-01,9,Sant Andreu,61,la Sagrera,195,9063,26,12
2026-01-01,9,Sant Andreu,61,la Sagrera,195,9064,18,1
2026-01-01,9,Sant Andreu,61,la Sagrera,195,9064,21,2
2026-01-01,9,Sant Andreu,61,la Sagrera,195,9064,51,3
2026-01-01,9,Sant Andreu,61,la Sagrera,195,9064,12,4
2026-01-01,9,Sant Andreu,61,la Sagrera,195,9064,39,5
2026-01-01,9,Sant Andreu,61,la Sagrera,195,9064,74,6
2026-01-01,9,Sant Andreu,61,la Sagrera,195,9064,36,7
2026-01-01,9,Sant Andreu,61,la Sagrera,195,9064,115,8
2026-01-01,9,Sant Andreu,61,la Sagrera,195,9064,7,9
2026-01-01,9,Sant Andreu,61,la Sagrera,195,9064,1,10
2026-01-01,9,Sant Andreu,61,la Sagrera,195,9064,50,11
2026-01-01,9,Sant Andreu,61,la Sagrera,195,9064,33,12
2026-01-01,9,Sant Andreu,61,la Sagrera,195,9065,52,1
2026-01-01,9,Sant Andreu,61,la Sagrera,195,9065,45,2
2026-01-01,9,Sant Andreu,61,la Sagrera,195,9065,90,3
2026-01-01,9,Sant Andreu,61,la Sagrera,195,9065,42,4
2026-01-01,9,Sant Andreu,61,la Sagrera,195,9065,90,5
2026-01-01,9,Sant Andreu,61,la Sagrera,195,9065,103,6
2026-01-01,9,Sant Andreu,61,la Sagrera,195,9065,53,7
2026-01-01,9,Sant Andreu,61,la Sagrera,195,9065,182,8
2026-01-01,9,Sant Andreu,61,la Sagrera,195,9065,14,9
2026-01-01,9,Sant Andreu,61,la Sagrera,195,9065,4,10
2026-01-01,9,Sant Andreu,61,la Sagrera,195,9065,82,11
2026-01-01,9,Sant Andreu,61,la Sagrera,195,9065,64,12
2026-01-01,9,Sant Andreu,61,la Sagrera,195,9066,60,1
2026-01-01,9,Sant Andreu,61,la Sagrera,195,9066,55,2
2026-01-01,9,Sant Andreu,61,la Sagrera,195,9066,56,3
2026-01-01,9,Sant Andreu,61,la Sagrera,195,9066,30,4
2026-01-01,9,Sant Andreu,61,la Sagrera,195,9066,71,5
2026-01-01,9,Sant Andreu,61,la Sagrera,195,9066,69,6
2026-01-01,9,Sant Andreu,61,la Sagrera,195,9066,42,7
2026-01-01,9,Sant Andreu,61,la Sagrera,195,9066,113,8
2026-01-01,9,Sant Andreu,61,la Sagrera,195,9066,6,9
2026-01-01,9,Sant Andreu,61,la Sagrera,195,9066,6,10
2026-01-01,9,Sant Andreu,61,la Sagrera,195,9066,80,11
2026-01-01,9,Sant Andreu,61,la Sagrera,195,9066,33,12
2026-01-01,9,Sant Andreu,61,la Sagrera,195,9067,45,1
2026-01-01,9,Sant Andreu,61,la Sagrera,195,9067,46,2
2026-01-01,9,Sant Andreu,61,la Sagrera,195,9067,59,3
2026-01-01,9,Sant Andreu,61,la Sagrera,195,9067,23,4
2026-01-01,9,Sant Andreu,61,la Sagrera,195,9067,80,5
2026-01-01,9,Sant Andreu,61,la Sagrera,195,9067,65,6
2026-01-01,9,Sant Andreu,61,la Sagrera,195,9067,33,7
2026-01-01,9,Sant Andreu,61,la Sagrera,195,9067,130,8
2026-01-01,9,Sant Andreu,61,la Sagrera,195,9067,19,9
2026-01-01,9,Sant Andreu,61,la Sagrera,195,9067,2,10
2026-01-01,9,Sant Andreu,61,la Sagrera,195,9067,63,11
2026-01-01,9,Sant Andreu,61,la Sagrera,195,9067,45,12
2026-01-01,9,Sant Andreu,61,la Sagrera,196,9068,49,1
2026-01-01,9,Sant Andreu,61,la Sagrera,196,9068,47,2
2026-01-01,9,Sant Andreu,61,la Sagrera,196,9068,78,3
2026-01-01,9,Sant Andreu,61,la Sagrera,196,9068,20,4
2026-01-01,9,Sant Andreu,61,la Sagrera,196,9068,74,5
2026-01-01,9,Sant Andreu,61,la Sagrera,196,9068,69,6
2026-01-01,9,Sant Andreu,61,la Sagrera,196,9068,37,7
2026-01-01,9,Sant Andreu,61,la Sagrera,196,9068,130,8
2026-01-01,9,Sant Andreu,61,la Sagrera,196,9068,12,9
2026-01-01,9,Sant Andreu,61,la Sagrera,196,9068,1,10
2026-01-01,9,Sant Andreu,61,la Sagrera,196,9068,78,11
2026-01-01,9,Sant Andreu,61,la Sagrera,196,9068,45,12
2026-01-01,9,Sant Andreu,61,la Sagrera,196,9069,28,1
2026-01-01,9,Sant Andreu,61,la Sagrera,196,9069,28,2
2026-01-01,9,Sant Andreu,61,la Sagrera,196,9069,64,3
2026-01-01,9,Sant Andreu,61,la Sagrera,196,9069,17,4
2026-01-01,9,Sant Andreu,61,la Sagrera,196,9069,36,5
2026-01-01,9,Sant Andreu,61,la Sagrera,196,9069,34,6
2026-01-01,9,Sant Andreu,61,la Sagrera,196,9069,24,7
2026-01-01,9,Sant Andreu,61,la Sagrera,196,9069,85,8
2026-01-01,9,Sant Andreu,61,la Sagrera,196,9069,6,9
2026-01-01,9,Sant Andreu,61,la Sagrera,196,9069,1,10
2026-01-01,9,Sant Andreu,61,la Sagrera,196,9069,46,11
2026-01-01,9,Sant Andreu,61,la Sagrera,196,9069,33,12
2026-01-01,9,Sant Andreu,61,la Sagrera,196,9070,64,1
2026-01-01,9,Sant Andreu,61,la Sagrera,196,9070,67,2
2026-01-01,9,Sant Andreu,61,la Sagrera,196,9070,95,3
2026-01-01,9,Sant Andreu,61,la Sagrera,196,9070,40,4
2026-01-01,9,Sant Andreu,61,la Sagrera,196,9070,92,5
2026-01-01,9,Sant Andreu,61,la Sagrera,196,9070,74,6
2026-01-01,9,Sant Andreu,61,la Sagrera,196,9070,33,7
2026-01-01,9,Sant Andreu,61,la Sagrera,196,9070,149,8
2026-01-01,9,Sant Andreu,61,la Sagrera,196,9070,18,9
2026-01-01,9,Sant Andreu,61,la Sagrera,196,9070,3,10
2026-01-01,9,Sant Andreu,61,la Sagrera,196,9070,65,11
2026-01-01,9,Sant Andreu,61,la Sagrera,196,9070,50,12
2026-01-01,9,Sant Andreu,61,la Sagrera,196,9071,40,1
2026-01-01,9,Sant Andreu,61,la Sagrera,196,9071,38,2
2026-01-01,9,Sant Andreu,61,la Sagrera,196,9071,97,3
2026-01-01,9,Sant Andreu,61,la Sagrera,196,9071,28,4
2026-01-01,9,Sant Andreu,61,la Sagrera,196,9071,100,5
2026-01-01,9,Sant Andreu,61,la Sagrera,196,9071,100,6
2026-01-01,9,Sant Andreu,61,la Sagrera,196,9071,54,7
2026-01-01,9,Sant Andreu,61,la Sagrera,196,9071,144,8
2026-01-01,9,Sant Andreu,61,la Sagrera,196,9071,15,9
2026-01-01,9,Sant Andreu,61,la Sagrera,196,9071,3,10
2026-01-01,9,Sant Andreu,61,la Sagrera,196,9071,72,11
2026-01-01,9,Sant Andreu,61,la Sagrera,196,9071,73,12
2026-01-01,9,Sant Andreu,61,la Sagrera,196,9072,75,1
2026-01-01,9,Sant Andreu,61,la Sagrera,196,9072,45,2
2026-01-01,9,Sant Andreu,61,la Sagrera,196,9072,66,3
2026-01-01,9,Sant Andreu,61,la Sagrera,196,9072,29,4
2026-01-01,9,Sant Andreu,61,la Sagrera,196,9072,88,5
2026-01-01,9,Sant Andreu,61,la Sagrera,196,9072,51,6
2026-01-01,9,Sant Andreu,61,la Sagrera,196,9072,41,7
2026-01-01,9,Sant Andreu,61,la Sagrera,196,9072,110,8
2026-01-01,9,Sant Andreu,61,la Sagrera,196,9072,13,9
2026-01-01,9,Sant Andreu,61,la Sagrera,196,9072,3,10
2026-01-01,9,Sant Andreu,61,la Sagrera,196,9072,51,11
2026-01-01,9,Sant Andreu,61,la Sagrera,196,9072,63,12
2026-01-01,9,Sant Andreu,61,la Sagrera,196,9073,23,1
2026-01-01,9,Sant Andreu,61,la Sagrera,196,9073,33,2
2026-01-01,9,Sant Andreu,61,la Sagrera,196,9073,74,3
2026-01-01,9,Sant Andreu,61,la Sagrera,196,9073,25,4
2026-01-01,9,Sant Andreu,61,la Sagrera,196,9073,70,5
2026-01-01,9,Sant Andreu,61,la Sagrera,196,9073,96,6
2026-01-01,9,Sant Andreu,61,la Sagrera,196,9073,58,7
2026-01-01,9,Sant Andreu,61,la Sagrera,196,9073,129,8
2026-01-01,9,Sant Andreu,61,la Sagrera,196,9073,7,9
2026-01-01,9,Sant Andreu,61,la Sagrera,196,9073,3,10
2026-01-01,9,Sant Andreu,61,la Sagrera,196,9073,45,11
2026-01-01,9,Sant Andreu,61,la Sagrera,196,9073,40,12
2026-01-01,9,Sant Andreu,62,el Congrés i els Indians,197,9074,53,1
2026-01-01,9,Sant Andreu,62,el Congrés i els Indians,197,9074,54,2
2026-01-01,9,Sant Andreu,62,el Congrés i els Indians,197,9074,78,3
2026-01-01,9,Sant Andreu,62,el Congrés i els Indians,197,9074,29,4
2026-01-01,9,Sant Andreu,62,el Congrés i els Indians,197,9074,88,5
2026-01-01,9,Sant Andreu,62,el Congrés i els Indians,197,9074,65,6
2026-01-01,9,Sant Andreu,62,el Congrés i els Indians,197,9074,31,7
2026-01-01,9,Sant Andreu,62,el Congrés i els Indians,197,9074,149,8
2026-01-01,9,Sant Andreu,62,el Congrés i els Indians,197,9074,18,9
2026-01-01,9,Sant Andreu,62,el Congrés i els Indians,197,9074,4,10
2026-01-01,9,Sant Andreu,62,el Congrés i els Indians,197,9074,118,11
2026-01-01,9,Sant Andreu,62,el Congrés i els Indians,197,9074,45,12
2026-01-01,9,Sant Andreu,62,el Congrés i els Indians,197,9075,37,1
2026-01-01,9,Sant Andreu,62,el Congrés i els Indians,197,9075,44,2
2026-01-01,9,Sant Andreu,62,el Congrés i els Indians,197,9075,54,3
2026-01-01,9,Sant Andreu,62,el Congrés i els Indians,197,9075,28,4
2026-01-01,9,Sant Andreu,62,el Congrés i els Indians,197,9075,74,5
2026-01-01,9,Sant Andreu,62,el Congrés i els Indians,197,9075,50,6
2026-01-01,9,Sant Andreu,62,el Congrés i els Indians,197,9075,39,7
2026-01-01,9,Sant Andreu,62,el Congrés i els Indians,197,9075,128,8
2026-01-01,9,Sant Andreu,62,el Congrés i els Indians,197,9075,22,9
2026-01-01,9,Sant Andreu,62,el Congrés i els Indians,197,9075,4,10
2026-01-01,9,Sant Andreu,62,el Congrés i els Indians,197,9075,64,11
2026-01-01,9,Sant Andreu,62,el Congrés i els Indians,197,9075,58,12
2026-01-01,9,Sant Andreu,62,el Congrés i els Indians,197,9076,55,1
2026-01-01,9,Sant Andreu,62,el Congrés i els Indians,197,9076,74,2
2026-01-01,9,Sant Andreu,62,el Congrés i els Indians,197,9076,65,3
2026-01-01,9,Sant Andreu,62,el Congrés i els Indians,197,9076,21,4
2026-01-01,9,Sant Andreu,62,el Congrés i els Indians,197,9076,92,5
2026-01-01,9,Sant Andreu,62,el Congrés i els Indians,197,9076,43,6
2026-01-01,9,Sant Andreu,62,el Congrés i els Indians,197,9076,41,7
2026-01-01,9,Sant Andreu,62,el Congrés i els Indians,197,9076,108,8
2026-01-01,9,Sant Andreu,62,el Congrés i els Indians,197,9076,12,9
2026-01-01,9,Sant Andreu,62,el Congrés i els Indians,197,9076,2,10
2026-01-01,9,Sant Andreu,62,el Congrés i els Indians,197,9076,94,11
2026-01-01,9,Sant Andreu,62,el Congrés i els Indians,197,9076,47,12
2026-01-01,9,Sant Andreu,62,el Congrés i els Indians,197,9077,73,1
2026-01-01,9,Sant Andreu,62,el Congrés i els Indians,197,9077,46,2
2026-01-01,9,Sant Andreu,62,el Congrés i els Indians,197,9077,89,3
2026-01-01,9,Sant Andreu,62,el Congrés i els Indians,197,9077,33,4
2026-01-01,9,Sant Andreu,62,el Congrés i els Indians,197,9077,107,5
2026-01-01,9,Sant Andreu,62,el Congrés i els Indians,197,9077,44,6
2026-01-01,9,Sant Andreu,62,el Congrés i els Indians,197,9077,44,7
2026-01-01,9,Sant Andreu,62,el Congrés i els Indians,197,9077,113,8
2026-01-01,9,Sant Andreu,62,el Congrés i els Indians,197,9077,18,9
2026-01-01,9,Sant Andreu,62,el Congrés i els Indians,197,9077,2,10
2026-01-01,9,Sant Andreu,62,el Congrés i els Indians,197,9077,98,11
2026-01-01,9,Sant Andreu,62,el Congrés i els Indians,197,9077,44,12
2026-01-01,9,Sant Andreu,62,el Congrés i els Indians,198,9078,52,1
2026-01-01,9,Sant Andreu,62,el Congrés i els Indians,198,9078,54,2
2026-01-01,9,Sant Andreu,62,el Congrés i els Indians,198,9078,63,3
2026-01-01,9,Sant Andreu,62,el Congrés i els Indians,198,9078,19,4
2026-01-01,9,Sant Andreu,62,el Congrés i els Indians,198,9078,90,5
2026-01-01,9,Sant Andreu,62,el Congrés i els Indians,198,9078,47,6
2026-01-01,9,Sant Andreu,62,el Congrés i els Indians,198,9078,37,7
2026-01-01,9,Sant Andreu,62,el Congrés i els Indians,198,9078,121,8
2026-01-01,9,Sant Andreu,62,el Congrés i els Indians,198,9078,11,9
2026-01-01,9,Sant Andreu,62,el Congrés i els Indians,198,9078,4,10
2026-01-01,9,Sant Andreu,62,el Congrés i els Indians,198,9078,82,11
2026-01-01,9,Sant Andreu,62,el Congrés i els Indians,198,9078,48,12
2026-01-01,9,Sant Andreu,62,el Congrés i els Indians,198,9079,47,1
2026-01-01,9,Sant Andreu,62,el Congrés i els Indians,198,9079,44,2
2026-01-01,9,Sant Andreu,62,el Congrés i els Indians,198,9079,72,3
2026-01-01,9,Sant Andreu,62,el Congrés i els Indians,198,9079,35,4
2026-01-01,9,Sant Andreu,62,el Congrés i els Indians,198,9079,104,5
2026-01-01,9,Sant Andreu,62,el Congrés i els Indians,198,9079,82,6
2026-01-01,9,Sant Andreu,62,el Congrés i els Indians,198,9079,34,7
2026-01-01,9,Sant Andreu,62,el Congrés i els Indians,198,9079,125,8
2026-01-01,9,Sant Andreu,62,el Congrés i els Indians,198,9079,16,9
2026-01-01,9,Sant Andreu,62,el Congrés i els Indians,198,9079,1,10
2026-01-01,9,Sant Andreu,62,el Congrés i els Indians,198,9079,83,11
2026-01-01,9,Sant Andreu,62,el Congrés i els Indians,198,9079,50,12
2026-01-01,9,Sant Andreu,62,el Congrés i els Indians,198,9080,50,1
2026-01-01,9,Sant Andreu,62,el Congrés i els Indians,198,9080,42,2
2026-01-01,9,Sant Andreu,62,el Congrés i els Indians,198,9080,65,3
2026-01-01,9,Sant Andreu,62,el Congrés i els Indians,198,9080,13,4
2026-01-01,9,Sant Andreu,62,el Congrés i els Indians,198,9080,78,5
2026-01-01,9,Sant Andreu,62,el Congrés i els Indians,198,9080,56,6
2026-01-01,9,Sant Andreu,62,el Congrés i els Indians,198,9080,40,7
2026-01-01,9,Sant Andreu,62,el Congrés i els Indians,198,9080,113,8
2026-01-01,9,Sant Andreu,62,el Congrés i els Indians,198,9080,14,9
2026-01-01,9,Sant Andreu,62,el Congrés i els Indians,198,9080,2,10
2026-01-01,9,Sant Andreu,62,el Congrés i els Indians,198,9080,61,11
2026-01-01,9,Sant Andreu,62,el Congrés i els Indians,198,9080,41,12
2026-01-01,9,Sant Andreu,62,el Congrés i els Indians,198,9081,64,1
2026-01-01,9,Sant Andreu,62,el Congrés i els Indians,198,9081,75,2
2026-01-01,9,Sant Andreu,62,el Congrés i els Indians,198,9081,73,3
2026-01-01,9,Sant Andreu,62,el Congrés i els Indians,198,9081,25,4
2026-01-01,9,Sant Andreu,62,el Congrés i els Indians,198,9081,103,5
2026-01-01,9,Sant Andreu,62,el Congrés i els Indians,198,9081,72,6
2026-01-01,9,Sant Andreu,62,el Congrés i els Indians,198,9081,39,7
2026-01-01,9,Sant Andreu,62,el Congrés i els Indians,198,9081,147,8
2026-01-01,9,Sant Andreu,62,el Congrés i els Indians,198,9081,21,9
2026-01-01,9,Sant Andreu,62,el Congrés i els Indians,198,9081,2,10
2026-01-01,9,Sant Andreu,62,el Congrés i els Indians,198,9081,75,11
2026-01-01,9,Sant Andreu,62,el Congrés i els Indians,198,9081,51,12
2026-01-01,9,Sant Andreu,62,el Congrés i els Indians,198,9082,85,1
2026-01-01,9,Sant Andreu,62,el Congrés i els Indians,198,9082,87,2
2026-01-01,9,Sant Andreu,62,el Congrés i els Indians,198,9082,81,3
2026-01-01,9,Sant Andreu,62,el Congrés i els Indians,198,9082,20,4
2026-01-01,9,Sant Andreu,62,el Congrés i els Indians,198,9082,95,5
2026-01-01,9,Sant Andreu,62,el Congrés i els Indians,198,9082,52,6
2026-01-01,9,Sant Andreu,62,el Congrés i els Indians,198,9082,57,7
2026-01-01,9,Sant Andreu,62,el Congrés i els Indians,198,9082,156,8
2026-01-01,9,Sant Andreu,62,el Congrés i els Indians,198,9082,10,9
2026-01-01,9,Sant Andreu,62,el Congrés i els Indians,198,9082,5,10
2026-01-01,9,Sant Andreu,62,el Congrés i els Indians,198,9082,121,11
2026-01-01,9,Sant Andreu,62,el Congrés i els Indians,198,9082,78,12
2026-01-01,9,Sant Andreu,63,Navas,199,9083,51,1
2026-01-01,9,Sant Andreu,63,Navas,199,9083,40,2
2026-01-01,9,Sant Andreu,63,Navas,199,9083,75,3
2026-01-01,9,Sant Andreu,63,Navas,199,9083,29,4
2026-01-01,9,Sant Andreu,63,Navas,199,9083,87,5
2026-01-01,9,Sant Andreu,63,Navas,199,9083,61,6
2026-01-01,9,Sant Andreu,63,Navas,199,9083,41,7
2026-01-01,9,Sant Andreu,63,Navas,199,9083,153,8
2026-01-01,9,Sant Andreu,63,Navas,199,9083,15,9
2026-01-01,9,Sant Andreu,63,Navas,199,9083,4,10
2026-01-01,9,Sant Andreu,63,Navas,199,9083,91,11
2026-01-01,9,Sant Andreu,63,Navas,199,9083,46,12
2026-01-01,9,Sant Andreu,63,Navas,199,9084,52,1
2026-01-01,9,Sant Andreu,63,Navas,199,9084,53,2
2026-01-01,9,Sant Andreu,63,Navas,199,9084,83,3
2026-01-01,9,Sant Andreu,63,Navas,199,9084,25,4
2026-01-01,9,Sant Andreu,63,Navas,199,9084,102,5
2026-01-01,9,Sant Andreu,63,Navas,199,9084,83,6
2026-01-01,9,Sant Andreu,63,Navas,199,9084,36,7
2026-01-01,9,Sant Andreu,63,Navas,199,9084,144,8
2026-01-01,9,Sant Andreu,63,Navas,199,9084,13,9
2026-01-01,9,Sant Andreu,63,Navas,199,9084,5,10
2026-01-01,9,Sant Andreu,63,Navas,199,9084,88,11
2026-01-01,9,Sant Andreu,63,Navas,199,9084,44,12
2026-01-01,9,Sant Andreu,63,Navas,199,9085,66,1
2026-01-01,9,Sant Andreu,63,Navas,199,9085,53,2
2026-01-01,9,Sant Andreu,63,Navas,199,9085,71,3
2026-01-01,9,Sant Andreu,63,Navas,199,9085,25,4
2026-01-01,9,Sant Andreu,63,Navas,199,9085,106,5
2026-01-01,9,Sant Andreu,63,Navas,199,9085,58,6
2026-01-01,9,Sant Andreu,63,Navas,199,9085,30,7
2026-01-01,9,Sant Andreu,63,Navas,199,9085,154,8
2026-01-01,9,Sant Andreu,63,Navas,199,9085,20,9
2026-01-01,9,Sant Andreu,63,Navas,199,9085,5,10
2026-01-01,9,Sant Andreu,63,Navas,199,9085,85,11
2026-01-01,9,Sant Andreu,63,Navas,199,9085,50,12
2026-01-01,9,Sant Andreu,63,Navas,199,9086,35,1
2026-01-01,9,Sant Andreu,63,Navas,199,9086,46,2
2026-01-01,9,Sant Andreu,63,Navas,199,9086,78,3
2026-01-01,9,Sant Andreu,63,Navas,199,9086,19,4
2026-01-01,9,Sant Andreu,63,Navas,199,9086,73,5
2026-01-01,9,Sant Andreu,63,Navas,199,9086,47,6
2026-01-01,9,Sant Andreu,63,Navas,199,9086,35,7
2026-01-01,9,Sant Andreu,63,Navas,199,9086,122,8
2026-01-01,9,Sant Andreu,63,Navas,199,9086,12,9
2026-01-01,9,Sant Andreu,63,Navas,199,9086,5,10
2026-01-01,9,Sant Andreu,63,Navas,199,9086,70,11
2026-01-01,9,Sant Andreu,63,Navas,199,9086,55,12
2026-01-01,9,Sant Andreu,63,Navas,199,9087,26,1
2026-01-01,9,Sant Andreu,63,Navas,199,9087,30,2
2026-01-01,9,Sant Andreu,63,Navas,199,9087,65,3
2026-01-01,9,Sant Andreu,63,Navas,199,9087,15,4
2026-01-01,9,Sant Andreu,63,Navas,199,9087,56,5
2026-01-01,9,Sant Andreu,63,Navas,199,9087,61,6
2026-01-01,9,Sant Andreu,63,Navas,199,9087,41,7
2026-01-01,9,Sant Andreu,63,Navas,199,9087,116,8
2026-01-01,9,Sant Andreu,63,Navas,199,9087,11,9
2026-01-01,9,Sant Andreu,63,Navas,199,9087,2,10
2026-01-01,9,Sant Andreu,63,Navas,199,9087,64,11
2026-01-01,9,Sant Andreu,63,Navas,199,9087,30,12
2026-01-01,9,Sant Andreu,63,Navas,199,9088,67,1
2026-01-01,9,Sant Andreu,63,Navas,199,9088,74,2
2026-01-01,9,Sant Andreu,63,Navas,199,9088,126,3
2026-01-01,9,Sant Andreu,63,Navas,199,9088,41,4
2026-01-01,9,Sant Andreu,63,Navas,199,9088,115,5
2026-01-01,9,Sant Andreu,63,Navas,199,9088,89,6
2026-01-01,9,Sant Andreu,63,Navas,199,9088,46,7
2026-01-01,9,Sant Andreu,63,Navas,199,9088,138,8
2026-01-01,9,Sant Andreu,63,Navas,199,9088,20,9
2026-01-01,9,Sant Andreu,63,Navas,199,9088,2,10
2026-01-01,9,Sant Andreu,63,Navas,199,9088,97,11
2026-01-01,9,Sant Andreu,63,Navas,199,9088,61,12
2026-01-01,9,Sant Andreu,63,Navas,199,9089,51,1
2026-01-01,9,Sant Andreu,63,Navas,199,9089,59,2
2026-01-01,9,Sant Andreu,63,Navas,199,9089,95,3
2026-01-01,9,Sant Andreu,63,Navas,199,9089,30,4
2026-01-01,9,Sant Andreu,63,Navas,199,9089,78,5
2026-01-01,9,Sant Andreu,63,Navas,199,9089,68,6
2026-01-01,9,Sant Andreu,63,Navas,199,9089,40,7
2026-01-01,9,Sant Andreu,63,Navas,199,9089,102,8
2026-01-01,9,Sant Andreu,63,Navas,199,9089,10,9
2026-01-01,9,Sant Andreu,63,Navas,199,9089,5,10
2026-01-01,9,Sant Andreu,63,Navas,199,9089,77,11
2026-01-01,9,Sant Andreu,63,Navas,199,9089,44,12
2026-01-01,9,Sant Andreu,63,Navas,200,9090,48,1
2026-01-01,9,Sant Andreu,63,Navas,200,9090,43,2
2026-01-01,9,Sant Andreu,63,Navas,200,9090,93,3
2026-01-01,9,Sant Andreu,63,Navas,200,9090,30,4
2026-01-01,9,Sant Andreu,63,Navas,200,9090,69,5
2026-01-01,9,Sant Andreu,63,Navas,200,9090,80,6
2026-01-01,9,Sant Andreu,63,Navas,200,9090,33,7
2026-01-01,9,Sant Andreu,63,Navas,200,9090,134,8
2026-01-01,9,Sant Andreu,63,Navas,200,9090,18,9
2026-01-01,9,Sant Andreu,63,Navas,200,9090,2,10
2026-01-01,9,Sant Andreu,63,Navas,200,9090,51,11
2026-01-01,9,Sant Andreu,63,Navas,200,9090,61,12
2026-01-01,9,Sant Andreu,63,Navas,200,9091,53,1
2026-01-01,9,Sant Andreu,63,Navas,200,9091,51,2
2026-01-01,9,Sant Andreu,63,Navas,200,9091,87,3
2026-01-01,9,Sant Andreu,63,Navas,200,9091,28,4
2026-01-01,9,Sant Andreu,63,Navas,200,9091,87,5
2026-01-01,9,Sant Andreu,63,Navas,200,9091,95,6
2026-01-01,9,Sant Andreu,63,Navas,200,9091,39,7
2026-01-01,9,Sant Andreu,63,Navas,200,9091,156,8
2026-01-01,9,Sant Andreu,63,Navas,200,9091,15,9
2026-01-01,9,Sant Andreu,63,Navas,200,9091,3,10
2026-01-01,9,Sant Andreu,63,Navas,200,9091,86,11
2026-01-01,9,Sant Andreu,63,Navas,200,9091,54,12
2026-01-01,9,Sant Andreu,63,Navas,200,9092,54,1
2026-01-01,9,Sant Andreu,63,Navas,200,9092,50,2
2026-01-01,9,Sant Andreu,63,Navas,200,9092,101,3
2026-01-01,9,Sant Andreu,63,Navas,200,9092,23,4
2026-01-01,9,Sant Andreu,63,Navas,200,9092,86,5
2026-01-01,9,Sant Andreu,63,Navas,200,9092,81,6
2026-01-01,9,Sant Andreu,63,Navas,200,9092,48,7
2026-01-01,9,Sant Andreu,63,Navas,200,9092,185,8
2026-01-01,9,Sant Andreu,63,Navas,200,9092,14,9
2026-01-01,9,Sant Andreu,63,Navas,200,9092,3,10
2026-01-01,9,Sant Andreu,63,Navas,200,9092,74,11
2026-01-01,9,Sant Andreu,63,Navas,200,9092,48,12
2026-01-01,9,Sant Andreu,63,Navas,200,9093,37,1
2026-01-01,9,Sant Andreu,63,Navas,200,9093,33,2
2026-01-01,9,Sant Andreu,63,Navas,200,9093,70,3
2026-01-01,9,Sant Andreu,63,Navas,200,9093,20,4
2026-01-01,9,Sant Andreu,63,Navas,200,9093,69,5
2026-01-01,9,Sant Andreu,63,Navas,200,9093,59,6
2026-01-01,9,Sant Andreu,63,Navas,200,9093,43,7
2026-01-01,9,Sant Andreu,63,Navas,200,9093,118,8
2026-01-01,9,Sant Andreu,63,Navas,200,9093,10,9
2026-01-01,9,Sant Andreu,63,Navas,200,9093,1,10
2026-01-01,9,Sant Andreu,63,Navas,200,9093,55,11
2026-01-01,9,Sant Andreu,63,Navas,200,9093,31,12
2026-01-01,9,Sant Andreu,63,Navas,200,9094,69,1
2026-01-01,9,Sant Andreu,63,Navas,200,9094,71,2
2026-01-01,9,Sant Andreu,63,Navas,200,9094,104,3
2026-01-01,9,Sant Andreu,63,Navas,200,9094,24,4
2026-01-01,9,Sant Andreu,63,Navas,200,9094,128,5
2026-01-01,9,Sant Andreu,63,Navas,200,9094,85,6
2026-01-01,9,Sant Andreu,63,Navas,200,9094,48,7
2026-01-01,9,Sant Andreu,63,Navas,200,9094,168,8
2026-01-01,9,Sant Andreu,63,Navas,200,9094,3,9
2026-01-01,9,Sant Andreu,63,Navas,200,9094,3,10
2026-01-01,9,Sant Andreu,63,Navas,200,9094,90,11
2026-01-01,9,Sant Andreu,63,Navas,200,9094,58,12
2026-01-01,9,Sant Andreu,63,Navas,200,9095,77,1
2026-01-01,9,Sant Andreu,63,Navas,200,9095,71,2
2026-01-01,9,Sant Andreu,63,Navas,200,9095,99,3
2026-01-01,9,Sant Andreu,63,Navas,200,9095,28,4
2026-01-01,9,Sant Andreu,63,Navas,200,9095,146,5
2026-01-01,9,Sant Andreu,63,Navas,200,9095,73,6
2026-01-01,9,Sant Andreu,63,Navas,200,9095,59,7
2026-01-01,9,Sant Andreu,63,Navas,200,9095,171,8
2026-01-01,9,Sant Andreu,63,Navas,200,9095,20,9
2026-01-01,9,Sant Andreu,63,Navas,200,9095,5,10
2026-01-01,9,Sant Andreu,63,Navas,200,9095,121,11
2026-01-01,9,Sant Andreu,63,Navas,200,9095,63,12
2026-01-01,10,Sant Martí,64,el Camp de l'Arpa del Clot,201,10001,62,1
2026-01-01,10,Sant Martí,64,el Camp de l'Arpa del Clot,201,10001,62,2
2026-01-01,10,Sant Martí,64,el Camp de l'Arpa del Clot,201,10001,68,3
2026-01-01,10,Sant Martí,64,el Camp de l'Arpa del Clot,201,10001,26,4
2026-01-01,10,Sant Martí,64,el Camp de l'Arpa del Clot,201,10001,116,5
2026-01-01,10,Sant Martí,64,el Camp de l'Arpa del Clot,201,10001,58,6
2026-01-01,10,Sant Martí,64,el Camp de l'Arpa del Clot,201,10001,39,7
2026-01-01,10,Sant Martí,64,el Camp de l'Arpa del Clot,201,10001,111,8
2026-01-01,10,Sant Martí,64,el Camp de l'Arpa del Clot,201,10001,23,9
2026-01-01,10,Sant Martí,64,el Camp de l'Arpa del Clot,201,10001,2,10
2026-01-01,10,Sant Martí,64,el Camp de l'Arpa del Clot,201,10001,65,11
2026-01-01,10,Sant Martí,64,el Camp de l'Arpa del Clot,201,10001,47,12
2026-01-01,10,Sant Martí,64,el Camp de l'Arpa del Clot,201,10002,96,1
2026-01-01,10,Sant Martí,64,el Camp de l'Arpa del Clot,201,10002,116,2
2026-01-01,10,Sant Martí,64,el Camp de l'Arpa del Clot,201,10002,76,3
2026-01-01,10,Sant Martí,64,el Camp de l'Arpa del Clot,201,10002,27,4
2026-01-01,10,Sant Martí,64,el Camp de l'Arpa del Clot,201,10002,118,5
2026-01-01,10,Sant Martí,64,el Camp de l'Arpa del Clot,201,10002,48,6
2026-01-01,10,Sant Martí,64,el Camp de l'Arpa del Clot,201,10002,34,7
2026-01-01,10,Sant Martí,64,el Camp de l'Arpa del Clot,201,10002,148,8
2026-01-01,10,Sant Martí,64,el Camp de l'Arpa del Clot,201,10002,18,9
2026-01-01,10,Sant Martí,64,el Camp de l'Arpa del Clot,201,10002,8,10
2026-01-01,10,Sant Martí,64,el Camp de l'Arpa del Clot,201,10002,101,11
2026-01-01,10,Sant Martí,64,el Camp de l'Arpa del Clot,201,10002,53,12
2026-01-01,10,Sant Martí,64,el Camp de l'Arpa del Clot,201,10003,82,1
2026-01-01,10,Sant Martí,64,el Camp de l'Arpa del Clot,201,10003,75,2
2026-01-01,10,Sant Martí,64,el Camp de l'Arpa del Clot,201,10003,55,3
2026-01-01,10,Sant Martí,64,el Camp de l'Arpa del Clot,201,10003,19,4
2026-01-01,10,Sant Martí,64,el Camp de l'Arpa del Clot,201,10003,99,5
2026-01-01,10,Sant Martí,64,el Camp de l'Arpa del Clot,201,10003,54,6
2026-01-01,10,Sant Martí,64,el Camp de l'Arpa del Clot,201,10003,44,7
2026-01-01,10,Sant Martí,64,el Camp de l'Arpa del Clot,201,10003,126,8
2026-01-01,10,Sant Martí,64,el Camp de l'Arpa del Clot,201,10003,13,9
2026-01-01,10,Sant Martí,64,el Camp de l'Arpa del Clot,201,10003,3,10
2026-01-01,10,Sant Martí,64,el Camp de l'Arpa del Clot,201,10003,75,11
2026-01-01,10,Sant Martí,64,el Camp de l'Arpa del Clot,201,10003,47,12
2026-01-01,10,Sant Martí,64,el Camp de l'Arpa del Clot,201,10004,56,1
2026-01-01,10,Sant Martí,64,el Camp de l'Arpa del Clot,201,10004,57,2
2026-01-01,10,Sant Martí,64,el Camp de l'Arpa del Clot,201,10004,72,3
2026-01-01,10,Sant Martí,64,el Camp de l'Arpa del Clot,201,10004,17,4
2026-01-01,10,Sant Martí,64,el Camp de l'Arpa del Clot,201,10004,102,5
2026-01-01,10,Sant Martí,64,el Camp de l'Arpa del Clot,201,10004,82,6
2026-01-01,10,Sant Martí,64,el Camp de l'Arpa del Clot,201,10004,33,7
2026-01-01,10,Sant Martí,64,el Camp de l'Arpa del Clot,201,10004,113,8
2026-01-01,10,Sant Martí,64,el Camp de l'Arpa del Clot,201,10004,16,9
2026-01-01,10,Sant Martí,64,el Camp de l'Arpa del Clot,201,10004,3,10
2026-01-01,10,Sant Martí,64,el Camp de l'Arpa del Clot,201,10004,74,11
2026-01-01,10,Sant Martí,64,el Camp de l'Arpa del Clot,201,10004,52,12
2026-01-01,10,Sant Martí,64,el Camp de l'Arpa del Clot,201,10005,55,1
2026-01-01,10,Sant Martí,64,el Camp de l'Arpa del Clot,201,10005,51,2
2026-01-01,10,Sant Martí,64,el Camp de l'Arpa del Clot,201,10005,82,3
2026-01-01,10,Sant Martí,64,el Camp de l'Arpa del Clot,201,10005,14,4
2026-01-01,10,Sant Martí,64,el Camp de l'Arpa del Clot,201,10005,78,5
2026-01-01,10,Sant Martí,64,el Camp de l'Arpa del Clot,201,10005,102,6
2026-01-01,10,Sant Martí,64,el Camp de l'Arpa del Clot,201,10005,35,7
2026-01-01,10,Sant Martí,64,el Camp de l'Arpa del Clot,201,10005,135,8
2026-01-01,10,Sant Martí,64,el Camp de l'Arpa del Clot,201,10005,13,9
2026-01-01,10,Sant Martí,64,el Camp de l'Arpa del Clot,201,10005,4,10
2026-01-01,10,Sant Martí,64,el Camp de l'Arpa del Clot,201,10005,70,11
2026-01-01,10,Sant Martí,64,el Camp de l'Arpa del Clot,201,10005,37,12
2026-01-01,10,Sant Martí,64,el Camp de l'Arpa del Clot,202,10006,72,1
2026-01-01,10,Sant Martí,64,el Camp de l'Arpa del Clot,202,10006,82,2
2026-01-01,10,Sant Martí,64,el Camp de l'Arpa del Clot,202,10006,90,3
2026-01-01,10,Sant Martí,64,el Camp de l'Arpa del Clot,202,10006,33,4
2026-01-01,10,Sant Martí,64,el Camp de l'Arpa del Clot,202,10006,121,5
2026-01-01,10,Sant Martí,64,el Camp de l'Arpa del Clot,202,10006,52,6
2026-01-01,10,Sant Martí,64,el Camp de l'Arpa del Clot,202,10006,56,7
2026-01-01,10,Sant Martí,64,el Camp de l'Arpa del Clot,202,10006,156,8
2026-01-01,10,Sant Martí,64,el Camp de l'Arpa del Clot,202,10006,17,9
2026-01-01,10,Sant Martí,64,el Camp de l'Arpa del Clot,202,10006,94,11
2026-01-01,10,Sant Martí,64,el Camp de l'Arpa del Clot,202,10006,38,12
2026-01-01,10,Sant Martí,64,el Camp de l'Arpa del Clot,202,10007,37,1
2026-01-01,10,Sant Martí,64,el Camp de l'Arpa del Clot,202,10007,37,2
2026-01-01,10,Sant Martí,64,el Camp de l'Arpa del Clot,202,10007,74,3
2026-01-01,10,Sant Martí,64,el Camp de l'Arpa del Clot,202,10007,23,4
2026-01-01,10,Sant Martí,64,el Camp de l'Arpa del Clot,202,10007,54,5
2026-01-01,10,Sant Martí,64,el Camp de l'Arpa del Clot,202,10007,93,6
2026-01-01,10,Sant Martí,64,el Camp de l'Arpa del Clot,202,10007,35,7
2026-01-01,10,Sant Martí,64,el Camp de l'Arpa del Clot,202,10007,106,8
2026-01-01,10,Sant Martí,64,el Camp de l'Arpa del Clot,202,10007,10,9
2026-01-01,10,Sant Martí,64,el Camp de l'Arpa del Clot,202,10007,2,10
2026-01-01,10,Sant Martí,64,el Camp de l'Arpa del Clot,202,10007,77,11
2026-01-01,10,Sant Martí,64,el Camp de l'Arpa del Clot,202,10007,28,12
2026-01-01,10,Sant Martí,64,el Camp de l'Arpa del Clot,202,10008,73,1
2026-01-01,10,Sant Martí,64,el Camp de l'Arpa del Clot,202,10008,62,2
2026-01-01,10,Sant Martí,64,el Camp de l'Arpa del Clot,202,10008,112,3
2026-01-01,10,Sant Martí,64,el Camp de l'Arpa del Clot,202,10008,32,4
2026-01-01,10,Sant Martí,64,el Camp de l'Arpa del Clot,202,10008,96,5
2026-01-01,10,Sant Martí,64,el Camp de l'Arpa del Clot,202,10008,83,6
2026-01-01,10,Sant Martí,64,el Camp de l'Arpa del Clot,202,10008,40,7
2026-01-01,10,Sant Martí,64,el Camp de l'Arpa del Clot,202,10008,138,8
2026-01-01,10,Sant Martí,64,el Camp de l'Arpa del Clot,202,10008,19,9
2026-01-01,10,Sant Martí,64,el Camp de l'Arpa del Clot,202,10008,6,10
2026-01-01,10,Sant Martí,64,el Camp de l'Arpa del Clot,202,10008,66,11
2026-01-01,10,Sant Martí,64,el Camp de l'Arpa del Clot,202,10008,52,12
2026-01-01,10,Sant Martí,64,el Camp de l'Arpa del Clot,202,10009,81,1
2026-01-01,10,Sant Martí,64,el Camp de l'Arpa del Clot,202,10009,80,2
2026-01-01,10,Sant Martí,64,el Camp de l'Arpa del Clot,202,10009,77,3
2026-01-01,10,Sant Martí,64,el Camp de l'Arpa del Clot,202,10009,28,4
2026-01-01,10,Sant Martí,64,el Camp de l'Arpa del Clot,202,10009,115,5
2026-01-01,10,Sant Martí,64,el Camp de l'Arpa del Clot,202,10009,66,6
2026-01-01,10,Sant Martí,64,el Camp de l'Arpa del Clot,202,10009,55,7
2026-01-01,10,Sant Martí,64,el Camp de l'Arpa del Clot,202,10009,119,8
2026-01-01,10,Sant Martí,64,el Camp de l'Arpa del Clot,202,10009,15,9
2026-01-01,10,Sant Martí,64,el Camp de l'Arpa del Clot,202,10009,1,10
2026-01-01,10,Sant Martí,64,el Camp de l'Arpa del Clot,202,10009,74,11
2026-01-01,10,Sant Martí,64,el Camp de l'Arpa del Clot,202,10009,35,12
2026-01-01,10,Sant Martí,64,el Camp de l'Arpa del Clot,202,10010,112,1
2026-01-01,10,Sant Martí,64,el Camp de l'Arpa del Clot,202,10010,69,2
2026-01-01,10,Sant Martí,64,el Camp de l'Arpa del Clot,202,10010,84,3
2026-01-01,10,Sant Martí,64,el Camp de l'Arpa del Clot,202,10010,31,4
2026-01-01,10,Sant Martí,64,el Camp de l'Arpa del Clot,202,10010,135,5
2026-01-01,10,Sant Martí,64,el Camp de l'Arpa del Clot,202,10010,46,6
2026-01-01,10,Sant Martí,64,el Camp de l'Arpa del Clot,202,10010,49,7
2026-01-01,10,Sant Martí,64,el Camp de l'Arpa del Clot,202,10010,144,8
2026-01-01,10,Sant Martí,64,el Camp de l'Arpa del Clot,202,10010,24,9
2026-01-01,10,Sant Martí,64,el Camp de l'Arpa del Clot,202,10010,3,10
2026-01-01,10,Sant Martí,64,el Camp de l'Arpa del Clot,202,10010,56,11
2026-01-01,10,Sant Martí,64,el Camp de l'Arpa del Clot,202,10010,43,12
2026-01-01,10,Sant Martí,64,el Camp de l'Arpa del Clot,202,10011,56,1
2026-01-01,10,Sant Martí,64,el Camp de l'Arpa del Clot,202,10011,47,2
2026-01-01,10,Sant Martí,64,el Camp de l'Arpa del Clot,202,10011,58,3
2026-01-01,10,Sant Martí,64,el Camp de l'Arpa del Clot,202,10011,22,4
2026-01-01,10,Sant Martí,64,el Camp de l'Arpa del Clot,202,10011,81,5
2026-01-01,10,Sant Martí,64,el Camp de l'Arpa del Clot,202,10011,52,6
2026-01-01,10,Sant Martí,64,el Camp de l'Arpa del Clot,202,10011,31,7
2026-01-01,10,Sant Martí,64,el Camp de l'Arpa del Clot,202,10011,117,8
2026-01-01,10,Sant Martí,64,el Camp de l'Arpa del Clot,202,10011,10,9
2026-01-01,10,Sant Martí,64,el Camp de l'Arpa del Clot,202,10011,5,10
2026-01-01,10,Sant Martí,64,el Camp de l'Arpa del Clot,202,10011,47,11
2026-01-01,10,Sant Martí,64,el Camp de l'Arpa del Clot,202,10011,24,12
2026-01-01,10,Sant Martí,64,el Camp de l'Arpa del Clot,203,10012,60,1
2026-01-01,10,Sant Martí,64,el Camp de l'Arpa del Clot,203,10012,65,2
2026-01-01,10,Sant Martí,64,el Camp de l'Arpa del Clot,203,10012,82,3
2026-01-01,10,Sant Martí,64,el Camp de l'Arpa del Clot,203,10012,29,4
2026-01-01,10,Sant Martí,64,el Camp de l'Arpa del Clot,203,10012,105,5
2026-01-01,10,Sant Martí,64,el Camp de l'Arpa del Clot,203,10012,83,6
2026-01-01,10,Sant Martí,64,el Camp de l'Arpa del Clot,203,10012,43,7
2026-01-01,10,Sant Martí,64,el Camp de l'Arpa del Clot,203,10012,149,8
2026-01-01,10,Sant Martí,64,el Camp de l'Arpa del Clot,203,10012,7,9
2026-01-01,10,Sant Martí,64,el Camp de l'Arpa del Clot,203,10012,4,10
2026-01-01,10,Sant Martí,64,el Camp de l'Arpa del Clot,203,10012,69,11
2026-01-01,10,Sant Martí,64,el Camp de l'Arpa del Clot,203,10012,52,12
2026-01-01,10,Sant Martí,64,el Camp de l'Arpa del Clot,203,10013,70,1
2026-01-01,10,Sant Martí,64,el Camp de l'Arpa del Clot,203,10013,59,2
2026-01-01,10,Sant Martí,64,el Camp de l'Arpa del Clot,203,10013,71,3
2026-01-01,10,Sant Martí,64,el Camp de l'Arpa del Clot,203,10013,26,4
2026-01-01,10,Sant Martí,64,el Camp de l'Arpa del Clot,203,10013,113,5
2026-01-01,10,Sant Martí,64,el Camp de l'Arpa del Clot,203,10013,52,6
2026-01-01,10,Sant Martí,64,el Camp de l'Arpa del Clot,203,10013,32,7
2026-01-01,10,Sant Martí,64,el Camp de l'Arpa del Clot,203,10013,91,8
2026-01-01,10,Sant Martí,64,el Camp de l'Arpa del Clot,203,10013,16,9
2026-01-01,10,Sant Martí,64,el Camp de l'Arpa del Clot,203,10013,4,10
2026-01-01,10,Sant Martí,64,el Camp de l'Arpa del Clot,203,10013,71,11
2026-01-01,10,Sant Martí,64,el Camp de l'Arpa del Clot,203,10013,35,12
2026-01-01,10,Sant Martí,64,el Camp de l'Arpa del Clot,203,10014,63,1
2026-01-01,10,Sant Martí,64,el Camp de l'Arpa del Clot,203,10014,59,2
2026-01-01,10,Sant Martí,64,el Camp de l'Arpa del Clot,203,10014,76,3
2026-01-01,10,Sant Martí,64,el Camp de l'Arpa del Clot,203,10014,23,4
2026-01-01,10,Sant Martí,64,el Camp de l'Arpa del Clot,203,10014,103,5
2026-01-01,10,Sant Martí,64,el Camp de l'Arpa del Clot,203,10014,55,6
2026-01-01,10,Sant Martí,64,el Camp de l'Arpa del Clot,203,10014,27,7
2026-01-01,10,Sant Martí,64,el Camp de l'Arpa del Clot,203,10014,124,8
2026-01-01,10,Sant Martí,64,el Camp de l'Arpa del Clot,203,10014,8,9
2026-01-01,10,Sant Martí,64,el Camp de l'Arpa del Clot,203,10014,2,10
2026-01-01,10,Sant Martí,64,el Camp de l'Arpa del Clot,203,10014,55,11
2026-01-01,10,Sant Martí,64,el Camp de l'Arpa del Clot,203,10014,27,12
2026-01-01,10,Sant Martí,64,el Camp de l'Arpa del Clot,203,10015,96,1
2026-01-01,10,Sant Martí,64,el Camp de l'Arpa del Clot,203,10015,68,2
2026-01-01,10,Sant Martí,64,el Camp de l'Arpa del Clot,203,10015,81,3
2026-01-01,10,Sant Martí,64,el Camp de l'Arpa del Clot,203,10015,30,4
2026-01-01,10,Sant Martí,64,el Camp de l'Arpa del Clot,203,10015,130,5
2026-01-01,10,Sant Martí,64,el Camp de l'Arpa del Clot,203,10015,81,6
2026-01-01,10,Sant Martí,64,el Camp de l'Arpa del Clot,203,10015,58,7
2026-01-01,10,Sant Martí,64,el Camp de l'Arpa del Clot,203,10015,170,8
2026-01-01,10,Sant Martí,64,el Camp de l'Arpa del Clot,203,10015,12,9
2026-01-01,10,Sant Martí,64,el Camp de l'Arpa del Clot,203,10015,4,10
2026-01-01,10,Sant Martí,64,el Camp de l'Arpa del Clot,203,10015,79,11
2026-01-01,10,Sant Martí,64,el Camp de l'Arpa del Clot,203,10015,55,12
2026-01-01,10,Sant Martí,64,el Camp de l'Arpa del Clot,203,10016,40,1
2026-01-01,10,Sant Martí,64,el Camp de l'Arpa del Clot,203,10016,38,2
2026-01-01,10,Sant Martí,64,el Camp de l'Arpa del Clot,203,10016,54,3
2026-01-01,10,Sant Martí,64,el Camp de l'Arpa del Clot,203,10016,24,4
2026-01-01,10,Sant Martí,64,el Camp de l'Arpa del Clot,203,10016,52,5
2026-01-01,10,Sant Martí,64,el Camp de l'Arpa del Clot,203,10016,75,6
2026-01-01,10,Sant Martí,64,el Camp de l'Arpa del Clot,203,10016,30,7
2026-01-01,10,Sant Martí,64,el Camp de l'Arpa del Clot,203,10016,102,8
2026-01-01,10,Sant Martí,64,el Camp de l'Arpa del Clot,203,10016,7,9
2026-01-01,10,Sant Martí,64,el Camp de l'Arpa del Clot,203,10016,63,11
2026-01-01,10,Sant Martí,64,el Camp de l'Arpa del Clot,203,10016,33,12
2026-01-01,10,Sant Martí,64,el Camp de l'Arpa del Clot,203,10017,62,1
2026-01-01,10,Sant Martí,64,el Camp de l'Arpa del Clot,203,10017,47,2
2026-01-01,10,Sant Martí,64,el Camp de l'Arpa del Clot,203,10017,86,3
2026-01-01,10,Sant Martí,64,el Camp de l'Arpa del Clot,203,10017,25,4
2026-01-01,10,Sant Martí,64,el Camp de l'Arpa del Clot,203,10017,87,5
2026-01-01,10,Sant Martí,64,el Camp de l'Arpa del Clot,203,10017,91,6
2026-01-01,10,Sant Martí,64,el Camp de l'Arpa del Clot,203,10017,41,7
2026-01-01,10,Sant Martí,64,el Camp de l'Arpa del Clot,203,10017,149,8
2026-01-01,10,Sant Martí,64,el Camp de l'Arpa del Clot,203,10017,10,9
2026-01-01,10,Sant Martí,64,el Camp de l'Arpa del Clot,203,10017,1,10
2026-01-01,10,Sant Martí,64,el Camp de l'Arpa del Clot,203,10017,61,11
2026-01-01,10,Sant Martí,64,el Camp de l'Arpa del Clot,203,10017,41,12
2026-01-01,10,Sant Martí,64,el Camp de l'Arpa del Clot,203,10018,75,1
2026-01-01,10,Sant Martí,64,el Camp de l'Arpa del Clot,203,10018,67,2
2026-01-01,10,Sant Martí,64,el Camp de l'Arpa del Clot,203,10018,69,3
2026-01-01,10,Sant Martí,64,el Camp de l'Arpa del Clot,203,10018,14,4
2026-01-01,10,Sant Martí,64,el Camp de l'Arpa del Clot,203,10018,116,5
2026-01-01,10,Sant Martí,64,el Camp de l'Arpa del Clot,203,10018,39,6
2026-01-01,10,Sant Martí,64,el Camp de l'Arpa del Clot,203,10018,33,7
2026-01-01,10,Sant Martí,64,el Camp de l'Arpa del Clot,203,10018,115,8
2026-01-01,10,Sant Martí,64,el Camp de l'Arpa del Clot,203,10018,18,9
2026-01-01,10,Sant Martí,64,el Camp de l'Arpa del Clot,203,10018,5,10
2026-01-01,10,Sant Martí,64,el Camp de l'Arpa del Clot,203,10018,55,11
2026-01-01,10,Sant Martí,64,el Camp de l'Arpa del Clot,203,10018,36,12
2026-01-01,10,Sant Martí,64,el Camp de l'Arpa del Clot,204,10019,61,1
2026-01-01,10,Sant Martí,64,el Camp de l'Arpa del Clot,204,10019,55,2
2026-01-01,10,Sant Martí,64,el Camp de l'Arpa del Clot,204,10019,81,3
2026-01-01,10,Sant Martí,64,el Camp de l'Arpa del Clot,204,10019,25,4
2026-01-01,10,Sant Martí,64,el Camp de l'Arpa del Clot,204,10019,87,5
2026-01-01,10,Sant Martí,64,el Camp de l'Arpa del Clot,204,10019,85,6
2026-01-01,10,Sant Martí,64,el Camp de l'Arpa del Clot,204,10019,43,7
2026-01-01,10,Sant Martí,64,el Camp de l'Arpa del Clot,204,10019,139,8
2026-01-01,10,Sant Martí,64,el Camp de l'Arpa del Clot,204,10019,9,9
2026-01-01,10,Sant Martí,64,el Camp de l'Arpa del Clot,204,10019,2,10
2026-01-01,10,Sant Martí,64,el Camp de l'Arpa del Clot,204,10019,66,11
2026-01-01,10,Sant Martí,64,el Camp de l'Arpa del Clot,204,10019,36,12
2026-01-01,10,Sant Martí,64,el Camp de l'Arpa del Clot,204,10020,46,1
2026-01-01,10,Sant Martí,64,el Camp de l'Arpa del Clot,204,10020,40,2
2026-01-01,10,Sant Martí,64,el Camp de l'Arpa del Clot,204,10020,79,3
2026-01-01,10,Sant Martí,64,el Camp de l'Arpa del Clot,204,10020,28,4
2026-01-01,10,Sant Martí,64,el Camp de l'Arpa del Clot,204,10020,77,5
2026-01-01,10,Sant Martí,64,el Camp de l'Arpa del Clot,204,10020,73,6
2026-01-01,10,Sant Martí,64,el Camp de l'Arpa del Clot,204,10020,42,7
2026-01-01,10,Sant Martí,64,el Camp de l'Arpa del Clot,204,10020,130,8
2026-01-01,10,Sant Martí,64,el Camp de l'Arpa del Clot,204,10020,15,9
2026-01-01,10,Sant Martí,64,el Camp de l'Arpa del Clot,204,10020,51,11
2026-01-01,10,Sant Martí,64,el Camp de l'Arpa del Clot,204,10020,43,12
2026-01-01,10,Sant Martí,64,el Camp de l'Arpa del Clot,204,10021,63,1
2026-01-01,10,Sant Martí,64,el Camp de l'Arpa del Clot,204,10021,48,2
2026-01-01,10,Sant Martí,64,el Camp de l'Arpa del Clot,204,10021,44,3
2026-01-01,10,Sant Martí,64,el Camp de l'Arpa del Clot,204,10021,20,4
2026-01-01,10,Sant Martí,64,el Camp de l'Arpa del Clot,204,10021,90,5
2026-01-01,10,Sant Martí,64,el Camp de l'Arpa del Clot,204,10021,59,6
2026-01-01,10,Sant Martí,64,el Camp de l'Arpa del Clot,204,10021,24,7
2026-01-01,10,Sant Martí,64,el Camp de l'Arpa del Clot,204,10021,122,8
2026-01-01,10,Sant Martí,64,el Camp de l'Arpa del Clot,204,10021,11,9
2026-01-01,10,Sant Martí,64,el Camp de l'Arpa del Clot,204,10021,2,10
2026-01-01,10,Sant Martí,64,el Camp de l'Arpa del Clot,204,10021,49,11
2026-01-01,10,Sant Martí,64,el Camp de l'Arpa del Clot,204,10021,28,12
2026-01-01,10,Sant Martí,64,el Camp de l'Arpa del Clot,204,10022,82,1
2026-01-01,10,Sant Martí,64,el Camp de l'Arpa del Clot,204,10022,66,2
2026-01-01,10,Sant Martí,64,el Camp de l'Arpa del Clot,204,10022,52,3
2026-01-01,10,Sant Martí,64,el Camp de l'Arpa del Clot,204,10022,15,4
2026-01-01,10,Sant Martí,64,el Camp de l'Arpa del Clot,204,10022,105,5
2026-01-01,10,Sant Martí,64,el Camp de l'Arpa del Clot,204,10022,47,6
2026-01-01,10,Sant Martí,64,el Camp de l'Arpa del Clot,204,10022,33,7
2026-01-01,10,Sant Martí,64,el Camp de l'Arpa del Clot,204,10022,120,8
2026-01-01,10,Sant Martí,64,el Camp de l'Arpa del Clot,204,10022,9,9
2026-01-01,10,Sant Martí,64,el Camp de l'Arpa del Clot,204,10022,2,10
2026-01-01,10,Sant Martí,64,el Camp de l'Arpa del Clot,204,10022,56,11
2026-01-01,10,Sant Martí,64,el Camp de l'Arpa del Clot,204,10022,22,12
2026-01-01,10,Sant Martí,64,el Camp de l'Arpa del Clot,204,10023,60,1
2026-01-01,10,Sant Martí,64,el Camp de l'Arpa del Clot,204,10023,62,2
2026-01-01,10,Sant Martí,64,el Camp de l'Arpa del Clot,204,10023,59,3
2026-01-01,10,Sant Martí,64,el Camp de l'Arpa del Clot,204,10023,20,4
2026-01-01,10,Sant Martí,64,el Camp de l'Arpa del Clot,204,10023,100,5
2026-01-01,10,Sant Martí,64,el Camp de l'Arpa del Clot,204,10023,53,6
2026-01-01,10,Sant Martí,64,el Camp de l'Arpa del Clot,204,10023,34,7
2026-01-01,10,Sant Martí,64,el Camp de l'Arpa del Clot,204,10023,109,8
2026-01-01,10,Sant Martí,64,el Camp de l'Arpa del Clot,204,10023,18,9
2026-01-01,10,Sant Martí,64,el Camp de l'Arpa del Clot,204,10023,68,11
2026-01-01,10,Sant Martí,64,el Camp de l'Arpa del Clot,204,10023,36,12
2026-01-01,10,Sant Martí,64,el Camp de l'Arpa del Clot,204,10024,73,1
2026-01-01,10,Sant Martí,64,el Camp de l'Arpa del Clot,204,10024,45,2
2026-01-01,10,Sant Martí,64,el Camp de l'Arpa del Clot,204,10024,55,3
2026-01-01,10,Sant Martí,64,el Camp de l'Arpa del Clot,204,10024,28,4
2026-01-01,10,Sant Martí,64,el Camp de l'Arpa del Clot,204,10024,105,5
2026-01-01,10,Sant Martí,64,el Camp de l'Arpa del Clot,204,10024,38,6
2026-01-01,10,Sant Martí,64,el Camp de l'Arpa del Clot,204,10024,21,7
2026-01-01,10,Sant Martí,64,el Camp de l'Arpa del Clot,204,10024,121,8
2026-01-01,10,Sant Martí,64,el Camp de l'Arpa del Clot,204,10024,6,9
2026-01-01,10,Sant Martí,64,el Camp de l'Arpa del Clot,204,10024,3,10
2026-01-01,10,Sant Martí,64,el Camp de l'Arpa del Clot,204,10024,70,11
2026-01-01,10,Sant Martí,64,el Camp de l'Arpa del Clot,204,10024,57,12
2026-01-01,10,Sant Martí,64,el Camp de l'Arpa del Clot,204,10025,67,1
2026-01-01,10,Sant Martí,64,el Camp de l'Arpa del Clot,204,10025,59,2
2026-01-01,10,Sant Martí,64,el Camp de l'Arpa del Clot,204,10025,56,3
2026-01-01,10,Sant Martí,64,el Camp de l'Arpa del Clot,204,10025,18,4
2026-01-01,10,Sant Martí,64,el Camp de l'Arpa del Clot,204,10025,92,5
2026-01-01,10,Sant Martí,64,el Camp de l'Arpa del Clot,204,10025,43,6
2026-01-01,10,Sant Martí,64,el Camp de l'Arpa del Clot,204,10025,23,7
2026-01-01,10,Sant Martí,64,el Camp de l'Arpa del Clot,204,10025,114,8
2026-01-01,10,Sant Martí,64,el Camp de l'Arpa del Clot,204,10025,12,9
2026-01-01,10,Sant Martí,64,el Camp de l'Arpa del Clot,204,10025,2,10
2026-01-01,10,Sant Martí,64,el Camp de l'Arpa del Clot,204,10025,58,11
2026-01-01,10,Sant Martí,64,el Camp de l'Arpa del Clot,204,10025,43,12
2026-01-01,10,Sant Martí,65,el Clot,205,10026,76,1
2026-01-01,10,Sant Martí,65,el Clot,205,10026,68,2
2026-01-01,10,Sant Martí,65,el Clot,205,10026,63,3
2026-01-01,10,Sant Martí,65,el Clot,205,10026,23,4
2026-01-01,10,Sant Martí,65,el Clot,205,10026,103,5
2026-01-01,10,Sant Martí,65,el Clot,205,10026,55,6
2026-01-01,10,Sant Martí,65,el Clot,205,10026,32,7
2026-01-01,10,Sant Martí,65,el Clot,205,10026,129,8
2026-01-01,10,Sant Martí,65,el Clot,205,10026,10,9
2026-01-01,10,Sant Martí,65,el Clot,205,10026,4,10
2026-01-01,10,Sant Martí,65,el Clot,205,10026,89,11
2026-01-01,10,Sant Martí,65,el Clot,205,10026,56,12
2026-01-01,10,Sant Martí,65,el Clot,205,10027,64,1
2026-01-01,10,Sant Martí,65,el Clot,205,10027,49,2
2026-01-01,10,Sant Martí,65,el Clot,205,10027,68,3
2026-01-01,10,Sant Martí,65,el Clot,205,10027,20,4
2026-01-01,10,Sant Martí,65,el Clot,205,10027,74,5
2026-01-01,10,Sant Martí,65,el Clot,205,10027,87,6
2026-01-01,10,Sant Martí,65,el Clot,205,10027,36,7
2026-01-01,10,Sant Martí,65,el Clot,205,10027,130,8
2026-01-01,10,Sant Martí,65,el Clot,205,10027,8,9
2026-01-01,10,Sant Martí,65,el Clot,205,10027,3,10
2026-01-01,10,Sant Martí,65,el Clot,205,10027,68,11
2026-01-01,10,Sant Martí,65,el Clot,205,10027,43,12
2026-01-01,10,Sant Martí,65,el Clot,205,10028,41,1
2026-01-01,10,Sant Martí,65,el Clot,205,10028,59,2
2026-01-01,10,Sant Martí,65,el Clot,205,10028,61,3
2026-01-01,10,Sant Martí,65,el Clot,205,10028,21,4
2026-01-01,10,Sant Martí,65,el Clot,205,10028,105,5
2026-01-01,10,Sant Martí,65,el Clot,205,10028,56,6
2026-01-01,10,Sant Martí,65,el Clot,205,10028,43,7
2026-01-01,10,Sant Martí,65,el Clot,205,10028,174,8
2026-01-01,10,Sant Martí,65,el Clot,205,10028,12,9
2026-01-01,10,Sant Martí,65,el Clot,205,10028,2,10
2026-01-01,10,Sant Martí,65,el Clot,205,10028,70,11
2026-01-01,10,Sant Martí,65,el Clot,205,10028,58,12
2026-01-01,10,Sant Martí,65,el Clot,205,10029,39,1
2026-01-01,10,Sant Martí,65,el Clot,205,10029,55,2
2026-01-01,10,Sant Martí,65,el Clot,205,10029,61,3
2026-01-01,10,Sant Martí,65,el Clot,205,10029,20,4
2026-01-01,10,Sant Martí,65,el Clot,205,10029,75,5
2026-01-01,10,Sant Martí,65,el Clot,205,10029,59,6
2026-01-01,10,Sant Martí,65,el Clot,205,10029,38,7
2026-01-01,10,Sant Martí,65,el Clot,205,10029,113,8
2026-01-01,10,Sant Martí,65,el Clot,205,10029,13,9
2026-01-01,10,Sant Martí,65,el Clot,205,10029,2,10
2026-01-01,10,Sant Martí,65,el Clot,205,10029,71,11
2026-01-01,10,Sant Martí,65,el Clot,205,10029,41,12
2026-01-01,10,Sant Martí,65,el Clot,205,10030,39,1
2026-01-01,10,Sant Martí,65,el Clot,205,10030,49,2
2026-01-01,10,Sant Martí,65,el Clot,205,10030,80,3
2026-01-01,10,Sant Martí,65,el Clot,205,10030,17,4
2026-01-01,10,Sant Martí,65,el Clot,205,10030,65,5
2026-01-01,10,Sant Martí,65,el Clot,205,10030,105,6
2026-01-01,10,Sant Martí,65,el Clot,205,10030,48,7
2026-01-01,10,Sant Martí,65,el Clot,205,10030,147,8
2026-01-01,10,Sant Martí,65,el Clot,205,10030,16,9
2026-01-01,10,Sant Martí,65,el Clot,205,10030,7,10
2026-01-01,10,Sant Martí,65,el Clot,205,10030,90,11
2026-01-01,10,Sant Martí,65,el Clot,205,10030,49,12
2026-01-01,10,Sant Martí,65,el Clot,205,10031,81,1
2026-01-01,10,Sant Martí,65,el Clot,205,10031,78,2
2026-01-01,10,Sant Martí,65,el Clot,205,10031,59,3
2026-01-01,10,Sant Martí,65,el Clot,205,10031,30,4
2026-01-01,10,Sant Martí,65,el Clot,205,10031,107,5
2026-01-01,10,Sant Martí,65,el Clot,205,10031,69,6
2026-01-01,10,Sant Martí,65,el Clot,205,10031,44,7
2026-01-01,10,Sant Martí,65,el Clot,205,10031,117,8
2026-01-01,10,Sant Martí,65,el Clot,205,10031,11,9
2026-01-01,10,Sant Martí,65,el Clot,205,10031,2,10
2026-01-01,10,Sant Martí,65,el Clot,205,10031,77,11
2026-01-01,10,Sant Martí,65,el Clot,205,10031,32,12
2026-01-01,10,Sant Martí,65,el Clot,206,10032,33,1
2026-01-01,10,Sant Martí,65,el Clot,206,10032,56,2
2026-01-01,10,Sant Martí,65,el Clot,206,10032,44,3
2026-01-01,10,Sant Martí,65,el Clot,206,10032,14,4
2026-01-01,10,Sant Martí,65,el Clot,206,10032,92,5
2026-01-01,10,Sant Martí,65,el Clot,206,10032,49,6
2026-01-01,10,Sant Martí,65,el Clot,206,10032,40,7
2026-01-01,10,Sant Martí,65,el Clot,206,10032,119,8
2026-01-01,10,Sant Martí,65,el Clot,206,10032,12,9
2026-01-01,10,Sant Martí,65,el Clot,206,10032,1,10
2026-01-01,10,Sant Martí,65,el Clot,206,10032,56,11
2026-01-01,10,Sant Martí,65,el Clot,206,10032,36,12
2026-01-01,10,Sant Martí,65,el Clot,206,10033,14,1
2026-01-01,10,Sant Martí,65,el Clot,206,10033,8,2
2026-01-01,10,Sant Martí,65,el Clot,206,10033,97,3
2026-01-01,10,Sant Martí,65,el Clot,206,10033,25,4
2026-01-01,10,Sant Martí,65,el Clot,206,10033,34,5
2026-01-01,10,Sant Martí,65,el Clot,206,10033,55,6
2026-01-01,10,Sant Martí,65,el Clot,206,10033,26,7
2026-01-01,10,Sant Martí,65,el Clot,206,10033,76,8
2026-01-01,10,Sant Martí,65,el Clot,206,10033,5,9
2026-01-01,10,Sant Martí,65,el Clot,206,10033,1,10
2026-01-01,10,Sant Martí,65,el Clot,206,10033,35,11
2026-01-01,10,Sant Martí,65,el Clot,206,10033,9,12
2026-01-01,10,Sant Martí,65,el Clot,206,10034,34,1
2026-01-01,10,Sant Martí,65,el Clot,206,10034,44,2
2026-01-01,10,Sant Martí,65,el Clot,206,10034,105,3
2026-01-01,10,Sant Martí,65,el Clot,206,10034,31,4
2026-01-01,10,Sant Martí,65,el Clot,206,10034,79,5
2026-01-01,10,Sant Martí,65,el Clot,206,10034,96,6
2026-01-01,10,Sant Martí,65,el Clot,206,10034,51,7
2026-01-01,10,Sant Martí,65,el Clot,206,10034,119,8
2026-01-01,10,Sant Martí,65,el Clot,206,10034,21,9
2026-01-01,10,Sant Martí,65,el Clot,206,10034,3,10
2026-01-01,10,Sant Martí,65,el Clot,206,10034,70,11
2026-01-01,10,Sant Martí,65,el Clot,206,10034,46,12
2026-01-01,10,Sant Martí,65,el Clot,206,10035,50,1
2026-01-01,10,Sant Martí,65,el Clot,206,10035,42,2
2026-01-01,10,Sant Martí,65,el Clot,206,10035,60,3
2026-01-01,10,Sant Martí,65,el Clot,206,10035,18,4
2026-01-01,10,Sant Martí,65,el Clot,206,10035,82,5
2026-01-01,10,Sant Martí,65,el Clot,206,10035,85,6
2026-01-01,10,Sant Martí,65,el Clot,206,10035,39,7
2026-01-01,10,Sant Martí,65,el Clot,206,10035,176,8
2026-01-01,10,Sant Martí,65,el Clot,206,10035,15,9
2026-01-01,10,Sant Martí,65,el Clot,206,10035,3,10
2026-01-01,10,Sant Martí,65,el Clot,206,10035,105,11
2026-01-01,10,Sant Martí,65,el Clot,206,10035,60,12
2026-01-01,10,Sant Martí,65,el Clot,206,10036,33,1
2026-01-01,10,Sant Martí,65,el Clot,206,10036,51,2
2026-01-01,10,Sant Martí,65,el Clot,206,10036,25,3
2026-01-01,10,Sant Martí,65,el Clot,206,10036,17,4
2026-01-01,10,Sant Martí,65,el Clot,206,10036,97,5
2026-01-01,10,Sant Martí,65,el Clot,206,10036,26,6
2026-01-01,10,Sant Martí,65,el Clot,206,10036,22,7
2026-01-01,10,Sant Martí,65,el Clot,206,10036,143,8
2026-01-01,10,Sant Martí,65,el Clot,206,10036,13,9
2026-01-01,10,Sant Martí,65,el Clot,206,10036,2,10
2026-01-01,10,Sant Martí,65,el Clot,206,10036,70,11
2026-01-01,10,Sant Martí,65,el Clot,206,10036,44,12
2026-01-01,10,Sant Martí,65,el Clot,206,10037,29,1
2026-01-01,10,Sant Martí,65,el Clot,206,10037,36,2
2026-01-01,10,Sant Martí,65,el Clot,206,10037,40,3
2026-01-01,10,Sant Martí,65,el Clot,206,10037,14,4
2026-01-01,10,Sant Martí,65,el Clot,206,10037,71,5
2026-01-01,10,Sant Martí,65,el Clot,206,10037,27,6
2026-01-01,10,Sant Martí,65,el Clot,206,10037,20,7
2026-01-01,10,Sant Martí,65,el Clot,206,10037,78,8
2026-01-01,10,Sant Martí,65,el Clot,206,10037,10,9
2026-01-01,10,Sant Martí,65,el Clot,206,10037,45,11
2026-01-01,10,Sant Martí,65,el Clot,206,10037,50,12
2026-01-01,10,Sant Martí,65,el Clot,206,10234,52,1
2026-01-01,10,Sant Martí,65,el Clot,206,10234,46,2
2026-01-01,10,Sant Martí,65,el Clot,206,10234,93,3
2026-01-01,10,Sant Martí,65,el Clot,206,10234,24,4
2026-01-01,10,Sant Martí,65,el Clot,206,10234,77,5
2026-01-01,10,Sant Martí,65,el Clot,206,10234,122,6
2026-01-01,10,Sant Martí,65,el Clot,206,10234,62,7
2026-01-01,10,Sant Martí,65,el Clot,206,10234,150,8
2026-01-01,10,Sant Martí,65,el Clot,206,10234,8,9
2026-01-01,10,Sant Martí,65,el Clot,206,10234,1,10
2026-01-01,10,Sant Martí,65,el Clot,206,10234,60,11
2026-01-01,10,Sant Martí,65,el Clot,206,10234,48,12
2026-01-01,10,Sant Martí,65,el Clot,207,10038,58,1
2026-01-01,10,Sant Martí,65,el Clot,207,10038,71,2
2026-01-01,10,Sant Martí,65,el Clot,207,10038,80,3
2026-01-01,10,Sant Martí,65,el Clot,207,10038,16,4
2026-01-01,10,Sant Martí,65,el Clot,207,10038,128,5
2026-01-01,10,Sant Martí,65,el Clot,207,10038,65,6
2026-01-01,10,Sant Martí,65,el Clot,207,10038,28,7
2026-01-01,10,Sant Martí,65,el Clot,207,10038,149,8
2026-01-01,10,Sant Martí,65,el Clot,207,10038,8,9
2026-01-01,10,Sant Martí,65,el Clot,207,10038,2,10
2026-01-01,10,Sant Martí,65,el Clot,207,10038,79,11
2026-01-01,10,Sant Martí,65,el Clot,207,10038,30,12
2026-01-01,10,Sant Martí,65,el Clot,207,10039,58,1
2026-01-01,10,Sant Martí,65,el Clot,207,10039,81,2
2026-01-01,10,Sant Martí,65,el Clot,207,10039,59,3
2026-01-01,10,Sant Martí,65,el Clot,207,10039,24,4
2026-01-01,10,Sant Martí,65,el Clot,207,10039,136,5
2026-01-01,10,Sant Martí,65,el Clot,207,10039,48,6
2026-01-01,10,Sant Martí,65,el Clot,207,10039,33,7
2026-01-01,10,Sant Martí,65,el Clot,207,10039,161,8
2026-01-01,10,Sant Martí,65,el Clot,207,10039,19,9
2026-01-01,10,Sant Martí,65,el Clot,207,10039,3,10
2026-01-01,10,Sant Martí,65,el Clot,207,10039,85,11
2026-01-01,10,Sant Martí,65,el Clot,207,10039,52,12
2026-01-01,10,Sant Martí,65,el Clot,207,10040,80,1
2026-01-01,10,Sant Martí,65,el Clot,207,10040,78,2
2026-01-01,10,Sant Martí,65,el Clot,207,10040,74,3
2026-01-01,10,Sant Martí,65,el Clot,207,10040,25,4
2026-01-01,10,Sant Martí,65,el Clot,207,10040,111,5
2026-01-01,10,Sant Martí,65,el Clot,207,10040,75,6
2026-01-01,10,Sant Martí,65,el Clot,207,10040,48,7
2026-01-01,10,Sant Martí,65,el Clot,207,10040,163,8
2026-01-01,10,Sant Martí,65,el Clot,207,10040,10,9
2026-01-01,10,Sant Martí,65,el Clot,207,10040,4,10
2026-01-01,10,Sant Martí,65,el Clot,207,10040,64,11
2026-01-01,10,Sant Martí,65,el Clot,207,10040,48,12
2026-01-01,10,Sant Martí,65,el Clot,207,10041,71,1
2026-01-01,10,Sant Martí,65,el Clot,207,10041,58,2
2026-01-01,10,Sant Martí,65,el Clot,207,10041,70,3
2026-01-01,10,Sant Martí,65,el Clot,207,10041,18,4
2026-01-01,10,Sant Martí,65,el Clot,207,10041,101,5
2026-01-01,10,Sant Martí,65,el Clot,207,10041,65,6
2026-01-01,10,Sant Martí,65,el Clot,207,10041,35,7
2026-01-01,10,Sant Martí,65,el Clot,207,10041,138,8
2026-01-01,10,Sant Martí,65,el Clot,207,10041,15,9
2026-01-01,10,Sant Martí,65,el Clot,207,10041,6,10
2026-01-01,10,Sant Martí,65,el Clot,207,10041,77,11
2026-01-01,10,Sant Martí,65,el Clot,207,10041,37,12
2026-01-01,10,Sant Martí,66,el Parc i la Llacuna del Poblenou,208,10042,153,1
2026-01-01,10,Sant Martí,66,el Parc i la Llacuna del Poblenou,208,10042,158,2
2026-01-01,10,Sant Martí,66,el Parc i la Llacuna del Poblenou,208,10042,121,3
2026-01-01,10,Sant Martí,66,el Parc i la Llacuna del Poblenou,208,10042,35,4
2026-01-01,10,Sant Martí,66,el Parc i la Llacuna del Poblenou,208,10042,224,5
2026-01-01,10,Sant Martí,66,el Parc i la Llacuna del Poblenou,208,10042,55,6
2026-01-01,10,Sant Martí,66,el Parc i la Llacuna del Poblenou,208,10042,42,7
2026-01-01,10,Sant Martí,66,el Parc i la Llacuna del Poblenou,208,10042,184,8
2026-01-01,10,Sant Martí,66,el Parc i la Llacuna del Poblenou,208,10042,73,9
2026-01-01,10,Sant Martí,66,el Parc i la Llacuna del Poblenou,208,10042,15,10
2026-01-01,10,Sant Martí,66,el Parc i la Llacuna del Poblenou,208,10042,296,11
2026-01-01,10,Sant Martí,66,el Parc i la Llacuna del Poblenou,208,10042,117,12
2026-01-01,10,Sant Martí,66,el Parc i la Llacuna del Poblenou,208,10043,136,1
2026-01-01,10,Sant Martí,66,el Parc i la Llacuna del Poblenou,208,10043,191,2
2026-01-01,10,Sant Martí,66,el Parc i la Llacuna del Poblenou,208,10043,38,3
2026-01-01,10,Sant Martí,66,el Parc i la Llacuna del Poblenou,208,10043,26,4
2026-01-01,10,Sant Martí,66,el Parc i la Llacuna del Poblenou,208,10043,220,5
2026-01-01,10,Sant Martí,66,el Parc i la Llacuna del Poblenou,208,10043,33,6
2026-01-01,10,Sant Martí,66,el Parc i la Llacuna del Poblenou,208,10043,34,7
2026-01-01,10,Sant Martí,66,el Parc i la Llacuna del Poblenou,208,10043,150,8
2026-01-01,10,Sant Martí,66,el Parc i la Llacuna del Poblenou,208,10043,47,9
2026-01-01,10,Sant Martí,66,el Parc i la Llacuna del Poblenou,208,10043,10,10
2026-01-01,10,Sant Martí,66,el Parc i la Llacuna del Poblenou,208,10043,190,11
2026-01-01,10,Sant Martí,66,el Parc i la Llacuna del Poblenou,208,10043,71,12
2026-01-01,10,Sant Martí,66,el Parc i la Llacuna del Poblenou,209,10044,57,1
2026-01-01,10,Sant Martí,66,el Parc i la Llacuna del Poblenou,209,10044,62,2
2026-01-01,10,Sant Martí,66,el Parc i la Llacuna del Poblenou,209,10044,89,3
2026-01-01,10,Sant Martí,66,el Parc i la Llacuna del Poblenou,209,10044,25,4
2026-01-01,10,Sant Martí,66,el Parc i la Llacuna del Poblenou,209,10044,74,5
2026-01-01,10,Sant Martí,66,el Parc i la Llacuna del Poblenou,209,10044,68,6
2026-01-01,10,Sant Martí,66,el Parc i la Llacuna del Poblenou,209,10044,40,7
2026-01-01,10,Sant Martí,66,el Parc i la Llacuna del Poblenou,209,10044,145,8
2026-01-01,10,Sant Martí,66,el Parc i la Llacuna del Poblenou,209,10044,12,9
2026-01-01,10,Sant Martí,66,el Parc i la Llacuna del Poblenou,209,10044,1,10
2026-01-01,10,Sant Martí,66,el Parc i la Llacuna del Poblenou,209,10044,68,11
2026-01-01,10,Sant Martí,66,el Parc i la Llacuna del Poblenou,209,10044,37,12
2026-01-01,10,Sant Martí,66,el Parc i la Llacuna del Poblenou,209,10045,38,1
2026-01-01,10,Sant Martí,66,el Parc i la Llacuna del Poblenou,209,10045,39,2
2026-01-01,10,Sant Martí,66,el Parc i la Llacuna del Poblenou,209,10045,61,3
2026-01-01,10,Sant Martí,66,el Parc i la Llacuna del Poblenou,209,10045,12,4
2026-01-01,10,Sant Martí,66,el Parc i la Llacuna del Poblenou,209,10045,74,5
2026-01-01,10,Sant Martí,66,el Parc i la Llacuna del Poblenou,209,10045,56,6
2026-01-01,10,Sant Martí,66,el Parc i la Llacuna del Poblenou,209,10045,31,7
2026-01-01,10,Sant Martí,66,el Parc i la Llacuna del Poblenou,209,10045,90,8
2026-01-01,10,Sant Martí,66,el Parc i la Llacuna del Poblenou,209,10045,12,9
2026-01-01,10,Sant Martí,66,el Parc i la Llacuna del Poblenou,209,10045,1,10
2026-01-01,10,Sant Martí,66,el Parc i la Llacuna del Poblenou,209,10045,54,11
2026-01-01,10,Sant Martí,66,el Parc i la Llacuna del Poblenou,209,10045,32,12
2026-01-01,10,Sant Martí,66,el Parc i la Llacuna del Poblenou,209,10046,41,1
2026-01-01,10,Sant Martí,66,el Parc i la Llacuna del Poblenou,209,10046,37,2
2026-01-01,10,Sant Martí,66,el Parc i la Llacuna del Poblenou,209,10046,74,3
2026-01-01,10,Sant Martí,66,el Parc i la Llacuna del Poblenou,209,10046,25,4
2026-01-01,10,Sant Martí,66,el Parc i la Llacuna del Poblenou,209,10046,73,5
2026-01-01,10,Sant Martí,66,el Parc i la Llacuna del Poblenou,209,10046,73,6
2026-01-01,10,Sant Martí,66,el Parc i la Llacuna del Poblenou,209,10046,43,7
2026-01-01,10,Sant Martí,66,el Parc i la Llacuna del Poblenou,209,10046,92,8
2026-01-01,10,Sant Martí,66,el Parc i la Llacuna del Poblenou,209,10046,4,9
2026-01-01,10,Sant Martí,66,el Parc i la Llacuna del Poblenou,209,10046,3,10
2026-01-01,10,Sant Martí,66,el Parc i la Llacuna del Poblenou,209,10046,55,11
2026-01-01,10,Sant Martí,66,el Parc i la Llacuna del Poblenou,209,10046,31,12
2026-01-01,10,Sant Martí,66,el Parc i la Llacuna del Poblenou,209,10047,52,1
2026-01-01,10,Sant Martí,66,el Parc i la Llacuna del Poblenou,209,10047,51,2
2026-01-01,10,Sant Martí,66,el Parc i la Llacuna del Poblenou,209,10047,83,3
2026-01-01,10,Sant Martí,66,el Parc i la Llacuna del Poblenou,209,10047,39,4
2026-01-01,10,Sant Martí,66,el Parc i la Llacuna del Poblenou,209,10047,87,5
2026-01-01,10,Sant Martí,66,el Parc i la Llacuna del Poblenou,209,10047,92,6
2026-01-01,10,Sant Martí,66,el Parc i la Llacuna del Poblenou,209,10047,43,7
2026-01-01,10,Sant Martí,66,el Parc i la Llacuna del Poblenou,209,10047,157,8
2026-01-01,10,Sant Martí,66,el Parc i la Llacuna del Poblenou,209,10047,4,9
2026-01-01,10,Sant Martí,66,el Parc i la Llacuna del Poblenou,209,10047,3,10
2026-01-01,10,Sant Martí,66,el Parc i la Llacuna del Poblenou,209,10047,60,11
2026-01-01,10,Sant Martí,66,el Parc i la Llacuna del Poblenou,209,10047,28,12
2026-01-01,10,Sant Martí,66,el Parc i la Llacuna del Poblenou,209,10048,74,1
2026-01-01,10,Sant Martí,66,el Parc i la Llacuna del Poblenou,209,10048,81,2
2026-01-01,10,Sant Martí,66,el Parc i la Llacuna del Poblenou,209,10048,66,3
2026-01-01,10,Sant Martí,66,el Parc i la Llacuna del Poblenou,209,10048,36,4
2026-01-01,10,Sant Martí,66,el Parc i la Llacuna del Poblenou,209,10048,120,5
2026-01-01,10,Sant Martí,66,el Parc i la Llacuna del Poblenou,209,10048,57,6
2026-01-01,10,Sant Martí,66,el Parc i la Llacuna del Poblenou,209,10048,34,7
2026-01-01,10,Sant Martí,66,el Parc i la Llacuna del Poblenou,209,10048,118,8
2026-01-01,10,Sant Martí,66,el Parc i la Llacuna del Poblenou,209,10048,9,9
2026-01-01,10,Sant Martí,66,el Parc i la Llacuna del Poblenou,209,10048,3,10
2026-01-01,10,Sant Martí,66,el Parc i la Llacuna del Poblenou,209,10048,79,11
2026-01-01,10,Sant Martí,66,el Parc i la Llacuna del Poblenou,209,10048,44,12
2026-01-01,10,Sant Martí,66,el Parc i la Llacuna del Poblenou,209,10049,26,1
2026-01-01,10,Sant Martí,66,el Parc i la Llacuna del Poblenou,209,10049,38,2
2026-01-01,10,Sant Martí,66,el Parc i la Llacuna del Poblenou,209,10049,65,3
2026-01-01,10,Sant Martí,66,el Parc i la Llacuna del Poblenou,209,10049,29,4
2026-01-01,10,Sant Martí,66,el Parc i la Llacuna del Poblenou,209,10049,66,5
2026-01-01,10,Sant Martí,66,el Parc i la Llacuna del Poblenou,209,10049,67,6
2026-01-01,10,Sant Martí,66,el Parc i la Llacuna del Poblenou,209,10049,39,7
2026-01-01,10,Sant Martí,66,el Parc i la Llacuna del Poblenou,209,10049,108,8
2026-01-01,10,Sant Martí,66,el Parc i la Llacuna del Poblenou,209,10049,7,9
2026-01-01,10,Sant Martí,66,el Parc i la Llacuna del Poblenou,209,10049,2,10
2026-01-01,10,Sant Martí,66,el Parc i la Llacuna del Poblenou,209,10049,57,11
2026-01-01,10,Sant Martí,66,el Parc i la Llacuna del Poblenou,209,10049,19,12
2026-01-01,10,Sant Martí,66,el Parc i la Llacuna del Poblenou,209,10050,31,1
2026-01-01,10,Sant Martí,66,el Parc i la Llacuna del Poblenou,209,10050,43,2
2026-01-01,10,Sant Martí,66,el Parc i la Llacuna del Poblenou,209,10050,75,3
2026-01-01,10,Sant Martí,66,el Parc i la Llacuna del Poblenou,209,10050,23,4
2026-01-01,10,Sant Martí,66,el Parc i la Llacuna del Poblenou,209,10050,85,5
2026-01-01,10,Sant Martí,66,el Parc i la Llacuna del Poblenou,209,10050,78,6
2026-01-01,10,Sant Martí,66,el Parc i la Llacuna del Poblenou,209,10050,57,7
2026-01-01,10,Sant Martí,66,el Parc i la Llacuna del Poblenou,209,10050,127,8
2026-01-01,10,Sant Martí,66,el Parc i la Llacuna del Poblenou,209,10050,11,9
2026-01-01,10,Sant Martí,66,el Parc i la Llacuna del Poblenou,209,10050,1,10
2026-01-01,10,Sant Martí,66,el Parc i la Llacuna del Poblenou,209,10050,73,11
2026-01-01,10,Sant Martí,66,el Parc i la Llacuna del Poblenou,209,10050,39,12
2026-01-01,10,Sant Martí,67,la Vila Olímpica del Poblenou,210,10051,42,1
2026-01-01,10,Sant Martí,67,la Vila Olímpica del Poblenou,210,10051,51,2
2026-01-01,10,Sant Martí,67,la Vila Olímpica del Poblenou,210,10051,63,3
2026-01-01,10,Sant Martí,67,la Vila Olímpica del Poblenou,210,10051,17,4
2026-01-01,10,Sant Martí,67,la Vila Olímpica del Poblenou,210,10051,99,5
2026-01-01,10,Sant Martí,67,la Vila Olímpica del Poblenou,210,10051,58,6
2026-01-01,10,Sant Martí,67,la Vila Olímpica del Poblenou,210,10051,35,7
2026-01-01,10,Sant Martí,67,la Vila Olímpica del Poblenou,210,10051,135,8
2026-01-01,10,Sant Martí,67,la Vila Olímpica del Poblenou,210,10051,18,9
2026-01-01,10,Sant Martí,67,la Vila Olímpica del Poblenou,210,10051,7,10
2026-01-01,10,Sant Martí,67,la Vila Olímpica del Poblenou,210,10051,81,11
2026-01-01,10,Sant Martí,67,la Vila Olímpica del Poblenou,210,10051,53,12
2026-01-01,10,Sant Martí,67,la Vila Olímpica del Poblenou,210,10052,79,1
2026-01-01,10,Sant Martí,67,la Vila Olímpica del Poblenou,210,10052,114,2
2026-01-01,10,Sant Martí,67,la Vila Olímpica del Poblenou,210,10052,50,3
2026-01-01,10,Sant Martí,67,la Vila Olímpica del Poblenou,210,10052,42,4
2026-01-01,10,Sant Martí,67,la Vila Olímpica del Poblenou,210,10052,168,5
2026-01-01,10,Sant Martí,67,la Vila Olímpica del Poblenou,210,10052,65,6
2026-01-01,10,Sant Martí,67,la Vila Olímpica del Poblenou,210,10052,33,7
2026-01-01,10,Sant Martí,67,la Vila Olímpica del Poblenou,210,10052,210,8
2026-01-01,10,Sant Martí,67,la Vila Olímpica del Poblenou,210,10052,21,9
2026-01-01,10,Sant Martí,67,la Vila Olímpica del Poblenou,210,10052,9,10
2026-01-01,10,Sant Martí,67,la Vila Olímpica del Poblenou,210,10052,150,11
2026-01-01,10,Sant Martí,67,la Vila Olímpica del Poblenou,210,10052,54,12
2026-01-01,10,Sant Martí,67,la Vila Olímpica del Poblenou,210,10053,37,1
2026-01-01,10,Sant Martí,67,la Vila Olímpica del Poblenou,210,10053,41,2
2026-01-01,10,Sant Martí,67,la Vila Olímpica del Poblenou,210,10053,44,3
2026-01-01,10,Sant Martí,67,la Vila Olímpica del Poblenou,210,10053,24,4
2026-01-01,10,Sant Martí,67,la Vila Olímpica del Poblenou,210,10053,77,5
2026-01-01,10,Sant Martí,67,la Vila Olímpica del Poblenou,210,10053,103,6
2026-01-01,10,Sant Martí,67,la Vila Olímpica del Poblenou,210,10053,32,7
2026-01-01,10,Sant Martí,67,la Vila Olímpica del Poblenou,210,10053,171,8
2026-01-01,10,Sant Martí,67,la Vila Olímpica del Poblenou,210,10053,16,9
2026-01-01,10,Sant Martí,67,la Vila Olímpica del Poblenou,210,10053,3,10
2026-01-01,10,Sant Martí,67,la Vila Olímpica del Poblenou,210,10053,71,11
2026-01-01,10,Sant Martí,67,la Vila Olímpica del Poblenou,210,10053,42,12
2026-01-01,10,Sant Martí,67,la Vila Olímpica del Poblenou,210,10054,26,1
2026-01-01,10,Sant Martí,67,la Vila Olímpica del Poblenou,210,10054,23,2
2026-01-01,10,Sant Martí,67,la Vila Olímpica del Poblenou,210,10054,31,3
2026-01-01,10,Sant Martí,67,la Vila Olímpica del Poblenou,210,10054,17,4
2026-01-01,10,Sant Martí,67,la Vila Olímpica del Poblenou,210,10054,44,5
2026-01-01,10,Sant Martí,67,la Vila Olímpica del Poblenou,210,10054,30,6
2026-01-01,10,Sant Martí,67,la Vila Olímpica del Poblenou,210,10054,22,7
2026-01-01,10,Sant Martí,67,la Vila Olímpica del Poblenou,210,10054,88,8
2026-01-01,10,Sant Martí,67,la Vila Olímpica del Poblenou,210,10054,10,9
2026-01-01,10,Sant Martí,67,la Vila Olímpica del Poblenou,210,10054,2,10
2026-01-01,10,Sant Martí,67,la Vila Olímpica del Poblenou,210,10054,50,11
2026-01-01,10,Sant Martí,67,la Vila Olímpica del Poblenou,210,10054,25,12
2026-01-01,10,Sant Martí,67,la Vila Olímpica del Poblenou,211,10055,55,1
2026-01-01,10,Sant Martí,67,la Vila Olímpica del Poblenou,211,10055,51,2
2026-01-01,10,Sant Martí,67,la Vila Olímpica del Poblenou,211,10055,74,3
2026-01-01,10,Sant Martí,67,la Vila Olímpica del Poblenou,211,10055,49,4
2026-01-01,10,Sant Martí,67,la Vila Olímpica del Poblenou,211,10055,101,5
2026-01-01,10,Sant Martí,67,la Vila Olímpica del Poblenou,211,10055,102,6
2026-01-01,10,Sant Martí,67,la Vila Olímpica del Poblenou,211,10055,52,7
2026-01-01,10,Sant Martí,67,la Vila Olímpica del Poblenou,211,10055,273,8
2026-01-01,10,Sant Martí,67,la Vila Olímpica del Poblenou,211,10055,30,9
2026-01-01,10,Sant Martí,67,la Vila Olímpica del Poblenou,211,10055,4,10
2026-01-01,10,Sant Martí,67,la Vila Olímpica del Poblenou,211,10055,94,11
2026-01-01,10,Sant Martí,67,la Vila Olímpica del Poblenou,211,10055,77,12
2026-01-01,10,Sant Martí,68,el Poblenou,212,10056,99,1
2026-01-01,10,Sant Martí,68,el Poblenou,212,10056,139,2
2026-01-01,10,Sant Martí,68,el Poblenou,212,10056,36,3
2026-01-01,10,Sant Martí,68,el Poblenou,212,10056,22,4
2026-01-01,10,Sant Martí,68,el Poblenou,212,10056,158,5
2026-01-01,10,Sant Martí,68,el Poblenou,212,10056,33,6
2026-01-01,10,Sant Martí,68,el Poblenou,212,10056,21,7
2026-01-01,10,Sant Martí,68,el Poblenou,212,10056,141,8
2026-01-01,10,Sant Martí,68,el Poblenou,212,10056,31,9
2026-01-01,10,Sant Martí,68,el Poblenou,212,10056,7,10
2026-01-01,10,Sant Martí,68,el Poblenou,212,10056,96,11
2026-01-01,10,Sant Martí,68,el Poblenou,212,10056,40,12
2026-01-01,10,Sant Martí,68,el Poblenou,212,10057,80,1
2026-01-01,10,Sant Martí,68,el Poblenou,212,10057,103,2
2026-01-01,10,Sant Martí,68,el Poblenou,212,10057,42,3
2026-01-01,10,Sant Martí,68,el Poblenou,212,10057,22,4
2026-01-01,10,Sant Martí,68,el Poblenou,212,10057,116,5
2026-01-01,10,Sant Martí,68,el Poblenou,212,10057,28,6
2026-01-01,10,Sant Martí,68,el Poblenou,212,10057,23,7
2026-01-01,10,Sant Martí,68,el Poblenou,212,10057,94,8
2026-01-01,10,Sant Martí,68,el Poblenou,212,10057,13,9
2026-01-01,10,Sant Martí,68,el Poblenou,212,10057,4,10
2026-01-01,10,Sant Martí,68,el Poblenou,212,10057,89,11
2026-01-01,10,Sant Martí,68,el Poblenou,212,10057,34,12
2026-01-01,10,Sant Martí,68,el Poblenou,212,10058,59,1
2026-01-01,10,Sant Martí,68,el Poblenou,212,10058,61,2
2026-01-01,10,Sant Martí,68,el Poblenou,212,10058,43,3
2026-01-01,10,Sant Martí,68,el Poblenou,212,10058,17,4
2026-01-01,10,Sant Martí,68,el Poblenou,212,10058,90,5
2026-01-01,10,Sant Martí,68,el Poblenou,212,10058,25,6
2026-01-01,10,Sant Martí,68,el Poblenou,212,10058,18,7
2026-01-01,10,Sant Martí,68,el Poblenou,212,10058,81,8
2026-01-01,10,Sant Martí,68,el Poblenou,212,10058,21,9
2026-01-01,10,Sant Martí,68,el Poblenou,212,10058,3,10
2026-01-01,10,Sant Martí,68,el Poblenou,212,10058,71,11
2026-01-01,10,Sant Martí,68,el Poblenou,212,10058,27,12
2026-01-01,10,Sant Martí,68,el Poblenou,213,10059,102,1
2026-01-01,10,Sant Martí,68,el Poblenou,213,10059,121,2
2026-01-01,10,Sant Martí,68,el Poblenou,213,10059,47,3
2026-01-01,10,Sant Martí,68,el Poblenou,213,10059,21,4
2026-01-01,10,Sant Martí,68,el Poblenou,213,10059,142,5
2026-01-01,10,Sant Martí,68,el Poblenou,213,10059,33,6
2026-01-01,10,Sant Martí,68,el Poblenou,213,10059,29,7
2026-01-01,10,Sant Martí,68,el Poblenou,213,10059,117,8
2026-01-01,10,Sant Martí,68,el Poblenou,213,10059,23,9
2026-01-01,10,Sant Martí,68,el Poblenou,213,10059,6,10
2026-01-01,10,Sant Martí,68,el Poblenou,213,10059,110,11
2026-01-01,10,Sant Martí,68,el Poblenou,213,10059,43,12
2026-01-01,10,Sant Martí,68,el Poblenou,213,10060,105,1
2026-01-01,10,Sant Martí,68,el Poblenou,213,10060,92,2
2026-01-01,10,Sant Martí,68,el Poblenou,213,10060,23,3
2026-01-01,10,Sant Martí,68,el Poblenou,213,10060,23,4
2026-01-01,10,Sant Martí,68,el Poblenou,213,10060,114,5
2026-01-01,10,Sant Martí,68,el Poblenou,213,10060,25,6
2026-01-01,10,Sant Martí,68,el Poblenou,213,10060,22,7
2026-01-01,10,Sant Martí,68,el Poblenou,213,10060,129,8
2026-01-01,10,Sant Martí,68,el Poblenou,213,10060,29,9
2026-01-01,10,Sant Martí,68,el Poblenou,213,10060,6,10
2026-01-01,10,Sant Martí,68,el Poblenou,213,10060,85,11
2026-01-01,10,Sant Martí,68,el Poblenou,213,10060,49,12
2026-01-01,10,Sant Martí,68,el Poblenou,213,10061,67,1
2026-01-01,10,Sant Martí,68,el Poblenou,213,10061,38,2
2026-01-01,10,Sant Martí,68,el Poblenou,213,10061,64,3
2026-01-01,10,Sant Martí,68,el Poblenou,213,10061,26,4
2026-01-01,10,Sant Martí,68,el Poblenou,213,10061,92,5
2026-01-01,10,Sant Martí,68,el Poblenou,213,10061,88,6
2026-01-01,10,Sant Martí,68,el Poblenou,213,10061,39,7
2026-01-01,10,Sant Martí,68,el Poblenou,213,10061,129,8
2026-01-01,10,Sant Martí,68,el Poblenou,213,10061,14,9
2026-01-01,10,Sant Martí,68,el Poblenou,213,10061,5,10
2026-01-01,10,Sant Martí,68,el Poblenou,213,10061,113,11
2026-01-01,10,Sant Martí,68,el Poblenou,213,10061,35,12
2026-01-01,10,Sant Martí,68,el Poblenou,213,10062,50,1
2026-01-01,10,Sant Martí,68,el Poblenou,213,10062,53,2
2026-01-01,10,Sant Martí,68,el Poblenou,213,10062,56,3
2026-01-01,10,Sant Martí,68,el Poblenou,213,10062,14,4
2026-01-01,10,Sant Martí,68,el Poblenou,213,10062,100,5
2026-01-01,10,Sant Martí,68,el Poblenou,213,10062,52,6
2026-01-01,10,Sant Martí,68,el Poblenou,213,10062,35,7
2026-01-01,10,Sant Martí,68,el Poblenou,213,10062,129,8
2026-01-01,10,Sant Martí,68,el Poblenou,213,10062,13,9
2026-01-01,10,Sant Martí,68,el Poblenou,213,10062,4,10
2026-01-01,10,Sant Martí,68,el Poblenou,213,10062,77,11
2026-01-01,10,Sant Martí,68,el Poblenou,213,10062,39,12
2026-01-01,10,Sant Martí,68,el Poblenou,214,10063,41,1
2026-01-01,10,Sant Martí,68,el Poblenou,214,10063,35,2
2026-01-01,10,Sant Martí,68,el Poblenou,214,10063,44,3
2026-01-01,10,Sant Martí,68,el Poblenou,214,10063,14,4
2026-01-01,10,Sant Martí,68,el Poblenou,214,10063,78,5
2026-01-01,10,Sant Martí,68,el Poblenou,214,10063,54,6
2026-01-01,10,Sant Martí,68,el Poblenou,214,10063,34,7
2026-01-01,10,Sant Martí,68,el Poblenou,214,10063,101,8
2026-01-01,10,Sant Martí,68,el Poblenou,214,10063,16,9
2026-01-01,10,Sant Martí,68,el Poblenou,214,10063,67,11
2026-01-01,10,Sant Martí,68,el Poblenou,214,10063,40,12
2026-01-01,10,Sant Martí,68,el Poblenou,214,10064,77,1
2026-01-01,10,Sant Martí,68,el Poblenou,214,10064,93,2
2026-01-01,10,Sant Martí,68,el Poblenou,214,10064,53,3
2026-01-01,10,Sant Martí,68,el Poblenou,214,10064,10,4
2026-01-01,10,Sant Martí,68,el Poblenou,214,10064,128,5
2026-01-01,10,Sant Martí,68,el Poblenou,214,10064,52,6
2026-01-01,10,Sant Martí,68,el Poblenou,214,10064,30,7
2026-01-01,10,Sant Martí,68,el Poblenou,214,10064,120,8
2026-01-01,10,Sant Martí,68,el Poblenou,214,10064,14,9
2026-01-01,10,Sant Martí,68,el Poblenou,214,10064,6,10
2026-01-01,10,Sant Martí,68,el Poblenou,214,10064,93,11
2026-01-01,10,Sant Martí,68,el Poblenou,214,10064,53,12
2026-01-01,10,Sant Martí,68,el Poblenou,214,10065,69,1
2026-01-01,10,Sant Martí,68,el Poblenou,214,10065,59,2
2026-01-01,10,Sant Martí,68,el Poblenou,214,10065,59,3
2026-01-01,10,Sant Martí,68,el Poblenou,214,10065,15,4
2026-01-01,10,Sant Martí,68,el Poblenou,214,10065,89,5
2026-01-01,10,Sant Martí,68,el Poblenou,214,10065,54,6
2026-01-01,10,Sant Martí,68,el Poblenou,214,10065,33,7
2026-01-01,10,Sant Martí,68,el Poblenou,214,10065,128,8
2026-01-01,10,Sant Martí,68,el Poblenou,214,10065,15,9
2026-01-01,10,Sant Martí,68,el Poblenou,214,10065,3,10
2026-01-01,10,Sant Martí,68,el Poblenou,214,10065,89,11
2026-01-01,10,Sant Martí,68,el Poblenou,214,10065,40,12
2026-01-01,10,Sant Martí,68,el Poblenou,214,10066,82,1
2026-01-01,10,Sant Martí,68,el Poblenou,214,10066,74,2
2026-01-01,10,Sant Martí,68,el Poblenou,214,10066,63,3
2026-01-01,10,Sant Martí,68,el Poblenou,214,10066,35,4
2026-01-01,10,Sant Martí,68,el Poblenou,214,10066,122,5
2026-01-01,10,Sant Martí,68,el Poblenou,214,10066,59,6
2026-01-01,10,Sant Martí,68,el Poblenou,214,10066,33,7
2026-01-01,10,Sant Martí,68,el Poblenou,214,10066,158,8
2026-01-01,10,Sant Martí,68,el Poblenou,214,10066,21,9
2026-01-01,10,Sant Martí,68,el Poblenou,214,10066,6,10
2026-01-01,10,Sant Martí,68,el Poblenou,214,10066,118,11
2026-01-01,10,Sant Martí,68,el Poblenou,214,10066,68,12
2026-01-01,10,Sant Martí,68,el Poblenou,214,10067,55,1
2026-01-01,10,Sant Martí,68,el Poblenou,214,10067,60,2
2026-01-01,10,Sant Martí,68,el Poblenou,214,10067,30,3
2026-01-01,10,Sant Martí,68,el Poblenou,214,10067,14,4
2026-01-01,10,Sant Martí,68,el Poblenou,214,10067,103,5
2026-01-01,10,Sant Martí,68,el Poblenou,214,10067,28,6
2026-01-01,10,Sant Martí,68,el Poblenou,214,10067,22,7
2026-01-01,10,Sant Martí,68,el Poblenou,214,10067,154,8
2026-01-01,10,Sant Martí,68,el Poblenou,214,10067,19,9
2026-01-01,10,Sant Martí,68,el Poblenou,214,10067,7,10
2026-01-01,10,Sant Martí,68,el Poblenou,214,10067,119,11
2026-01-01,10,Sant Martí,68,el Poblenou,214,10067,63,12
2026-01-01,10,Sant Martí,68,el Poblenou,214,10068,36,1
2026-01-01,10,Sant Martí,68,el Poblenou,214,10068,62,2
2026-01-01,10,Sant Martí,68,el Poblenou,214,10068,29,3
2026-01-01,10,Sant Martí,68,el Poblenou,214,10068,18,4
2026-01-01,10,Sant Martí,68,el Poblenou,214,10068,87,5
2026-01-01,10,Sant Martí,68,el Poblenou,214,10068,39,6
2026-01-01,10,Sant Martí,68,el Poblenou,214,10068,25,7
2026-01-01,10,Sant Martí,68,el Poblenou,214,10068,138,8
2026-01-01,10,Sant Martí,68,el Poblenou,214,10068,16,9
2026-01-01,10,Sant Martí,68,el Poblenou,214,10068,4,10
2026-01-01,10,Sant Martí,68,el Poblenou,214,10068,108,11
2026-01-01,10,Sant Martí,68,el Poblenou,214,10068,50,12
2026-01-01,10,Sant Martí,68,el Poblenou,215,10069,94,1
2026-01-01,10,Sant Martí,68,el Poblenou,215,10069,112,2
2026-01-01,10,Sant Martí,68,el Poblenou,215,10069,107,3
2026-01-01,10,Sant Martí,68,el Poblenou,215,10069,40,4
2026-01-01,10,Sant Martí,68,el Poblenou,215,10069,148,5
2026-01-01,10,Sant Martí,68,el Poblenou,215,10069,58,6
2026-01-01,10,Sant Martí,68,el Poblenou,215,10069,40,7
2026-01-01,10,Sant Martí,68,el Poblenou,215,10069,160,8
2026-01-01,10,Sant Martí,68,el Poblenou,215,10069,36,9
2026-01-01,10,Sant Martí,68,el Poblenou,215,10069,16,10
2026-01-01,10,Sant Martí,68,el Poblenou,215,10069,250,11
2026-01-01,10,Sant Martí,68,el Poblenou,215,10069,94,12
2026-01-01,10,Sant Martí,68,el Poblenou,215,10070,98,1
2026-01-01,10,Sant Martí,68,el Poblenou,215,10070,73,2
2026-01-01,10,Sant Martí,68,el Poblenou,215,10070,66,3
2026-01-01,10,Sant Martí,68,el Poblenou,215,10070,25,4
2026-01-01,10,Sant Martí,68,el Poblenou,215,10070,142,5
2026-01-01,10,Sant Martí,68,el Poblenou,215,10070,47,6
2026-01-01,10,Sant Martí,68,el Poblenou,215,10070,28,7
2026-01-01,10,Sant Martí,68,el Poblenou,215,10070,125,8
2026-01-01,10,Sant Martí,68,el Poblenou,215,10070,14,9
2026-01-01,10,Sant Martí,68,el Poblenou,215,10070,4,10
2026-01-01,10,Sant Martí,68,el Poblenou,215,10070,86,11
2026-01-01,10,Sant Martí,68,el Poblenou,215,10070,36,12
2026-01-01,10,Sant Martí,68,el Poblenou,215,10071,38,1
2026-01-01,10,Sant Martí,68,el Poblenou,215,10071,58,2
2026-01-01,10,Sant Martí,68,el Poblenou,215,10071,49,3
2026-01-01,10,Sant Martí,68,el Poblenou,215,10071,25,4
2026-01-01,10,Sant Martí,68,el Poblenou,215,10071,82,5
2026-01-01,10,Sant Martí,68,el Poblenou,215,10071,71,6
2026-01-01,10,Sant Martí,68,el Poblenou,215,10071,48,7
2026-01-01,10,Sant Martí,68,el Poblenou,215,10071,172,8
2026-01-01,10,Sant Martí,68,el Poblenou,215,10071,18,9
2026-01-01,10,Sant Martí,68,el Poblenou,215,10071,3,10
2026-01-01,10,Sant Martí,68,el Poblenou,215,10071,92,11
2026-01-01,10,Sant Martí,68,el Poblenou,215,10071,38,12
2026-01-01,10,Sant Martí,68,el Poblenou,215,10072,74,1
2026-01-01,10,Sant Martí,68,el Poblenou,215,10072,82,2
2026-01-01,10,Sant Martí,68,el Poblenou,215,10072,70,3
2026-01-01,10,Sant Martí,68,el Poblenou,215,10072,25,4
2026-01-01,10,Sant Martí,68,el Poblenou,215,10072,152,5
2026-01-01,10,Sant Martí,68,el Poblenou,215,10072,35,6
2026-01-01,10,Sant Martí,68,el Poblenou,215,10072,43,7
2026-01-01,10,Sant Martí,68,el Poblenou,215,10072,149,8
2026-01-01,10,Sant Martí,68,el Poblenou,215,10072,26,9
2026-01-01,10,Sant Martí,68,el Poblenou,215,10072,3,10
2026-01-01,10,Sant Martí,68,el Poblenou,215,10072,147,11
2026-01-01,10,Sant Martí,68,el Poblenou,215,10072,54,12
2026-01-01,10,Sant Martí,68,el Poblenou,215,10073,47,1
2026-01-01,10,Sant Martí,68,el Poblenou,215,10073,46,2
2026-01-01,10,Sant Martí,68,el Poblenou,215,10073,76,3
2026-01-01,10,Sant Martí,68,el Poblenou,215,10073,17,4
2026-01-01,10,Sant Martí,68,el Poblenou,215,10073,78,5
2026-01-01,10,Sant Martí,68,el Poblenou,215,10073,71,6
2026-01-01,10,Sant Martí,68,el Poblenou,215,10073,34,7
2026-01-01,10,Sant Martí,68,el Poblenou,215,10073,111,8
2026-01-01,10,Sant Martí,68,el Poblenou,215,10073,16,9
2026-01-01,10,Sant Martí,68,el Poblenou,215,10073,3,10
2026-01-01,10,Sant Martí,68,el Poblenou,215,10073,64,11
2026-01-01,10,Sant Martí,68,el Poblenou,215,10073,45,12
2026-01-01,10,Sant Martí,68,el Poblenou,215,10074,70,1
2026-01-01,10,Sant Martí,68,el Poblenou,215,10074,70,2
2026-01-01,10,Sant Martí,68,el Poblenou,215,10074,55,3
2026-01-01,10,Sant Martí,68,el Poblenou,215,10074,12,4
2026-01-01,10,Sant Martí,68,el Poblenou,215,10074,114,5
2026-01-01,10,Sant Martí,68,el Poblenou,215,10074,47,6
2026-01-01,10,Sant Martí,68,el Poblenou,215,10074,36,7
2026-01-01,10,Sant Martí,68,el Poblenou,215,10074,155,8
2026-01-01,10,Sant Martí,68,el Poblenou,215,10074,18,9
2026-01-01,10,Sant Martí,68,el Poblenou,215,10074,5,10
2026-01-01,10,Sant Martí,68,el Poblenou,215,10074,89,11
2026-01-01,10,Sant Martí,68,el Poblenou,215,10074,50,12
2026-01-01,10,Sant Martí,68,el Poblenou,215,10075,46,1
2026-01-01,10,Sant Martí,68,el Poblenou,215,10075,54,2
2026-01-01,10,Sant Martí,68,el Poblenou,215,10075,48,3
2026-01-01,10,Sant Martí,68,el Poblenou,215,10075,17,4
2026-01-01,10,Sant Martí,68,el Poblenou,215,10075,93,5
2026-01-01,10,Sant Martí,68,el Poblenou,215,10075,53,6
2026-01-01,10,Sant Martí,68,el Poblenou,215,10075,32,7
2026-01-01,10,Sant Martí,68,el Poblenou,215,10075,138,8
2026-01-01,10,Sant Martí,68,el Poblenou,215,10075,14,9
2026-01-01,10,Sant Martí,68,el Poblenou,215,10075,3,10
2026-01-01,10,Sant Martí,68,el Poblenou,215,10075,89,11
2026-01-01,10,Sant Martí,68,el Poblenou,215,10075,34,12
2026-01-01,10,Sant Martí,69,Diagonal Mar i el Front Marítim del Poblenou,216,10076,186,1
2026-01-01,10,Sant Martí,69,Diagonal Mar i el Front Marítim del Poblenou,216,10076,181,2
2026-01-01,10,Sant Martí,69,Diagonal Mar i el Front Marítim del Poblenou,216,10076,34,3
2026-01-01,10,Sant Martí,69,Diagonal Mar i el Front Marítim del Poblenou,216,10076,17,4
2026-01-01,10,Sant Martí,69,Diagonal Mar i el Front Marítim del Poblenou,216,10076,155,5
2026-01-01,10,Sant Martí,69,Diagonal Mar i el Front Marítim del Poblenou,216,10076,15,6
2026-01-01,10,Sant Martí,69,Diagonal Mar i el Front Marítim del Poblenou,216,10076,25,7
2026-01-01,10,Sant Martí,69,Diagonal Mar i el Front Marítim del Poblenou,216,10076,76,8
2026-01-01,10,Sant Martí,69,Diagonal Mar i el Front Marítim del Poblenou,216,10076,54,9
2026-01-01,10,Sant Martí,69,Diagonal Mar i el Front Marítim del Poblenou,216,10076,15,10
2026-01-01,10,Sant Martí,69,Diagonal Mar i el Front Marítim del Poblenou,216,10076,232,11
2026-01-01,10,Sant Martí,69,Diagonal Mar i el Front Marítim del Poblenou,216,10076,44,12
2026-01-01,10,Sant Martí,69,Diagonal Mar i el Front Marítim del Poblenou,216,10235,61,1
2026-01-01,10,Sant Martí,69,Diagonal Mar i el Front Marítim del Poblenou,216,10235,66,2
2026-01-01,10,Sant Martí,69,Diagonal Mar i el Front Marítim del Poblenou,216,10235,86,3
2026-01-01,10,Sant Martí,69,Diagonal Mar i el Front Marítim del Poblenou,216,10235,34,4
2026-01-01,10,Sant Martí,69,Diagonal Mar i el Front Marítim del Poblenou,216,10235,90,5
2026-01-01,10,Sant Martí,69,Diagonal Mar i el Front Marítim del Poblenou,216,10235,69,6
2026-01-01,10,Sant Martí,69,Diagonal Mar i el Front Marítim del Poblenou,216,10235,47,7
2026-01-01,10,Sant Martí,69,Diagonal Mar i el Front Marítim del Poblenou,216,10235,100,8
2026-01-01,10,Sant Martí,69,Diagonal Mar i el Front Marítim del Poblenou,216,10235,17,9
2026-01-01,10,Sant Martí,69,Diagonal Mar i el Front Marítim del Poblenou,216,10235,4,10
2026-01-01,10,Sant Martí,69,Diagonal Mar i el Front Marítim del Poblenou,216,10235,60,11
2026-01-01,10,Sant Martí,69,Diagonal Mar i el Front Marítim del Poblenou,216,10235,31,12
2026-01-01,10,Sant Martí,69,Diagonal Mar i el Front Marítim del Poblenou,216,10236,37,1
2026-01-01,10,Sant Martí,69,Diagonal Mar i el Front Marítim del Poblenou,216,10236,44,2
2026-01-01,10,Sant Martí,69,Diagonal Mar i el Front Marítim del Poblenou,216,10236,99,3
2026-01-01,10,Sant Martí,69,Diagonal Mar i el Front Marítim del Poblenou,216,10236,37,4
2026-01-01,10,Sant Martí,69,Diagonal Mar i el Front Marítim del Poblenou,216,10236,94,5
2026-01-01,10,Sant Martí,69,Diagonal Mar i el Front Marítim del Poblenou,216,10236,95,6
2026-01-01,10,Sant Martí,69,Diagonal Mar i el Front Marítim del Poblenou,216,10236,54,7
2026-01-01,10,Sant Martí,69,Diagonal Mar i el Front Marítim del Poblenou,216,10236,111,8
2026-01-01,10,Sant Martí,69,Diagonal Mar i el Front Marítim del Poblenou,216,10236,15,9
2026-01-01,10,Sant Martí,69,Diagonal Mar i el Front Marítim del Poblenou,216,10236,1,10
2026-01-01,10,Sant Martí,69,Diagonal Mar i el Front Marítim del Poblenou,216,10236,60,11
2026-01-01,10,Sant Martí,69,Diagonal Mar i el Front Marítim del Poblenou,216,10236,49,12
2026-01-01,10,Sant Martí,69,Diagonal Mar i el Front Marítim del Poblenou,217,10077,55,1
2026-01-01,10,Sant Martí,69,Diagonal Mar i el Front Marítim del Poblenou,217,10077,54,2
2026-01-01,10,Sant Martí,69,Diagonal Mar i el Front Marítim del Poblenou,217,10077,28,3
2026-01-01,10,Sant Martí,69,Diagonal Mar i el Front Marítim del Poblenou,217,10077,21,4
2026-01-01,10,Sant Martí,69,Diagonal Mar i el Front Marítim del Poblenou,217,10077,126,5
2026-01-01,10,Sant Martí,69,Diagonal Mar i el Front Marítim del Poblenou,217,10077,46,6
2026-01-01,10,Sant Martí,69,Diagonal Mar i el Front Marítim del Poblenou,217,10077,30,7
2026-01-01,10,Sant Martí,69,Diagonal Mar i el Front Marítim del Poblenou,217,10077,140,8
2026-01-01,10,Sant Martí,69,Diagonal Mar i el Front Marítim del Poblenou,217,10077,16,9
2026-01-01,10,Sant Martí,69,Diagonal Mar i el Front Marítim del Poblenou,217,10077,2,10
2026-01-01,10,Sant Martí,69,Diagonal Mar i el Front Marítim del Poblenou,217,10077,133,11
2026-01-01,10,Sant Martí,69,Diagonal Mar i el Front Marítim del Poblenou,217,10077,56,12
2026-01-01,10,Sant Martí,69,Diagonal Mar i el Front Marítim del Poblenou,217,10078,65,1
2026-01-01,10,Sant Martí,69,Diagonal Mar i el Front Marítim del Poblenou,217,10078,100,2
2026-01-01,10,Sant Martí,69,Diagonal Mar i el Front Marítim del Poblenou,217,10078,39,3
2026-01-01,10,Sant Martí,69,Diagonal Mar i el Front Marítim del Poblenou,217,10078,28,4
2026-01-01,10,Sant Martí,69,Diagonal Mar i el Front Marítim del Poblenou,217,10078,113,5
2026-01-01,10,Sant Martí,69,Diagonal Mar i el Front Marítim del Poblenou,217,10078,58,6
2026-01-01,10,Sant Martí,69,Diagonal Mar i el Front Marítim del Poblenou,217,10078,27,7
2026-01-01,10,Sant Martí,69,Diagonal Mar i el Front Marítim del Poblenou,217,10078,174,8
2026-01-01,10,Sant Martí,69,Diagonal Mar i el Front Marítim del Poblenou,217,10078,34,9
2026-01-01,10,Sant Martí,69,Diagonal Mar i el Front Marítim del Poblenou,217,10078,11,10
2026-01-01,10,Sant Martí,69,Diagonal Mar i el Front Marítim del Poblenou,217,10078,192,11
2026-01-01,10,Sant Martí,69,Diagonal Mar i el Front Marítim del Poblenou,217,10078,83,12
2026-01-01,10,Sant Martí,69,Diagonal Mar i el Front Marítim del Poblenou,217,10079,41,1
2026-01-01,10,Sant Martí,69,Diagonal Mar i el Front Marítim del Poblenou,217,10079,45,2
2026-01-01,10,Sant Martí,69,Diagonal Mar i el Front Marítim del Poblenou,217,10079,51,3
2026-01-01,10,Sant Martí,69,Diagonal Mar i el Front Marítim del Poblenou,217,10079,18,4
2026-01-01,10,Sant Martí,69,Diagonal Mar i el Front Marítim del Poblenou,217,10079,105,5
2026-01-01,10,Sant Martí,69,Diagonal Mar i el Front Marítim del Poblenou,217,10079,49,6
2026-01-01,10,Sant Martí,69,Diagonal Mar i el Front Marítim del Poblenou,217,10079,41,7
2026-01-01,10,Sant Martí,69,Diagonal Mar i el Front Marítim del Poblenou,217,10079,153,8
2026-01-01,10,Sant Martí,69,Diagonal Mar i el Front Marítim del Poblenou,217,10079,13,9
2026-01-01,10,Sant Martí,69,Diagonal Mar i el Front Marítim del Poblenou,217,10079,5,10
2026-01-01,10,Sant Martí,69,Diagonal Mar i el Front Marítim del Poblenou,217,10079,86,11
2026-01-01,10,Sant Martí,69,Diagonal Mar i el Front Marítim del Poblenou,217,10079,45,12
2026-01-01,10,Sant Martí,69,Diagonal Mar i el Front Marítim del Poblenou,218,10080,59,1
2026-01-01,10,Sant Martí,69,Diagonal Mar i el Front Marítim del Poblenou,218,10080,88,2
2026-01-01,10,Sant Martí,69,Diagonal Mar i el Front Marítim del Poblenou,218,10080,29,3
2026-01-01,10,Sant Martí,69,Diagonal Mar i el Front Marítim del Poblenou,218,10080,18,4
2026-01-01,10,Sant Martí,69,Diagonal Mar i el Front Marítim del Poblenou,218,10080,133,5
2026-01-01,10,Sant Martí,69,Diagonal Mar i el Front Marítim del Poblenou,218,10080,69,6
2026-01-01,10,Sant Martí,69,Diagonal Mar i el Front Marítim del Poblenou,218,10080,27,7
2026-01-01,10,Sant Martí,69,Diagonal Mar i el Front Marítim del Poblenou,218,10080,153,8
2026-01-01,10,Sant Martí,69,Diagonal Mar i el Front Marítim del Poblenou,218,10080,25,9
2026-01-01,10,Sant Martí,69,Diagonal Mar i el Front Marítim del Poblenou,218,10080,7,10
2026-01-01,10,Sant Martí,69,Diagonal Mar i el Front Marítim del Poblenou,218,10080,199,11
2026-01-01,10,Sant Martí,69,Diagonal Mar i el Front Marítim del Poblenou,218,10080,100,12
2026-01-01,10,Sant Martí,70,el Besòs i el Maresme,219,10081,77,1
2026-01-01,10,Sant Martí,70,el Besòs i el Maresme,219,10081,89,2
2026-01-01,10,Sant Martí,70,el Besòs i el Maresme,219,10081,58,3
2026-01-01,10,Sant Martí,70,el Besòs i el Maresme,219,10081,29,4
2026-01-01,10,Sant Martí,70,el Besòs i el Maresme,219,10081,131,5
2026-01-01,10,Sant Martí,70,el Besòs i el Maresme,219,10081,48,6
2026-01-01,10,Sant Martí,70,el Besòs i el Maresme,219,10081,62,7
2026-01-01,10,Sant Martí,70,el Besòs i el Maresme,219,10081,159,8
2026-01-01,10,Sant Martí,70,el Besòs i el Maresme,219,10081,30,9
2026-01-01,10,Sant Martí,70,el Besòs i el Maresme,219,10081,4,10
2026-01-01,10,Sant Martí,70,el Besòs i el Maresme,219,10081,109,11
2026-01-01,10,Sant Martí,70,el Besòs i el Maresme,219,10081,82,12
2026-01-01,10,Sant Martí,70,el Besòs i el Maresme,219,10082,44,1
2026-01-01,10,Sant Martí,70,el Besòs i el Maresme,219,10082,83,2
2026-01-01,10,Sant Martí,70,el Besòs i el Maresme,219,10082,50,3
2026-01-01,10,Sant Martí,70,el Besòs i el Maresme,219,10082,19,4
2026-01-01,10,Sant Martí,70,el Besòs i el Maresme,219,10082,83,5
2026-01-01,10,Sant Martí,70,el Besòs i el Maresme,219,10082,8,6
2026-01-01,10,Sant Martí,70,el Besòs i el Maresme,219,10082,25,7
2026-01-01,10,Sant Martí,70,el Besòs i el Maresme,219,10082,155,8
2026-01-01,10,Sant Martí,70,el Besòs i el Maresme,219,10082,58,9
2026-01-01,10,Sant Martí,70,el Besòs i el Maresme,219,10082,4,10
2026-01-01,10,Sant Martí,70,el Besòs i el Maresme,219,10082,97,11
2026-01-01,10,Sant Martí,70,el Besòs i el Maresme,219,10082,102,12
2026-01-01,10,Sant Martí,70,el Besòs i el Maresme,219,10083,23,1
2026-01-01,10,Sant Martí,70,el Besòs i el Maresme,219,10083,62,2
2026-01-01,10,Sant Martí,70,el Besòs i el Maresme,219,10083,47,3
2026-01-01,10,Sant Martí,70,el Besòs i el Maresme,219,10083,21,4
2026-01-01,10,Sant Martí,70,el Besòs i el Maresme,219,10083,79,5
2026-01-01,10,Sant Martí,70,el Besòs i el Maresme,219,10083,21,6
2026-01-01,10,Sant Martí,70,el Besòs i el Maresme,219,10083,34,7
2026-01-01,10,Sant Martí,70,el Besòs i el Maresme,219,10083,129,8
2026-01-01,10,Sant Martí,70,el Besòs i el Maresme,219,10083,30,9
2026-01-01,10,Sant Martí,70,el Besòs i el Maresme,219,10083,3,10
2026-01-01,10,Sant Martí,70,el Besòs i el Maresme,219,10083,108,11
2026-01-01,10,Sant Martí,70,el Besòs i el Maresme,219,10083,136,12
2026-01-01,10,Sant Martí,70,el Besòs i el Maresme,219,10084,39,1
2026-01-01,10,Sant Martí,70,el Besòs i el Maresme,219,10084,52,2
2026-01-01,10,Sant Martí,70,el Besòs i el Maresme,219,10084,57,3
2026-01-01,10,Sant Martí,70,el Besòs i el Maresme,219,10084,17,4
2026-01-01,10,Sant Martí,70,el Besòs i el Maresme,219,10084,81,5
2026-01-01,10,Sant Martí,70,el Besòs i el Maresme,219,10084,32,6
2026-01-01,10,Sant Martí,70,el Besòs i el Maresme,219,10084,39,7
2026-01-01,10,Sant Martí,70,el Besòs i el Maresme,219,10084,133,8
2026-01-01,10,Sant Martí,70,el Besòs i el Maresme,219,10084,12,9
2026-01-01,10,Sant Martí,70,el Besòs i el Maresme,219,10084,2,10
2026-01-01,10,Sant Martí,70,el Besòs i el Maresme,219,10084,64,11
2026-01-01,10,Sant Martí,70,el Besòs i el Maresme,219,10084,79,12
2026-01-01,10,Sant Martí,70,el Besòs i el Maresme,220,10085,38,1
2026-01-01,10,Sant Martí,70,el Besòs i el Maresme,220,10085,65,2
2026-01-01,10,Sant Martí,70,el Besòs i el Maresme,220,10085,64,3
2026-01-01,10,Sant Martí,70,el Besòs i el Maresme,220,10085,28,4
2026-01-01,10,Sant Martí,70,el Besòs i el Maresme,220,10085,94,5
2026-01-01,10,Sant Martí,70,el Besòs i el Maresme,220,10085,33,6
2026-01-01,10,Sant Martí,70,el Besòs i el Maresme,220,10085,31,7
2026-01-01,10,Sant Martí,70,el Besòs i el Maresme,220,10085,151,8
2026-01-01,10,Sant Martí,70,el Besòs i el Maresme,220,10085,32,9
2026-01-01,10,Sant Martí,70,el Besòs i el Maresme,220,10085,100,11
2026-01-01,10,Sant Martí,70,el Besòs i el Maresme,220,10085,102,12
2026-01-01,10,Sant Martí,70,el Besòs i el Maresme,220,10086,46,1
2026-01-01,10,Sant Martí,70,el Besòs i el Maresme,220,10086,62,2
2026-01-01,10,Sant Martí,70,el Besòs i el Maresme,220,10086,74,3
2026-01-01,10,Sant Martí,70,el Besòs i el Maresme,220,10086,21,4
2026-01-01,10,Sant Martí,70,el Besòs i el Maresme,220,10086,78,5
2026-01-01,10,Sant Martí,70,el Besòs i el Maresme,220,10086,26,6
2026-01-01,10,Sant Martí,70,el Besòs i el Maresme,220,10086,48,7
2026-01-01,10,Sant Martí,70,el Besòs i el Maresme,220,10086,153,8
2026-01-01,10,Sant Martí,70,el Besòs i el Maresme,220,10086,22,9
2026-01-01,10,Sant Martí,70,el Besòs i el Maresme,220,10086,1,10
2026-01-01,10,Sant Martí,70,el Besòs i el Maresme,220,10086,82,11
2026-01-01,10,Sant Martí,70,el Besòs i el Maresme,220,10086,118,12
2026-01-01,10,Sant Martí,70,el Besòs i el Maresme,220,10087,51,1
2026-01-01,10,Sant Martí,70,el Besòs i el Maresme,220,10087,76,2
2026-01-01,10,Sant Martí,70,el Besòs i el Maresme,220,10087,78,3
2026-01-01,10,Sant Martí,70,el Besòs i el Maresme,220,10087,17,4
2026-01-01,10,Sant Martí,70,el Besòs i el Maresme,220,10087,102,5
2026-01-01,10,Sant Martí,70,el Besòs i el Maresme,220,10087,42,6
2026-01-01,10,Sant Martí,70,el Besòs i el Maresme,220,10087,35,7
2026-01-01,10,Sant Martí,70,el Besòs i el Maresme,220,10087,140,8
2026-01-01,10,Sant Martí,70,el Besòs i el Maresme,220,10087,22,9
2026-01-01,10,Sant Martí,70,el Besòs i el Maresme,220,10087,2,10
2026-01-01,10,Sant Martí,70,el Besòs i el Maresme,220,10087,80,11
2026-01-01,10,Sant Martí,70,el Besòs i el Maresme,220,10087,84,12
2026-01-01,10,Sant Martí,70,el Besòs i el Maresme,220,10088,29,1
2026-01-01,10,Sant Martí,70,el Besòs i el Maresme,220,10088,36,2
2026-01-01,10,Sant Martí,70,el Besòs i el Maresme,220,10088,62,3
2026-01-01,10,Sant Martí,70,el Besòs i el Maresme,220,10088,32,4
2026-01-01,10,Sant Martí,70,el Besòs i el Maresme,220,10088,97,5
2026-01-01,10,Sant Martí,70,el Besòs i el Maresme,220,10088,89,6
2026-01-01,10,Sant Martí,70,el Besòs i el Maresme,220,10088,41,7
2026-01-01,10,Sant Martí,70,el Besòs i el Maresme,220,10088,150,8
2026-01-01,10,Sant Martí,70,el Besòs i el Maresme,220,10088,8,9
2026-01-01,10,Sant Martí,70,el Besòs i el Maresme,220,10088,1,10
2026-01-01,10,Sant Martí,70,el Besòs i el Maresme,220,10088,65,11
2026-01-01,10,Sant Martí,70,el Besòs i el Maresme,220,10088,55,12
2026-01-01,10,Sant Martí,70,el Besòs i el Maresme,221,10089,59,1
2026-01-01,10,Sant Martí,70,el Besòs i el Maresme,221,10089,79,2
2026-01-01,10,Sant Martí,70,el Besòs i el Maresme,221,10089,54,3
2026-01-01,10,Sant Martí,70,el Besòs i el Maresme,221,10089,26,4
2026-01-01,10,Sant Martí,70,el Besòs i el Maresme,221,10089,85,5
2026-01-01,10,Sant Martí,70,el Besòs i el Maresme,221,10089,22,6
2026-01-01,10,Sant Martí,70,el Besòs i el Maresme,221,10089,33,7
2026-01-01,10,Sant Martí,70,el Besòs i el Maresme,221,10089,107,8
2026-01-01,10,Sant Martí,70,el Besòs i el Maresme,221,10089,23,9
2026-01-01,10,Sant Martí,70,el Besòs i el Maresme,221,10089,2,10
2026-01-01,10,Sant Martí,70,el Besòs i el Maresme,221,10089,58,11
2026-01-01,10,Sant Martí,70,el Besòs i el Maresme,221,10089,69,12
2026-01-01,10,Sant Martí,70,el Besòs i el Maresme,222,10090,37,1
2026-01-01,10,Sant Martí,70,el Besòs i el Maresme,222,10090,41,2
2026-01-01,10,Sant Martí,70,el Besòs i el Maresme,222,10090,50,3
2026-01-01,10,Sant Martí,70,el Besòs i el Maresme,222,10090,16,4
2026-01-01,10,Sant Martí,70,el Besòs i el Maresme,222,10090,66,5
2026-01-01,10,Sant Martí,70,el Besòs i el Maresme,222,10090,36,6
2026-01-01,10,Sant Martí,70,el Besòs i el Maresme,222,10090,30,7
2026-01-01,10,Sant Martí,70,el Besòs i el Maresme,222,10090,135,8
2026-01-01,10,Sant Martí,70,el Besòs i el Maresme,222,10090,10,9
2026-01-01,10,Sant Martí,70,el Besòs i el Maresme,222,10090,1,10
2026-01-01,10,Sant Martí,70,el Besòs i el Maresme,222,10090,57,11
2026-01-01,10,Sant Martí,70,el Besòs i el Maresme,222,10090,70,12
2026-01-01,10,Sant Martí,70,el Besòs i el Maresme,222,10091,53,1
2026-01-01,10,Sant Martí,70,el Besòs i el Maresme,222,10091,57,2
2026-01-01,10,Sant Martí,70,el Besòs i el Maresme,222,10091,88,3
2026-01-01,10,Sant Martí,70,el Besòs i el Maresme,222,10091,36,4
2026-01-01,10,Sant Martí,70,el Besòs i el Maresme,222,10091,100,5
2026-01-01,10,Sant Martí,70,el Besòs i el Maresme,222,10091,86,6
2026-01-01,10,Sant Martí,70,el Besòs i el Maresme,222,10091,48,7
2026-01-01,10,Sant Martí,70,el Besòs i el Maresme,222,10091,173,8
2026-01-01,10,Sant Martí,70,el Besòs i el Maresme,222,10091,12,9
2026-01-01,10,Sant Martí,70,el Besòs i el Maresme,222,10091,82,11
2026-01-01,10,Sant Martí,70,el Besòs i el Maresme,222,10091,71,12
2026-01-01,10,Sant Martí,70,el Besòs i el Maresme,222,10092,16,1
2026-01-01,10,Sant Martí,70,el Besòs i el Maresme,222,10092,19,2
2026-01-01,10,Sant Martí,70,el Besòs i el Maresme,222,10092,75,3
2026-01-01,10,Sant Martí,70,el Besòs i el Maresme,222,10092,22,4
2026-01-01,10,Sant Martí,70,el Besòs i el Maresme,222,10092,43,5
2026-01-01,10,Sant Martí,70,el Besòs i el Maresme,222,10092,125,6
2026-01-01,10,Sant Martí,70,el Besòs i el Maresme,222,10092,51,7
2026-01-01,10,Sant Martí,70,el Besòs i el Maresme,222,10092,141,8
2026-01-01,10,Sant Martí,70,el Besòs i el Maresme,222,10092,9,9
2026-01-01,10,Sant Martí,70,el Besòs i el Maresme,222,10092,1,10
2026-01-01,10,Sant Martí,70,el Besòs i el Maresme,222,10092,57,11
2026-01-01,10,Sant Martí,70,el Besòs i el Maresme,222,10092,33,12
2026-01-01,10,Sant Martí,70,el Besòs i el Maresme,222,10093,25,1
2026-01-01,10,Sant Martí,70,el Besòs i el Maresme,222,10093,31,2
2026-01-01,10,Sant Martí,70,el Besòs i el Maresme,222,10093,79,3
2026-01-01,10,Sant Martí,70,el Besòs i el Maresme,222,10093,26,4
2026-01-01,10,Sant Martí,70,el Besòs i el Maresme,222,10093,55,5
2026-01-01,10,Sant Martí,70,el Besòs i el Maresme,222,10093,102,6
2026-01-01,10,Sant Martí,70,el Besòs i el Maresme,222,10093,36,7
2026-01-01,10,Sant Martí,70,el Besòs i el Maresme,222,10093,105,8
2026-01-01,10,Sant Martí,70,el Besòs i el Maresme,222,10093,12,9
2026-01-01,10,Sant Martí,70,el Besòs i el Maresme,222,10093,3,10
2026-01-01,10,Sant Martí,70,el Besòs i el Maresme,222,10093,81,11
2026-01-01,10,Sant Martí,70,el Besòs i el Maresme,222,10093,33,12
2026-01-01,10,Sant Martí,71,Provençals del Poblenou,223,10094,137,1
2026-01-01,10,Sant Martí,71,Provençals del Poblenou,223,10094,203,2
2026-01-01,10,Sant Martí,71,Provençals del Poblenou,223,10094,76,3
2026-01-01,10,Sant Martí,71,Provençals del Poblenou,223,10094,40,4
2026-01-01,10,Sant Martí,71,Provençals del Poblenou,223,10094,264,5
2026-01-01,10,Sant Martí,71,Provençals del Poblenou,223,10094,50,6
2026-01-01,10,Sant Martí,71,Provençals del Poblenou,223,10094,47,7
2026-01-01,10,Sant Martí,71,Provençals del Poblenou,223,10094,164,8
2026-01-01,10,Sant Martí,71,Provençals del Poblenou,223,10094,79,9
2026-01-01,10,Sant Martí,71,Provençals del Poblenou,223,10094,14,10
2026-01-01,10,Sant Martí,71,Provençals del Poblenou,223,10094,287,11
2026-01-01,10,Sant Martí,71,Provençals del Poblenou,223,10094,100,12
2026-01-01,10,Sant Martí,71,Provençals del Poblenou,223,10095,52,1
2026-01-01,10,Sant Martí,71,Provençals del Poblenou,223,10095,61,2
2026-01-01,10,Sant Martí,71,Provençals del Poblenou,223,10095,44,3
2026-01-01,10,Sant Martí,71,Provençals del Poblenou,223,10095,18,4
2026-01-01,10,Sant Martí,71,Provençals del Poblenou,223,10095,93,5
2026-01-01,10,Sant Martí,71,Provençals del Poblenou,223,10095,24,6
2026-01-01,10,Sant Martí,71,Provençals del Poblenou,223,10095,31,7
2026-01-01,10,Sant Martí,71,Provençals del Poblenou,223,10095,92,8
2026-01-01,10,Sant Martí,71,Provençals del Poblenou,223,10095,26,9
2026-01-01,10,Sant Martí,71,Provençals del Poblenou,223,10095,2,10
2026-01-01,10,Sant Martí,71,Provençals del Poblenou,223,10095,99,11
2026-01-01,10,Sant Martí,71,Provençals del Poblenou,223,10095,37,12
2026-01-01,10,Sant Martí,71,Provençals del Poblenou,224,10096,50,1
2026-01-01,10,Sant Martí,71,Provençals del Poblenou,224,10096,61,2
2026-01-01,10,Sant Martí,71,Provençals del Poblenou,224,10096,37,3
2026-01-01,10,Sant Martí,71,Provençals del Poblenou,224,10096,22,4
2026-01-01,10,Sant Martí,71,Provençals del Poblenou,224,10096,94,5
2026-01-01,10,Sant Martí,71,Provençals del Poblenou,224,10096,35,6
2026-01-01,10,Sant Martí,71,Provençals del Poblenou,224,10096,26,7
2026-01-01,10,Sant Martí,71,Provençals del Poblenou,224,10096,142,8
2026-01-01,10,Sant Martí,71,Provençals del Poblenou,224,10096,18,9
2026-01-01,10,Sant Martí,71,Provençals del Poblenou,224,10096,5,10
2026-01-01,10,Sant Martí,71,Provençals del Poblenou,224,10096,97,11
2026-01-01,10,Sant Martí,71,Provençals del Poblenou,224,10096,54,12
2026-01-01,10,Sant Martí,71,Provençals del Poblenou,224,10097,42,1
2026-01-01,10,Sant Martí,71,Provençals del Poblenou,224,10097,53,2
2026-01-01,10,Sant Martí,71,Provençals del Poblenou,224,10097,57,3
2026-01-01,10,Sant Martí,71,Provençals del Poblenou,224,10097,22,4
2026-01-01,10,Sant Martí,71,Provençals del Poblenou,224,10097,99,5
2026-01-01,10,Sant Martí,71,Provençals del Poblenou,224,10097,41,6
2026-01-01,10,Sant Martí,71,Provençals del Poblenou,224,10097,38,7
2026-01-01,10,Sant Martí,71,Provençals del Poblenou,224,10097,126,8
2026-01-01,10,Sant Martí,71,Provençals del Poblenou,224,10097,19,9
2026-01-01,10,Sant Martí,71,Provençals del Poblenou,224,10097,3,10
2026-01-01,10,Sant Martí,71,Provençals del Poblenou,224,10097,101,11
2026-01-01,10,Sant Martí,71,Provençals del Poblenou,224,10097,37,12
2026-01-01,10,Sant Martí,71,Provençals del Poblenou,224,10098,29,1
2026-01-01,10,Sant Martí,71,Provençals del Poblenou,224,10098,28,2
2026-01-01,10,Sant Martí,71,Provençals del Poblenou,224,10098,47,3
2026-01-01,10,Sant Martí,71,Provençals del Poblenou,224,10098,21,4
2026-01-01,10,Sant Martí,71,Provençals del Poblenou,224,10098,85,5
2026-01-01,10,Sant Martí,71,Provençals del Poblenou,224,10098,59,6
2026-01-01,10,Sant Martí,71,Provençals del Poblenou,224,10098,59,7
2026-01-01,10,Sant Martí,71,Provençals del Poblenou,224,10098,211,8
2026-01-01,10,Sant Martí,71,Provençals del Poblenou,224,10098,9,9
2026-01-01,10,Sant Martí,71,Provençals del Poblenou,224,10098,2,10
2026-01-01,10,Sant Martí,71,Provençals del Poblenou,224,10098,69,11
2026-01-01,10,Sant Martí,71,Provençals del Poblenou,224,10098,34,12
2026-01-01,10,Sant Martí,71,Provençals del Poblenou,224,10099,23,1
2026-01-01,10,Sant Martí,71,Provençals del Poblenou,224,10099,28,2
2026-01-01,10,Sant Martí,71,Provençals del Poblenou,224,10099,41,3
2026-01-01,10,Sant Martí,71,Provençals del Poblenou,224,10099,15,4
2026-01-01,10,Sant Martí,71,Provençals del Poblenou,224,10099,50,5
2026-01-01,10,Sant Martí,71,Provençals del Poblenou,224,10099,27,6
2026-01-01,10,Sant Martí,71,Provençals del Poblenou,224,10099,36,7
2026-01-01,10,Sant Martí,71,Provençals del Poblenou,224,10099,104,8
2026-01-01,10,Sant Martí,71,Provençals del Poblenou,224,10099,15,9
2026-01-01,10,Sant Martí,71,Provençals del Poblenou,224,10099,2,10
2026-01-01,10,Sant Martí,71,Provençals del Poblenou,224,10099,39,11
2026-01-01,10,Sant Martí,71,Provençals del Poblenou,224,10099,36,12
2026-01-01,10,Sant Martí,71,Provençals del Poblenou,224,10100,59,1
2026-01-01,10,Sant Martí,71,Provençals del Poblenou,224,10100,52,2
2026-01-01,10,Sant Martí,71,Provençals del Poblenou,224,10100,70,3
2026-01-01,10,Sant Martí,71,Provençals del Poblenou,224,10100,21,4
2026-01-01,10,Sant Martí,71,Provençals del Poblenou,224,10100,106,5
2026-01-01,10,Sant Martí,71,Provençals del Poblenou,224,10100,61,6
2026-01-01,10,Sant Martí,71,Provençals del Poblenou,224,10100,45,7
2026-01-01,10,Sant Martí,71,Provençals del Poblenou,224,10100,125,8
2026-01-01,10,Sant Martí,71,Provençals del Poblenou,224,10100,21,9
2026-01-01,10,Sant Martí,71,Provençals del Poblenou,224,10100,4,10
2026-01-01,10,Sant Martí,71,Provençals del Poblenou,224,10100,89,11
2026-01-01,10,Sant Martí,71,Provençals del Poblenou,224,10100,64,12
2026-01-01,10,Sant Martí,71,Provençals del Poblenou,225,10101,40,1
2026-01-01,10,Sant Martí,71,Provençals del Poblenou,225,10101,59,2
2026-01-01,10,Sant Martí,71,Provençals del Poblenou,225,10101,41,3
2026-01-01,10,Sant Martí,71,Provençals del Poblenou,225,10101,8,4
2026-01-01,10,Sant Martí,71,Provençals del Poblenou,225,10101,77,5
2026-01-01,10,Sant Martí,71,Provençals del Poblenou,225,10101,41,6
2026-01-01,10,Sant Martí,71,Provençals del Poblenou,225,10101,36,7
2026-01-01,10,Sant Martí,71,Provençals del Poblenou,225,10101,129,8
2026-01-01,10,Sant Martí,71,Provençals del Poblenou,225,10101,22,9
2026-01-01,10,Sant Martí,71,Provençals del Poblenou,225,10101,5,10
2026-01-01,10,Sant Martí,71,Provençals del Poblenou,225,10101,98,11
2026-01-01,10,Sant Martí,71,Provençals del Poblenou,225,10101,73,12
2026-01-01,10,Sant Martí,71,Provençals del Poblenou,225,10102,61,1
2026-01-01,10,Sant Martí,71,Provençals del Poblenou,225,10102,70,2
2026-01-01,10,Sant Martí,71,Provençals del Poblenou,225,10102,101,3
2026-01-01,10,Sant Martí,71,Provençals del Poblenou,225,10102,38,4
2026-01-01,10,Sant Martí,71,Provençals del Poblenou,225,10102,149,5
2026-01-01,10,Sant Martí,71,Provençals del Poblenou,225,10102,108,6
2026-01-01,10,Sant Martí,71,Provençals del Poblenou,225,10102,69,7
2026-01-01,10,Sant Martí,71,Provençals del Poblenou,225,10102,221,8
2026-01-01,10,Sant Martí,71,Provençals del Poblenou,225,10102,32,9
2026-01-01,10,Sant Martí,71,Provençals del Poblenou,225,10102,3,10
2026-01-01,10,Sant Martí,71,Provençals del Poblenou,225,10102,116,11
2026-01-01,10,Sant Martí,71,Provençals del Poblenou,225,10102,86,12
2026-01-01,10,Sant Martí,71,Provençals del Poblenou,225,10103,51,1
2026-01-01,10,Sant Martí,71,Provençals del Poblenou,225,10103,43,2
2026-01-01,10,Sant Martí,71,Provençals del Poblenou,225,10103,112,3
2026-01-01,10,Sant Martí,71,Provençals del Poblenou,225,10103,34,4
2026-01-01,10,Sant Martí,71,Provençals del Poblenou,225,10103,99,5
2026-01-01,10,Sant Martí,71,Provençals del Poblenou,225,10103,141,6
2026-01-01,10,Sant Martí,71,Provençals del Poblenou,225,10103,45,7
2026-01-01,10,Sant Martí,71,Provençals del Poblenou,225,10103,194,8
2026-01-01,10,Sant Martí,71,Provençals del Poblenou,225,10103,15,9
2026-01-01,10,Sant Martí,71,Provençals del Poblenou,225,10103,2,10
2026-01-01,10,Sant Martí,71,Provençals del Poblenou,225,10103,95,11
2026-01-01,10,Sant Martí,71,Provençals del Poblenou,225,10103,58,12
2026-01-01,10,Sant Martí,71,Provençals del Poblenou,225,10104,26,1
2026-01-01,10,Sant Martí,71,Provençals del Poblenou,225,10104,19,2
2026-01-01,10,Sant Martí,71,Provençals del Poblenou,225,10104,53,3
2026-01-01,10,Sant Martí,71,Provençals del Poblenou,225,10104,14,4
2026-01-01,10,Sant Martí,71,Provençals del Poblenou,225,10104,55,5
2026-01-01,10,Sant Martí,71,Provençals del Poblenou,225,10104,109,6
2026-01-01,10,Sant Martí,71,Provençals del Poblenou,225,10104,77,7
2026-01-01,10,Sant Martí,71,Provençals del Poblenou,225,10104,154,8
2026-01-01,10,Sant Martí,71,Provençals del Poblenou,225,10104,5,9
2026-01-01,10,Sant Martí,71,Provençals del Poblenou,225,10104,1,10
2026-01-01,10,Sant Martí,71,Provençals del Poblenou,225,10104,73,11
2026-01-01,10,Sant Martí,71,Provençals del Poblenou,225,10104,28,12
2026-01-01,10,Sant Martí,71,Provençals del Poblenou,225,10237,32,1
2026-01-01,10,Sant Martí,71,Provençals del Poblenou,225,10237,33,2
2026-01-01,10,Sant Martí,71,Provençals del Poblenou,225,10237,66,3
2026-01-01,10,Sant Martí,71,Provençals del Poblenou,225,10237,16,4
2026-01-01,10,Sant Martí,71,Provençals del Poblenou,225,10237,55,5
2026-01-01,10,Sant Martí,71,Provençals del Poblenou,225,10237,18,6
2026-01-01,10,Sant Martí,71,Provençals del Poblenou,225,10237,25,7
2026-01-01,10,Sant Martí,71,Provençals del Poblenou,225,10237,61,8
2026-01-01,10,Sant Martí,71,Provençals del Poblenou,225,10237,16,9
2026-01-01,10,Sant Martí,71,Provençals del Poblenou,225,10237,3,10
2026-01-01,10,Sant Martí,71,Provençals del Poblenou,225,10237,46,11
2026-01-01,10,Sant Martí,71,Provençals del Poblenou,225,10237,27,12
2026-01-01,10,Sant Martí,72,Sant Martí de Provençals,226,10105,76,1
2026-01-01,10,Sant Martí,72,Sant Martí de Provençals,226,10105,48,2
2026-01-01,10,Sant Martí,72,Sant Martí de Provençals,226,10105,97,3
2026-01-01,10,Sant Martí,72,Sant Martí de Provençals,226,10105,30,4
2026-01-01,10,Sant Martí,72,Sant Martí de Provençals,226,10105,117,5
2026-01-01,10,Sant Martí,72,Sant Martí de Provençals,226,10105,101,6
2026-01-01,10,Sant Martí,72,Sant Martí de Provençals,226,10105,47,7
2026-01-01,10,Sant Martí,72,Sant Martí de Provençals,226,10105,194,8
2026-01-01,10,Sant Martí,72,Sant Martí de Provençals,226,10105,24,9
2026-01-01,10,Sant Martí,72,Sant Martí de Provençals,226,10105,5,10
2026-01-01,10,Sant Martí,72,Sant Martí de Provençals,226,10105,79,11
2026-01-01,10,Sant Martí,72,Sant Martí de Provençals,226,10105,61,12
2026-01-01,10,Sant Martí,72,Sant Martí de Provençals,226,10106,18,1
2026-01-01,10,Sant Martí,72,Sant Martí de Provençals,226,10106,26,2
2026-01-01,10,Sant Martí,72,Sant Martí de Provençals,226,10106,64,3
2026-01-01,10,Sant Martí,72,Sant Martí de Provençals,226,10106,14,4
2026-01-01,10,Sant Martí,72,Sant Martí de Provençals,226,10106,37,5
2026-01-01,10,Sant Martí,72,Sant Martí de Provençals,226,10106,53,6
2026-01-01,10,Sant Martí,72,Sant Martí de Provençals,226,10106,28,7
2026-01-01,10,Sant Martí,72,Sant Martí de Provençals,226,10106,92,8
2026-01-01,10,Sant Martí,72,Sant Martí de Provençals,226,10106,4,9
2026-01-01,10,Sant Martí,72,Sant Martí de Provençals,226,10106,4,10
2026-01-01,10,Sant Martí,72,Sant Martí de Provençals,226,10106,48,11
2026-01-01,10,Sant Martí,72,Sant Martí de Provençals,226,10106,33,12
2026-01-01,10,Sant Martí,72,Sant Martí de Provençals,226,10107,49,1
2026-01-01,10,Sant Martí,72,Sant Martí de Provençals,226,10107,43,2
2026-01-01,10,Sant Martí,72,Sant Martí de Provençals,226,10107,59,3
2026-01-01,10,Sant Martí,72,Sant Martí de Provençals,226,10107,19,4
2026-01-01,10,Sant Martí,72,Sant Martí de Provençals,226,10107,87,5
2026-01-01,10,Sant Martí,72,Sant Martí de Provençals,226,10107,65,6
2026-01-01,10,Sant Martí,72,Sant Martí de Provençals,226,10107,32,7
2026-01-01,10,Sant Martí,72,Sant Martí de Provençals,226,10107,134,8
2026-01-01,10,Sant Martí,72,Sant Martí de Provençals,226,10107,14,9
2026-01-01,10,Sant Martí,72,Sant Martí de Provençals,226,10107,3,10
2026-01-01,10,Sant Martí,72,Sant Martí de Provençals,226,10107,66,11
2026-01-01,10,Sant Martí,72,Sant Martí de Provençals,226,10107,45,12
2026-01-01,10,Sant Martí,72,Sant Martí de Provençals,226,10108,32,1
2026-01-01,10,Sant Martí,72,Sant Martí de Provençals,226,10108,43,2
2026-01-01,10,Sant Martí,72,Sant Martí de Provençals,226,10108,66,3
2026-01-01,10,Sant Martí,72,Sant Martí de Provençals,226,10108,20,4
2026-01-01,10,Sant Martí,72,Sant Martí de Provençals,226,10108,62,5
2026-01-01,10,Sant Martí,72,Sant Martí de Provençals,226,10108,77,6
2026-01-01,10,Sant Martí,72,Sant Martí de Provençals,226,10108,56,7
2026-01-01,10,Sant Martí,72,Sant Martí de Provençals,226,10108,122,8
2026-01-01,10,Sant Martí,72,Sant Martí de Provençals,226,10108,10,9
2026-01-01,10,Sant Martí,72,Sant Martí de Provençals,226,10108,3,10
2026-01-01,10,Sant Martí,72,Sant Martí de Provençals,226,10108,53,11
2026-01-01,10,Sant Martí,72,Sant Martí de Provençals,226,10108,28,12
2026-01-01,10,Sant Martí,72,Sant Martí de Provençals,226,10109,60,1
2026-01-01,10,Sant Martí,72,Sant Martí de Provençals,226,10109,58,2
2026-01-01,10,Sant Martí,72,Sant Martí de Provençals,226,10109,79,3
2026-01-01,10,Sant Martí,72,Sant Martí de Provençals,226,10109,24,4
2026-01-01,10,Sant Martí,72,Sant Martí de Provençals,226,10109,78,5
2026-01-01,10,Sant Martí,72,Sant Martí de Provençals,226,10109,76,6
2026-01-01,10,Sant Martí,72,Sant Martí de Provençals,226,10109,47,7
2026-01-01,10,Sant Martí,72,Sant Martí de Provençals,226,10109,124,8
2026-01-01,10,Sant Martí,72,Sant Martí de Provençals,226,10109,15,9
2026-01-01,10,Sant Martí,72,Sant Martí de Provençals,226,10109,4,10
2026-01-01,10,Sant Martí,72,Sant Martí de Provençals,226,10109,63,11
2026-01-01,10,Sant Martí,72,Sant Martí de Provençals,226,10109,53,12
2026-01-01,10,Sant Martí,72,Sant Martí de Provençals,226,10110,66,1
2026-01-01,10,Sant Martí,72,Sant Martí de Provençals,226,10110,61,2
2026-01-01,10,Sant Martí,72,Sant Martí de Provençals,226,10110,101,3
2026-01-01,10,Sant Martí,72,Sant Martí de Provençals,226,10110,21,4
2026-01-01,10,Sant Martí,72,Sant Martí de Provençals,226,10110,135,5
2026-01-01,10,Sant Martí,72,Sant Martí de Provençals,226,10110,50,6
2026-01-01,10,Sant Martí,72,Sant Martí de Provençals,226,10110,57,7
2026-01-01,10,Sant Martí,72,Sant Martí de Provençals,226,10110,155,8
2026-01-01,10,Sant Martí,72,Sant Martí de Provençals,226,10110,18,9
2026-01-01,10,Sant Martí,72,Sant Martí de Provençals,226,10110,7,10
2026-01-01,10,Sant Martí,72,Sant Martí de Provençals,226,10110,94,11
2026-01-01,10,Sant Martí,72,Sant Martí de Provençals,226,10110,56,12
2026-01-01,10,Sant Martí,72,Sant Martí de Provençals,227,10111,35,1
2026-01-01,10,Sant Martí,72,Sant Martí de Provençals,227,10111,37,2
2026-01-01,10,Sant Martí,72,Sant Martí de Provençals,227,10111,63,3
2026-01-01,10,Sant Martí,72,Sant Martí de Provençals,227,10111,29,4
2026-01-01,10,Sant Martí,72,Sant Martí de Provençals,227,10111,68,5
2026-01-01,10,Sant Martí,72,Sant Martí de Provençals,227,10111,60,6
2026-01-01,10,Sant Martí,72,Sant Martí de Provençals,227,10111,33,7
2026-01-01,10,Sant Martí,72,Sant Martí de Provençals,227,10111,109,8
2026-01-01,10,Sant Martí,72,Sant Martí de Provençals,227,10111,12,9
2026-01-01,10,Sant Martí,72,Sant Martí de Provençals,227,10111,2,10
2026-01-01,10,Sant Martí,72,Sant Martí de Provençals,227,10111,56,11
2026-01-01,10,Sant Martí,72,Sant Martí de Provençals,227,10111,41,12
2026-01-01,10,Sant Martí,72,Sant Martí de Provençals,227,10112,27,1
2026-01-01,10,Sant Martí,72,Sant Martí de Provençals,227,10112,24,2
2026-01-01,10,Sant Martí,72,Sant Martí de Provençals,227,10112,74,3
2026-01-01,10,Sant Martí,72,Sant Martí de Provençals,227,10112,24,4
2026-01-01,10,Sant Martí,72,Sant Martí de Provençals,227,10112,41,5
2026-01-01,10,Sant Martí,72,Sant Martí de Provençals,227,10112,123,6
2026-01-01,10,Sant Martí,72,Sant Martí de Provençals,227,10112,43,7
2026-01-01,10,Sant Martí,72,Sant Martí de Provençals,227,10112,134,8
2026-01-01,10,Sant Martí,72,Sant Martí de Provençals,227,10112,10,9
2026-01-01,10,Sant Martí,72,Sant Martí de Provençals,227,10112,3,10
2026-01-01,10,Sant Martí,72,Sant Martí de Provençals,227,10112,67,11
2026-01-01,10,Sant Martí,72,Sant Martí de Provençals,227,10112,32,12
2026-01-01,10,Sant Martí,72,Sant Martí de Provençals,227,10113,36,1
2026-01-01,10,Sant Martí,72,Sant Martí de Provençals,227,10113,40,2
2026-01-01,10,Sant Martí,72,Sant Martí de Provençals,227,10113,42,3
2026-01-01,10,Sant Martí,72,Sant Martí de Provençals,227,10113,22,4
2026-01-01,10,Sant Martí,72,Sant Martí de Provençals,227,10113,84,5
2026-01-01,10,Sant Martí,72,Sant Martí de Provençals,227,10113,31,6
2026-01-01,10,Sant Martí,72,Sant Martí de Provençals,227,10113,30,7
2026-01-01,10,Sant Martí,72,Sant Martí de Provençals,227,10113,95,8
2026-01-01,10,Sant Martí,72,Sant Martí de Provençals,227,10113,14,9
2026-01-01,10,Sant Martí,72,Sant Martí de Provençals,227,10113,2,10
2026-01-01,10,Sant Martí,72,Sant Martí de Provençals,227,10113,65,11
2026-01-01,10,Sant Martí,72,Sant Martí de Provençals,227,10113,38,12
2026-01-01,10,Sant Martí,72,Sant Martí de Provençals,227,10114,53,1
2026-01-01,10,Sant Martí,72,Sant Martí de Provençals,227,10114,51,2
2026-01-01,10,Sant Martí,72,Sant Martí de Provençals,227,10114,52,3
2026-01-01,10,Sant Martí,72,Sant Martí de Provençals,227,10114,25,4
2026-01-01,10,Sant Martí,72,Sant Martí de Provençals,227,10114,79,5
2026-01-01,10,Sant Martí,72,Sant Martí de Provençals,227,10114,29,6
2026-01-01,10,Sant Martí,72,Sant Martí de Provençals,227,10114,36,7
2026-01-01,10,Sant Martí,72,Sant Martí de Provençals,227,10114,129,8
2026-01-01,10,Sant Martí,72,Sant Martí de Provençals,227,10114,12,9
2026-01-01,10,Sant Martí,72,Sant Martí de Provençals,227,10114,4,10
2026-01-01,10,Sant Martí,72,Sant Martí de Provençals,227,10114,64,11
2026-01-01,10,Sant Martí,72,Sant Martí de Provençals,227,10114,74,12
2026-01-01,10,Sant Martí,72,Sant Martí de Provençals,228,10115,32,1
2026-01-01,10,Sant Martí,72,Sant Martí de Provençals,228,10115,47,2
2026-01-01,10,Sant Martí,72,Sant Martí de Provençals,228,10115,69,3
2026-01-01,10,Sant Martí,72,Sant Martí de Provençals,228,10115,21,4
2026-01-01,10,Sant Martí,72,Sant Martí de Provençals,228,10115,81,5
2026-01-01,10,Sant Martí,72,Sant Martí de Provençals,228,10115,37,6
2026-01-01,10,Sant Martí,72,Sant Martí de Provençals,228,10115,44,7
2026-01-01,10,Sant Martí,72,Sant Martí de Provençals,228,10115,125,8
2026-01-01,10,Sant Martí,72,Sant Martí de Provençals,228,10115,11,9
2026-01-01,10,Sant Martí,72,Sant Martí de Provençals,228,10115,69,11
2026-01-01,10,Sant Martí,72,Sant Martí de Provençals,228,10115,31,12
2026-01-01,10,Sant Martí,72,Sant Martí de Provençals,228,10116,63,1
2026-01-01,10,Sant Martí,72,Sant Martí de Provençals,228,10116,66,2
2026-01-01,10,Sant Martí,72,Sant Martí de Provençals,228,10116,95,3
2026-01-01,10,Sant Martí,72,Sant Martí de Provençals,228,10116,32,4
2026-01-01,10,Sant Martí,72,Sant Martí de Provençals,228,10116,87,5
2026-01-01,10,Sant Martí,72,Sant Martí de Provençals,228,10116,76,6
2026-01-01,10,Sant Martí,72,Sant Martí de Provençals,228,10116,54,7
2026-01-01,10,Sant Martí,72,Sant Martí de Provençals,228,10116,119,8
2026-01-01,10,Sant Martí,72,Sant Martí de Provençals,228,10116,26,9
2026-01-01,10,Sant Martí,72,Sant Martí de Provençals,228,10116,7,10
2026-01-01,10,Sant Martí,72,Sant Martí de Provençals,228,10116,86,11
2026-01-01,10,Sant Martí,72,Sant Martí de Provençals,228,10116,77,12
2026-01-01,10,Sant Martí,72,Sant Martí de Provençals,228,10117,30,1
2026-01-01,10,Sant Martí,72,Sant Martí de Provençals,228,10117,44,2
2026-01-01,10,Sant Martí,72,Sant Martí de Provençals,228,10117,70,3
2026-01-01,10,Sant Martí,72,Sant Martí de Provençals,228,10117,18,4
2026-01-01,10,Sant Martí,72,Sant Martí de Provençals,228,10117,51,5
2026-01-01,10,Sant Martí,72,Sant Martí de Provençals,228,10117,70,6
2026-01-01,10,Sant Martí,72,Sant Martí de Provençals,228,10117,35,7
2026-01-01,10,Sant Martí,72,Sant Martí de Provençals,228,10117,118,8
2026-01-01,10,Sant Martí,72,Sant Martí de Provençals,228,10117,11,9
2026-01-01,10,Sant Martí,72,Sant Martí de Provençals,228,10117,2,10
2026-01-01,10,Sant Martí,72,Sant Martí de Provençals,228,10117,52,11
2026-01-01,10,Sant Martí,72,Sant Martí de Provençals,228,10117,36,12
2026-01-01,10,Sant Martí,72,Sant Martí de Provençals,228,10118,23,1
2026-01-01,10,Sant Martí,72,Sant Martí de Provençals,228,10118,15,2
2026-01-01,10,Sant Martí,72,Sant Martí de Provençals,228,10118,52,3
2026-01-01,10,Sant Martí,72,Sant Martí de Provençals,228,10118,20,4
2026-01-01,10,Sant Martí,72,Sant Martí de Provençals,228,10118,34,5
2026-01-01,10,Sant Martí,72,Sant Martí de Provençals,228,10118,56,6
2026-01-01,10,Sant Martí,72,Sant Martí de Provençals,228,10118,22,7
2026-01-01,10,Sant Martí,72,Sant Martí de Provençals,228,10118,84,8
2026-01-01,10,Sant Martí,72,Sant Martí de Provençals,228,10118,1,9
2026-01-01,10,Sant Martí,72,Sant Martí de Provençals,228,10118,4,10
2026-01-01,10,Sant Martí,72,Sant Martí de Provençals,228,10118,51,11
2026-01-01,10,Sant Martí,72,Sant Martí de Provençals,228,10118,27,12
2026-01-01,10,Sant Martí,72,Sant Martí de Provençals,228,10119,41,1
2026-01-01,10,Sant Martí,72,Sant Martí de Provençals,228,10119,42,2
2026-01-01,10,Sant Martí,72,Sant Martí de Provençals,228,10119,58,3
2026-01-01,10,Sant Martí,72,Sant Martí de Provençals,228,10119,24,4
2026-01-01,10,Sant Martí,72,Sant Martí de Provençals,228,10119,62,5
2026-01-01,10,Sant Martí,72,Sant Martí de Provençals,228,10119,40,6
2026-01-01,10,Sant Martí,72,Sant Martí de Provençals,228,10119,31,7
2026-01-01,10,Sant Martí,72,Sant Martí de Provençals,228,10119,96,8
2026-01-01,10,Sant Martí,72,Sant Martí de Provençals,228,10119,14,9
2026-01-01,10,Sant Martí,72,Sant Martí de Provençals,228,10119,3,10
2026-01-01,10,Sant Martí,72,Sant Martí de Provençals,228,10119,54,11
2026-01-01,10,Sant Martí,72,Sant Martí de Provençals,228,10119,39,12
2026-01-01,10,Sant Martí,72,Sant Martí de Provençals,229,10120,50,1
2026-01-01,10,Sant Martí,72,Sant Martí de Provençals,229,10120,43,2
2026-01-01,10,Sant Martí,72,Sant Martí de Provençals,229,10120,80,3
2026-01-01,10,Sant Martí,72,Sant Martí de Provençals,229,10120,23,4
2026-01-01,10,Sant Martí,72,Sant Martí de Provençals,229,10120,82,5
2026-01-01,10,Sant Martí,72,Sant Martí de Provençals,229,10120,39,6
2026-01-01,10,Sant Martí,72,Sant Martí de Provençals,229,10120,36,7
2026-01-01,10,Sant Martí,72,Sant Martí de Provençals,229,10120,128,8
2026-01-01,10,Sant Martí,72,Sant Martí de Provençals,229,10120,12,9
2026-01-01,10,Sant Martí,72,Sant Martí de Provençals,229,10120,2,10
2026-01-01,10,Sant Martí,72,Sant Martí de Provençals,229,10120,72,11
2026-01-01,10,Sant Martí,72,Sant Martí de Provençals,229,10120,56,12
2026-01-01,10,Sant Martí,72,Sant Martí de Provençals,229,10121,42,1
2026-01-01,10,Sant Martí,72,Sant Martí de Provençals,229,10121,50,2
2026-01-01,10,Sant Martí,72,Sant Martí de Provençals,229,10121,78,3
2026-01-01,10,Sant Martí,72,Sant Martí de Provençals,229,10121,27,4
2026-01-01,10,Sant Martí,72,Sant Martí de Provençals,229,10121,82,5
2026-01-01,10,Sant Martí,72,Sant Martí de Provençals,229,10121,48,6
2026-01-01,10,Sant Martí,72,Sant Martí de Provençals,229,10121,28,7
2026-01-01,10,Sant Martí,72,Sant Martí de Provençals,229,10121,121,8
2026-01-01,10,Sant Martí,72,Sant Martí de Provençals,229,10121,11,9
2026-01-01,10,Sant Martí,72,Sant Martí de Provençals,229,10121,7,10
2026-01-01,10,Sant Martí,72,Sant Martí de Provençals,229,10121,78,11
2026-01-01,10,Sant Martí,72,Sant Martí de Provençals,229,10121,56,12
2026-01-01,10,Sant Martí,72,Sant Martí de Provençals,229,10122,33,1
2026-01-01,10,Sant Martí,72,Sant Martí de Provençals,229,10122,19,2
2026-01-01,10,Sant Martí,72,Sant Martí de Provençals,229,10122,84,3
2026-01-01,10,Sant Martí,72,Sant Martí de Provençals,229,10122,19,4
2026-01-01,10,Sant Martí,72,Sant Martí de Provençals,229,10122,49,5
2026-01-01,10,Sant Martí,72,Sant Martí de Provençals,229,10122,98,6
2026-01-01,10,Sant Martí,72,Sant Martí de Provençals,229,10122,43,7
2026-01-01,10,Sant Martí,72,Sant Martí de Provençals,229,10122,136,8
2026-01-01,10,Sant Martí,72,Sant Martí de Provençals,229,10122,9,9
2026-01-01,10,Sant Martí,72,Sant Martí de Provençals,229,10122,64,11
2026-01-01,10,Sant Martí,72,Sant Martí de Provençals,229,10122,36,12
2026-01-01,10,Sant Martí,73,la Verneda i la Pau,230,10123,31,1
2026-01-01,10,Sant Martí,73,la Verneda i la Pau,230,10123,52,2
2026-01-01,10,Sant Martí,73,la Verneda i la Pau,230,10123,70,3
2026-01-01,10,Sant Martí,73,la Verneda i la Pau,230,10123,20,4
2026-01-01,10,Sant Martí,73,la Verneda i la Pau,230,10123,58,5
2026-01-01,10,Sant Martí,73,la Verneda i la Pau,230,10123,80,6
2026-01-01,10,Sant Martí,73,la Verneda i la Pau,230,10123,28,7
2026-01-01,10,Sant Martí,73,la Verneda i la Pau,230,10123,120,8
2026-01-01,10,Sant Martí,73,la Verneda i la Pau,230,10123,9,9
2026-01-01,10,Sant Martí,73,la Verneda i la Pau,230,10123,2,10
2026-01-01,10,Sant Martí,73,la Verneda i la Pau,230,10123,58,11
2026-01-01,10,Sant Martí,73,la Verneda i la Pau,230,10123,39,12
2026-01-01,10,Sant Martí,73,la Verneda i la Pau,230,10124,28,1
2026-01-01,10,Sant Martí,73,la Verneda i la Pau,230,10124,25,2
2026-01-01,10,Sant Martí,73,la Verneda i la Pau,230,10124,53,3
2026-01-01,10,Sant Martí,73,la Verneda i la Pau,230,10124,13,4
2026-01-01,10,Sant Martí,73,la Verneda i la Pau,230,10124,41,5
2026-01-01,10,Sant Martí,73,la Verneda i la Pau,230,10124,69,6
2026-01-01,10,Sant Martí,73,la Verneda i la Pau,230,10124,24,7
2026-01-01,10,Sant Martí,73,la Verneda i la Pau,230,10124,96,8
2026-01-01,10,Sant Martí,73,la Verneda i la Pau,230,10124,10,9
2026-01-01,10,Sant Martí,73,la Verneda i la Pau,230,10124,2,10
2026-01-01,10,Sant Martí,73,la Verneda i la Pau,230,10124,43,11
2026-01-01,10,Sant Martí,73,la Verneda i la Pau,230,10124,34,12
2026-01-01,10,Sant Martí,73,la Verneda i la Pau,230,10125,21,1
2026-01-01,10,Sant Martí,73,la Verneda i la Pau,230,10125,22,2
2026-01-01,10,Sant Martí,73,la Verneda i la Pau,230,10125,59,3
2026-01-01,10,Sant Martí,73,la Verneda i la Pau,230,10125,22,4
2026-01-01,10,Sant Martí,73,la Verneda i la Pau,230,10125,39,5
2026-01-01,10,Sant Martí,73,la Verneda i la Pau,230,10125,64,6
2026-01-01,10,Sant Martí,73,la Verneda i la Pau,230,10125,27,7
2026-01-01,10,Sant Martí,73,la Verneda i la Pau,230,10125,86,8
2026-01-01,10,Sant Martí,73,la Verneda i la Pau,230,10125,9,9
2026-01-01,10,Sant Martí,73,la Verneda i la Pau,230,10125,1,10
2026-01-01,10,Sant Martí,73,la Verneda i la Pau,230,10125,54,11
2026-01-01,10,Sant Martí,73,la Verneda i la Pau,230,10125,43,12
2026-01-01,10,Sant Martí,73,la Verneda i la Pau,230,10126,14,1
2026-01-01,10,Sant Martí,73,la Verneda i la Pau,230,10126,14,2
2026-01-01,10,Sant Martí,73,la Verneda i la Pau,230,10126,48,3
2026-01-01,10,Sant Martí,73,la Verneda i la Pau,230,10126,15,4
2026-01-01,10,Sant Martí,73,la Verneda i la Pau,230,10126,30,5
2026-01-01,10,Sant Martí,73,la Verneda i la Pau,230,10126,75,6
2026-01-01,10,Sant Martí,73,la Verneda i la Pau,230,10126,30,7
2026-01-01,10,Sant Martí,73,la Verneda i la Pau,230,10126,100,8
2026-01-01,10,Sant Martí,73,la Verneda i la Pau,230,10126,5,9
2026-01-01,10,Sant Martí,73,la Verneda i la Pau,230,10126,36,11
2026-01-01,10,Sant Martí,73,la Verneda i la Pau,230,10126,22,12
2026-01-01,10,Sant Martí,73,la Verneda i la Pau,230,10127,33,1
2026-01-01,10,Sant Martí,73,la Verneda i la Pau,230,10127,31,2
2026-01-01,10,Sant Martí,73,la Verneda i la Pau,230,10127,35,3
2026-01-01,10,Sant Martí,73,la Verneda i la Pau,230,10127,11,4
2026-01-01,10,Sant Martí,73,la Verneda i la Pau,230,10127,55,5
2026-01-01,10,Sant Martí,73,la Verneda i la Pau,230,10127,36,6
2026-01-01,10,Sant Martí,73,la Verneda i la Pau,230,10127,10,7
2026-01-01,10,Sant Martí,73,la Verneda i la Pau,230,10127,95,8
2026-01-01,10,Sant Martí,73,la Verneda i la Pau,230,10127,14,9
2026-01-01,10,Sant Martí,73,la Verneda i la Pau,230,10127,2,10
2026-01-01,10,Sant Martí,73,la Verneda i la Pau,230,10127,52,11
2026-01-01,10,Sant Martí,73,la Verneda i la Pau,230,10127,29,12
2026-01-01,10,Sant Martí,73,la Verneda i la Pau,230,10128,38,1
2026-01-01,10,Sant Martí,73,la Verneda i la Pau,230,10128,31,2
2026-01-01,10,Sant Martí,73,la Verneda i la Pau,230,10128,81,3
2026-01-01,10,Sant Martí,73,la Verneda i la Pau,230,10128,29,4
2026-01-01,10,Sant Martí,73,la Verneda i la Pau,230,10128,79,5
2026-01-01,10,Sant Martí,73,la Verneda i la Pau,230,10128,114,6
2026-01-01,10,Sant Martí,73,la Verneda i la Pau,230,10128,44,7
2026-01-01,10,Sant Martí,73,la Verneda i la Pau,230,10128,120,8
2026-01-01,10,Sant Martí,73,la Verneda i la Pau,230,10128,15,9
2026-01-01,10,Sant Martí,73,la Verneda i la Pau,230,10128,1,10
2026-01-01,10,Sant Martí,73,la Verneda i la Pau,230,10128,81,11
2026-01-01,10,Sant Martí,73,la Verneda i la Pau,230,10128,38,12
2026-01-01,10,Sant Martí,73,la Verneda i la Pau,230,10129,15,1
2026-01-01,10,Sant Martí,73,la Verneda i la Pau,230,10129,17,2
2026-01-01,10,Sant Martí,73,la Verneda i la Pau,230,10129,46,3
2026-01-01,10,Sant Martí,73,la Verneda i la Pau,230,10129,12,4
2026-01-01,10,Sant Martí,73,la Verneda i la Pau,230,10129,29,5
2026-01-01,10,Sant Martí,73,la Verneda i la Pau,230,10129,89,6
2026-01-01,10,Sant Martí,73,la Verneda i la Pau,230,10129,39,7
2026-01-01,10,Sant Martí,73,la Verneda i la Pau,230,10129,117,8
2026-01-01,10,Sant Martí,73,la Verneda i la Pau,230,10129,5,9
2026-01-01,10,Sant Martí,73,la Verneda i la Pau,230,10129,2,10
2026-01-01,10,Sant Martí,73,la Verneda i la Pau,230,10129,42,11
2026-01-01,10,Sant Martí,73,la Verneda i la Pau,230,10129,30,12
2026-01-01,10,Sant Martí,73,la Verneda i la Pau,231,10130,34,1
2026-01-01,10,Sant Martí,73,la Verneda i la Pau,231,10130,49,2
2026-01-01,10,Sant Martí,73,la Verneda i la Pau,231,10130,67,3
2026-01-01,10,Sant Martí,73,la Verneda i la Pau,231,10130,26,4
2026-01-01,10,Sant Martí,73,la Verneda i la Pau,231,10130,73,5
2026-01-01,10,Sant Martí,73,la Verneda i la Pau,231,10130,51,6
2026-01-01,10,Sant Martí,73,la Verneda i la Pau,231,10130,33,7
2026-01-01,10,Sant Martí,73,la Verneda i la Pau,231,10130,89,8
2026-01-01,10,Sant Martí,73,la Verneda i la Pau,231,10130,9,9
2026-01-01,10,Sant Martí,73,la Verneda i la Pau,231,10130,3,10
2026-01-01,10,Sant Martí,73,la Verneda i la Pau,231,10130,68,11
2026-01-01,10,Sant Martí,73,la Verneda i la Pau,231,10130,28,12
2026-01-01,10,Sant Martí,73,la Verneda i la Pau,231,10131,16,1
2026-01-01,10,Sant Martí,73,la Verneda i la Pau,231,10131,13,2
2026-01-01,10,Sant Martí,73,la Verneda i la Pau,231,10131,46,3
2026-01-01,10,Sant Martí,73,la Verneda i la Pau,231,10131,17,4
2026-01-01,10,Sant Martí,73,la Verneda i la Pau,231,10131,32,5
2026-01-01,10,Sant Martí,73,la Verneda i la Pau,231,10131,86,6
2026-01-01,10,Sant Martí,73,la Verneda i la Pau,231,10131,37,7
2026-01-01,10,Sant Martí,73,la Verneda i la Pau,231,10131,113,8
2026-01-01,10,Sant Martí,73,la Verneda i la Pau,231,10131,9,9
2026-01-01,10,Sant Martí,73,la Verneda i la Pau,231,10131,1,10
2026-01-01,10,Sant Martí,73,la Verneda i la Pau,231,10131,37,11
2026-01-01,10,Sant Martí,73,la Verneda i la Pau,231,10131,12,12
2026-01-01,10,Sant Martí,73,la Verneda i la Pau,231,10132,21,1
2026-01-01,10,Sant Martí,73,la Verneda i la Pau,231,10132,31,2
2026-01-01,10,Sant Martí,73,la Verneda i la Pau,231,10132,55,3
2026-01-01,10,Sant Martí,73,la Verneda i la Pau,231,10132,17,4
2026-01-01,10,Sant Martí,73,la Verneda i la Pau,231,10132,56,5
2026-01-01,10,Sant Martí,73,la Verneda i la Pau,231,10132,58,6
2026-01-01,10,Sant Martí,73,la Verneda i la Pau,231,10132,35,7
2026-01-01,10,Sant Martí,73,la Verneda i la Pau,231,10132,100,8
2026-01-01,10,Sant Martí,73,la Verneda i la Pau,231,10132,14,9
2026-01-01,10,Sant Martí,73,la Verneda i la Pau,231,10132,2,10
2026-01-01,10,Sant Martí,73,la Verneda i la Pau,231,10132,63,11
2026-01-01,10,Sant Martí,73,la Verneda i la Pau,231,10132,43,12
2026-01-01,10,Sant Martí,73,la Verneda i la Pau,231,10133,46,1
2026-01-01,10,Sant Martí,73,la Verneda i la Pau,231,10133,41,2
2026-01-01,10,Sant Martí,73,la Verneda i la Pau,231,10133,114,3
2026-01-01,10,Sant Martí,73,la Verneda i la Pau,231,10133,36,4
2026-01-01,10,Sant Martí,73,la Verneda i la Pau,231,10133,67,5
2026-01-01,10,Sant Martí,73,la Verneda i la Pau,231,10133,85,6
2026-01-01,10,Sant Martí,73,la Verneda i la Pau,231,10133,44,7
2026-01-01,10,Sant Martí,73,la Verneda i la Pau,231,10133,153,8
2026-01-01,10,Sant Martí,73,la Verneda i la Pau,231,10133,9,9
2026-01-01,10,Sant Martí,73,la Verneda i la Pau,231,10133,2,10
2026-01-01,10,Sant Martí,73,la Verneda i la Pau,231,10133,67,11
2026-01-01,10,Sant Martí,73,la Verneda i la Pau,231,10133,58,12
2026-01-01,10,Sant Martí,73,la Verneda i la Pau,231,10134,56,1
2026-01-01,10,Sant Martí,73,la Verneda i la Pau,231,10134,59,2
2026-01-01,10,Sant Martí,73,la Verneda i la Pau,231,10134,108,3
2026-01-01,10,Sant Martí,73,la Verneda i la Pau,231,10134,24,4
2026-01-01,10,Sant Martí,73,la Verneda i la Pau,231,10134,91,5
2026-01-01,10,Sant Martí,73,la Verneda i la Pau,231,10134,66,6
2026-01-01,10,Sant Martí,73,la Verneda i la Pau,231,10134,37,7
2026-01-01,10,Sant Martí,73,la Verneda i la Pau,231,10134,118,8
2026-01-01,10,Sant Martí,73,la Verneda i la Pau,231,10134,14,9
2026-01-01,10,Sant Martí,73,la Verneda i la Pau,231,10134,3,10
2026-01-01,10,Sant Martí,73,la Verneda i la Pau,231,10134,83,11
2026-01-01,10,Sant Martí,73,la Verneda i la Pau,231,10134,43,12
2026-01-01,10,Sant Martí,73,la Verneda i la Pau,231,10135,23,1
2026-01-01,10,Sant Martí,73,la Verneda i la Pau,231,10135,52,2
2026-01-01,10,Sant Martí,73,la Verneda i la Pau,231,10135,71,3
2026-01-01,10,Sant Martí,73,la Verneda i la Pau,231,10135,15,4
2026-01-01,10,Sant Martí,73,la Verneda i la Pau,231,10135,50,5
2026-01-01,10,Sant Martí,73,la Verneda i la Pau,231,10135,69,6
2026-01-01,10,Sant Martí,73,la Verneda i la Pau,231,10135,27,7
2026-01-01,10,Sant Martí,73,la Verneda i la Pau,231,10135,83,8
2026-01-01,10,Sant Martí,73,la Verneda i la Pau,231,10135,12,9
2026-01-01,10,Sant Martí,73,la Verneda i la Pau,231,10135,2,10
2026-01-01,10,Sant Martí,73,la Verneda i la Pau,231,10135,50,11
2026-01-01,10,Sant Martí,73,la Verneda i la Pau,231,10135,47,12
2026-01-01,10,Sant Martí,73,la Verneda i la Pau,232,10136,21,1
2026-01-01,10,Sant Martí,73,la Verneda i la Pau,232,10136,35,2
2026-01-01,10,Sant Martí,73,la Verneda i la Pau,232,10136,79,3
2026-01-01,10,Sant Martí,73,la Verneda i la Pau,232,10136,19,4
2026-01-01,10,Sant Martí,73,la Verneda i la Pau,232,10136,48,5
2026-01-01,10,Sant Martí,73,la Verneda i la Pau,232,10136,83,6
2026-01-01,10,Sant Martí,73,la Verneda i la Pau,232,10136,38,7
2026-01-01,10,Sant Martí,73,la Verneda i la Pau,232,10136,129,8
2026-01-01,10,Sant Martí,73,la Verneda i la Pau,232,10136,10,9
2026-01-01,10,Sant Martí,73,la Verneda i la Pau,232,10136,3,10
2026-01-01,10,Sant Martí,73,la Verneda i la Pau,232,10136,41,11
2026-01-01,10,Sant Martí,73,la Verneda i la Pau,232,10136,59,12
2026-01-01,10,Sant Martí,73,la Verneda i la Pau,232,10137,37,1
2026-01-01,10,Sant Martí,73,la Verneda i la Pau,232,10137,42,2
2026-01-01,10,Sant Martí,73,la Verneda i la Pau,232,10137,62,3
2026-01-01,10,Sant Martí,73,la Verneda i la Pau,232,10137,17,4
2026-01-01,10,Sant Martí,73,la Verneda i la Pau,232,10137,61,5
2026-01-01,10,Sant Martí,73,la Verneda i la Pau,232,10137,92,6
2026-01-01,10,Sant Martí,73,la Verneda i la Pau,232,10137,46,7
2026-01-01,10,Sant Martí,73,la Verneda i la Pau,232,10137,126,8
2026-01-01,10,Sant Martí,73,la Verneda i la Pau,232,10137,23,9
2026-01-01,10,Sant Martí,73,la Verneda i la Pau,232,10137,1,10
2026-01-01,10,Sant Martí,73,la Verneda i la Pau,232,10137,57,11
2026-01-01,10,Sant Martí,73,la Verneda i la Pau,232,10137,67,12
2026-01-01,10,Sant Martí,73,la Verneda i la Pau,232,10138,107,1
2026-01-01,10,Sant Martí,73,la Verneda i la Pau,232,10138,148,2
2026-01-01,10,Sant Martí,73,la Verneda i la Pau,232,10138,73,3
2026-01-01,10,Sant Martí,73,la Verneda i la Pau,232,10138,22,4
2026-01-01,10,Sant Martí,73,la Verneda i la Pau,232,10138,270,5
2026-01-01,10,Sant Martí,73,la Verneda i la Pau,232,10138,39,6
2026-01-01,10,Sant Martí,73,la Verneda i la Pau,232,10138,44,7
2026-01-01,10,Sant Martí,73,la Verneda i la Pau,232,10138,237,8
2026-01-01,10,Sant Martí,73,la Verneda i la Pau,232,10138,54,9
2026-01-01,10,Sant Martí,73,la Verneda i la Pau,232,10138,4,10
2026-01-01,10,Sant Martí,73,la Verneda i la Pau,232,10138,161,11
2026-01-01,10,Sant Martí,73,la Verneda i la Pau,232,10138,123,12
2026-01-01,10,Sant Martí,73,la Verneda i la Pau,232,10139,43,1
2026-01-01,10,Sant Martí,73,la Verneda i la Pau,232,10139,70,2
2026-01-01,10,Sant Martí,73,la Verneda i la Pau,232,10139,74,3
2026-01-01,10,Sant Martí,73,la Verneda i la Pau,232,10139,21,4
2026-01-01,10,Sant Martí,73,la Verneda i la Pau,232,10139,90,5
2026-01-01,10,Sant Martí,73,la Verneda i la Pau,232,10139,77,6
2026-01-01,10,Sant Martí,73,la Verneda i la Pau,232,10139,45,7
2026-01-01,10,Sant Martí,73,la Verneda i la Pau,232,10139,126,8
2026-01-01,10,Sant Martí,73,la Verneda i la Pau,232,10139,20,9
2026-01-01,10,Sant Martí,73,la Verneda i la Pau,232,10139,3,10
2026-01-01,10,Sant Martí,73,la Verneda i la Pau,232,10139,68,11
2026-01-01,10,Sant Martí,73,la Verneda i la Pau,232,10139,65,12
2026-01-01,10,Sant Martí,73,la Verneda i la Pau,233,10140,44,1
2026-01-01,10,Sant Martí,73,la Verneda i la Pau,233,10140,42,2
2026-01-01,10,Sant Martí,73,la Verneda i la Pau,233,10140,64,3
2026-01-01,10,Sant Martí,73,la Verneda i la Pau,233,10140,30,4
2026-01-01,10,Sant Martí,73,la Verneda i la Pau,233,10140,73,5
2026-01-01,10,Sant Martí,73,la Verneda i la Pau,233,10140,55,6
2026-01-01,10,Sant Martí,73,la Verneda i la Pau,233,10140,43,7
2026-01-01,10,Sant Martí,73,la Verneda i la Pau,233,10140,139,8
2026-01-01,10,Sant Martí,73,la Verneda i la Pau,233,10140,15,9
2026-01-01,10,Sant Martí,73,la Verneda i la Pau,233,10140,2,10
2026-01-01,10,Sant Martí,73,la Verneda i la Pau,233,10140,66,11
2026-01-01,10,Sant Martí,73,la Verneda i la Pau,233,10140,71,12
2026-01-01,10,Sant Martí,73,la Verneda i la Pau,233,10141,18,1
2026-01-01,10,Sant Martí,73,la Verneda i la Pau,233,10141,27,2
2026-01-01,10,Sant Martí,73,la Verneda i la Pau,233,10141,71,3
2026-01-01,10,Sant Martí,73,la Verneda i la Pau,233,10141,12,4
2026-01-01,10,Sant Martí,73,la Verneda i la Pau,233,10141,53,5
2026-01-01,10,Sant Martí,73,la Verneda i la Pau,233,10141,37,6
2026-01-01,10,Sant Martí,73,la Verneda i la Pau,233,10141,36,7
2026-01-01,10,Sant Martí,73,la Verneda i la Pau,233,10141,103,8
2026-01-01,10,Sant Martí,73,la Verneda i la Pau,233,10141,13,9
2026-01-01,10,Sant Martí,73,la Verneda i la Pau,233,10141,1,10
2026-01-01,10,Sant Martí,73,la Verneda i la Pau,233,10141,54,11
2026-01-01,10,Sant Martí,73,la Verneda i la Pau,233,10141,32,12
2026-01-01,10,Sant Martí,73,la Verneda i la Pau,233,10142,33,1
2026-01-01,10,Sant Martí,73,la Verneda i la Pau,233,10142,43,2
2026-01-01,10,Sant Martí,73,la Verneda i la Pau,233,10142,64,3
2026-01-01,10,Sant Martí,73,la Verneda i la Pau,233,10142,19,4
2026-01-01,10,Sant Martí,73,la Verneda i la Pau,233,10142,65,5
2026-01-01,10,Sant Martí,73,la Verneda i la Pau,233,10142,32,6
2026-01-01,10,Sant Martí,73,la Verneda i la Pau,233,10142,58,7
2026-01-01,10,Sant Martí,73,la Verneda i la Pau,233,10142,153,8
2026-01-01,10,Sant Martí,73,la Verneda i la Pau,233,10142,32,9
2026-01-01,10,Sant Martí,73,la Verneda i la Pau,233,10142,3,10
2026-01-01,10,Sant Martí,73,la Verneda i la Pau,233,10142,88,11
2026-01-01,10,Sant Martí,73,la Verneda i la Pau,233,10142,54,12
2026-01-01,10,Sant Martí,73,la Verneda i la Pau,233,10143,27,1
2026-01-01,10,Sant Martí,73,la Verneda i la Pau,233,10143,56,2
2026-01-01,10,Sant Martí,73,la Verneda i la Pau,233,10143,77,3
2026-01-01,10,Sant Martí,73,la Verneda i la Pau,233,10143,22,4
2026-01-01,10,Sant Martí,73,la Verneda i la Pau,233,10143,71,5
2026-01-01,10,Sant Martí,73,la Verneda i la Pau,233,10143,47,6
2026-01-01,10,Sant Martí,73,la Verneda i la Pau,233,10143,58,7
2026-01-01,10,Sant Martí,73,la Verneda i la Pau,233,10143,144,8
2026-01-01,10,Sant Martí,73,la Verneda i la Pau,233,10143,6,9
2026-01-01,10,Sant Martí,73,la Verneda i la Pau,233,10143,2,10
2026-01-01,10,Sant Martí,73,la Verneda i la Pau,233,10143,72,11
2026-01-01,10,Sant Martí,73,la Verneda i la Pau,233,10143,77,12
