Data_Referencia,Codi_Districte,Nom_Districte,Codi_Barri,Nom_Barri,Valor,LLOC_NAIX,EDAT_Q,SEXE
2026-01-01,1,Ciutat Vella,1,el Raval,813,1,0,1
2026-01-01,1,Ciutat Vella,1,el Raval,851,1,0,2
2026-01-01,1,Ciutat Vella,1,el Raval,648,1,1,1
2026-01-01,1,Ciutat Vella,1,el Raval,726,1,1,2
2026-01-01,1,Ciutat Vella,1,el Raval,526,1,2,1
2026-01-01,1,Ciutat Vella,1,el Raval,591,1,2,2
2026-01-01,1,Ciutat Vella,1,el Raval,519,1,3,1
2026-01-01,1,Ciutat Vella,1,el Raval,537,1,3,2
2026-01-01,1,Ciutat Vella,1,el Raval,376,1,4,1
2026-01-01,1,Ciutat Vella,1,el Raval,383,1,4,2
2026-01-01,1,Ciutat Vella,1,el Raval,251,1,5,1
2026-01-01,1,Ciutat Vella,1,el Raval,265,1,5,2
2026-01-01,1,Ciutat Vella,1,el Raval,184,1,6,1
2026-01-01,1,Ciutat Vella,1,el Raval,217,1,6,2
2026-01-01,1,Ciutat Vella,1,el Raval,161,1,7,1
2026-01-01,1,Ciutat Vella,1,el Raval,218,1,7,2
2026-01-01,1,Ciutat Vella,1,el Raval,153,1,8,1
2026-01-01,1,Ciutat Vella,1,el Raval,178,1,8,2
2026-01-01,1,Ciutat Vella,1,el Raval,192,1,9,1
2026-01-01,1,Ciutat Vella,1,el Raval,234,1,9,2
2026-01-01,1,Ciutat Vella,1,el Raval,268,1,10,1
2026-01-01,1,Ciutat Vella,1,el Raval,314,1,10,2
2026-01-01,1,Ciutat Vella,1,el Raval,287,1,11,1
2026-01-01,1,Ciutat Vella,1,el Raval,324,1,11,2
2026-01-01,1,Ciutat Vella,1,el Raval,287,1,12,1
2026-01-01,1,Ciutat Vella,1,el Raval,281,1,12,2
2026-01-01,1,Ciutat Vella,1,el Raval,219,1,13,1
2026-01-01,1,Ciutat Vella,1,el Raval,233,1,13,2
2026-01-01,1,Ciutat Vella,1,el Raval,168,1,14,1
2026-01-01,1,Ciutat Vella,1,el Raval,150,1,14,2
2026-01-01,1,Ciutat Vella,1,el Raval,162,1,15,1
2026-01-01,1,Ciutat Vella,1,el Raval,138,1,15,2
2026-01-01,1,Ciutat Vella,1,el Raval,130,1,16,1
2026-01-01,1,Ciutat Vella,1,el Raval,84,1,16,2
2026-01-01,1,Ciutat Vella,1,el Raval,104,1,17,1
2026-01-01,1,Ciutat Vella,1,el Raval,52,1,17,2
2026-01-01,1,Ciutat Vella,1,el Raval,87,1,18,1
2026-01-01,1,Ciutat Vella,1,el Raval,21,1,18,2
2026-01-01,1,Ciutat Vella,1,el Raval,18,1,19,1
2026-01-01,1,Ciutat Vella,1,el Raval,..,1,19,2
2026-01-01,1,Ciutat Vella,1,el Raval,7,1,20,1
2026-01-01,1,Ciutat Vella,1,el Raval,81,2,0,1
2026-01-01,1,Ciutat Vella,1,el Raval,94,2,0,2
2026-01-01,1,Ciutat Vella,1,el Raval,57,2,1,1
2026-01-01,1,Ciutat Vella,1,el Raval,66,2,1,2
2026-01-01,1,Ciutat Vella,1,el Raval,56,2,2,1
2026-01-01,1,Ciutat Vella,1,el Raval,58,2,2,2
2026-01-01,1,Ciutat Vella,1,el Raval,59,2,3,1
2026-01-01,1,Ciutat Vella,1,el Raval,51,2,3,2
2026-01-01,1,Ciutat Vella,1,el Raval,72,2,4,1
2026-01-01,1,Ciutat Vella,1,el Raval,38,2,4,2
2026-01-01,1,Ciutat Vella,1,el Raval,83,2,5,1
2026-01-01,1,Ciutat Vella,1,el Raval,57,2,5,2
2026-01-01,1,Ciutat Vella,1,el Raval,90,2,6,1
2026-01-01,1,Ciutat Vella,1,el Raval,93,2,6,2
2026-01-01,1,Ciutat Vella,1,el Raval,61,2,7,1
2026-01-01,1,Ciutat Vella,1,el Raval,62,2,7,2
2026-01-01,1,Ciutat Vella,1,el Raval,43,2,8,1
2026-01-01,1,Ciutat Vella,1,el Raval,68,2,8,2
2026-01-01,1,Ciutat Vella,1,el Raval,46,2,9,1
2026-01-01,1,Ciutat Vella,1,el Raval,70,2,9,2
2026-01-01,1,Ciutat Vella,1,el Raval,66,2,10,1
2026-01-01,1,Ciutat Vella,1,el Raval,61,2,10,2
2026-01-01,1,Ciutat Vella,1,el Raval,65,2,11,1
2026-01-01,1,Ciutat Vella,1,el Raval,66,2,11,2
2026-01-01,1,Ciutat Vella,1,el Raval,44,2,12,1
2026-01-01,1,Ciutat Vella,1,el Raval,53,2,12,2
2026-01-01,1,Ciutat Vella,1,el Raval,42,2,13,1
2026-01-01,1,Ciutat Vella,1,el Raval,46,2,13,2
2026-01-01,1,Ciutat Vella,1,el Raval,40,2,14,1
2026-01-01,1,Ciutat Vella,1,el Raval,33,2,14,2
2026-01-01,1,Ciutat Vella,1,el Raval,36,2,15,1
2026-01-01,1,Ciutat Vella,1,el Raval,20,2,15,2
2026-01-01,1,Ciutat Vella,1,el Raval,22,2,16,1
2026-01-01,1,Ciutat Vella,1,el Raval,22,2,16,2
2026-01-01,1,Ciutat Vella,1,el Raval,18,2,17,1
2026-01-01,1,Ciutat Vella,1,el Raval,17,2,17,2
2026-01-01,1,Ciutat Vella,1,el Raval,24,2,18,1
2026-01-01,1,Ciutat Vella,1,el Raval,7,2,18,2
2026-01-01,1,Ciutat Vella,1,el Raval,11,2,19,1
2026-01-01,1,Ciutat Vella,1,el Raval,..,2,19,2
2026-01-01,1,Ciutat Vella,1,el Raval,..,2,20,1
2026-01-01,1,Ciutat Vella,1,el Raval,..,2,20,2
2026-01-01,1,Ciutat Vella,1,el Raval,8,3,0,1
2026-01-01,1,Ciutat Vella,1,el Raval,12,3,0,2
2026-01-01,1,Ciutat Vella,1,el Raval,21,3,1,1
2026-01-01,1,Ciutat Vella,1,el Raval,13,3,1,2
2026-01-01,1,Ciutat Vella,1,el Raval,15,3,2,1
2026-01-01,1,Ciutat Vella,1,el Raval,22,3,2,2
2026-01-01,1,Ciutat Vella,1,el Raval,15,3,3,1
2026-01-01,1,Ciutat Vella,1,el Raval,24,3,3,2
2026-01-01,1,Ciutat Vella,1,el Raval,36,3,4,1
2026-01-01,1,Ciutat Vella,1,el Raval,28,3,4,2
2026-01-01,1,Ciutat Vella,1,el Raval,87,3,5,1
2026-01-01,1,Ciutat Vella,1,el Raval,77,3,5,2
2026-01-01,1,Ciutat Vella,1,el Raval,103,3,6,1
2026-01-01,1,Ciutat Vella,1,el Raval,143,3,6,2
2026-01-01,1,Ciutat Vella,1,el Raval,114,3,7,1
2026-01-01,1,Ciutat Vella,1,el Raval,137,3,7,2
2026-01-01,1,Ciutat Vella,1,el Raval,86,3,8,1
2026-01-01,1,Ciutat Vella,1,el Raval,107,3,8,2
2026-01-01,1,Ciutat Vella,1,el Raval,84,3,9,1
2026-01-01,1,Ciutat Vella,1,el Raval,134,3,9,2
2026-01-01,1,Ciutat Vella,1,el Raval,73,3,10,1
2026-01-01,1,Ciutat Vella,1,el Raval,92,3,10,2
2026-01-01,1,Ciutat Vella,1,el Raval,86,3,11,1
2026-01-01,1,Ciutat Vella,1,el Raval,128,3,11,2
2026-01-01,1,Ciutat Vella,1,el Raval,105,3,12,1
2026-01-01,1,Ciutat Vella,1,el Raval,105,3,12,2
2026-01-01,1,Ciutat Vella,1,el Raval,140,3,13,1
2026-01-01,1,Ciutat Vella,1,el Raval,139,3,13,2
2026-01-01,1,Ciutat Vella,1,el Raval,165,3,14,1
2026-01-01,1,Ciutat Vella,1,el Raval,128,3,14,2
2026-01-01,1,Ciutat Vella,1,el Raval,168,3,15,1
2026-01-01,1,Ciutat Vella,1,el Raval,116,3,15,2
2026-01-01,1,Ciutat Vella,1,el Raval,150,3,16,1
2026-01-01,1,Ciutat Vella,1,el Raval,118,3,16,2
2026-01-01,1,Ciutat Vella,1,el Raval,115,3,17,1
2026-01-01,1,Ciutat Vella,1,el Raval,72,3,17,2
2026-01-01,1,Ciutat Vella,1,el Raval,94,3,18,1
2026-01-01,1,Ciutat Vella,1,el Raval,33,3,18,2
2026-01-01,1,Ciutat Vella,1,el Raval,25,3,19,1
2026-01-01,1,Ciutat Vella,1,el Raval,8,3,19,2
2026-01-01,1,Ciutat Vella,1,el Raval,6,3,20,1
2026-01-01,1,Ciutat Vella,1,el Raval,..,3,20,2
2026-01-01,1,Ciutat Vella,1,el Raval,10,4,0,1
2026-01-01,1,Ciutat Vella,1,el Raval,9,4,0,2
2026-01-01,1,Ciutat Vella,1,el Raval,16,4,1,1
2026-01-01,1,Ciutat Vella,1,el Raval,14,4,1,2
2026-01-01,1,Ciutat Vella,1,el Raval,15,4,2,1
2026-01-01,1,Ciutat Vella,1,el Raval,15,4,2,2
2026-01-01,1,Ciutat Vella,1,el Raval,15,4,3,1
2026-01-01,1,Ciutat Vella,1,el Raval,18,4,3,2
2026-01-01,1,Ciutat Vella,1,el Raval,199,4,4,1
2026-01-01,1,Ciutat Vella,1,el Raval,136,4,4,2
2026-01-01,1,Ciutat Vella,1,el Raval,432,4,5,1
2026-01-01,1,Ciutat Vella,1,el Raval,360,4,5,2
2026-01-01,1,Ciutat Vella,1,el Raval,393,4,6,1
2026-01-01,1,Ciutat Vella,1,el Raval,397,4,6,2
2026-01-01,1,Ciutat Vella,1,el Raval,227,4,7,1
2026-01-01,1,Ciutat Vella,1,el Raval,299,4,7,2
2026-01-01,1,Ciutat Vella,1,el Raval,181,4,8,1
2026-01-01,1,Ciutat Vella,1,el Raval,237,4,8,2
2026-01-01,1,Ciutat Vella,1,el Raval,123,4,9,1
2026-01-01,1,Ciutat Vella,1,el Raval,183,4,9,2
2026-01-01,1,Ciutat Vella,1,el Raval,80,4,10,1
2026-01-01,1,Ciutat Vella,1,el Raval,114,4,10,2
2026-01-01,1,Ciutat Vella,1,el Raval,51,4,11,1
2026-01-01,1,Ciutat Vella,1,el Raval,70,4,11,2
2026-01-01,1,Ciutat Vella,1,el Raval,25,4,12,1
2026-01-01,1,Ciutat Vella,1,el Raval,40,4,12,2
2026-01-01,1,Ciutat Vella,1,el Raval,25,4,13,1
2026-01-01,1,Ciutat Vella,1,el Raval,30,4,13,2
2026-01-01,1,Ciutat Vella,1,el Raval,11,4,14,1
2026-01-01,1,Ciutat Vella,1,el Raval,19,4,14,2
2026-01-01,1,Ciutat Vella,1,el Raval,6,4,15,1
2026-01-01,1,Ciutat Vella,1,el Raval,6,4,15,2
2026-01-01,1,Ciutat Vella,1,el Raval,10,4,16,1
2026-01-01,1,Ciutat Vella,1,el Raval,7,4,16,2
2026-01-01,1,Ciutat Vella,1,el Raval,..,4,17,1
2026-01-01,1,Ciutat Vella,1,el Raval,..,4,17,2
2026-01-01,1,Ciutat Vella,1,el Raval,..,4,18,1
2026-01-01,1,Ciutat Vella,1,el Raval,..,4,18,2
2026-01-01,1,Ciutat Vella,1,el Raval,87,5,0,1
2026-01-01,1,Ciutat Vella,1,el Raval,89,5,0,2
2026-01-01,1,Ciutat Vella,1,el Raval,210,5,1,1
2026-01-01,1,Ciutat Vella,1,el Raval,221,5,1,2
2026-01-01,1,Ciutat Vella,1,el Raval,331,5,2,1
2026-01-01,1,Ciutat Vella,1,el Raval,314,5,2,2
2026-01-01,1,Ciutat Vella,1,el Raval,395,5,3,1
2026-01-01,1,Ciutat Vella,1,el Raval,440,5,3,2
2026-01-01,1,Ciutat Vella,1,el Raval,952,5,4,1
2026-01-01,1,Ciutat Vella,1,el Raval,1493,5,4,2
2026-01-01,1,Ciutat Vella,1,el Raval,1711,5,5,1
2026-01-01,1,Ciutat Vella,1,el Raval,2501,5,5,2
2026-01-01,1,Ciutat Vella,1,el Raval,1920,5,6,1
2026-01-01,1,Ciutat Vella,1,el Raval,2629,5,6,2
2026-01-01,1,Ciutat Vella,1,el Raval,1662,5,7,1
2026-01-01,1,Ciutat Vella,1,el Raval,2415,5,7,2
2026-01-01,1,Ciutat Vella,1,el Raval,1345,5,8,1
2026-01-01,1,Ciutat Vella,1,el Raval,1855,5,8,2
2026-01-01,1,Ciutat Vella,1,el Raval,1198,5,9,1
2026-01-01,1,Ciutat Vella,1,el Raval,1677,5,9,2
2026-01-01,1,Ciutat Vella,1,el Raval,1023,5,10,1
2026-01-01,1,Ciutat Vella,1,el Raval,1156,5,10,2
2026-01-01,1,Ciutat Vella,1,el Raval,766,5,11,1
2026-01-01,1,Ciutat Vella,1,el Raval,878,5,11,2
2026-01-01,1,Ciutat Vella,1,el Raval,636,5,12,1
2026-01-01,1,Ciutat Vella,1,el Raval,594,5,12,2
2026-01-01,1,Ciutat Vella,1,el Raval,466,5,13,1
2026-01-01,1,Ciutat Vella,1,el Raval,381,5,13,2
2026-01-01,1,Ciutat Vella,1,el Raval,305,5,14,1
2026-01-01,1,Ciutat Vella,1,el Raval,242,5,14,2
2026-01-01,1,Ciutat Vella,1,el Raval,170,5,15,1
2026-01-01,1,Ciutat Vella,1,el Raval,110,5,15,2
2026-01-01,1,Ciutat Vella,1,el Raval,75,5,16,1
2026-01-01,1,Ciutat Vella,1,el Raval,41,5,16,2
2026-01-01,1,Ciutat Vella,1,el Raval,42,5,17,1
2026-01-01,1,Ciutat Vella,1,el Raval,22,5,17,2
2026-01-01,1,Ciutat Vella,1,el Raval,8,5,18,1
2026-01-01,1,Ciutat Vella,1,el Raval,..,5,18,2
2026-01-01,1,Ciutat Vella,1,el Raval,..,5,19,1
2026-01-01,1,Ciutat Vella,1,el Raval,..,5,20,1
2026-01-01,1,Ciutat Vella,1,el Raval,..,6,3,1
2026-01-01,1,Ciutat Vella,1,el Raval,..,6,4,1
2026-01-01,1,Ciutat Vella,1,el Raval,..,6,5,1
2026-01-01,1,Ciutat Vella,1,el Raval,..,6,5,2
2026-01-01,1,Ciutat Vella,1,el Raval,..,6,6,1
2026-01-01,1,Ciutat Vella,1,el Raval,..,6,7,1
2026-01-01,1,Ciutat Vella,1,el Raval,..,6,8,1
2026-01-01,1,Ciutat Vella,1,el Raval,..,6,8,2
2026-01-01,1,Ciutat Vella,1,el Raval,..,6,9,1
2026-01-01,1,Ciutat Vella,1,el Raval,..,6,9,2
2026-01-01,1,Ciutat Vella,1,el Raval,..,6,10,1
2026-01-01,1,Ciutat Vella,1,el Raval,..,6,10,2
2026-01-01,1,Ciutat Vella,1,el Raval,..,6,12,2
2026-01-01,1,Ciutat Vella,1,el Raval,..,6,13,2
2026-01-01,1,Ciutat Vella,2,el Barri Gòtic,207,1,0,1
2026-01-01,1,Ciutat Vella,2,el Barri Gòtic,230,1,0,2
2026-01-01,1,Ciutat Vella,2,el Barri Gòtic,152,1,1,1
2026-01-01,1,Ciutat Vella,2,el Barri Gòtic,165,1,1,2
2026-01-01,1,Ciutat Vella,2,el Barri Gòtic,139,1,2,1
2026-01-01,1,Ciutat Vella,2,el Barri Gòtic,134,1,2,2
2026-01-01,1,Ciutat Vella,2,el Barri Gòtic,118,1,3,1
2026-01-01,1,Ciutat Vella,2,el Barri Gòtic,109,1,3,2
2026-01-01,1,Ciutat Vella,2,el Barri Gòtic,137,1,4,1
2026-01-01,1,Ciutat Vella,2,el Barri Gòtic,145,1,4,2
2026-01-01,1,Ciutat Vella,2,el Barri Gòtic,106,1,5,1
2026-01-01,1,Ciutat Vella,2,el Barri Gòtic,108,1,5,2
2026-01-01,1,Ciutat Vella,2,el Barri Gòtic,84,1,6,1
2026-01-01,1,Ciutat Vella,2,el Barri Gòtic,96,1,6,2
2026-01-01,1,Ciutat Vella,2,el Barri Gòtic,66,1,7,1
2026-01-01,1,Ciutat Vella,2,el Barri Gòtic,92,1,7,2
2026-01-01,1,Ciutat Vella,2,el Barri Gòtic,75,1,8,1
2026-01-01,1,Ciutat Vella,2,el Barri Gòtic,105,1,8,2
2026-01-01,1,Ciutat Vella,2,el Barri Gòtic,97,1,9,1
2026-01-01,1,Ciutat Vella,2,el Barri Gòtic,139,1,9,2
2026-01-01,1,Ciutat Vella,2,el Barri Gòtic,141,1,10,1
2026-01-01,1,Ciutat Vella,2,el Barri Gòtic,155,1,10,2
2026-01-01,1,Ciutat Vella,2,el Barri Gòtic,137,1,11,1
2026-01-01,1,Ciutat Vella,2,el Barri Gòtic,170,1,11,2
2026-01-01,1,Ciutat Vella,2,el Barri Gòtic,135,1,12,1
2026-01-01,1,Ciutat Vella,2,el Barri Gòtic,163,1,12,2
2026-01-01,1,Ciutat Vella,2,el Barri Gòtic,125,1,13,1
2026-01-01,1,Ciutat Vella,2,el Barri Gòtic,109,1,13,2
2026-01-01,1,Ciutat Vella,2,el Barri Gòtic,83,1,14,1
2026-01-01,1,Ciutat Vella,2,el Barri Gòtic,79,1,14,2
2026-01-01,1,Ciutat Vella,2,el Barri Gòtic,71,1,15,1
2026-01-01,1,Ciutat Vella,2,el Barri Gòtic,55,1,15,2
2026-01-01,1,Ciutat Vella,2,el Barri Gòtic,57,1,16,1
2026-01-01,1,Ciutat Vella,2,el Barri Gòtic,43,1,16,2
2026-01-01,1,Ciutat Vella,2,el Barri Gòtic,37,1,17,1
2026-01-01,1,Ciutat Vella,2,el Barri Gòtic,19,1,17,2
2026-01-01,1,Ciutat Vella,2,el Barri Gòtic,28,1,18,1
2026-01-01,1,Ciutat Vella,2,el Barri Gòtic,15,1,18,2
2026-01-01,1,Ciutat Vella,2,el Barri Gòtic,8,1,19,1
2026-01-01,1,Ciutat Vella,2,el Barri Gòtic,..,1,19,2
2026-01-01,1,Ciutat Vella,2,el Barri Gòtic,..,1,20,1
2026-01-01,1,Ciutat Vella,2,el Barri Gòtic,9,2,0,1
2026-01-01,1,Ciutat Vella,2,el Barri Gòtic,20,2,0,2
2026-01-01,1,Ciutat Vella,2,el Barri Gòtic,11,2,1,1
2026-01-01,1,Ciutat Vella,2,el Barri Gòtic,11,2,1,2
2026-01-01,1,Ciutat Vella,2,el Barri Gòtic,..,2,2,1
2026-01-01,1,Ciutat Vella,2,el Barri Gòtic,11,2,2,2
2026-01-01,1,Ciutat Vella,2,el Barri Gòtic,19,2,3,1
2026-01-01,1,Ciutat Vella,2,el Barri Gòtic,15,2,3,2
2026-01-01,1,Ciutat Vella,2,el Barri Gòtic,38,2,4,1
2026-01-01,1,Ciutat Vella,2,el Barri Gòtic,16,2,4,2
2026-01-01,1,Ciutat Vella,2,el Barri Gòtic,33,2,5,1
2026-01-01,1,Ciutat Vella,2,el Barri Gòtic,38,2,5,2
2026-01-01,1,Ciutat Vella,2,el Barri Gòtic,32,2,6,1
2026-01-01,1,Ciutat Vella,2,el Barri Gòtic,42,2,6,2
2026-01-01,1,Ciutat Vella,2,el Barri Gòtic,16,2,7,1
2026-01-01,1,Ciutat Vella,2,el Barri Gòtic,27,2,7,2
2026-01-01,1,Ciutat Vella,2,el Barri Gòtic,28,2,8,1
2026-01-01,1,Ciutat Vella,2,el Barri Gòtic,37,2,8,2
2026-01-01,1,Ciutat Vella,2,el Barri Gòtic,22,2,9,1
2026-01-01,1,Ciutat Vella,2,el Barri Gòtic,36,2,9,2
2026-01-01,1,Ciutat Vella,2,el Barri Gòtic,34,2,10,1
2026-01-01,1,Ciutat Vella,2,el Barri Gòtic,40,2,10,2
2026-01-01,1,Ciutat Vella,2,el Barri Gòtic,35,2,11,1
2026-01-01,1,Ciutat Vella,2,el Barri Gòtic,46,2,11,2
2026-01-01,1,Ciutat Vella,2,el Barri Gòtic,34,2,12,1
2026-01-01,1,Ciutat Vella,2,el Barri Gòtic,46,2,12,2
2026-01-01,1,Ciutat Vella,2,el Barri Gòtic,29,2,13,1
2026-01-01,1,Ciutat Vella,2,el Barri Gòtic,28,2,13,2
2026-01-01,1,Ciutat Vella,2,el Barri Gòtic,20,2,14,1
2026-01-01,1,Ciutat Vella,2,el Barri Gòtic,28,2,14,2
2026-01-01,1,Ciutat Vella,2,el Barri Gòtic,14,2,15,1
2026-01-01,1,Ciutat Vella,2,el Barri Gòtic,19,2,15,2
2026-01-01,1,Ciutat Vella,2,el Barri Gòtic,15,2,16,1
2026-01-01,1,Ciutat Vella,2,el Barri Gòtic,14,2,16,2
2026-01-01,1,Ciutat Vella,2,el Barri Gòtic,11,2,17,1
2026-01-01,1,Ciutat Vella,2,el Barri Gòtic,7,2,17,2
2026-01-01,1,Ciutat Vella,2,el Barri Gòtic,7,2,18,1
2026-01-01,1,Ciutat Vella,2,el Barri Gòtic,..,2,18,2
2026-01-01,1,Ciutat Vella,2,el Barri Gòtic,5,2,19,1
2026-01-01,1,Ciutat Vella,2,el Barri Gòtic,..,3,0,1
2026-01-01,1,Ciutat Vella,2,el Barri Gòtic,8,3,0,2
2026-01-01,1,Ciutat Vella,2,el Barri Gòtic,10,3,1,1
2026-01-01,1,Ciutat Vella,2,el Barri Gòtic,8,3,1,2
2026-01-01,1,Ciutat Vella,2,el Barri Gòtic,9,3,2,1
2026-01-01,1,Ciutat Vella,2,el Barri Gòtic,..,3,2,2
2026-01-01,1,Ciutat Vella,2,el Barri Gòtic,6,3,3,1
2026-01-01,1,Ciutat Vella,2,el Barri Gòtic,8,3,3,2
2026-01-01,1,Ciutat Vella,2,el Barri Gòtic,26,3,4,1
2026-01-01,1,Ciutat Vella,2,el Barri Gòtic,16,3,4,2
2026-01-01,1,Ciutat Vella,2,el Barri Gòtic,61,3,5,1
2026-01-01,1,Ciutat Vella,2,el Barri Gòtic,35,3,5,2
2026-01-01,1,Ciutat Vella,2,el Barri Gòtic,60,3,6,1
2026-01-01,1,Ciutat Vella,2,el Barri Gòtic,61,3,6,2
2026-01-01,1,Ciutat Vella,2,el Barri Gòtic,45,3,7,1
2026-01-01,1,Ciutat Vella,2,el Barri Gòtic,56,3,7,2
2026-01-01,1,Ciutat Vella,2,el Barri Gòtic,31,3,8,1
2026-01-01,1,Ciutat Vella,2,el Barri Gòtic,42,3,8,2
2026-01-01,1,Ciutat Vella,2,el Barri Gòtic,39,3,9,1
2026-01-01,1,Ciutat Vella,2,el Barri Gòtic,57,3,9,2
2026-01-01,1,Ciutat Vella,2,el Barri Gòtic,34,3,10,1
2026-01-01,1,Ciutat Vella,2,el Barri Gòtic,37,3,10,2
2026-01-01,1,Ciutat Vella,2,el Barri Gòtic,40,3,11,1
2026-01-01,1,Ciutat Vella,2,el Barri Gòtic,44,3,11,2
2026-01-01,1,Ciutat Vella,2,el Barri Gòtic,37,3,12,1
2026-01-01,1,Ciutat Vella,2,el Barri Gòtic,63,3,12,2
2026-01-01,1,Ciutat Vella,2,el Barri Gòtic,52,3,13,1
2026-01-01,1,Ciutat Vella,2,el Barri Gòtic,55,3,13,2
2026-01-01,1,Ciutat Vella,2,el Barri Gòtic,54,3,14,1
2026-01-01,1,Ciutat Vella,2,el Barri Gòtic,60,3,14,2
2026-01-01,1,Ciutat Vella,2,el Barri Gòtic,66,3,15,1
2026-01-01,1,Ciutat Vella,2,el Barri Gòtic,55,3,15,2
2026-01-01,1,Ciutat Vella,2,el Barri Gòtic,54,3,16,1
2026-01-01,1,Ciutat Vella,2,el Barri Gòtic,46,3,16,2
2026-01-01,1,Ciutat Vella,2,el Barri Gòtic,58,3,17,1
2026-01-01,1,Ciutat Vella,2,el Barri Gòtic,23,3,17,2
2026-01-01,1,Ciutat Vella,2,el Barri Gòtic,30,3,18,1
2026-01-01,1,Ciutat Vella,2,el Barri Gòtic,13,3,18,2
2026-01-01,1,Ciutat Vella,2,el Barri Gòtic,8,3,19,1
2026-01-01,1,Ciutat Vella,2,el Barri Gòtic,6,3,19,2
2026-01-01,1,Ciutat Vella,2,el Barri Gòtic,..,3,20,1
2026-01-01,1,Ciutat Vella,2,el Barri Gòtic,..,3,20,2
2026-01-01,1,Ciutat Vella,2,el Barri Gòtic,9,4,0,1
2026-01-01,1,Ciutat Vella,2,el Barri Gòtic,..,4,0,2
2026-01-01,1,Ciutat Vella,2,el Barri Gòtic,6,4,1,1
2026-01-01,1,Ciutat Vella,2,el Barri Gòtic,10,4,1,2
2026-01-01,1,Ciutat Vella,2,el Barri Gòtic,8,4,2,1
2026-01-01,1,Ciutat Vella,2,el Barri Gòtic,10,4,2,2
2026-01-01,1,Ciutat Vella,2,el Barri Gòtic,15,4,3,1
2026-01-01,1,Ciutat Vella,2,el Barri Gòtic,16,4,3,2
2026-01-01,1,Ciutat Vella,2,el Barri Gòtic,139,4,4,1
2026-01-01,1,Ciutat Vella,2,el Barri Gòtic,81,4,4,2
2026-01-01,1,Ciutat Vella,2,el Barri Gòtic,343,4,5,1
2026-01-01,1,Ciutat Vella,2,el Barri Gòtic,232,4,5,2
2026-01-01,1,Ciutat Vella,2,el Barri Gòtic,246,4,6,1
2026-01-01,1,Ciutat Vella,2,el Barri Gòtic,245,4,6,2
2026-01-01,1,Ciutat Vella,2,el Barri Gòtic,138,4,7,1
2026-01-01,1,Ciutat Vella,2,el Barri Gòtic,179,4,7,2
2026-01-01,1,Ciutat Vella,2,el Barri Gòtic,96,4,8,1
2026-01-01,1,Ciutat Vella,2,el Barri Gòtic,112,4,8,2
2026-01-01,1,Ciutat Vella,2,el Barri Gòtic,78,4,9,1
2026-01-01,1,Ciutat Vella,2,el Barri Gòtic,111,4,9,2
2026-01-01,1,Ciutat Vella,2,el Barri Gòtic,64,4,10,1
2026-01-01,1,Ciutat Vella,2,el Barri Gòtic,67,4,10,2
2026-01-01,1,Ciutat Vella,2,el Barri Gòtic,39,4,11,1
2026-01-01,1,Ciutat Vella,2,el Barri Gòtic,67,4,11,2
2026-01-01,1,Ciutat Vella,2,el Barri Gòtic,23,4,12,1
2026-01-01,1,Ciutat Vella,2,el Barri Gòtic,40,4,12,2
2026-01-01,1,Ciutat Vella,2,el Barri Gòtic,12,4,13,1
2026-01-01,1,Ciutat Vella,2,el Barri Gòtic,26,4,13,2
2026-01-01,1,Ciutat Vella,2,el Barri Gòtic,15,4,14,1
2026-01-01,1,Ciutat Vella,2,el Barri Gòtic,14,4,14,2
2026-01-01,1,Ciutat Vella,2,el Barri Gòtic,10,4,15,1
2026-01-01,1,Ciutat Vella,2,el Barri Gòtic,9,4,15,2
2026-01-01,1,Ciutat Vella,2,el Barri Gòtic,6,4,16,1
2026-01-01,1,Ciutat Vella,2,el Barri Gòtic,..,4,16,2
2026-01-01,1,Ciutat Vella,2,el Barri Gòtic,..,4,17,2
2026-01-01,1,Ciutat Vella,2,el Barri Gòtic,..,4,18,1
2026-01-01,1,Ciutat Vella,2,el Barri Gòtic,..,4,19,1
2026-01-01,1,Ciutat Vella,2,el Barri Gòtic,28,5,0,1
2026-01-01,1,Ciutat Vella,2,el Barri Gòtic,37,5,0,2
2026-01-01,1,Ciutat Vella,2,el Barri Gòtic,75,5,1,1
2026-01-01,1,Ciutat Vella,2,el Barri Gòtic,95,5,1,2
2026-01-01,1,Ciutat Vella,2,el Barri Gòtic,107,5,2,1
2026-01-01,1,Ciutat Vella,2,el Barri Gòtic,147,5,2,2
2026-01-01,1,Ciutat Vella,2,el Barri Gòtic,129,5,3,1
2026-01-01,1,Ciutat Vella,2,el Barri Gòtic,181,5,3,2
2026-01-01,1,Ciutat Vella,2,el Barri Gòtic,404,5,4,1
2026-01-01,1,Ciutat Vella,2,el Barri Gòtic,1177,5,4,2
2026-01-01,1,Ciutat Vella,2,el Barri Gòtic,839,5,5,1
2026-01-01,1,Ciutat Vella,2,el Barri Gòtic,2392,5,5,2
2026-01-01,1,Ciutat Vella,2,el Barri Gòtic,884,5,6,1
2026-01-01,1,Ciutat Vella,2,el Barri Gòtic,2511,5,6,2
2026-01-01,1,Ciutat Vella,2,el Barri Gòtic,719,5,7,1
2026-01-01,1,Ciutat Vella,2,el Barri Gòtic,2142,5,7,2
2026-01-01,1,Ciutat Vella,2,el Barri Gòtic,476,5,8,1
2026-01-01,1,Ciutat Vella,2,el Barri Gòtic,1572,5,8,2
2026-01-01,1,Ciutat Vella,2,el Barri Gòtic,381,5,9,1
2026-01-01,1,Ciutat Vella,2,el Barri Gòtic,1047,5,9,2
2026-01-01,1,Ciutat Vella,2,el Barri Gòtic,277,5,10,1
2026-01-01,1,Ciutat Vella,2,el Barri Gòtic,672,5,10,2
2026-01-01,1,Ciutat Vella,2,el Barri Gòtic,267,5,11,1
2026-01-01,1,Ciutat Vella,2,el Barri Gòtic,492,5,11,2
2026-01-01,1,Ciutat Vella,2,el Barri Gòtic,213,5,12,1
2026-01-01,1,Ciutat Vella,2,el Barri Gòtic,305,5,12,2
2026-01-01,1,Ciutat Vella,2,el Barri Gòtic,170,5,13,1
2026-01-01,1,Ciutat Vella,2,el Barri Gòtic,226,5,13,2
2026-01-01,1,Ciutat Vella,2,el Barri Gòtic,87,5,14,1
2026-01-01,1,Ciutat Vella,2,el Barri Gòtic,133,5,14,2
2026-01-01,1,Ciutat Vella,2,el Barri Gòtic,55,5,15,1
2026-01-01,1,Ciutat Vella,2,el Barri Gòtic,51,5,15,2
2026-01-01,1,Ciutat Vella,2,el Barri Gòtic,21,5,16,1
2026-01-01,1,Ciutat Vella,2,el Barri Gòtic,19,5,16,2
2026-01-01,1,Ciutat Vella,2,el Barri Gòtic,7,5,17,1
2026-01-01,1,Ciutat Vella,2,el Barri Gòtic,8,5,17,2
2026-01-01,1,Ciutat Vella,2,el Barri Gòtic,..,5,18,1
2026-01-01,1,Ciutat Vella,2,el Barri Gòtic,..,5,18,2
2026-01-01,1,Ciutat Vella,2,el Barri Gòtic,..,5,19,1
2026-01-01,1,Ciutat Vella,2,el Barri Gòtic,..,6,3,2
2026-01-01,1,Ciutat Vella,2,el Barri Gòtic,..,6,4,2
2026-01-01,1,Ciutat Vella,2,el Barri Gòtic,..,6,5,1
2026-01-01,1,Ciutat Vella,2,el Barri Gòtic,..,6,5,2
2026-01-01,1,Ciutat Vella,2,el Barri Gòtic,..,6,6,1
2026-01-01,1,Ciutat Vella,2,el Barri Gòtic,..,6,6,2
2026-01-01,1,Ciutat Vella,2,el Barri Gòtic,..,6,7,1
2026-01-01,1,Ciutat Vella,2,el Barri Gòtic,..,6,7,2
2026-01-01,1,Ciutat Vella,2,el Barri Gòtic,..,6,10,2
2026-01-01,1,Ciutat Vella,2,el Barri Gòtic,..,6,11,1
2026-01-01,1,Ciutat Vella,2,el Barri Gòtic,..,6,12,1
2026-01-01,1,Ciutat Vella,2,el Barri Gòtic,..,6,12,2
2026-01-01,1,Ciutat Vella,2,el Barri Gòtic,..,6,17,2
2026-01-01,1,Ciutat Vella,3,la Barceloneta,120,1,0,1
2026-01-01,1,Ciutat Vella,3,la Barceloneta,150,1,0,2
2026-01-01,1,Ciutat Vella,3,la Barceloneta,114,1,1,1
2026-01-01,1,Ciutat Vella,3,la Barceloneta,102,1,1,2
2026-01-01,1,Ciutat Vella,3,la Barceloneta,101,1,2,1
2026-01-01,1,Ciutat Vella,3,la Barceloneta,92,1,2,2
2026-01-01,1,Ciutat Vella,3,la Barceloneta,120,1,3,1
2026-01-01,1,Ciutat Vella,3,la Barceloneta,137,1,3,2
2026-01-01,1,Ciutat Vella,3,la Barceloneta,128,1,4,1
2026-01-01,1,Ciutat Vella,3,la Barceloneta,120,1,4,2
2026-01-01,1,Ciutat Vella,3,la Barceloneta,111,1,5,1
2026-01-01,1,Ciutat Vella,3,la Barceloneta,127,1,5,2
2026-01-01,1,Ciutat Vella,3,la Barceloneta,103,1,6,1
2026-01-01,1,Ciutat Vella,3,la Barceloneta,109,1,6,2
2026-01-01,1,Ciutat Vella,3,la Barceloneta,97,1,7,1
2026-01-01,1,Ciutat Vella,3,la Barceloneta,118,1,7,2
2026-01-01,1,Ciutat Vella,3,la Barceloneta,115,1,8,1
2026-01-01,1,Ciutat Vella,3,la Barceloneta,107,1,8,2
2026-01-01,1,Ciutat Vella,3,la Barceloneta,147,1,9,1
2026-01-01,1,Ciutat Vella,3,la Barceloneta,159,1,9,2
2026-01-01,1,Ciutat Vella,3,la Barceloneta,181,1,10,1
2026-01-01,1,Ciutat Vella,3,la Barceloneta,212,1,10,2
2026-01-01,1,Ciutat Vella,3,la Barceloneta,180,1,11,1
2026-01-01,1,Ciutat Vella,3,la Barceloneta,184,1,11,2
2026-01-01,1,Ciutat Vella,3,la Barceloneta,208,1,12,1
2026-01-01,1,Ciutat Vella,3,la Barceloneta,196,1,12,2
2026-01-01,1,Ciutat Vella,3,la Barceloneta,174,1,13,1
2026-01-01,1,Ciutat Vella,3,la Barceloneta,176,1,13,2
2026-01-01,1,Ciutat Vella,3,la Barceloneta,142,1,14,1
2026-01-01,1,Ciutat Vella,3,la Barceloneta,113,1,14,2
2026-01-01,1,Ciutat Vella,3,la Barceloneta,150,1,15,1
2026-01-01,1,Ciutat Vella,3,la Barceloneta,90,1,15,2
2026-01-01,1,Ciutat Vella,3,la Barceloneta,115,1,16,1
2026-01-01,1,Ciutat Vella,3,la Barceloneta,61,1,16,2
2026-01-01,1,Ciutat Vella,3,la Barceloneta,90,1,17,1
2026-01-01,1,Ciutat Vella,3,la Barceloneta,47,1,17,2
2026-01-01,1,Ciutat Vella,3,la Barceloneta,49,1,18,1
2026-01-01,1,Ciutat Vella,3,la Barceloneta,20,1,18,2
2026-01-01,1,Ciutat Vella,3,la Barceloneta,20,1,19,1
2026-01-01,1,Ciutat Vella,3,la Barceloneta,..,1,19,2
2026-01-01,1,Ciutat Vella,3,la Barceloneta,8,1,20,1
2026-01-01,1,Ciutat Vella,3,la Barceloneta,..,1,20,2
2026-01-01,1,Ciutat Vella,3,la Barceloneta,8,2,0,1
2026-01-01,1,Ciutat Vella,3,la Barceloneta,10,2,0,2
2026-01-01,1,Ciutat Vella,3,la Barceloneta,..,2,1,1
2026-01-01,1,Ciutat Vella,3,la Barceloneta,6,2,1,2
2026-01-01,1,Ciutat Vella,3,la Barceloneta,6,2,2,1
2026-01-01,1,Ciutat Vella,3,la Barceloneta,10,2,2,2
2026-01-01,1,Ciutat Vella,3,la Barceloneta,13,2,3,1
2026-01-01,1,Ciutat Vella,3,la Barceloneta,15,2,3,2
2026-01-01,1,Ciutat Vella,3,la Barceloneta,22,2,4,1
2026-01-01,1,Ciutat Vella,3,la Barceloneta,9,2,4,2
2026-01-01,1,Ciutat Vella,3,la Barceloneta,17,2,5,1
2026-01-01,1,Ciutat Vella,3,la Barceloneta,14,2,5,2
2026-01-01,1,Ciutat Vella,3,la Barceloneta,36,2,6,1
2026-01-01,1,Ciutat Vella,3,la Barceloneta,21,2,6,2
2026-01-01,1,Ciutat Vella,3,la Barceloneta,17,2,7,1
2026-01-01,1,Ciutat Vella,3,la Barceloneta,19,2,7,2
2026-01-01,1,Ciutat Vella,3,la Barceloneta,15,2,8,1
2026-01-01,1,Ciutat Vella,3,la Barceloneta,21,2,8,2
2026-01-01,1,Ciutat Vella,3,la Barceloneta,24,2,9,1
2026-01-01,1,Ciutat Vella,3,la Barceloneta,27,2,9,2
2026-01-01,1,Ciutat Vella,3,la Barceloneta,10,2,10,1
2026-01-01,1,Ciutat Vella,3,la Barceloneta,32,2,10,2
2026-01-01,1,Ciutat Vella,3,la Barceloneta,18,2,11,1
2026-01-01,1,Ciutat Vella,3,la Barceloneta,20,2,11,2
2026-01-01,1,Ciutat Vella,3,la Barceloneta,14,2,12,1
2026-01-01,1,Ciutat Vella,3,la Barceloneta,17,2,12,2
2026-01-01,1,Ciutat Vella,3,la Barceloneta,13,2,13,1
2026-01-01,1,Ciutat Vella,3,la Barceloneta,15,2,13,2
2026-01-01,1,Ciutat Vella,3,la Barceloneta,9,2,14,1
2026-01-01,1,Ciutat Vella,3,la Barceloneta,6,2,14,2
2026-01-01,1,Ciutat Vella,3,la Barceloneta,11,2,15,1
2026-01-01,1,Ciutat Vella,3,la Barceloneta,8,2,15,2
2026-01-01,1,Ciutat Vella,3,la Barceloneta,14,2,16,1
2026-01-01,1,Ciutat Vella,3,la Barceloneta,7,2,16,2
2026-01-01,1,Ciutat Vella,3,la Barceloneta,12,2,17,1
2026-01-01,1,Ciutat Vella,3,la Barceloneta,6,2,17,2
2026-01-01,1,Ciutat Vella,3,la Barceloneta,10,2,18,1
2026-01-01,1,Ciutat Vella,3,la Barceloneta,..,2,18,2
2026-01-01,1,Ciutat Vella,3,la Barceloneta,..,2,19,2
2026-01-01,1,Ciutat Vella,3,la Barceloneta,..,3,0,1
2026-01-01,1,Ciutat Vella,3,la Barceloneta,..,3,1,1
2026-01-01,1,Ciutat Vella,3,la Barceloneta,..,3,1,2
2026-01-01,1,Ciutat Vella,3,la Barceloneta,..,3,2,1
2026-01-01,1,Ciutat Vella,3,la Barceloneta,..,3,2,2
2026-01-01,1,Ciutat Vella,3,la Barceloneta,..,3,3,1
2026-01-01,1,Ciutat Vella,3,la Barceloneta,..,3,3,2
2026-01-01,1,Ciutat Vella,3,la Barceloneta,13,3,4,1
2026-01-01,1,Ciutat Vella,3,la Barceloneta,9,3,4,2
2026-01-01,1,Ciutat Vella,3,la Barceloneta,30,3,5,1
2026-01-01,1,Ciutat Vella,3,la Barceloneta,13,3,5,2
2026-01-01,1,Ciutat Vella,3,la Barceloneta,31,3,6,1
2026-01-01,1,Ciutat Vella,3,la Barceloneta,38,3,6,2
2026-01-01,1,Ciutat Vella,3,la Barceloneta,39,3,7,1
2026-01-01,1,Ciutat Vella,3,la Barceloneta,43,3,7,2
2026-01-01,1,Ciutat Vella,3,la Barceloneta,31,3,8,1
2026-01-01,1,Ciutat Vella,3,la Barceloneta,30,3,8,2
2026-01-01,1,Ciutat Vella,3,la Barceloneta,21,3,9,1
2026-01-01,1,Ciutat Vella,3,la Barceloneta,23,3,9,2
2026-01-01,1,Ciutat Vella,3,la Barceloneta,32,3,10,1
2026-01-01,1,Ciutat Vella,3,la Barceloneta,30,3,10,2
2026-01-01,1,Ciutat Vella,3,la Barceloneta,39,3,11,1
2026-01-01,1,Ciutat Vella,3,la Barceloneta,43,3,11,2
2026-01-01,1,Ciutat Vella,3,la Barceloneta,60,3,12,1
2026-01-01,1,Ciutat Vella,3,la Barceloneta,59,3,12,2
2026-01-01,1,Ciutat Vella,3,la Barceloneta,53,3,13,1
2026-01-01,1,Ciutat Vella,3,la Barceloneta,43,3,13,2
2026-01-01,1,Ciutat Vella,3,la Barceloneta,70,3,14,1
2026-01-01,1,Ciutat Vella,3,la Barceloneta,58,3,14,2
2026-01-01,1,Ciutat Vella,3,la Barceloneta,66,3,15,1
2026-01-01,1,Ciutat Vella,3,la Barceloneta,47,3,15,2
2026-01-01,1,Ciutat Vella,3,la Barceloneta,72,3,16,1
2026-01-01,1,Ciutat Vella,3,la Barceloneta,42,3,16,2
2026-01-01,1,Ciutat Vella,3,la Barceloneta,64,3,17,1
2026-01-01,1,Ciutat Vella,3,la Barceloneta,40,3,17,2
2026-01-01,1,Ciutat Vella,3,la Barceloneta,42,3,18,1
2026-01-01,1,Ciutat Vella,3,la Barceloneta,15,3,18,2
2026-01-01,1,Ciutat Vella,3,la Barceloneta,16,3,19,1
2026-01-01,1,Ciutat Vella,3,la Barceloneta,..,3,19,2
2026-01-01,1,Ciutat Vella,3,la Barceloneta,..,3,20,1
2026-01-01,1,Ciutat Vella,3,la Barceloneta,..,4,0,1
2026-01-01,1,Ciutat Vella,3,la Barceloneta,6,4,0,2
2026-01-01,1,Ciutat Vella,3,la Barceloneta,8,4,1,1
2026-01-01,1,Ciutat Vella,3,la Barceloneta,7,4,1,2
2026-01-01,1,Ciutat Vella,3,la Barceloneta,..,4,2,1
2026-01-01,1,Ciutat Vella,3,la Barceloneta,5,4,2,2
2026-01-01,1,Ciutat Vella,3,la Barceloneta,..,4,3,1
2026-01-01,1,Ciutat Vella,3,la Barceloneta,11,4,3,2
2026-01-01,1,Ciutat Vella,3,la Barceloneta,87,4,4,1
2026-01-01,1,Ciutat Vella,3,la Barceloneta,59,4,4,2
2026-01-01,1,Ciutat Vella,3,la Barceloneta,202,4,5,1
2026-01-01,1,Ciutat Vella,3,la Barceloneta,174,4,5,2
2026-01-01,1,Ciutat Vella,3,la Barceloneta,232,4,6,1
2026-01-01,1,Ciutat Vella,3,la Barceloneta,207,4,6,2
2026-01-01,1,Ciutat Vella,3,la Barceloneta,165,4,7,1
2026-01-01,1,Ciutat Vella,3,la Barceloneta,169,4,7,2
2026-01-01,1,Ciutat Vella,3,la Barceloneta,136,4,8,1
2026-01-01,1,Ciutat Vella,3,la Barceloneta,142,4,8,2
2026-01-01,1,Ciutat Vella,3,la Barceloneta,68,4,9,1
2026-01-01,1,Ciutat Vella,3,la Barceloneta,74,4,9,2
2026-01-01,1,Ciutat Vella,3,la Barceloneta,38,4,10,1
2026-01-01,1,Ciutat Vella,3,la Barceloneta,50,4,10,2
2026-01-01,1,Ciutat Vella,3,la Barceloneta,36,4,11,1
2026-01-01,1,Ciutat Vella,3,la Barceloneta,35,4,11,2
2026-01-01,1,Ciutat Vella,3,la Barceloneta,22,4,12,1
2026-01-01,1,Ciutat Vella,3,la Barceloneta,27,4,12,2
2026-01-01,1,Ciutat Vella,3,la Barceloneta,8,4,13,1
2026-01-01,1,Ciutat Vella,3,la Barceloneta,12,4,13,2
2026-01-01,1,Ciutat Vella,3,la Barceloneta,8,4,14,1
2026-01-01,1,Ciutat Vella,3,la Barceloneta,8,4,14,2
2026-01-01,1,Ciutat Vella,3,la Barceloneta,6,4,15,1
2026-01-01,1,Ciutat Vella,3,la Barceloneta,6,4,15,2
2026-01-01,1,Ciutat Vella,3,la Barceloneta,..,4,16,1
2026-01-01,1,Ciutat Vella,3,la Barceloneta,..,4,16,2
2026-01-01,1,Ciutat Vella,3,la Barceloneta,..,4,17,1
2026-01-01,1,Ciutat Vella,3,la Barceloneta,..,4,17,2
2026-01-01,1,Ciutat Vella,3,la Barceloneta,11,5,0,1
2026-01-01,1,Ciutat Vella,3,la Barceloneta,16,5,0,2
2026-01-01,1,Ciutat Vella,3,la Barceloneta,31,5,1,1
2026-01-01,1,Ciutat Vella,3,la Barceloneta,35,5,1,2
2026-01-01,1,Ciutat Vella,3,la Barceloneta,46,5,2,1
2026-01-01,1,Ciutat Vella,3,la Barceloneta,50,5,2,2
2026-01-01,1,Ciutat Vella,3,la Barceloneta,53,5,3,1
2026-01-01,1,Ciutat Vella,3,la Barceloneta,65,5,3,2
2026-01-01,1,Ciutat Vella,3,la Barceloneta,165,5,4,1
2026-01-01,1,Ciutat Vella,3,la Barceloneta,215,5,4,2
2026-01-01,1,Ciutat Vella,3,la Barceloneta,421,5,5,1
2026-01-01,1,Ciutat Vella,3,la Barceloneta,461,5,5,2
2026-01-01,1,Ciutat Vella,3,la Barceloneta,515,5,6,1
2026-01-01,1,Ciutat Vella,3,la Barceloneta,579,5,6,2
2026-01-01,1,Ciutat Vella,3,la Barceloneta,465,5,7,1
2026-01-01,1,Ciutat Vella,3,la Barceloneta,536,5,7,2
2026-01-01,1,Ciutat Vella,3,la Barceloneta,310,5,8,1
2026-01-01,1,Ciutat Vella,3,la Barceloneta,444,5,8,2
2026-01-01,1,Ciutat Vella,3,la Barceloneta,225,5,9,1
2026-01-01,1,Ciutat Vella,3,la Barceloneta,262,5,9,2
2026-01-01,1,Ciutat Vella,3,la Barceloneta,148,5,10,1
2026-01-01,1,Ciutat Vella,3,la Barceloneta,183,5,10,2
2026-01-01,1,Ciutat Vella,3,la Barceloneta,120,5,11,1
2026-01-01,1,Ciutat Vella,3,la Barceloneta,142,5,11,2
2026-01-01,1,Ciutat Vella,3,la Barceloneta,103,5,12,1
2026-01-01,1,Ciutat Vella,3,la Barceloneta,94,5,12,2
2026-01-01,1,Ciutat Vella,3,la Barceloneta,89,5,13,1
2026-01-01,1,Ciutat Vella,3,la Barceloneta,58,5,13,2
2026-01-01,1,Ciutat Vella,3,la Barceloneta,72,5,14,1
2026-01-01,1,Ciutat Vella,3,la Barceloneta,36,5,14,2
2026-01-01,1,Ciutat Vella,3,la Barceloneta,26,5,15,1
2026-01-01,1,Ciutat Vella,3,la Barceloneta,29,5,15,2
2026-01-01,1,Ciutat Vella,3,la Barceloneta,15,5,16,1
2026-01-01,1,Ciutat Vella,3,la Barceloneta,11,5,16,2
2026-01-01,1,Ciutat Vella,3,la Barceloneta,14,5,17,1
2026-01-01,1,Ciutat Vella,3,la Barceloneta,..,5,17,2
2026-01-01,1,Ciutat Vella,3,la Barceloneta,..,5,18,1
2026-01-01,1,Ciutat Vella,3,la Barceloneta,..,5,19,1
2026-01-01,1,Ciutat Vella,3,la Barceloneta,..,6,5,2
2026-01-01,1,Ciutat Vella,3,la Barceloneta,..,6,6,2
2026-01-01,1,Ciutat Vella,3,la Barceloneta,..,6,8,1
2026-01-01,1,Ciutat Vella,3,la Barceloneta,..,6,9,2
2026-01-01,1,Ciutat Vella,3,la Barceloneta,..,6,11,2
2026-01-01,1,Ciutat Vella,3,la Barceloneta,..,6,13,1
2026-01-01,1,Ciutat Vella,3,la Barceloneta,..,6,14,2
2026-01-01,1,Ciutat Vella,4,"Sant Pere, Santa Caterina i la Ribera",204,1,0,1
2026-01-01,1,Ciutat Vella,4,"Sant Pere, Santa Caterina i la Ribera",220,1,0,2
2026-01-01,1,Ciutat Vella,4,"Sant Pere, Santa Caterina i la Ribera",174,1,1,1
2026-01-01,1,Ciutat Vella,4,"Sant Pere, Santa Caterina i la Ribera",195,1,1,2
2026-01-01,1,Ciutat Vella,4,"Sant Pere, Santa Caterina i la Ribera",197,1,2,1
2026-01-01,1,Ciutat Vella,4,"Sant Pere, Santa Caterina i la Ribera",206,1,2,2
2026-01-01,1,Ciutat Vella,4,"Sant Pere, Santa Caterina i la Ribera",225,1,3,1
2026-01-01,1,Ciutat Vella,4,"Sant Pere, Santa Caterina i la Ribera",227,1,3,2
2026-01-01,1,Ciutat Vella,4,"Sant Pere, Santa Caterina i la Ribera",198,1,4,1
2026-01-01,1,Ciutat Vella,4,"Sant Pere, Santa Caterina i la Ribera",193,1,4,2
2026-01-01,1,Ciutat Vella,4,"Sant Pere, Santa Caterina i la Ribera",147,1,5,1
2026-01-01,1,Ciutat Vella,4,"Sant Pere, Santa Caterina i la Ribera",158,1,5,2
2026-01-01,1,Ciutat Vella,4,"Sant Pere, Santa Caterina i la Ribera",102,1,6,1
2026-01-01,1,Ciutat Vella,4,"Sant Pere, Santa Caterina i la Ribera",131,1,6,2
2026-01-01,1,Ciutat Vella,4,"Sant Pere, Santa Caterina i la Ribera",102,1,7,1
2026-01-01,1,Ciutat Vella,4,"Sant Pere, Santa Caterina i la Ribera",141,1,7,2
2026-01-01,1,Ciutat Vella,4,"Sant Pere, Santa Caterina i la Ribera",119,1,8,1
2026-01-01,1,Ciutat Vella,4,"Sant Pere, Santa Caterina i la Ribera",142,1,8,2
2026-01-01,1,Ciutat Vella,4,"Sant Pere, Santa Caterina i la Ribera",166,1,9,1
2026-01-01,1,Ciutat Vella,4,"Sant Pere, Santa Caterina i la Ribera",173,1,9,2
2026-01-01,1,Ciutat Vella,4,"Sant Pere, Santa Caterina i la Ribera",218,1,10,1
2026-01-01,1,Ciutat Vella,4,"Sant Pere, Santa Caterina i la Ribera",242,1,10,2
2026-01-01,1,Ciutat Vella,4,"Sant Pere, Santa Caterina i la Ribera",199,1,11,1
2026-01-01,1,Ciutat Vella,4,"Sant Pere, Santa Caterina i la Ribera",230,1,11,2
2026-01-01,1,Ciutat Vella,4,"Sant Pere, Santa Caterina i la Ribera",220,1,12,1
2026-01-01,1,Ciutat Vella,4,"Sant Pere, Santa Caterina i la Ribera",214,1,12,2
2026-01-01,1,Ciutat Vella,4,"Sant Pere, Santa Caterina i la Ribera",147,1,13,1
2026-01-01,1,Ciutat Vella,4,"Sant Pere, Santa Caterina i la Ribera",168,1,13,2
2026-01-01,1,Ciutat Vella,4,"Sant Pere, Santa Caterina i la Ribera",115,1,14,1
2026-01-01,1,Ciutat Vella,4,"Sant Pere, Santa Caterina i la Ribera",111,1,14,2
2026-01-01,1,Ciutat Vella,4,"Sant Pere, Santa Caterina i la Ribera",120,1,15,1
2026-01-01,1,Ciutat Vella,4,"Sant Pere, Santa Caterina i la Ribera",79,1,15,2
2026-01-01,1,Ciutat Vella,4,"Sant Pere, Santa Caterina i la Ribera",118,1,16,1
2026-01-01,1,Ciutat Vella,4,"Sant Pere, Santa Caterina i la Ribera",63,1,16,2
2026-01-01,1,Ciutat Vella,4,"Sant Pere, Santa Caterina i la Ribera",77,1,17,1
2026-01-01,1,Ciutat Vella,4,"Sant Pere, Santa Caterina i la Ribera",39,1,17,2
2026-01-01,1,Ciutat Vella,4,"Sant Pere, Santa Caterina i la Ribera",49,1,18,1
2026-01-01,1,Ciutat Vella,4,"Sant Pere, Santa Caterina i la Ribera",13,1,18,2
2026-01-01,1,Ciutat Vella,4,"Sant Pere, Santa Caterina i la Ribera",29,1,19,1
2026-01-01,1,Ciutat Vella,4,"Sant Pere, Santa Caterina i la Ribera",..,1,19,2
2026-01-01,1,Ciutat Vella,4,"Sant Pere, Santa Caterina i la Ribera",..,1,20,1
2026-01-01,1,Ciutat Vella,4,"Sant Pere, Santa Caterina i la Ribera",10,2,0,1
2026-01-01,1,Ciutat Vella,4,"Sant Pere, Santa Caterina i la Ribera",14,2,0,2
2026-01-01,1,Ciutat Vella,4,"Sant Pere, Santa Caterina i la Ribera",9,2,1,1
2026-01-01,1,Ciutat Vella,4,"Sant Pere, Santa Caterina i la Ribera",13,2,1,2
2026-01-01,1,Ciutat Vella,4,"Sant Pere, Santa Caterina i la Ribera",16,2,2,1
2026-01-01,1,Ciutat Vella,4,"Sant Pere, Santa Caterina i la Ribera",15,2,2,2
2026-01-01,1,Ciutat Vella,4,"Sant Pere, Santa Caterina i la Ribera",20,2,3,1
2026-01-01,1,Ciutat Vella,4,"Sant Pere, Santa Caterina i la Ribera",12,2,3,2
2026-01-01,1,Ciutat Vella,4,"Sant Pere, Santa Caterina i la Ribera",40,2,4,1
2026-01-01,1,Ciutat Vella,4,"Sant Pere, Santa Caterina i la Ribera",21,2,4,2
2026-01-01,1,Ciutat Vella,4,"Sant Pere, Santa Caterina i la Ribera",40,2,5,1
2026-01-01,1,Ciutat Vella,4,"Sant Pere, Santa Caterina i la Ribera",31,2,5,2
2026-01-01,1,Ciutat Vella,4,"Sant Pere, Santa Caterina i la Ribera",43,2,6,1
2026-01-01,1,Ciutat Vella,4,"Sant Pere, Santa Caterina i la Ribera",39,2,6,2
2026-01-01,1,Ciutat Vella,4,"Sant Pere, Santa Caterina i la Ribera",35,2,7,1
2026-01-01,1,Ciutat Vella,4,"Sant Pere, Santa Caterina i la Ribera",24,2,7,2
2026-01-01,1,Ciutat Vella,4,"Sant Pere, Santa Caterina i la Ribera",36,2,8,1
2026-01-01,1,Ciutat Vella,4,"Sant Pere, Santa Caterina i la Ribera",34,2,8,2
2026-01-01,1,Ciutat Vella,4,"Sant Pere, Santa Caterina i la Ribera",50,2,9,1
2026-01-01,1,Ciutat Vella,4,"Sant Pere, Santa Caterina i la Ribera",59,2,9,2
2026-01-01,1,Ciutat Vella,4,"Sant Pere, Santa Caterina i la Ribera",45,2,10,1
2026-01-01,1,Ciutat Vella,4,"Sant Pere, Santa Caterina i la Ribera",39,2,10,2
2026-01-01,1,Ciutat Vella,4,"Sant Pere, Santa Caterina i la Ribera",40,2,11,1
2026-01-01,1,Ciutat Vella,4,"Sant Pere, Santa Caterina i la Ribera",48,2,11,2
2026-01-01,1,Ciutat Vella,4,"Sant Pere, Santa Caterina i la Ribera",49,2,12,1
2026-01-01,1,Ciutat Vella,4,"Sant Pere, Santa Caterina i la Ribera",53,2,12,2
2026-01-01,1,Ciutat Vella,4,"Sant Pere, Santa Caterina i la Ribera",39,2,13,1
2026-01-01,1,Ciutat Vella,4,"Sant Pere, Santa Caterina i la Ribera",31,2,13,2
2026-01-01,1,Ciutat Vella,4,"Sant Pere, Santa Caterina i la Ribera",19,2,14,1
2026-01-01,1,Ciutat Vella,4,"Sant Pere, Santa Caterina i la Ribera",17,2,14,2
2026-01-01,1,Ciutat Vella,4,"Sant Pere, Santa Caterina i la Ribera",28,2,15,1
2026-01-01,1,Ciutat Vella,4,"Sant Pere, Santa Caterina i la Ribera",19,2,15,2
2026-01-01,1,Ciutat Vella,4,"Sant Pere, Santa Caterina i la Ribera",15,2,16,1
2026-01-01,1,Ciutat Vella,4,"Sant Pere, Santa Caterina i la Ribera",17,2,16,2
2026-01-01,1,Ciutat Vella,4,"Sant Pere, Santa Caterina i la Ribera",15,2,17,1
2026-01-01,1,Ciutat Vella,4,"Sant Pere, Santa Caterina i la Ribera",5,2,17,2
2026-01-01,1,Ciutat Vella,4,"Sant Pere, Santa Caterina i la Ribera",10,2,18,1
2026-01-01,1,Ciutat Vella,4,"Sant Pere, Santa Caterina i la Ribera",5,2,18,2
2026-01-01,1,Ciutat Vella,4,"Sant Pere, Santa Caterina i la Ribera",..,2,19,1
2026-01-01,1,Ciutat Vella,4,"Sant Pere, Santa Caterina i la Ribera",..,2,19,2
2026-01-01,1,Ciutat Vella,4,"Sant Pere, Santa Caterina i la Ribera",..,2,20,1
2026-01-01,1,Ciutat Vella,4,"Sant Pere, Santa Caterina i la Ribera",..,3,0,1
2026-01-01,1,Ciutat Vella,4,"Sant Pere, Santa Caterina i la Ribera",6,3,0,2
2026-01-01,1,Ciutat Vella,4,"Sant Pere, Santa Caterina i la Ribera",..,3,1,1
2026-01-01,1,Ciutat Vella,4,"Sant Pere, Santa Caterina i la Ribera",6,3,1,2
2026-01-01,1,Ciutat Vella,4,"Sant Pere, Santa Caterina i la Ribera",5,3,2,1
2026-01-01,1,Ciutat Vella,4,"Sant Pere, Santa Caterina i la Ribera",5,3,2,2
2026-01-01,1,Ciutat Vella,4,"Sant Pere, Santa Caterina i la Ribera",14,3,3,1
2026-01-01,1,Ciutat Vella,4,"Sant Pere, Santa Caterina i la Ribera",13,3,3,2
2026-01-01,1,Ciutat Vella,4,"Sant Pere, Santa Caterina i la Ribera",25,3,4,1
2026-01-01,1,Ciutat Vella,4,"Sant Pere, Santa Caterina i la Ribera",15,3,4,2
2026-01-01,1,Ciutat Vella,4,"Sant Pere, Santa Caterina i la Ribera",45,3,5,1
2026-01-01,1,Ciutat Vella,4,"Sant Pere, Santa Caterina i la Ribera",48,3,5,2
2026-01-01,1,Ciutat Vella,4,"Sant Pere, Santa Caterina i la Ribera",70,3,6,1
2026-01-01,1,Ciutat Vella,4,"Sant Pere, Santa Caterina i la Ribera",65,3,6,2
2026-01-01,1,Ciutat Vella,4,"Sant Pere, Santa Caterina i la Ribera",77,3,7,1
2026-01-01,1,Ciutat Vella,4,"Sant Pere, Santa Caterina i la Ribera",69,3,7,2
2026-01-01,1,Ciutat Vella,4,"Sant Pere, Santa Caterina i la Ribera",48,3,8,1
2026-01-01,1,Ciutat Vella,4,"Sant Pere, Santa Caterina i la Ribera",57,3,8,2
2026-01-01,1,Ciutat Vella,4,"Sant Pere, Santa Caterina i la Ribera",85,3,9,1
2026-01-01,1,Ciutat Vella,4,"Sant Pere, Santa Caterina i la Ribera",64,3,9,2
2026-01-01,1,Ciutat Vella,4,"Sant Pere, Santa Caterina i la Ribera",54,3,10,1
2026-01-01,1,Ciutat Vella,4,"Sant Pere, Santa Caterina i la Ribera",81,3,10,2
2026-01-01,1,Ciutat Vella,4,"Sant Pere, Santa Caterina i la Ribera",51,3,11,1
2026-01-01,1,Ciutat Vella,4,"Sant Pere, Santa Caterina i la Ribera",65,3,11,2
2026-01-01,1,Ciutat Vella,4,"Sant Pere, Santa Caterina i la Ribera",70,3,12,1
2026-01-01,1,Ciutat Vella,4,"Sant Pere, Santa Caterina i la Ribera",57,3,12,2
2026-01-01,1,Ciutat Vella,4,"Sant Pere, Santa Caterina i la Ribera",74,3,13,1
2026-01-01,1,Ciutat Vella,4,"Sant Pere, Santa Caterina i la Ribera",73,3,13,2
2026-01-01,1,Ciutat Vella,4,"Sant Pere, Santa Caterina i la Ribera",91,3,14,1
2026-01-01,1,Ciutat Vella,4,"Sant Pere, Santa Caterina i la Ribera",74,3,14,2
2026-01-01,1,Ciutat Vella,4,"Sant Pere, Santa Caterina i la Ribera",124,3,15,1
2026-01-01,1,Ciutat Vella,4,"Sant Pere, Santa Caterina i la Ribera",81,3,15,2
2026-01-01,1,Ciutat Vella,4,"Sant Pere, Santa Caterina i la Ribera",100,3,16,1
2026-01-01,1,Ciutat Vella,4,"Sant Pere, Santa Caterina i la Ribera",75,3,16,2
2026-01-01,1,Ciutat Vella,4,"Sant Pere, Santa Caterina i la Ribera",83,3,17,1
2026-01-01,1,Ciutat Vella,4,"Sant Pere, Santa Caterina i la Ribera",46,3,17,2
2026-01-01,1,Ciutat Vella,4,"Sant Pere, Santa Caterina i la Ribera",54,3,18,1
2026-01-01,1,Ciutat Vella,4,"Sant Pere, Santa Caterina i la Ribera",12,3,18,2
2026-01-01,1,Ciutat Vella,4,"Sant Pere, Santa Caterina i la Ribera",18,3,19,1
2026-01-01,1,Ciutat Vella,4,"Sant Pere, Santa Caterina i la Ribera",..,3,19,2
2026-01-01,1,Ciutat Vella,4,"Sant Pere, Santa Caterina i la Ribera",..,3,20,1
2026-01-01,1,Ciutat Vella,4,"Sant Pere, Santa Caterina i la Ribera",8,4,0,1
2026-01-01,1,Ciutat Vella,4,"Sant Pere, Santa Caterina i la Ribera",9,4,0,2
2026-01-01,1,Ciutat Vella,4,"Sant Pere, Santa Caterina i la Ribera",9,4,1,1
2026-01-01,1,Ciutat Vella,4,"Sant Pere, Santa Caterina i la Ribera",16,4,1,2
2026-01-01,1,Ciutat Vella,4,"Sant Pere, Santa Caterina i la Ribera",18,4,2,1
2026-01-01,1,Ciutat Vella,4,"Sant Pere, Santa Caterina i la Ribera",14,4,2,2
2026-01-01,1,Ciutat Vella,4,"Sant Pere, Santa Caterina i la Ribera",22,4,3,1
2026-01-01,1,Ciutat Vella,4,"Sant Pere, Santa Caterina i la Ribera",14,4,3,2
2026-01-01,1,Ciutat Vella,4,"Sant Pere, Santa Caterina i la Ribera",130,4,4,1
2026-01-01,1,Ciutat Vella,4,"Sant Pere, Santa Caterina i la Ribera",67,4,4,2
2026-01-01,1,Ciutat Vella,4,"Sant Pere, Santa Caterina i la Ribera",419,4,5,1
2026-01-01,1,Ciutat Vella,4,"Sant Pere, Santa Caterina i la Ribera",310,4,5,2
2026-01-01,1,Ciutat Vella,4,"Sant Pere, Santa Caterina i la Ribera",361,4,6,1
2026-01-01,1,Ciutat Vella,4,"Sant Pere, Santa Caterina i la Ribera",376,4,6,2
2026-01-01,1,Ciutat Vella,4,"Sant Pere, Santa Caterina i la Ribera",227,4,7,1
2026-01-01,1,Ciutat Vella,4,"Sant Pere, Santa Caterina i la Ribera",240,4,7,2
2026-01-01,1,Ciutat Vella,4,"Sant Pere, Santa Caterina i la Ribera",167,4,8,1
2026-01-01,1,Ciutat Vella,4,"Sant Pere, Santa Caterina i la Ribera",174,4,8,2
2026-01-01,1,Ciutat Vella,4,"Sant Pere, Santa Caterina i la Ribera",109,4,9,1
2026-01-01,1,Ciutat Vella,4,"Sant Pere, Santa Caterina i la Ribera",148,4,9,2
2026-01-01,1,Ciutat Vella,4,"Sant Pere, Santa Caterina i la Ribera",69,4,10,1
2026-01-01,1,Ciutat Vella,4,"Sant Pere, Santa Caterina i la Ribera",98,4,10,2
2026-01-01,1,Ciutat Vella,4,"Sant Pere, Santa Caterina i la Ribera",52,4,11,1
2026-01-01,1,Ciutat Vella,4,"Sant Pere, Santa Caterina i la Ribera",67,4,11,2
2026-01-01,1,Ciutat Vella,4,"Sant Pere, Santa Caterina i la Ribera",33,4,12,1
2026-01-01,1,Ciutat Vella,4,"Sant Pere, Santa Caterina i la Ribera",49,4,12,2
2026-01-01,1,Ciutat Vella,4,"Sant Pere, Santa Caterina i la Ribera",14,4,13,1
2026-01-01,1,Ciutat Vella,4,"Sant Pere, Santa Caterina i la Ribera",18,4,13,2
2026-01-01,1,Ciutat Vella,4,"Sant Pere, Santa Caterina i la Ribera",9,4,14,1
2026-01-01,1,Ciutat Vella,4,"Sant Pere, Santa Caterina i la Ribera",12,4,14,2
2026-01-01,1,Ciutat Vella,4,"Sant Pere, Santa Caterina i la Ribera",13,4,15,1
2026-01-01,1,Ciutat Vella,4,"Sant Pere, Santa Caterina i la Ribera",5,4,15,2
2026-01-01,1,Ciutat Vella,4,"Sant Pere, Santa Caterina i la Ribera",9,4,16,1
2026-01-01,1,Ciutat Vella,4,"Sant Pere, Santa Caterina i la Ribera",..,4,16,2
2026-01-01,1,Ciutat Vella,4,"Sant Pere, Santa Caterina i la Ribera",..,4,17,1
2026-01-01,1,Ciutat Vella,4,"Sant Pere, Santa Caterina i la Ribera",..,4,17,2
2026-01-01,1,Ciutat Vella,4,"Sant Pere, Santa Caterina i la Ribera",..,4,18,1
2026-01-01,1,Ciutat Vella,4,"Sant Pere, Santa Caterina i la Ribera",..,4,19,1
2026-01-01,1,Ciutat Vella,4,"Sant Pere, Santa Caterina i la Ribera",23,5,0,1
2026-01-01,1,Ciutat Vella,4,"Sant Pere, Santa Caterina i la Ribera",23,5,0,2
2026-01-01,1,Ciutat Vella,4,"Sant Pere, Santa Caterina i la Ribera",52,5,1,1
2026-01-01,1,Ciutat Vella,4,"Sant Pere, Santa Caterina i la Ribera",76,5,1,2
2026-01-01,1,Ciutat Vella,4,"Sant Pere, Santa Caterina i la Ribera",76,5,2,1
2026-01-01,1,Ciutat Vella,4,"Sant Pere, Santa Caterina i la Ribera",77,5,2,2
2026-01-01,1,Ciutat Vella,4,"Sant Pere, Santa Caterina i la Ribera",88,5,3,1
2026-01-01,1,Ciutat Vella,4,"Sant Pere, Santa Caterina i la Ribera",97,5,3,2
2026-01-01,1,Ciutat Vella,4,"Sant Pere, Santa Caterina i la Ribera",338,5,4,1
2026-01-01,1,Ciutat Vella,4,"Sant Pere, Santa Caterina i la Ribera",460,5,4,2
2026-01-01,1,Ciutat Vella,4,"Sant Pere, Santa Caterina i la Ribera",763,5,5,1
2026-01-01,1,Ciutat Vella,4,"Sant Pere, Santa Caterina i la Ribera",846,5,5,2
2026-01-01,1,Ciutat Vella,4,"Sant Pere, Santa Caterina i la Ribera",893,5,6,1
2026-01-01,1,Ciutat Vella,4,"Sant Pere, Santa Caterina i la Ribera",953,5,6,2
2026-01-01,1,Ciutat Vella,4,"Sant Pere, Santa Caterina i la Ribera",751,5,7,1
2026-01-01,1,Ciutat Vella,4,"Sant Pere, Santa Caterina i la Ribera",951,5,7,2
2026-01-01,1,Ciutat Vella,4,"Sant Pere, Santa Caterina i la Ribera",483,5,8,1
2026-01-01,1,Ciutat Vella,4,"Sant Pere, Santa Caterina i la Ribera",659,5,8,2
2026-01-01,1,Ciutat Vella,4,"Sant Pere, Santa Caterina i la Ribera",418,5,9,1
2026-01-01,1,Ciutat Vella,4,"Sant Pere, Santa Caterina i la Ribera",492,5,9,2
2026-01-01,1,Ciutat Vella,4,"Sant Pere, Santa Caterina i la Ribera",329,5,10,1
2026-01-01,1,Ciutat Vella,4,"Sant Pere, Santa Caterina i la Ribera",346,5,10,2
2026-01-01,1,Ciutat Vella,4,"Sant Pere, Santa Caterina i la Ribera",225,5,11,1
2026-01-01,1,Ciutat Vella,4,"Sant Pere, Santa Caterina i la Ribera",212,5,11,2
2026-01-01,1,Ciutat Vella,4,"Sant Pere, Santa Caterina i la Ribera",236,5,12,1
2026-01-01,1,Ciutat Vella,4,"Sant Pere, Santa Caterina i la Ribera",183,5,12,2
2026-01-01,1,Ciutat Vella,4,"Sant Pere, Santa Caterina i la Ribera",170,5,13,1
2026-01-01,1,Ciutat Vella,4,"Sant Pere, Santa Caterina i la Ribera",120,5,13,2
2026-01-01,1,Ciutat Vella,4,"Sant Pere, Santa Caterina i la Ribera",106,5,14,1
2026-01-01,1,Ciutat Vella,4,"Sant Pere, Santa Caterina i la Ribera",71,5,14,2
2026-01-01,1,Ciutat Vella,4,"Sant Pere, Santa Caterina i la Ribera",67,5,15,1
2026-01-01,1,Ciutat Vella,4,"Sant Pere, Santa Caterina i la Ribera",49,5,15,2
2026-01-01,1,Ciutat Vella,4,"Sant Pere, Santa Caterina i la Ribera",40,5,16,1
2026-01-01,1,Ciutat Vella,4,"Sant Pere, Santa Caterina i la Ribera",23,5,16,2
2026-01-01,1,Ciutat Vella,4,"Sant Pere, Santa Caterina i la Ribera",15,5,17,1
2026-01-01,1,Ciutat Vella,4,"Sant Pere, Santa Caterina i la Ribera",9,5,17,2
2026-01-01,1,Ciutat Vella,4,"Sant Pere, Santa Caterina i la Ribera",9,5,18,1
2026-01-01,1,Ciutat Vella,4,"Sant Pere, Santa Caterina i la Ribera",..,5,19,1
2026-01-01,1,Ciutat Vella,4,"Sant Pere, Santa Caterina i la Ribera",..,5,19,2
2026-01-01,1,Ciutat Vella,4,"Sant Pere, Santa Caterina i la Ribera",..,5,20,1
2026-01-01,1,Ciutat Vella,4,"Sant Pere, Santa Caterina i la Ribera",..,5,20,2
2026-01-01,1,Ciutat Vella,4,"Sant Pere, Santa Caterina i la Ribera",..,6,3,2
2026-01-01,1,Ciutat Vella,4,"Sant Pere, Santa Caterina i la Ribera",..,6,4,1
2026-01-01,1,Ciutat Vella,4,"Sant Pere, Santa Caterina i la Ribera",..,6,5,2
2026-01-01,1,Ciutat Vella,4,"Sant Pere, Santa Caterina i la Ribera",..,6,6,1
2026-01-01,1,Ciutat Vella,4,"Sant Pere, Santa Caterina i la Ribera",..,6,7,1
2026-01-01,1,Ciutat Vella,4,"Sant Pere, Santa Caterina i la Ribera",..,6,9,1
2026-01-01,1,Ciutat Vella,4,"Sant Pere, Santa Caterina i la Ribera",..,6,9,2
2026-01-01,1,Ciutat Vella,4,"Sant Pere, Santa Caterina i la Ribera",..,6,10,2
2026-01-01,2,Eixample,5,el Fort Pienc,410,1,0,1
2026-01-01,2,Eixample,5,el Fort Pienc,441,1,0,2
2026-01-01,2,Eixample,5,el Fort Pienc,375,1,1,1
2026-01-01,2,Eixample,5,el Fort Pienc,398,1,1,2
2026-01-01,2,Eixample,5,el Fort Pienc,424,1,2,1
2026-01-01,2,Eixample,5,el Fort Pienc,456,1,2,2
2026-01-01,2,Eixample,5,el Fort Pienc,408,1,3,1
2026-01-01,2,Eixample,5,el Fort Pienc,468,1,3,2
2026-01-01,2,Eixample,5,el Fort Pienc,384,1,4,1
2026-01-01,2,Eixample,5,el Fort Pienc,422,1,4,2
2026-01-01,2,Eixample,5,el Fort Pienc,334,1,5,1
2026-01-01,2,Eixample,5,el Fort Pienc,357,1,5,2
2026-01-01,2,Eixample,5,el Fort Pienc,249,1,6,1
2026-01-01,2,Eixample,5,el Fort Pienc,325,1,6,2
2026-01-01,2,Eixample,5,el Fort Pienc,248,1,7,1
2026-01-01,2,Eixample,5,el Fort Pienc,300,1,7,2
2026-01-01,2,Eixample,5,el Fort Pienc,316,1,8,1
2026-01-01,2,Eixample,5,el Fort Pienc,342,1,8,2
2026-01-01,2,Eixample,5,el Fort Pienc,415,1,9,1
2026-01-01,2,Eixample,5,el Fort Pienc,428,1,9,2
2026-01-01,2,Eixample,5,el Fort Pienc,491,1,10,1
2026-01-01,2,Eixample,5,el Fort Pienc,458,1,10,2
2026-01-01,2,Eixample,5,el Fort Pienc,494,1,11,1
2026-01-01,2,Eixample,5,el Fort Pienc,468,1,11,2
2026-01-01,2,Eixample,5,el Fort Pienc,493,1,12,1
2026-01-01,2,Eixample,5,el Fort Pienc,494,1,12,2
2026-01-01,2,Eixample,5,el Fort Pienc,492,1,13,1
2026-01-01,2,Eixample,5,el Fort Pienc,409,1,13,2
2026-01-01,2,Eixample,5,el Fort Pienc,384,1,14,1
2026-01-01,2,Eixample,5,el Fort Pienc,316,1,14,2
2026-01-01,2,Eixample,5,el Fort Pienc,350,1,15,1
2026-01-01,2,Eixample,5,el Fort Pienc,250,1,15,2
2026-01-01,2,Eixample,5,el Fort Pienc,289,1,16,1
2026-01-01,2,Eixample,5,el Fort Pienc,189,1,16,2
2026-01-01,2,Eixample,5,el Fort Pienc,191,1,17,1
2026-01-01,2,Eixample,5,el Fort Pienc,90,1,17,2
2026-01-01,2,Eixample,5,el Fort Pienc,138,1,18,1
2026-01-01,2,Eixample,5,el Fort Pienc,54,1,18,2
2026-01-01,2,Eixample,5,el Fort Pienc,40,1,19,1
2026-01-01,2,Eixample,5,el Fort Pienc,11,1,19,2
2026-01-01,2,Eixample,5,el Fort Pienc,6,1,20,1
2026-01-01,2,Eixample,5,el Fort Pienc,20,2,0,1
2026-01-01,2,Eixample,5,el Fort Pienc,26,2,0,2
2026-01-01,2,Eixample,5,el Fort Pienc,17,2,1,1
2026-01-01,2,Eixample,5,el Fort Pienc,18,2,1,2
2026-01-01,2,Eixample,5,el Fort Pienc,20,2,2,1
2026-01-01,2,Eixample,5,el Fort Pienc,32,2,2,2
2026-01-01,2,Eixample,5,el Fort Pienc,35,2,3,1
2026-01-01,2,Eixample,5,el Fort Pienc,41,2,3,2
2026-01-01,2,Eixample,5,el Fort Pienc,43,2,4,1
2026-01-01,2,Eixample,5,el Fort Pienc,33,2,4,2
2026-01-01,2,Eixample,5,el Fort Pienc,75,2,5,1
2026-01-01,2,Eixample,5,el Fort Pienc,64,2,5,2
2026-01-01,2,Eixample,5,el Fort Pienc,78,2,6,1
2026-01-01,2,Eixample,5,el Fort Pienc,86,2,6,2
2026-01-01,2,Eixample,5,el Fort Pienc,62,2,7,1
2026-01-01,2,Eixample,5,el Fort Pienc,57,2,7,2
2026-01-01,2,Eixample,5,el Fort Pienc,81,2,8,1
2026-01-01,2,Eixample,5,el Fort Pienc,89,2,8,2
2026-01-01,2,Eixample,5,el Fort Pienc,78,2,9,1
2026-01-01,2,Eixample,5,el Fort Pienc,95,2,9,2
2026-01-01,2,Eixample,5,el Fort Pienc,78,2,10,1
2026-01-01,2,Eixample,5,el Fort Pienc,90,2,10,2
2026-01-01,2,Eixample,5,el Fort Pienc,87,2,11,1
2026-01-01,2,Eixample,5,el Fort Pienc,76,2,11,2
2026-01-01,2,Eixample,5,el Fort Pienc,102,2,12,1
2026-01-01,2,Eixample,5,el Fort Pienc,85,2,12,2
2026-01-01,2,Eixample,5,el Fort Pienc,101,2,13,1
2026-01-01,2,Eixample,5,el Fort Pienc,80,2,13,2
2026-01-01,2,Eixample,5,el Fort Pienc,106,2,14,1
2026-01-01,2,Eixample,5,el Fort Pienc,69,2,14,2
2026-01-01,2,Eixample,5,el Fort Pienc,96,2,15,1
2026-01-01,2,Eixample,5,el Fort Pienc,91,2,15,2
2026-01-01,2,Eixample,5,el Fort Pienc,85,2,16,1
2026-01-01,2,Eixample,5,el Fort Pienc,56,2,16,2
2026-01-01,2,Eixample,5,el Fort Pienc,61,2,17,1
2026-01-01,2,Eixample,5,el Fort Pienc,25,2,17,2
2026-01-01,2,Eixample,5,el Fort Pienc,49,2,18,1
2026-01-01,2,Eixample,5,el Fort Pienc,27,2,18,2
2026-01-01,2,Eixample,5,el Fort Pienc,12,2,19,1
2026-01-01,2,Eixample,5,el Fort Pienc,5,2,19,2
2026-01-01,2,Eixample,5,el Fort Pienc,..,2,20,1
2026-01-01,2,Eixample,5,el Fort Pienc,5,3,0,1
2026-01-01,2,Eixample,5,el Fort Pienc,..,3,0,2
2026-01-01,2,Eixample,5,el Fort Pienc,6,3,1,1
2026-01-01,2,Eixample,5,el Fort Pienc,11,3,1,2
2026-01-01,2,Eixample,5,el Fort Pienc,11,3,2,1
2026-01-01,2,Eixample,5,el Fort Pienc,15,3,2,2
2026-01-01,2,Eixample,5,el Fort Pienc,20,3,3,1
2026-01-01,2,Eixample,5,el Fort Pienc,13,3,3,2
2026-01-01,2,Eixample,5,el Fort Pienc,24,3,4,1
2026-01-01,2,Eixample,5,el Fort Pienc,20,3,4,2
2026-01-01,2,Eixample,5,el Fort Pienc,86,3,5,1
2026-01-01,2,Eixample,5,el Fort Pienc,80,3,5,2
2026-01-01,2,Eixample,5,el Fort Pienc,93,3,6,1
2026-01-01,2,Eixample,5,el Fort Pienc,112,3,6,2
2026-01-01,2,Eixample,5,el Fort Pienc,97,3,7,1
2026-01-01,2,Eixample,5,el Fort Pienc,93,3,7,2
2026-01-01,2,Eixample,5,el Fort Pienc,107,3,8,1
2026-01-01,2,Eixample,5,el Fort Pienc,112,3,8,2
2026-01-01,2,Eixample,5,el Fort Pienc,94,3,9,1
2026-01-01,2,Eixample,5,el Fort Pienc,119,3,9,2
2026-01-01,2,Eixample,5,el Fort Pienc,96,3,10,1
2026-01-01,2,Eixample,5,el Fort Pienc,109,3,10,2
2026-01-01,2,Eixample,5,el Fort Pienc,107,3,11,1
2026-01-01,2,Eixample,5,el Fort Pienc,99,3,11,2
2026-01-01,2,Eixample,5,el Fort Pienc,180,3,12,1
2026-01-01,2,Eixample,5,el Fort Pienc,131,3,12,2
2026-01-01,2,Eixample,5,el Fort Pienc,258,3,13,1
2026-01-01,2,Eixample,5,el Fort Pienc,172,3,13,2
2026-01-01,2,Eixample,5,el Fort Pienc,264,3,14,1
2026-01-01,2,Eixample,5,el Fort Pienc,192,3,14,2
2026-01-01,2,Eixample,5,el Fort Pienc,314,3,15,1
2026-01-01,2,Eixample,5,el Fort Pienc,220,3,15,2
2026-01-01,2,Eixample,5,el Fort Pienc,242,3,16,1
2026-01-01,2,Eixample,5,el Fort Pienc,145,3,16,2
2026-01-01,2,Eixample,5,el Fort Pienc,172,3,17,1
2026-01-01,2,Eixample,5,el Fort Pienc,91,3,17,2
2026-01-01,2,Eixample,5,el Fort Pienc,107,3,18,1
2026-01-01,2,Eixample,5,el Fort Pienc,47,3,18,2
2026-01-01,2,Eixample,5,el Fort Pienc,35,3,19,1
2026-01-01,2,Eixample,5,el Fort Pienc,8,3,19,2
2026-01-01,2,Eixample,5,el Fort Pienc,8,3,20,1
2026-01-01,2,Eixample,5,el Fort Pienc,..,3,20,2
2026-01-01,2,Eixample,5,el Fort Pienc,15,4,0,1
2026-01-01,2,Eixample,5,el Fort Pienc,11,4,0,2
2026-01-01,2,Eixample,5,el Fort Pienc,15,4,1,1
2026-01-01,2,Eixample,5,el Fort Pienc,10,4,1,2
2026-01-01,2,Eixample,5,el Fort Pienc,17,4,2,1
2026-01-01,2,Eixample,5,el Fort Pienc,18,4,2,2
2026-01-01,2,Eixample,5,el Fort Pienc,13,4,3,1
2026-01-01,2,Eixample,5,el Fort Pienc,15,4,3,2
2026-01-01,2,Eixample,5,el Fort Pienc,78,4,4,1
2026-01-01,2,Eixample,5,el Fort Pienc,42,4,4,2
2026-01-01,2,Eixample,5,el Fort Pienc,226,4,5,1
2026-01-01,2,Eixample,5,el Fort Pienc,175,4,5,2
2026-01-01,2,Eixample,5,el Fort Pienc,198,4,6,1
2026-01-01,2,Eixample,5,el Fort Pienc,233,4,6,2
2026-01-01,2,Eixample,5,el Fort Pienc,201,4,7,1
2026-01-01,2,Eixample,5,el Fort Pienc,218,4,7,2
2026-01-01,2,Eixample,5,el Fort Pienc,163,4,8,1
2026-01-01,2,Eixample,5,el Fort Pienc,210,4,8,2
2026-01-01,2,Eixample,5,el Fort Pienc,114,4,9,1
2026-01-01,2,Eixample,5,el Fort Pienc,150,4,9,2
2026-01-01,2,Eixample,5,el Fort Pienc,67,4,10,1
2026-01-01,2,Eixample,5,el Fort Pienc,97,4,10,2
2026-01-01,2,Eixample,5,el Fort Pienc,34,4,11,1
2026-01-01,2,Eixample,5,el Fort Pienc,61,4,11,2
2026-01-01,2,Eixample,5,el Fort Pienc,29,4,12,1
2026-01-01,2,Eixample,5,el Fort Pienc,46,4,12,2
2026-01-01,2,Eixample,5,el Fort Pienc,18,4,13,1
2026-01-01,2,Eixample,5,el Fort Pienc,20,4,13,2
2026-01-01,2,Eixample,5,el Fort Pienc,16,4,14,1
2026-01-01,2,Eixample,5,el Fort Pienc,10,4,14,2
2026-01-01,2,Eixample,5,el Fort Pienc,21,4,15,1
2026-01-01,2,Eixample,5,el Fort Pienc,8,4,15,2
2026-01-01,2,Eixample,5,el Fort Pienc,10,4,16,1
2026-01-01,2,Eixample,5,el Fort Pienc,..,4,16,2
2026-01-01,2,Eixample,5,el Fort Pienc,5,4,17,1
2026-01-01,2,Eixample,5,el Fort Pienc,..,4,17,2
2026-01-01,2,Eixample,5,el Fort Pienc,..,4,18,1
2026-01-01,2,Eixample,5,el Fort Pienc,..,4,18,2
2026-01-01,2,Eixample,5,el Fort Pienc,..,4,19,1
2026-01-01,2,Eixample,5,el Fort Pienc,..,4,19,2
2026-01-01,2,Eixample,5,el Fort Pienc,42,5,0,1
2026-01-01,2,Eixample,5,el Fort Pienc,44,5,0,2
2026-01-01,2,Eixample,5,el Fort Pienc,119,5,1,1
2026-01-01,2,Eixample,5,el Fort Pienc,125,5,1,2
2026-01-01,2,Eixample,5,el Fort Pienc,120,5,2,1
2026-01-01,2,Eixample,5,el Fort Pienc,140,5,2,2
2026-01-01,2,Eixample,5,el Fort Pienc,131,5,3,1
2026-01-01,2,Eixample,5,el Fort Pienc,191,5,3,2
2026-01-01,2,Eixample,5,el Fort Pienc,395,5,4,1
2026-01-01,2,Eixample,5,el Fort Pienc,753,5,4,2
2026-01-01,2,Eixample,5,el Fort Pienc,826,5,5,1
2026-01-01,2,Eixample,5,el Fort Pienc,1224,5,5,2
2026-01-01,2,Eixample,5,el Fort Pienc,1151,5,6,1
2026-01-01,2,Eixample,5,el Fort Pienc,1448,5,6,2
2026-01-01,2,Eixample,5,el Fort Pienc,929,5,7,1
2026-01-01,2,Eixample,5,el Fort Pienc,1248,5,7,2
2026-01-01,2,Eixample,5,el Fort Pienc,695,5,8,1
2026-01-01,2,Eixample,5,el Fort Pienc,903,5,8,2
2026-01-01,2,Eixample,5,el Fort Pienc,590,5,9,1
2026-01-01,2,Eixample,5,el Fort Pienc,644,5,9,2
2026-01-01,2,Eixample,5,el Fort Pienc,457,5,10,1
2026-01-01,2,Eixample,5,el Fort Pienc,530,5,10,2
2026-01-01,2,Eixample,5,el Fort Pienc,351,5,11,1
2026-01-01,2,Eixample,5,el Fort Pienc,367,5,11,2
2026-01-01,2,Eixample,5,el Fort Pienc,282,5,12,1
2026-01-01,2,Eixample,5,el Fort Pienc,240,5,12,2
2026-01-01,2,Eixample,5,el Fort Pienc,248,5,13,1
2026-01-01,2,Eixample,5,el Fort Pienc,166,5,13,2
2026-01-01,2,Eixample,5,el Fort Pienc,153,5,14,1
2026-01-01,2,Eixample,5,el Fort Pienc,120,5,14,2
2026-01-01,2,Eixample,5,el Fort Pienc,88,5,15,1
2026-01-01,2,Eixample,5,el Fort Pienc,71,5,15,2
2026-01-01,2,Eixample,5,el Fort Pienc,48,5,16,1
2026-01-01,2,Eixample,5,el Fort Pienc,24,5,16,2
2026-01-01,2,Eixample,5,el Fort Pienc,25,5,17,1
2026-01-01,2,Eixample,5,el Fort Pienc,12,5,17,2
2026-01-01,2,Eixample,5,el Fort Pienc,12,5,18,1
2026-01-01,2,Eixample,5,el Fort Pienc,6,5,18,2
2026-01-01,2,Eixample,5,el Fort Pienc,..,5,19,1
2026-01-01,2,Eixample,5,el Fort Pienc,..,5,19,2
2026-01-01,2,Eixample,5,el Fort Pienc,..,5,20,1
2026-01-01,2,Eixample,5,el Fort Pienc,..,6,3,1
2026-01-01,2,Eixample,5,el Fort Pienc,..,6,4,1
2026-01-01,2,Eixample,5,el Fort Pienc,..,6,4,2
2026-01-01,2,Eixample,5,el Fort Pienc,..,6,5,1
2026-01-01,2,Eixample,5,el Fort Pienc,..,6,6,1
2026-01-01,2,Eixample,5,el Fort Pienc,..,6,6,2
2026-01-01,2,Eixample,5,el Fort Pienc,..,6,7,1
2026-01-01,2,Eixample,5,el Fort Pienc,..,6,7,2
2026-01-01,2,Eixample,5,el Fort Pienc,..,6,8,1
2026-01-01,2,Eixample,5,el Fort Pienc,..,6,8,2
2026-01-01,2,Eixample,5,el Fort Pienc,..,6,11,2
2026-01-01,2,Eixample,6,la Sagrada Família,612,1,0,1
2026-01-01,2,Eixample,6,la Sagrada Família,602,1,0,2
2026-01-01,2,Eixample,6,la Sagrada Família,561,1,1,1
2026-01-01,2,Eixample,6,la Sagrada Família,578,1,1,2
2026-01-01,2,Eixample,6,la Sagrada Família,578,1,2,1
2026-01-01,2,Eixample,6,la Sagrada Família,624,1,2,2
2026-01-01,2,Eixample,6,la Sagrada Família,624,1,3,1
2026-01-01,2,Eixample,6,la Sagrada Família,636,1,3,2
2026-01-01,2,Eixample,6,la Sagrada Família,597,1,4,1
2026-01-01,2,Eixample,6,la Sagrada Família,590,1,4,2
2026-01-01,2,Eixample,6,la Sagrada Família,552,1,5,1
2026-01-01,2,Eixample,6,la Sagrada Família,596,1,5,2
2026-01-01,2,Eixample,6,la Sagrada Família,445,1,6,1
2026-01-01,2,Eixample,6,la Sagrada Família,537,1,6,2
2026-01-01,2,Eixample,6,la Sagrada Família,419,1,7,1
2026-01-01,2,Eixample,6,la Sagrada Família,487,1,7,2
2026-01-01,2,Eixample,6,la Sagrada Família,503,1,8,1
2026-01-01,2,Eixample,6,la Sagrada Família,598,1,8,2
2026-01-01,2,Eixample,6,la Sagrada Família,633,1,9,1
2026-01-01,2,Eixample,6,la Sagrada Família,641,1,9,2
2026-01-01,2,Eixample,6,la Sagrada Família,803,1,10,1
2026-01-01,2,Eixample,6,la Sagrada Família,742,1,10,2
2026-01-01,2,Eixample,6,la Sagrada Família,849,1,11,1
2026-01-01,2,Eixample,6,la Sagrada Família,773,1,11,2
2026-01-01,2,Eixample,6,la Sagrada Família,982,1,12,1
2026-01-01,2,Eixample,6,la Sagrada Família,819,1,12,2
2026-01-01,2,Eixample,6,la Sagrada Família,877,1,13,1
2026-01-01,2,Eixample,6,la Sagrada Família,704,1,13,2
2026-01-01,2,Eixample,6,la Sagrada Família,627,1,14,1
2026-01-01,2,Eixample,6,la Sagrada Família,532,1,14,2
2026-01-01,2,Eixample,6,la Sagrada Família,604,1,15,1
2026-01-01,2,Eixample,6,la Sagrada Família,440,1,15,2
2026-01-01,2,Eixample,6,la Sagrada Família,458,1,16,1
2026-01-01,2,Eixample,6,la Sagrada Família,267,1,16,2
2026-01-01,2,Eixample,6,la Sagrada Família,324,1,17,1
2026-01-01,2,Eixample,6,la Sagrada Família,159,1,17,2
2026-01-01,2,Eixample,6,la Sagrada Família,234,1,18,1
2026-01-01,2,Eixample,6,la Sagrada Família,107,1,18,2
2026-01-01,2,Eixample,6,la Sagrada Família,105,1,19,1
2026-01-01,2,Eixample,6,la Sagrada Família,20,1,19,2
2026-01-01,2,Eixample,6,la Sagrada Família,17,1,20,1
2026-01-01,2,Eixample,6,la Sagrada Família,..,1,20,2
2026-01-01,2,Eixample,6,la Sagrada Família,32,2,0,1
2026-01-01,2,Eixample,6,la Sagrada Família,33,2,0,2
2026-01-01,2,Eixample,6,la Sagrada Família,27,2,1,1
2026-01-01,2,Eixample,6,la Sagrada Família,34,2,1,2
2026-01-01,2,Eixample,6,la Sagrada Família,42,2,2,1
2026-01-01,2,Eixample,6,la Sagrada Família,49,2,2,2
2026-01-01,2,Eixample,6,la Sagrada Família,55,2,3,1
2026-01-01,2,Eixample,6,la Sagrada Família,38,2,3,2
2026-01-01,2,Eixample,6,la Sagrada Família,76,2,4,1
2026-01-01,2,Eixample,6,la Sagrada Família,64,2,4,2
2026-01-01,2,Eixample,6,la Sagrada Família,140,2,5,1
2026-01-01,2,Eixample,6,la Sagrada Família,88,2,5,2
2026-01-01,2,Eixample,6,la Sagrada Família,134,2,6,1
2026-01-01,2,Eixample,6,la Sagrada Família,127,2,6,2
2026-01-01,2,Eixample,6,la Sagrada Família,92,2,7,1
2026-01-01,2,Eixample,6,la Sagrada Família,117,2,7,2
2026-01-01,2,Eixample,6,la Sagrada Família,113,2,8,1
2026-01-01,2,Eixample,6,la Sagrada Família,98,2,8,2
2026-01-01,2,Eixample,6,la Sagrada Família,130,2,9,1
2026-01-01,2,Eixample,6,la Sagrada Família,136,2,9,2
2026-01-01,2,Eixample,6,la Sagrada Família,112,2,10,1
2026-01-01,2,Eixample,6,la Sagrada Família,110,2,10,2
2026-01-01,2,Eixample,6,la Sagrada Família,129,2,11,1
2026-01-01,2,Eixample,6,la Sagrada Família,108,2,11,2
2026-01-01,2,Eixample,6,la Sagrada Família,146,2,12,1
2026-01-01,2,Eixample,6,la Sagrada Família,124,2,12,2
2026-01-01,2,Eixample,6,la Sagrada Família,151,2,13,1
2026-01-01,2,Eixample,6,la Sagrada Família,121,2,13,2
2026-01-01,2,Eixample,6,la Sagrada Família,161,2,14,1
2026-01-01,2,Eixample,6,la Sagrada Família,129,2,14,2
2026-01-01,2,Eixample,6,la Sagrada Família,155,2,15,1
2026-01-01,2,Eixample,6,la Sagrada Família,124,2,15,2
2026-01-01,2,Eixample,6,la Sagrada Família,125,2,16,1
2026-01-01,2,Eixample,6,la Sagrada Família,76,2,16,2
2026-01-01,2,Eixample,6,la Sagrada Família,105,2,17,1
2026-01-01,2,Eixample,6,la Sagrada Família,40,2,17,2
2026-01-01,2,Eixample,6,la Sagrada Família,92,2,18,1
2026-01-01,2,Eixample,6,la Sagrada Família,36,2,18,2
2026-01-01,2,Eixample,6,la Sagrada Família,36,2,19,1
2026-01-01,2,Eixample,6,la Sagrada Família,9,2,19,2
2026-01-01,2,Eixample,6,la Sagrada Família,5,2,20,1
2026-01-01,2,Eixample,6,la Sagrada Família,..,2,20,2
2026-01-01,2,Eixample,6,la Sagrada Família,8,3,0,1
2026-01-01,2,Eixample,6,la Sagrada Família,6,3,0,2
2026-01-01,2,Eixample,6,la Sagrada Família,7,3,1,1
2026-01-01,2,Eixample,6,la Sagrada Família,11,3,1,2
2026-01-01,2,Eixample,6,la Sagrada Família,14,3,2,1
2026-01-01,2,Eixample,6,la Sagrada Família,13,3,2,2
2026-01-01,2,Eixample,6,la Sagrada Família,21,3,3,1
2026-01-01,2,Eixample,6,la Sagrada Família,20,3,3,2
2026-01-01,2,Eixample,6,la Sagrada Família,50,3,4,1
2026-01-01,2,Eixample,6,la Sagrada Família,36,3,4,2
2026-01-01,2,Eixample,6,la Sagrada Família,148,3,5,1
2026-01-01,2,Eixample,6,la Sagrada Família,104,3,5,2
2026-01-01,2,Eixample,6,la Sagrada Família,187,3,6,1
2026-01-01,2,Eixample,6,la Sagrada Família,155,3,6,2
2026-01-01,2,Eixample,6,la Sagrada Família,137,3,7,1
2026-01-01,2,Eixample,6,la Sagrada Família,135,3,7,2
2026-01-01,2,Eixample,6,la Sagrada Família,154,3,8,1
2026-01-01,2,Eixample,6,la Sagrada Família,116,3,8,2
2026-01-01,2,Eixample,6,la Sagrada Família,145,3,9,1
2026-01-01,2,Eixample,6,la Sagrada Família,136,3,9,2
2026-01-01,2,Eixample,6,la Sagrada Família,131,3,10,1
2026-01-01,2,Eixample,6,la Sagrada Família,103,3,10,2
2026-01-01,2,Eixample,6,la Sagrada Família,150,3,11,1
2026-01-01,2,Eixample,6,la Sagrada Família,120,3,11,2
2026-01-01,2,Eixample,6,la Sagrada Família,214,3,12,1
2026-01-01,2,Eixample,6,la Sagrada Família,147,3,12,2
2026-01-01,2,Eixample,6,la Sagrada Família,334,3,13,1
2026-01-01,2,Eixample,6,la Sagrada Família,230,3,13,2
2026-01-01,2,Eixample,6,la Sagrada Família,468,3,14,1
2026-01-01,2,Eixample,6,la Sagrada Família,284,3,14,2
2026-01-01,2,Eixample,6,la Sagrada Família,506,3,15,1
2026-01-01,2,Eixample,6,la Sagrada Família,279,3,15,2
2026-01-01,2,Eixample,6,la Sagrada Família,438,3,16,1
2026-01-01,2,Eixample,6,la Sagrada Família,259,3,16,2
2026-01-01,2,Eixample,6,la Sagrada Família,285,3,17,1
2026-01-01,2,Eixample,6,la Sagrada Família,150,3,17,2
2026-01-01,2,Eixample,6,la Sagrada Família,225,3,18,1
2026-01-01,2,Eixample,6,la Sagrada Família,93,3,18,2
2026-01-01,2,Eixample,6,la Sagrada Família,71,3,19,1
2026-01-01,2,Eixample,6,la Sagrada Família,29,3,19,2
2026-01-01,2,Eixample,6,la Sagrada Família,17,3,20,1
2026-01-01,2,Eixample,6,la Sagrada Família,..,3,20,2
2026-01-01,2,Eixample,6,la Sagrada Família,13,4,0,1
2026-01-01,2,Eixample,6,la Sagrada Família,9,4,0,2
2026-01-01,2,Eixample,6,la Sagrada Família,20,4,1,1
2026-01-01,2,Eixample,6,la Sagrada Família,13,4,1,2
2026-01-01,2,Eixample,6,la Sagrada Família,14,4,2,1
2026-01-01,2,Eixample,6,la Sagrada Família,24,4,2,2
2026-01-01,2,Eixample,6,la Sagrada Família,19,4,3,1
2026-01-01,2,Eixample,6,la Sagrada Família,12,4,3,2
2026-01-01,2,Eixample,6,la Sagrada Família,70,4,4,1
2026-01-01,2,Eixample,6,la Sagrada Família,49,4,4,2
2026-01-01,2,Eixample,6,la Sagrada Família,303,4,5,1
2026-01-01,2,Eixample,6,la Sagrada Família,187,4,5,2
2026-01-01,2,Eixample,6,la Sagrada Família,313,4,6,1
2026-01-01,2,Eixample,6,la Sagrada Família,321,4,6,2
2026-01-01,2,Eixample,6,la Sagrada Família,228,4,7,1
2026-01-01,2,Eixample,6,la Sagrada Família,266,4,7,2
2026-01-01,2,Eixample,6,la Sagrada Família,162,4,8,1
2026-01-01,2,Eixample,6,la Sagrada Família,205,4,8,2
2026-01-01,2,Eixample,6,la Sagrada Família,105,4,9,1
2026-01-01,2,Eixample,6,la Sagrada Família,146,4,9,2
2026-01-01,2,Eixample,6,la Sagrada Família,53,4,10,1
2026-01-01,2,Eixample,6,la Sagrada Família,99,4,10,2
2026-01-01,2,Eixample,6,la Sagrada Família,44,4,11,1
2026-01-01,2,Eixample,6,la Sagrada Família,60,4,11,2
2026-01-01,2,Eixample,6,la Sagrada Família,33,4,12,1
2026-01-01,2,Eixample,6,la Sagrada Família,44,4,12,2
2026-01-01,2,Eixample,6,la Sagrada Família,23,4,13,1
2026-01-01,2,Eixample,6,la Sagrada Família,21,4,13,2
2026-01-01,2,Eixample,6,la Sagrada Família,24,4,14,1
2026-01-01,2,Eixample,6,la Sagrada Família,10,4,14,2
2026-01-01,2,Eixample,6,la Sagrada Família,13,4,15,1
2026-01-01,2,Eixample,6,la Sagrada Família,9,4,15,2
2026-01-01,2,Eixample,6,la Sagrada Família,16,4,16,1
2026-01-01,2,Eixample,6,la Sagrada Família,5,4,16,2
2026-01-01,2,Eixample,6,la Sagrada Família,10,4,17,1
2026-01-01,2,Eixample,6,la Sagrada Família,7,4,17,2
2026-01-01,2,Eixample,6,la Sagrada Família,10,4,18,1
2026-01-01,2,Eixample,6,la Sagrada Família,..,4,18,2
2026-01-01,2,Eixample,6,la Sagrada Família,..,4,19,1
2026-01-01,2,Eixample,6,la Sagrada Família,47,5,0,1
2026-01-01,2,Eixample,6,la Sagrada Família,53,5,0,2
2026-01-01,2,Eixample,6,la Sagrada Família,138,5,1,1
2026-01-01,2,Eixample,6,la Sagrada Família,141,5,1,2
2026-01-01,2,Eixample,6,la Sagrada Família,222,5,2,1
2026-01-01,2,Eixample,6,la Sagrada Família,192,5,2,2
2026-01-01,2,Eixample,6,la Sagrada Família,206,5,3,1
2026-01-01,2,Eixample,6,la Sagrada Família,218,5,3,2
2026-01-01,2,Eixample,6,la Sagrada Família,576,5,4,1
2026-01-01,2,Eixample,6,la Sagrada Família,557,5,4,2
2026-01-01,2,Eixample,6,la Sagrada Família,1289,5,5,1
2026-01-01,2,Eixample,6,la Sagrada Família,1147,5,5,2
2026-01-01,2,Eixample,6,la Sagrada Família,1726,5,6,1
2026-01-01,2,Eixample,6,la Sagrada Família,1558,5,6,2
2026-01-01,2,Eixample,6,la Sagrada Família,1389,5,7,1
2026-01-01,2,Eixample,6,la Sagrada Família,1378,5,7,2
2026-01-01,2,Eixample,6,la Sagrada Família,990,5,8,1
2026-01-01,2,Eixample,6,la Sagrada Família,961,5,8,2
2026-01-01,2,Eixample,6,la Sagrada Família,818,5,9,1
2026-01-01,2,Eixample,6,la Sagrada Família,695,5,9,2
2026-01-01,2,Eixample,6,la Sagrada Família,644,5,10,1
2026-01-01,2,Eixample,6,la Sagrada Família,532,5,10,2
2026-01-01,2,Eixample,6,la Sagrada Família,537,5,11,1
2026-01-01,2,Eixample,6,la Sagrada Família,342,5,11,2
2026-01-01,2,Eixample,6,la Sagrada Família,436,5,12,1
2026-01-01,2,Eixample,6,la Sagrada Família,312,5,12,2
2026-01-01,2,Eixample,6,la Sagrada Família,356,5,13,1
2026-01-01,2,Eixample,6,la Sagrada Família,223,5,13,2
2026-01-01,2,Eixample,6,la Sagrada Família,241,5,14,1
2026-01-01,2,Eixample,6,la Sagrada Família,153,5,14,2
2026-01-01,2,Eixample,6,la Sagrada Família,145,5,15,1
2026-01-01,2,Eixample,6,la Sagrada Família,84,5,15,2
2026-01-01,2,Eixample,6,la Sagrada Família,67,5,16,1
2026-01-01,2,Eixample,6,la Sagrada Família,36,5,16,2
2026-01-01,2,Eixample,6,la Sagrada Família,48,5,17,1
2026-01-01,2,Eixample,6,la Sagrada Família,20,5,17,2
2026-01-01,2,Eixample,6,la Sagrada Família,10,5,18,1
2026-01-01,2,Eixample,6,la Sagrada Família,..,5,18,2
2026-01-01,2,Eixample,6,la Sagrada Família,6,5,19,1
2026-01-01,2,Eixample,6,la Sagrada Família,..,5,20,1
2026-01-01,2,Eixample,6,la Sagrada Família,..,5,20,2
2026-01-01,2,Eixample,6,la Sagrada Família,..,6,4,2
2026-01-01,2,Eixample,6,la Sagrada Família,..,6,5,1
2026-01-01,2,Eixample,6,la Sagrada Família,..,6,6,1
2026-01-01,2,Eixample,6,la Sagrada Família,..,6,6,2
2026-01-01,2,Eixample,6,la Sagrada Família,..,6,7,1
2026-01-01,2,Eixample,6,la Sagrada Família,..,6,8,1
2026-01-01,2,Eixample,6,la Sagrada Família,..,6,9,1
2026-01-01,2,Eixample,6,la Sagrada Família,..,6,10,1
2026-01-01,2,Eixample,6,la Sagrada Família,..,6,11,1
2026-01-01,2,Eixample,6,la Sagrada Família,..,6,12,1
2026-01-01,2,Eixample,7,la Dreta de l'Eixample,506,1,0,1
2026-01-01,2,Eixample,7,la Dreta de l'Eixample,560,1,0,2
2026-01-01,2,Eixample,7,la Dreta de l'Eixample,473,1,1,1
2026-01-01,2,Eixample,7,la Dreta de l'Eixample,459,1,1,2
2026-01-01,2,Eixample,7,la Dreta de l'Eixample,547,1,2,1
2026-01-01,2,Eixample,7,la Dreta de l'Eixample,595,1,2,2
2026-01-01,2,Eixample,7,la Dreta de l'Eixample,608,1,3,1
2026-01-01,2,Eixample,7,la Dreta de l'Eixample,657,1,3,2
2026-01-01,2,Eixample,7,la Dreta de l'Eixample,596,1,4,1
2026-01-01,2,Eixample,7,la Dreta de l'Eixample,588,1,4,2
2026-01-01,2,Eixample,7,la Dreta de l'Eixample,481,1,5,1
2026-01-01,2,Eixample,7,la Dreta de l'Eixample,539,1,5,2
2026-01-01,2,Eixample,7,la Dreta de l'Eixample,404,1,6,1
2026-01-01,2,Eixample,7,la Dreta de l'Eixample,458,1,6,2
2026-01-01,2,Eixample,7,la Dreta de l'Eixample,314,1,7,1
2026-01-01,2,Eixample,7,la Dreta de l'Eixample,393,1,7,2
2026-01-01,2,Eixample,7,la Dreta de l'Eixample,399,1,8,1
2026-01-01,2,Eixample,7,la Dreta de l'Eixample,362,1,8,2
2026-01-01,2,Eixample,7,la Dreta de l'Eixample,505,1,9,1
2026-01-01,2,Eixample,7,la Dreta de l'Eixample,493,1,9,2
2026-01-01,2,Eixample,7,la Dreta de l'Eixample,680,1,10,1
2026-01-01,2,Eixample,7,la Dreta de l'Eixample,654,1,10,2
2026-01-01,2,Eixample,7,la Dreta de l'Eixample,714,1,11,1
2026-01-01,2,Eixample,7,la Dreta de l'Eixample,619,1,11,2
2026-01-01,2,Eixample,7,la Dreta de l'Eixample,733,1,12,1
2026-01-01,2,Eixample,7,la Dreta de l'Eixample,678,1,12,2
2026-01-01,2,Eixample,7,la Dreta de l'Eixample,738,1,13,1
2026-01-01,2,Eixample,7,la Dreta de l'Eixample,574,1,13,2
2026-01-01,2,Eixample,7,la Dreta de l'Eixample,552,1,14,1
2026-01-01,2,Eixample,7,la Dreta de l'Eixample,480,1,14,2
2026-01-01,2,Eixample,7,la Dreta de l'Eixample,512,1,15,1
2026-01-01,2,Eixample,7,la Dreta de l'Eixample,389,1,15,2
2026-01-01,2,Eixample,7,la Dreta de l'Eixample,396,1,16,1
2026-01-01,2,Eixample,7,la Dreta de l'Eixample,291,1,16,2
2026-01-01,2,Eixample,7,la Dreta de l'Eixample,288,1,17,1
2026-01-01,2,Eixample,7,la Dreta de l'Eixample,140,1,17,2
2026-01-01,2,Eixample,7,la Dreta de l'Eixample,244,1,18,1
2026-01-01,2,Eixample,7,la Dreta de l'Eixample,76,1,18,2
2026-01-01,2,Eixample,7,la Dreta de l'Eixample,110,1,19,1
2026-01-01,2,Eixample,7,la Dreta de l'Eixample,27,1,19,2
2026-01-01,2,Eixample,7,la Dreta de l'Eixample,24,1,20,1
2026-01-01,2,Eixample,7,la Dreta de l'Eixample,..,1,20,2
2026-01-01,2,Eixample,7,la Dreta de l'Eixample,36,2,0,1
2026-01-01,2,Eixample,7,la Dreta de l'Eixample,31,2,0,2
2026-01-01,2,Eixample,7,la Dreta de l'Eixample,16,2,1,1
2026-01-01,2,Eixample,7,la Dreta de l'Eixample,27,2,1,2
2026-01-01,2,Eixample,7,la Dreta de l'Eixample,20,2,2,1
2026-01-01,2,Eixample,7,la Dreta de l'Eixample,20,2,2,2
2026-01-01,2,Eixample,7,la Dreta de l'Eixample,45,2,3,1
2026-01-01,2,Eixample,7,la Dreta de l'Eixample,53,2,3,2
2026-01-01,2,Eixample,7,la Dreta de l'Eixample,81,2,4,1
2026-01-01,2,Eixample,7,la Dreta de l'Eixample,52,2,4,2
2026-01-01,2,Eixample,7,la Dreta de l'Eixample,98,2,5,1
2026-01-01,2,Eixample,7,la Dreta de l'Eixample,78,2,5,2
2026-01-01,2,Eixample,7,la Dreta de l'Eixample,124,2,6,1
2026-01-01,2,Eixample,7,la Dreta de l'Eixample,87,2,6,2
2026-01-01,2,Eixample,7,la Dreta de l'Eixample,81,2,7,1
2026-01-01,2,Eixample,7,la Dreta de l'Eixample,79,2,7,2
2026-01-01,2,Eixample,7,la Dreta de l'Eixample,91,2,8,1
2026-01-01,2,Eixample,7,la Dreta de l'Eixample,112,2,8,2
2026-01-01,2,Eixample,7,la Dreta de l'Eixample,137,2,9,1
2026-01-01,2,Eixample,7,la Dreta de l'Eixample,119,2,9,2
2026-01-01,2,Eixample,7,la Dreta de l'Eixample,139,2,10,1
2026-01-01,2,Eixample,7,la Dreta de l'Eixample,124,2,10,2
2026-01-01,2,Eixample,7,la Dreta de l'Eixample,128,2,11,1
2026-01-01,2,Eixample,7,la Dreta de l'Eixample,94,2,11,2
2026-01-01,2,Eixample,7,la Dreta de l'Eixample,168,2,12,1
2026-01-01,2,Eixample,7,la Dreta de l'Eixample,120,2,12,2
2026-01-01,2,Eixample,7,la Dreta de l'Eixample,151,2,13,1
2026-01-01,2,Eixample,7,la Dreta de l'Eixample,119,2,13,2
2026-01-01,2,Eixample,7,la Dreta de l'Eixample,163,2,14,1
2026-01-01,2,Eixample,7,la Dreta de l'Eixample,127,2,14,2
2026-01-01,2,Eixample,7,la Dreta de l'Eixample,143,2,15,1
2026-01-01,2,Eixample,7,la Dreta de l'Eixample,108,2,15,2
2026-01-01,2,Eixample,7,la Dreta de l'Eixample,120,2,16,1
2026-01-01,2,Eixample,7,la Dreta de l'Eixample,79,2,16,2
2026-01-01,2,Eixample,7,la Dreta de l'Eixample,108,2,17,1
2026-01-01,2,Eixample,7,la Dreta de l'Eixample,52,2,17,2
2026-01-01,2,Eixample,7,la Dreta de l'Eixample,88,2,18,1
2026-01-01,2,Eixample,7,la Dreta de l'Eixample,25,2,18,2
2026-01-01,2,Eixample,7,la Dreta de l'Eixample,37,2,19,1
2026-01-01,2,Eixample,7,la Dreta de l'Eixample,7,2,19,2
2026-01-01,2,Eixample,7,la Dreta de l'Eixample,..,2,20,1
2026-01-01,2,Eixample,7,la Dreta de l'Eixample,..,2,20,2
2026-01-01,2,Eixample,7,la Dreta de l'Eixample,..,3,0,1
2026-01-01,2,Eixample,7,la Dreta de l'Eixample,10,3,0,2
2026-01-01,2,Eixample,7,la Dreta de l'Eixample,14,3,1,1
2026-01-01,2,Eixample,7,la Dreta de l'Eixample,15,3,1,2
2026-01-01,2,Eixample,7,la Dreta de l'Eixample,18,3,2,1
2026-01-01,2,Eixample,7,la Dreta de l'Eixample,14,3,2,2
2026-01-01,2,Eixample,7,la Dreta de l'Eixample,22,3,3,1
2026-01-01,2,Eixample,7,la Dreta de l'Eixample,18,3,3,2
2026-01-01,2,Eixample,7,la Dreta de l'Eixample,30,3,4,1
2026-01-01,2,Eixample,7,la Dreta de l'Eixample,19,3,4,2
2026-01-01,2,Eixample,7,la Dreta de l'Eixample,118,3,5,1
2026-01-01,2,Eixample,7,la Dreta de l'Eixample,73,3,5,2
2026-01-01,2,Eixample,7,la Dreta de l'Eixample,148,3,6,1
2026-01-01,2,Eixample,7,la Dreta de l'Eixample,134,3,6,2
2026-01-01,2,Eixample,7,la Dreta de l'Eixample,132,3,7,1
2026-01-01,2,Eixample,7,la Dreta de l'Eixample,127,3,7,2
2026-01-01,2,Eixample,7,la Dreta de l'Eixample,130,3,8,1
2026-01-01,2,Eixample,7,la Dreta de l'Eixample,126,3,8,2
2026-01-01,2,Eixample,7,la Dreta de l'Eixample,130,3,9,1
2026-01-01,2,Eixample,7,la Dreta de l'Eixample,163,3,9,2
2026-01-01,2,Eixample,7,la Dreta de l'Eixample,138,3,10,1
2026-01-01,2,Eixample,7,la Dreta de l'Eixample,118,3,10,2
2026-01-01,2,Eixample,7,la Dreta de l'Eixample,135,3,11,1
2026-01-01,2,Eixample,7,la Dreta de l'Eixample,87,3,11,2
2026-01-01,2,Eixample,7,la Dreta de l'Eixample,137,3,12,1
2026-01-01,2,Eixample,7,la Dreta de l'Eixample,125,3,12,2
2026-01-01,2,Eixample,7,la Dreta de l'Eixample,230,3,13,1
2026-01-01,2,Eixample,7,la Dreta de l'Eixample,120,3,13,2
2026-01-01,2,Eixample,7,la Dreta de l'Eixample,259,3,14,1
2026-01-01,2,Eixample,7,la Dreta de l'Eixample,171,3,14,2
2026-01-01,2,Eixample,7,la Dreta de l'Eixample,257,3,15,1
2026-01-01,2,Eixample,7,la Dreta de l'Eixample,156,3,15,2
2026-01-01,2,Eixample,7,la Dreta de l'Eixample,222,3,16,1
2026-01-01,2,Eixample,7,la Dreta de l'Eixample,173,3,16,2
2026-01-01,2,Eixample,7,la Dreta de l'Eixample,149,3,17,1
2026-01-01,2,Eixample,7,la Dreta de l'Eixample,62,3,17,2
2026-01-01,2,Eixample,7,la Dreta de l'Eixample,128,3,18,1
2026-01-01,2,Eixample,7,la Dreta de l'Eixample,36,3,18,2
2026-01-01,2,Eixample,7,la Dreta de l'Eixample,55,3,19,1
2026-01-01,2,Eixample,7,la Dreta de l'Eixample,7,3,19,2
2026-01-01,2,Eixample,7,la Dreta de l'Eixample,11,3,20,1
2026-01-01,2,Eixample,7,la Dreta de l'Eixample,..,3,20,2
2026-01-01,2,Eixample,7,la Dreta de l'Eixample,23,4,0,1
2026-01-01,2,Eixample,7,la Dreta de l'Eixample,28,4,0,2
2026-01-01,2,Eixample,7,la Dreta de l'Eixample,31,4,1,1
2026-01-01,2,Eixample,7,la Dreta de l'Eixample,30,4,1,2
2026-01-01,2,Eixample,7,la Dreta de l'Eixample,37,4,2,1
2026-01-01,2,Eixample,7,la Dreta de l'Eixample,55,4,2,2
2026-01-01,2,Eixample,7,la Dreta de l'Eixample,46,4,3,1
2026-01-01,2,Eixample,7,la Dreta de l'Eixample,44,4,3,2
2026-01-01,2,Eixample,7,la Dreta de l'Eixample,164,4,4,1
2026-01-01,2,Eixample,7,la Dreta de l'Eixample,100,4,4,2
2026-01-01,2,Eixample,7,la Dreta de l'Eixample,422,4,5,1
2026-01-01,2,Eixample,7,la Dreta de l'Eixample,335,4,5,2
2026-01-01,2,Eixample,7,la Dreta de l'Eixample,386,4,6,1
2026-01-01,2,Eixample,7,la Dreta de l'Eixample,406,4,6,2
2026-01-01,2,Eixample,7,la Dreta de l'Eixample,346,4,7,1
2026-01-01,2,Eixample,7,la Dreta de l'Eixample,317,4,7,2
2026-01-01,2,Eixample,7,la Dreta de l'Eixample,192,4,8,1
2026-01-01,2,Eixample,7,la Dreta de l'Eixample,217,4,8,2
2026-01-01,2,Eixample,7,la Dreta de l'Eixample,174,4,9,1
2026-01-01,2,Eixample,7,la Dreta de l'Eixample,201,4,9,2
2026-01-01,2,Eixample,7,la Dreta de l'Eixample,122,4,10,1
2026-01-01,2,Eixample,7,la Dreta de l'Eixample,168,4,10,2
2026-01-01,2,Eixample,7,la Dreta de l'Eixample,74,4,11,1
2026-01-01,2,Eixample,7,la Dreta de l'Eixample,141,4,11,2
2026-01-01,2,Eixample,7,la Dreta de l'Eixample,56,4,12,1
2026-01-01,2,Eixample,7,la Dreta de l'Eixample,81,4,12,2
2026-01-01,2,Eixample,7,la Dreta de l'Eixample,33,4,13,1
2026-01-01,2,Eixample,7,la Dreta de l'Eixample,35,4,13,2
2026-01-01,2,Eixample,7,la Dreta de l'Eixample,21,4,14,1
2026-01-01,2,Eixample,7,la Dreta de l'Eixample,25,4,14,2
2026-01-01,2,Eixample,7,la Dreta de l'Eixample,21,4,15,1
2026-01-01,2,Eixample,7,la Dreta de l'Eixample,14,4,15,2
2026-01-01,2,Eixample,7,la Dreta de l'Eixample,21,4,16,1
2026-01-01,2,Eixample,7,la Dreta de l'Eixample,15,4,16,2
2026-01-01,2,Eixample,7,la Dreta de l'Eixample,20,4,17,1
2026-01-01,2,Eixample,7,la Dreta de l'Eixample,12,4,17,2
2026-01-01,2,Eixample,7,la Dreta de l'Eixample,12,4,18,1
2026-01-01,2,Eixample,7,la Dreta de l'Eixample,..,4,18,2
2026-01-01,2,Eixample,7,la Dreta de l'Eixample,..,4,19,1
2026-01-01,2,Eixample,7,la Dreta de l'Eixample,..,4,19,2
2026-01-01,2,Eixample,7,la Dreta de l'Eixample,69,5,0,1
2026-01-01,2,Eixample,7,la Dreta de l'Eixample,57,5,0,2
2026-01-01,2,Eixample,7,la Dreta de l'Eixample,151,5,1,1
2026-01-01,2,Eixample,7,la Dreta de l'Eixample,137,5,1,2
2026-01-01,2,Eixample,7,la Dreta de l'Eixample,157,5,2,1
2026-01-01,2,Eixample,7,la Dreta de l'Eixample,182,5,2,2
2026-01-01,2,Eixample,7,la Dreta de l'Eixample,227,5,3,1
2026-01-01,2,Eixample,7,la Dreta de l'Eixample,182,5,3,2
2026-01-01,2,Eixample,7,la Dreta de l'Eixample,502,5,4,1
2026-01-01,2,Eixample,7,la Dreta de l'Eixample,458,5,4,2
2026-01-01,2,Eixample,7,la Dreta de l'Eixample,1068,5,5,1
2026-01-01,2,Eixample,7,la Dreta de l'Eixample,795,5,5,2
2026-01-01,2,Eixample,7,la Dreta de l'Eixample,1313,5,6,1
2026-01-01,2,Eixample,7,la Dreta de l'Eixample,1155,5,6,2
2026-01-01,2,Eixample,7,la Dreta de l'Eixample,1067,5,7,1
2026-01-01,2,Eixample,7,la Dreta de l'Eixample,998,5,7,2
2026-01-01,2,Eixample,7,la Dreta de l'Eixample,763,5,8,1
2026-01-01,2,Eixample,7,la Dreta de l'Eixample,738,5,8,2
2026-01-01,2,Eixample,7,la Dreta de l'Eixample,613,5,9,1
2026-01-01,2,Eixample,7,la Dreta de l'Eixample,560,5,9,2
2026-01-01,2,Eixample,7,la Dreta de l'Eixample,472,5,10,1
2026-01-01,2,Eixample,7,la Dreta de l'Eixample,441,5,10,2
2026-01-01,2,Eixample,7,la Dreta de l'Eixample,336,5,11,1
2026-01-01,2,Eixample,7,la Dreta de l'Eixample,337,5,11,2
2026-01-01,2,Eixample,7,la Dreta de l'Eixample,309,5,12,1
2026-01-01,2,Eixample,7,la Dreta de l'Eixample,250,5,12,2
2026-01-01,2,Eixample,7,la Dreta de l'Eixample,246,5,13,1
2026-01-01,2,Eixample,7,la Dreta de l'Eixample,169,5,13,2
2026-01-01,2,Eixample,7,la Dreta de l'Eixample,165,5,14,1
2026-01-01,2,Eixample,7,la Dreta de l'Eixample,133,5,14,2
2026-01-01,2,Eixample,7,la Dreta de l'Eixample,120,5,15,1
2026-01-01,2,Eixample,7,la Dreta de l'Eixample,92,5,15,2
2026-01-01,2,Eixample,7,la Dreta de l'Eixample,55,5,16,1
2026-01-01,2,Eixample,7,la Dreta de l'Eixample,42,5,16,2
2026-01-01,2,Eixample,7,la Dreta de l'Eixample,32,5,17,1
2026-01-01,2,Eixample,7,la Dreta de l'Eixample,14,5,17,2
2026-01-01,2,Eixample,7,la Dreta de l'Eixample,9,5,18,1
2026-01-01,2,Eixample,7,la Dreta de l'Eixample,6,5,18,2
2026-01-01,2,Eixample,7,la Dreta de l'Eixample,..,5,19,1
2026-01-01,2,Eixample,7,la Dreta de l'Eixample,..,5,20,1
2026-01-01,2,Eixample,7,la Dreta de l'Eixample,..,6,2,2
2026-01-01,2,Eixample,7,la Dreta de l'Eixample,..,6,4,1
2026-01-01,2,Eixample,7,la Dreta de l'Eixample,..,6,5,1
2026-01-01,2,Eixample,7,la Dreta de l'Eixample,..,6,6,1
2026-01-01,2,Eixample,7,la Dreta de l'Eixample,..,6,6,2
2026-01-01,2,Eixample,7,la Dreta de l'Eixample,..,6,7,1
2026-01-01,2,Eixample,7,la Dreta de l'Eixample,..,6,7,2
2026-01-01,2,Eixample,7,la Dreta de l'Eixample,..,6,8,1
2026-01-01,2,Eixample,7,la Dreta de l'Eixample,..,6,8,2
2026-01-01,2,Eixample,7,la Dreta de l'Eixample,..,6,9,1
2026-01-01,2,Eixample,7,la Dreta de l'Eixample,..,6,9,2
2026-01-01,2,Eixample,7,la Dreta de l'Eixample,..,6,10,1
2026-01-01,2,Eixample,7,la Dreta de l'Eixample,..,6,10,2
2026-01-01,2,Eixample,7,la Dreta de l'Eixample,..,6,11,1
2026-01-01,2,Eixample,8,l'Antiga Esquerra de l'Eixample,498,1,0,1
2026-01-01,2,Eixample,8,l'Antiga Esquerra de l'Eixample,512,1,0,2
2026-01-01,2,Eixample,8,l'Antiga Esquerra de l'Eixample,411,1,1,1
2026-01-01,2,Eixample,8,l'Antiga Esquerra de l'Eixample,430,1,1,2
2026-01-01,2,Eixample,8,l'Antiga Esquerra de l'Eixample,475,1,2,1
2026-01-01,2,Eixample,8,l'Antiga Esquerra de l'Eixample,499,1,2,2
2026-01-01,2,Eixample,8,l'Antiga Esquerra de l'Eixample,517,1,3,1
2026-01-01,2,Eixample,8,l'Antiga Esquerra de l'Eixample,552,1,3,2
2026-01-01,2,Eixample,8,l'Antiga Esquerra de l'Eixample,576,1,4,1
2026-01-01,2,Eixample,8,l'Antiga Esquerra de l'Eixample,547,1,4,2
2026-01-01,2,Eixample,8,l'Antiga Esquerra de l'Eixample,490,1,5,1
2026-01-01,2,Eixample,8,l'Antiga Esquerra de l'Eixample,530,1,5,2
2026-01-01,2,Eixample,8,l'Antiga Esquerra de l'Eixample,420,1,6,1
2026-01-01,2,Eixample,8,l'Antiga Esquerra de l'Eixample,468,1,6,2
2026-01-01,2,Eixample,8,l'Antiga Esquerra de l'Eixample,337,1,7,1
2026-01-01,2,Eixample,8,l'Antiga Esquerra de l'Eixample,372,1,7,2
2026-01-01,2,Eixample,8,l'Antiga Esquerra de l'Eixample,364,1,8,1
2026-01-01,2,Eixample,8,l'Antiga Esquerra de l'Eixample,419,1,8,2
2026-01-01,2,Eixample,8,l'Antiga Esquerra de l'Eixample,495,1,9,1
2026-01-01,2,Eixample,8,l'Antiga Esquerra de l'Eixample,499,1,9,2
2026-01-01,2,Eixample,8,l'Antiga Esquerra de l'Eixample,662,1,10,1
2026-01-01,2,Eixample,8,l'Antiga Esquerra de l'Eixample,596,1,10,2
2026-01-01,2,Eixample,8,l'Antiga Esquerra de l'Eixample,660,1,11,1
2026-01-01,2,Eixample,8,l'Antiga Esquerra de l'Eixample,611,1,11,2
2026-01-01,2,Eixample,8,l'Antiga Esquerra de l'Eixample,730,1,12,1
2026-01-01,2,Eixample,8,l'Antiga Esquerra de l'Eixample,627,1,12,2
2026-01-01,2,Eixample,8,l'Antiga Esquerra de l'Eixample,631,1,13,1
2026-01-01,2,Eixample,8,l'Antiga Esquerra de l'Eixample,579,1,13,2
2026-01-01,2,Eixample,8,l'Antiga Esquerra de l'Eixample,513,1,14,1
2026-01-01,2,Eixample,8,l'Antiga Esquerra de l'Eixample,407,1,14,2
2026-01-01,2,Eixample,8,l'Antiga Esquerra de l'Eixample,458,1,15,1
2026-01-01,2,Eixample,8,l'Antiga Esquerra de l'Eixample,354,1,15,2
2026-01-01,2,Eixample,8,l'Antiga Esquerra de l'Eixample,462,1,16,1
2026-01-01,2,Eixample,8,l'Antiga Esquerra de l'Eixample,234,1,16,2
2026-01-01,2,Eixample,8,l'Antiga Esquerra de l'Eixample,300,1,17,1
2026-01-01,2,Eixample,8,l'Antiga Esquerra de l'Eixample,152,1,17,2
2026-01-01,2,Eixample,8,l'Antiga Esquerra de l'Eixample,204,1,18,1
2026-01-01,2,Eixample,8,l'Antiga Esquerra de l'Eixample,95,1,18,2
2026-01-01,2,Eixample,8,l'Antiga Esquerra de l'Eixample,89,1,19,1
2026-01-01,2,Eixample,8,l'Antiga Esquerra de l'Eixample,22,1,19,2
2026-01-01,2,Eixample,8,l'Antiga Esquerra de l'Eixample,21,1,20,1
2026-01-01,2,Eixample,8,l'Antiga Esquerra de l'Eixample,..,1,20,2
2026-01-01,2,Eixample,8,l'Antiga Esquerra de l'Eixample,35,2,0,1
2026-01-01,2,Eixample,8,l'Antiga Esquerra de l'Eixample,43,2,0,2
2026-01-01,2,Eixample,8,l'Antiga Esquerra de l'Eixample,17,2,1,1
2026-01-01,2,Eixample,8,l'Antiga Esquerra de l'Eixample,18,2,1,2
2026-01-01,2,Eixample,8,l'Antiga Esquerra de l'Eixample,21,2,2,1
2026-01-01,2,Eixample,8,l'Antiga Esquerra de l'Eixample,23,2,2,2
2026-01-01,2,Eixample,8,l'Antiga Esquerra de l'Eixample,48,2,3,1
2026-01-01,2,Eixample,8,l'Antiga Esquerra de l'Eixample,48,2,3,2
2026-01-01,2,Eixample,8,l'Antiga Esquerra de l'Eixample,55,2,4,1
2026-01-01,2,Eixample,8,l'Antiga Esquerra de l'Eixample,47,2,4,2
2026-01-01,2,Eixample,8,l'Antiga Esquerra de l'Eixample,151,2,5,1
2026-01-01,2,Eixample,8,l'Antiga Esquerra de l'Eixample,111,2,5,2
2026-01-01,2,Eixample,8,l'Antiga Esquerra de l'Eixample,129,2,6,1
2026-01-01,2,Eixample,8,l'Antiga Esquerra de l'Eixample,134,2,6,2
2026-01-01,2,Eixample,8,l'Antiga Esquerra de l'Eixample,106,2,7,1
2026-01-01,2,Eixample,8,l'Antiga Esquerra de l'Eixample,90,2,7,2
2026-01-01,2,Eixample,8,l'Antiga Esquerra de l'Eixample,106,2,8,1
2026-01-01,2,Eixample,8,l'Antiga Esquerra de l'Eixample,119,2,8,2
2026-01-01,2,Eixample,8,l'Antiga Esquerra de l'Eixample,132,2,9,1
2026-01-01,2,Eixample,8,l'Antiga Esquerra de l'Eixample,124,2,9,2
2026-01-01,2,Eixample,8,l'Antiga Esquerra de l'Eixample,111,2,10,1
2026-01-01,2,Eixample,8,l'Antiga Esquerra de l'Eixample,128,2,10,2
2026-01-01,2,Eixample,8,l'Antiga Esquerra de l'Eixample,141,2,11,1
2026-01-01,2,Eixample,8,l'Antiga Esquerra de l'Eixample,107,2,11,2
2026-01-01,2,Eixample,8,l'Antiga Esquerra de l'Eixample,142,2,12,1
2026-01-01,2,Eixample,8,l'Antiga Esquerra de l'Eixample,111,2,12,2
2026-01-01,2,Eixample,8,l'Antiga Esquerra de l'Eixample,171,2,13,1
2026-01-01,2,Eixample,8,l'Antiga Esquerra de l'Eixample,128,2,13,2
2026-01-01,2,Eixample,8,l'Antiga Esquerra de l'Eixample,130,2,14,1
2026-01-01,2,Eixample,8,l'Antiga Esquerra de l'Eixample,134,2,14,2
2026-01-01,2,Eixample,8,l'Antiga Esquerra de l'Eixample,140,2,15,1
2026-01-01,2,Eixample,8,l'Antiga Esquerra de l'Eixample,101,2,15,2
2026-01-01,2,Eixample,8,l'Antiga Esquerra de l'Eixample,118,2,16,1
2026-01-01,2,Eixample,8,l'Antiga Esquerra de l'Eixample,80,2,16,2
2026-01-01,2,Eixample,8,l'Antiga Esquerra de l'Eixample,100,2,17,1
2026-01-01,2,Eixample,8,l'Antiga Esquerra de l'Eixample,53,2,17,2
2026-01-01,2,Eixample,8,l'Antiga Esquerra de l'Eixample,75,2,18,1
2026-01-01,2,Eixample,8,l'Antiga Esquerra de l'Eixample,38,2,18,2
2026-01-01,2,Eixample,8,l'Antiga Esquerra de l'Eixample,35,2,19,1
2026-01-01,2,Eixample,8,l'Antiga Esquerra de l'Eixample,12,2,19,2
2026-01-01,2,Eixample,8,l'Antiga Esquerra de l'Eixample,11,2,20,1
2026-01-01,2,Eixample,8,l'Antiga Esquerra de l'Eixample,5,2,20,2
2026-01-01,2,Eixample,8,l'Antiga Esquerra de l'Eixample,11,3,0,1
2026-01-01,2,Eixample,8,l'Antiga Esquerra de l'Eixample,12,3,0,2
2026-01-01,2,Eixample,8,l'Antiga Esquerra de l'Eixample,7,3,1,1
2026-01-01,2,Eixample,8,l'Antiga Esquerra de l'Eixample,10,3,1,2
2026-01-01,2,Eixample,8,l'Antiga Esquerra de l'Eixample,15,3,2,1
2026-01-01,2,Eixample,8,l'Antiga Esquerra de l'Eixample,12,3,2,2
2026-01-01,2,Eixample,8,l'Antiga Esquerra de l'Eixample,13,3,3,1
2026-01-01,2,Eixample,8,l'Antiga Esquerra de l'Eixample,10,3,3,2
2026-01-01,2,Eixample,8,l'Antiga Esquerra de l'Eixample,38,3,4,1
2026-01-01,2,Eixample,8,l'Antiga Esquerra de l'Eixample,22,3,4,2
2026-01-01,2,Eixample,8,l'Antiga Esquerra de l'Eixample,183,3,5,1
2026-01-01,2,Eixample,8,l'Antiga Esquerra de l'Eixample,123,3,5,2
2026-01-01,2,Eixample,8,l'Antiga Esquerra de l'Eixample,210,3,6,1
2026-01-01,2,Eixample,8,l'Antiga Esquerra de l'Eixample,185,3,6,2
2026-01-01,2,Eixample,8,l'Antiga Esquerra de l'Eixample,161,3,7,1
2026-01-01,2,Eixample,8,l'Antiga Esquerra de l'Eixample,150,3,7,2
2026-01-01,2,Eixample,8,l'Antiga Esquerra de l'Eixample,120,3,8,1
2026-01-01,2,Eixample,8,l'Antiga Esquerra de l'Eixample,130,3,8,2
2026-01-01,2,Eixample,8,l'Antiga Esquerra de l'Eixample,131,3,9,1
2026-01-01,2,Eixample,8,l'Antiga Esquerra de l'Eixample,149,3,9,2
2026-01-01,2,Eixample,8,l'Antiga Esquerra de l'Eixample,132,3,10,1
2026-01-01,2,Eixample,8,l'Antiga Esquerra de l'Eixample,127,3,10,2
2026-01-01,2,Eixample,8,l'Antiga Esquerra de l'Eixample,108,3,11,1
2026-01-01,2,Eixample,8,l'Antiga Esquerra de l'Eixample,102,3,11,2
2026-01-01,2,Eixample,8,l'Antiga Esquerra de l'Eixample,189,3,12,1
2026-01-01,2,Eixample,8,l'Antiga Esquerra de l'Eixample,114,3,12,2
2026-01-01,2,Eixample,8,l'Antiga Esquerra de l'Eixample,205,3,13,1
2026-01-01,2,Eixample,8,l'Antiga Esquerra de l'Eixample,147,3,13,2
2026-01-01,2,Eixample,8,l'Antiga Esquerra de l'Eixample,262,3,14,1
2026-01-01,2,Eixample,8,l'Antiga Esquerra de l'Eixample,162,3,14,2
2026-01-01,2,Eixample,8,l'Antiga Esquerra de l'Eixample,290,3,15,1
2026-01-01,2,Eixample,8,l'Antiga Esquerra de l'Eixample,167,3,15,2
2026-01-01,2,Eixample,8,l'Antiga Esquerra de l'Eixample,225,3,16,1
2026-01-01,2,Eixample,8,l'Antiga Esquerra de l'Eixample,140,3,16,2
2026-01-01,2,Eixample,8,l'Antiga Esquerra de l'Eixample,197,3,17,1
2026-01-01,2,Eixample,8,l'Antiga Esquerra de l'Eixample,88,3,17,2
2026-01-01,2,Eixample,8,l'Antiga Esquerra de l'Eixample,125,3,18,1
2026-01-01,2,Eixample,8,l'Antiga Esquerra de l'Eixample,49,3,18,2
2026-01-01,2,Eixample,8,l'Antiga Esquerra de l'Eixample,49,3,19,1
2026-01-01,2,Eixample,8,l'Antiga Esquerra de l'Eixample,10,3,19,2
2026-01-01,2,Eixample,8,l'Antiga Esquerra de l'Eixample,13,3,20,1
2026-01-01,2,Eixample,8,l'Antiga Esquerra de l'Eixample,..,3,20,2
2026-01-01,2,Eixample,8,l'Antiga Esquerra de l'Eixample,14,4,0,1
2026-01-01,2,Eixample,8,l'Antiga Esquerra de l'Eixample,10,4,0,2
2026-01-01,2,Eixample,8,l'Antiga Esquerra de l'Eixample,29,4,1,1
2026-01-01,2,Eixample,8,l'Antiga Esquerra de l'Eixample,17,4,1,2
2026-01-01,2,Eixample,8,l'Antiga Esquerra de l'Eixample,22,4,2,1
2026-01-01,2,Eixample,8,l'Antiga Esquerra de l'Eixample,18,4,2,2
2026-01-01,2,Eixample,8,l'Antiga Esquerra de l'Eixample,29,4,3,1
2026-01-01,2,Eixample,8,l'Antiga Esquerra de l'Eixample,30,4,3,2
2026-01-01,2,Eixample,8,l'Antiga Esquerra de l'Eixample,117,4,4,1
2026-01-01,2,Eixample,8,l'Antiga Esquerra de l'Eixample,70,4,4,2
2026-01-01,2,Eixample,8,l'Antiga Esquerra de l'Eixample,327,4,5,1
2026-01-01,2,Eixample,8,l'Antiga Esquerra de l'Eixample,291,4,5,2
2026-01-01,2,Eixample,8,l'Antiga Esquerra de l'Eixample,328,4,6,1
2026-01-01,2,Eixample,8,l'Antiga Esquerra de l'Eixample,344,4,6,2
2026-01-01,2,Eixample,8,l'Antiga Esquerra de l'Eixample,202,4,7,1
2026-01-01,2,Eixample,8,l'Antiga Esquerra de l'Eixample,254,4,7,2
2026-01-01,2,Eixample,8,l'Antiga Esquerra de l'Eixample,131,4,8,1
2026-01-01,2,Eixample,8,l'Antiga Esquerra de l'Eixample,195,4,8,2
2026-01-01,2,Eixample,8,l'Antiga Esquerra de l'Eixample,102,4,9,1
2026-01-01,2,Eixample,8,l'Antiga Esquerra de l'Eixample,136,4,9,2
2026-01-01,2,Eixample,8,l'Antiga Esquerra de l'Eixample,71,4,10,1
2026-01-01,2,Eixample,8,l'Antiga Esquerra de l'Eixample,103,4,10,2
2026-01-01,2,Eixample,8,l'Antiga Esquerra de l'Eixample,59,4,11,1
2026-01-01,2,Eixample,8,l'Antiga Esquerra de l'Eixample,86,4,11,2
2026-01-01,2,Eixample,8,l'Antiga Esquerra de l'Eixample,44,4,12,1
2026-01-01,2,Eixample,8,l'Antiga Esquerra de l'Eixample,48,4,12,2
2026-01-01,2,Eixample,8,l'Antiga Esquerra de l'Eixample,20,4,13,1
2026-01-01,2,Eixample,8,l'Antiga Esquerra de l'Eixample,27,4,13,2
2026-01-01,2,Eixample,8,l'Antiga Esquerra de l'Eixample,19,4,14,1
2026-01-01,2,Eixample,8,l'Antiga Esquerra de l'Eixample,20,4,14,2
2026-01-01,2,Eixample,8,l'Antiga Esquerra de l'Eixample,22,4,15,1
2026-01-01,2,Eixample,8,l'Antiga Esquerra de l'Eixample,13,4,15,2
2026-01-01,2,Eixample,8,l'Antiga Esquerra de l'Eixample,27,4,16,1
2026-01-01,2,Eixample,8,l'Antiga Esquerra de l'Eixample,8,4,16,2
2026-01-01,2,Eixample,8,l'Antiga Esquerra de l'Eixample,17,4,17,1
2026-01-01,2,Eixample,8,l'Antiga Esquerra de l'Eixample,10,4,17,2
2026-01-01,2,Eixample,8,l'Antiga Esquerra de l'Eixample,7,4,18,1
2026-01-01,2,Eixample,8,l'Antiga Esquerra de l'Eixample,..,4,18,2
2026-01-01,2,Eixample,8,l'Antiga Esquerra de l'Eixample,..,4,19,1
2026-01-01,2,Eixample,8,l'Antiga Esquerra de l'Eixample,50,5,0,1
2026-01-01,2,Eixample,8,l'Antiga Esquerra de l'Eixample,56,5,0,2
2026-01-01,2,Eixample,8,l'Antiga Esquerra de l'Eixample,105,5,1,1
2026-01-01,2,Eixample,8,l'Antiga Esquerra de l'Eixample,99,5,1,2
2026-01-01,2,Eixample,8,l'Antiga Esquerra de l'Eixample,141,5,2,1
2026-01-01,2,Eixample,8,l'Antiga Esquerra de l'Eixample,129,5,2,2
2026-01-01,2,Eixample,8,l'Antiga Esquerra de l'Eixample,155,5,3,1
2026-01-01,2,Eixample,8,l'Antiga Esquerra de l'Eixample,159,5,3,2
2026-01-01,2,Eixample,8,l'Antiga Esquerra de l'Eixample,485,5,4,1
2026-01-01,2,Eixample,8,l'Antiga Esquerra de l'Eixample,428,5,4,2
2026-01-01,2,Eixample,8,l'Antiga Esquerra de l'Eixample,1070,5,5,1
2026-01-01,2,Eixample,8,l'Antiga Esquerra de l'Eixample,788,5,5,2
2026-01-01,2,Eixample,8,l'Antiga Esquerra de l'Eixample,1302,5,6,1
2026-01-01,2,Eixample,8,l'Antiga Esquerra de l'Eixample,1204,5,6,2
2026-01-01,2,Eixample,8,l'Antiga Esquerra de l'Eixample,1040,5,7,1
2026-01-01,2,Eixample,8,l'Antiga Esquerra de l'Eixample,929,5,7,2
2026-01-01,2,Eixample,8,l'Antiga Esquerra de l'Eixample,649,5,8,1
2026-01-01,2,Eixample,8,l'Antiga Esquerra de l'Eixample,679,5,8,2
2026-01-01,2,Eixample,8,l'Antiga Esquerra de l'Eixample,548,5,9,1
2026-01-01,2,Eixample,8,l'Antiga Esquerra de l'Eixample,507,5,9,2
2026-01-01,2,Eixample,8,l'Antiga Esquerra de l'Eixample,430,5,10,1
2026-01-01,2,Eixample,8,l'Antiga Esquerra de l'Eixample,393,5,10,2
2026-01-01,2,Eixample,8,l'Antiga Esquerra de l'Eixample,337,5,11,1
2026-01-01,2,Eixample,8,l'Antiga Esquerra de l'Eixample,276,5,11,2
2026-01-01,2,Eixample,8,l'Antiga Esquerra de l'Eixample,301,5,12,1
2026-01-01,2,Eixample,8,l'Antiga Esquerra de l'Eixample,237,5,12,2
2026-01-01,2,Eixample,8,l'Antiga Esquerra de l'Eixample,237,5,13,1
2026-01-01,2,Eixample,8,l'Antiga Esquerra de l'Eixample,176,5,13,2
2026-01-01,2,Eixample,8,l'Antiga Esquerra de l'Eixample,180,5,14,1
2026-01-01,2,Eixample,8,l'Antiga Esquerra de l'Eixample,126,5,14,2
2026-01-01,2,Eixample,8,l'Antiga Esquerra de l'Eixample,110,5,15,1
2026-01-01,2,Eixample,8,l'Antiga Esquerra de l'Eixample,80,5,15,2
2026-01-01,2,Eixample,8,l'Antiga Esquerra de l'Eixample,59,5,16,1
2026-01-01,2,Eixample,8,l'Antiga Esquerra de l'Eixample,49,5,16,2
2026-01-01,2,Eixample,8,l'Antiga Esquerra de l'Eixample,25,5,17,1
2026-01-01,2,Eixample,8,l'Antiga Esquerra de l'Eixample,15,5,17,2
2026-01-01,2,Eixample,8,l'Antiga Esquerra de l'Eixample,11,5,18,1
2026-01-01,2,Eixample,8,l'Antiga Esquerra de l'Eixample,6,5,18,2
2026-01-01,2,Eixample,8,l'Antiga Esquerra de l'Eixample,..,5,19,1
2026-01-01,2,Eixample,8,l'Antiga Esquerra de l'Eixample,..,5,19,2
2026-01-01,2,Eixample,8,l'Antiga Esquerra de l'Eixample,..,5,20,1
2026-01-01,2,Eixample,8,l'Antiga Esquerra de l'Eixample,..,6,1,1
2026-01-01,2,Eixample,8,l'Antiga Esquerra de l'Eixample,..,6,3,2
2026-01-01,2,Eixample,8,l'Antiga Esquerra de l'Eixample,..,6,4,1
2026-01-01,2,Eixample,8,l'Antiga Esquerra de l'Eixample,..,6,5,1
2026-01-01,2,Eixample,8,l'Antiga Esquerra de l'Eixample,..,6,5,2
2026-01-01,2,Eixample,8,l'Antiga Esquerra de l'Eixample,..,6,6,1
2026-01-01,2,Eixample,8,l'Antiga Esquerra de l'Eixample,..,6,6,2
2026-01-01,2,Eixample,8,l'Antiga Esquerra de l'Eixample,..,6,7,1
2026-01-01,2,Eixample,8,l'Antiga Esquerra de l'Eixample,..,6,8,1
2026-01-01,2,Eixample,8,l'Antiga Esquerra de l'Eixample,..,6,8,2
2026-01-01,2,Eixample,8,l'Antiga Esquerra de l'Eixample,..,6,9,2
2026-01-01,2,Eixample,8,l'Antiga Esquerra de l'Eixample,..,6,11,2
2026-01-01,2,Eixample,8,l'Antiga Esquerra de l'Eixample,..,6,12,2
2026-01-01,2,Eixample,8,l'Antiga Esquerra de l'Eixample,..,6,13,1
2026-01-01,2,Eixample,8,l'Antiga Esquerra de l'Eixample,..,6,13,2
2026-01-01,2,Eixample,8,l'Antiga Esquerra de l'Eixample,..,6,14,1
2026-01-01,2,Eixample,8,l'Antiga Esquerra de l'Eixample,..,6,14,2
2026-01-01,2,Eixample,9,la Nova Esquerra de l'Eixample,710,1,0,1
2026-01-01,2,Eixample,9,la Nova Esquerra de l'Eixample,803,1,0,2
2026-01-01,2,Eixample,9,la Nova Esquerra de l'Eixample,714,1,1,1
2026-01-01,2,Eixample,9,la Nova Esquerra de l'Eixample,689,1,1,2
2026-01-01,2,Eixample,9,la Nova Esquerra de l'Eixample,733,1,2,1
2026-01-01,2,Eixample,9,la Nova Esquerra de l'Eixample,773,1,2,2
2026-01-01,2,Eixample,9,la Nova Esquerra de l'Eixample,686,1,3,1
2026-01-01,2,Eixample,9,la Nova Esquerra de l'Eixample,770,1,3,2
2026-01-01,2,Eixample,9,la Nova Esquerra de l'Eixample,695,1,4,1
2026-01-01,2,Eixample,9,la Nova Esquerra de l'Eixample,747,1,4,2
2026-01-01,2,Eixample,9,la Nova Esquerra de l'Eixample,654,1,5,1
2026-01-01,2,Eixample,9,la Nova Esquerra de l'Eixample,679,1,5,2
2026-01-01,2,Eixample,9,la Nova Esquerra de l'Eixample,601,1,6,1
2026-01-01,2,Eixample,9,la Nova Esquerra de l'Eixample,630,1,6,2
2026-01-01,2,Eixample,9,la Nova Esquerra de l'Eixample,589,1,7,1
2026-01-01,2,Eixample,9,la Nova Esquerra de l'Eixample,609,1,7,2
2026-01-01,2,Eixample,9,la Nova Esquerra de l'Eixample,582,1,8,1
2026-01-01,2,Eixample,9,la Nova Esquerra de l'Eixample,689,1,8,2
2026-01-01,2,Eixample,9,la Nova Esquerra de l'Eixample,752,1,9,1
2026-01-01,2,Eixample,9,la Nova Esquerra de l'Eixample,800,1,9,2
2026-01-01,2,Eixample,9,la Nova Esquerra de l'Eixample,892,1,10,1
2026-01-01,2,Eixample,9,la Nova Esquerra de l'Eixample,879,1,10,2
2026-01-01,2,Eixample,9,la Nova Esquerra de l'Eixample,956,1,11,1
2026-01-01,2,Eixample,9,la Nova Esquerra de l'Eixample,855,1,11,2
2026-01-01,2,Eixample,9,la Nova Esquerra de l'Eixample,946,1,12,1
2026-01-01,2,Eixample,9,la Nova Esquerra de l'Eixample,833,1,12,2
2026-01-01,2,Eixample,9,la Nova Esquerra de l'Eixample,937,1,13,1
2026-01-01,2,Eixample,9,la Nova Esquerra de l'Eixample,795,1,13,2
2026-01-01,2,Eixample,9,la Nova Esquerra de l'Eixample,800,1,14,1
2026-01-01,2,Eixample,9,la Nova Esquerra de l'Eixample,600,1,14,2
2026-01-01,2,Eixample,9,la Nova Esquerra de l'Eixample,752,1,15,1
2026-01-01,2,Eixample,9,la Nova Esquerra de l'Eixample,554,1,15,2
2026-01-01,2,Eixample,9,la Nova Esquerra de l'Eixample,582,1,16,1
2026-01-01,2,Eixample,9,la Nova Esquerra de l'Eixample,366,1,16,2
2026-01-01,2,Eixample,9,la Nova Esquerra de l'Eixample,371,1,17,1
2026-01-01,2,Eixample,9,la Nova Esquerra de l'Eixample,238,1,17,2
2026-01-01,2,Eixample,9,la Nova Esquerra de l'Eixample,284,1,18,1
2026-01-01,2,Eixample,9,la Nova Esquerra de l'Eixample,114,1,18,2
2026-01-01,2,Eixample,9,la Nova Esquerra de l'Eixample,95,1,19,1
2026-01-01,2,Eixample,9,la Nova Esquerra de l'Eixample,30,1,19,2
2026-01-01,2,Eixample,9,la Nova Esquerra de l'Eixample,22,1,20,1
2026-01-01,2,Eixample,9,la Nova Esquerra de l'Eixample,..,1,20,2
2026-01-01,2,Eixample,9,la Nova Esquerra de l'Eixample,39,2,0,1
2026-01-01,2,Eixample,9,la Nova Esquerra de l'Eixample,42,2,0,2
2026-01-01,2,Eixample,9,la Nova Esquerra de l'Eixample,41,2,1,1
2026-01-01,2,Eixample,9,la Nova Esquerra de l'Eixample,42,2,1,2
2026-01-01,2,Eixample,9,la Nova Esquerra de l'Eixample,45,2,2,1
2026-01-01,2,Eixample,9,la Nova Esquerra de l'Eixample,48,2,2,2
2026-01-01,2,Eixample,9,la Nova Esquerra de l'Eixample,61,2,3,1
2026-01-01,2,Eixample,9,la Nova Esquerra de l'Eixample,68,2,3,2
2026-01-01,2,Eixample,9,la Nova Esquerra de l'Eixample,85,2,4,1
2026-01-01,2,Eixample,9,la Nova Esquerra de l'Eixample,73,2,4,2
2026-01-01,2,Eixample,9,la Nova Esquerra de l'Eixample,156,2,5,1
2026-01-01,2,Eixample,9,la Nova Esquerra de l'Eixample,139,2,5,2
2026-01-01,2,Eixample,9,la Nova Esquerra de l'Eixample,203,2,6,1
2026-01-01,2,Eixample,9,la Nova Esquerra de l'Eixample,178,2,6,2
2026-01-01,2,Eixample,9,la Nova Esquerra de l'Eixample,138,2,7,1
2026-01-01,2,Eixample,9,la Nova Esquerra de l'Eixample,147,2,7,2
2026-01-01,2,Eixample,9,la Nova Esquerra de l'Eixample,145,2,8,1
2026-01-01,2,Eixample,9,la Nova Esquerra de l'Eixample,188,2,8,2
2026-01-01,2,Eixample,9,la Nova Esquerra de l'Eixample,176,2,9,1
2026-01-01,2,Eixample,9,la Nova Esquerra de l'Eixample,188,2,9,2
2026-01-01,2,Eixample,9,la Nova Esquerra de l'Eixample,156,2,10,1
2026-01-01,2,Eixample,9,la Nova Esquerra de l'Eixample,158,2,10,2
2026-01-01,2,Eixample,9,la Nova Esquerra de l'Eixample,138,2,11,1
2026-01-01,2,Eixample,9,la Nova Esquerra de l'Eixample,146,2,11,2
2026-01-01,2,Eixample,9,la Nova Esquerra de l'Eixample,230,2,12,1
2026-01-01,2,Eixample,9,la Nova Esquerra de l'Eixample,152,2,12,2
2026-01-01,2,Eixample,9,la Nova Esquerra de l'Eixample,232,2,13,1
2026-01-01,2,Eixample,9,la Nova Esquerra de l'Eixample,186,2,13,2
2026-01-01,2,Eixample,9,la Nova Esquerra de l'Eixample,260,2,14,1
2026-01-01,2,Eixample,9,la Nova Esquerra de l'Eixample,172,2,14,2
2026-01-01,2,Eixample,9,la Nova Esquerra de l'Eixample,251,2,15,1
2026-01-01,2,Eixample,9,la Nova Esquerra de l'Eixample,184,2,15,2
2026-01-01,2,Eixample,9,la Nova Esquerra de l'Eixample,162,2,16,1
2026-01-01,2,Eixample,9,la Nova Esquerra de l'Eixample,131,2,16,2
2026-01-01,2,Eixample,9,la Nova Esquerra de l'Eixample,145,2,17,1
2026-01-01,2,Eixample,9,la Nova Esquerra de l'Eixample,77,2,17,2
2026-01-01,2,Eixample,9,la Nova Esquerra de l'Eixample,94,2,18,1
2026-01-01,2,Eixample,9,la Nova Esquerra de l'Eixample,54,2,18,2
2026-01-01,2,Eixample,9,la Nova Esquerra de l'Eixample,34,2,19,1
2026-01-01,2,Eixample,9,la Nova Esquerra de l'Eixample,..,2,19,2
2026-01-01,2,Eixample,9,la Nova Esquerra de l'Eixample,11,2,20,1
2026-01-01,2,Eixample,9,la Nova Esquerra de l'Eixample,..,2,20,2
2026-01-01,2,Eixample,9,la Nova Esquerra de l'Eixample,11,3,0,1
2026-01-01,2,Eixample,9,la Nova Esquerra de l'Eixample,13,3,0,2
2026-01-01,2,Eixample,9,la Nova Esquerra de l'Eixample,16,3,1,1
2026-01-01,2,Eixample,9,la Nova Esquerra de l'Eixample,16,3,1,2
2026-01-01,2,Eixample,9,la Nova Esquerra de l'Eixample,19,3,2,1
2026-01-01,2,Eixample,9,la Nova Esquerra de l'Eixample,22,3,2,2
2026-01-01,2,Eixample,9,la Nova Esquerra de l'Eixample,19,3,3,1
2026-01-01,2,Eixample,9,la Nova Esquerra de l'Eixample,24,3,3,2
2026-01-01,2,Eixample,9,la Nova Esquerra de l'Eixample,46,3,4,1
2026-01-01,2,Eixample,9,la Nova Esquerra de l'Eixample,26,3,4,2
2026-01-01,2,Eixample,9,la Nova Esquerra de l'Eixample,227,3,5,1
2026-01-01,2,Eixample,9,la Nova Esquerra de l'Eixample,173,3,5,2
2026-01-01,2,Eixample,9,la Nova Esquerra de l'Eixample,269,3,6,1
2026-01-01,2,Eixample,9,la Nova Esquerra de l'Eixample,223,3,6,2
2026-01-01,2,Eixample,9,la Nova Esquerra de l'Eixample,240,3,7,1
2026-01-01,2,Eixample,9,la Nova Esquerra de l'Eixample,224,3,7,2
2026-01-01,2,Eixample,9,la Nova Esquerra de l'Eixample,180,3,8,1
2026-01-01,2,Eixample,9,la Nova Esquerra de l'Eixample,196,3,8,2
2026-01-01,2,Eixample,9,la Nova Esquerra de l'Eixample,164,3,9,1
2026-01-01,2,Eixample,9,la Nova Esquerra de l'Eixample,170,3,9,2
2026-01-01,2,Eixample,9,la Nova Esquerra de l'Eixample,155,3,10,1
2026-01-01,2,Eixample,9,la Nova Esquerra de l'Eixample,173,3,10,2
2026-01-01,2,Eixample,9,la Nova Esquerra de l'Eixample,167,3,11,1
2026-01-01,2,Eixample,9,la Nova Esquerra de l'Eixample,134,3,11,2
2026-01-01,2,Eixample,9,la Nova Esquerra de l'Eixample,273,3,12,1
2026-01-01,2,Eixample,9,la Nova Esquerra de l'Eixample,179,3,12,2
2026-01-01,2,Eixample,9,la Nova Esquerra de l'Eixample,413,3,13,1
2026-01-01,2,Eixample,9,la Nova Esquerra de l'Eixample,251,3,13,2
2026-01-01,2,Eixample,9,la Nova Esquerra de l'Eixample,459,3,14,1
2026-01-01,2,Eixample,9,la Nova Esquerra de l'Eixample,340,3,14,2
2026-01-01,2,Eixample,9,la Nova Esquerra de l'Eixample,540,3,15,1
2026-01-01,2,Eixample,9,la Nova Esquerra de l'Eixample,340,3,15,2
2026-01-01,2,Eixample,9,la Nova Esquerra de l'Eixample,470,3,16,1
2026-01-01,2,Eixample,9,la Nova Esquerra de l'Eixample,291,3,16,2
2026-01-01,2,Eixample,9,la Nova Esquerra de l'Eixample,332,3,17,1
2026-01-01,2,Eixample,9,la Nova Esquerra de l'Eixample,158,3,17,2
2026-01-01,2,Eixample,9,la Nova Esquerra de l'Eixample,187,3,18,1
2026-01-01,2,Eixample,9,la Nova Esquerra de l'Eixample,83,3,18,2
2026-01-01,2,Eixample,9,la Nova Esquerra de l'Eixample,64,3,19,1
2026-01-01,2,Eixample,9,la Nova Esquerra de l'Eixample,21,3,19,2
2026-01-01,2,Eixample,9,la Nova Esquerra de l'Eixample,11,3,20,1
2026-01-01,2,Eixample,9,la Nova Esquerra de l'Eixample,..,3,20,2
2026-01-01,2,Eixample,9,la Nova Esquerra de l'Eixample,17,4,0,1
2026-01-01,2,Eixample,9,la Nova Esquerra de l'Eixample,14,4,0,2
2026-01-01,2,Eixample,9,la Nova Esquerra de l'Eixample,11,4,1,1
2026-01-01,2,Eixample,9,la Nova Esquerra de l'Eixample,18,4,1,2
2026-01-01,2,Eixample,9,la Nova Esquerra de l'Eixample,11,4,2,1
2026-01-01,2,Eixample,9,la Nova Esquerra de l'Eixample,17,4,2,2
2026-01-01,2,Eixample,9,la Nova Esquerra de l'Eixample,18,4,3,1
2026-01-01,2,Eixample,9,la Nova Esquerra de l'Eixample,14,4,3,2
2026-01-01,2,Eixample,9,la Nova Esquerra de l'Eixample,92,4,4,1
2026-01-01,2,Eixample,9,la Nova Esquerra de l'Eixample,41,4,4,2
2026-01-01,2,Eixample,9,la Nova Esquerra de l'Eixample,311,4,5,1
2026-01-01,2,Eixample,9,la Nova Esquerra de l'Eixample,252,4,5,2
2026-01-01,2,Eixample,9,la Nova Esquerra de l'Eixample,335,4,6,1
2026-01-01,2,Eixample,9,la Nova Esquerra de l'Eixample,332,4,6,2
2026-01-01,2,Eixample,9,la Nova Esquerra de l'Eixample,207,4,7,1
2026-01-01,2,Eixample,9,la Nova Esquerra de l'Eixample,258,4,7,2
2026-01-01,2,Eixample,9,la Nova Esquerra de l'Eixample,156,4,8,1
2026-01-01,2,Eixample,9,la Nova Esquerra de l'Eixample,177,4,8,2
2026-01-01,2,Eixample,9,la Nova Esquerra de l'Eixample,101,4,9,1
2026-01-01,2,Eixample,9,la Nova Esquerra de l'Eixample,132,4,9,2
2026-01-01,2,Eixample,9,la Nova Esquerra de l'Eixample,67,4,10,1
2026-01-01,2,Eixample,9,la Nova Esquerra de l'Eixample,101,4,10,2
2026-01-01,2,Eixample,9,la Nova Esquerra de l'Eixample,56,4,11,1
2026-01-01,2,Eixample,9,la Nova Esquerra de l'Eixample,64,4,11,2
2026-01-01,2,Eixample,9,la Nova Esquerra de l'Eixample,35,4,12,1
2026-01-01,2,Eixample,9,la Nova Esquerra de l'Eixample,42,4,12,2
2026-01-01,2,Eixample,9,la Nova Esquerra de l'Eixample,19,4,13,1
2026-01-01,2,Eixample,9,la Nova Esquerra de l'Eixample,26,4,13,2
2026-01-01,2,Eixample,9,la Nova Esquerra de l'Eixample,26,4,14,1
2026-01-01,2,Eixample,9,la Nova Esquerra de l'Eixample,21,4,14,2
2026-01-01,2,Eixample,9,la Nova Esquerra de l'Eixample,22,4,15,1
2026-01-01,2,Eixample,9,la Nova Esquerra de l'Eixample,10,4,15,2
2026-01-01,2,Eixample,9,la Nova Esquerra de l'Eixample,23,4,16,1
2026-01-01,2,Eixample,9,la Nova Esquerra de l'Eixample,6,4,16,2
2026-01-01,2,Eixample,9,la Nova Esquerra de l'Eixample,18,4,17,1
2026-01-01,2,Eixample,9,la Nova Esquerra de l'Eixample,6,4,17,2
2026-01-01,2,Eixample,9,la Nova Esquerra de l'Eixample,7,4,18,1
2026-01-01,2,Eixample,9,la Nova Esquerra de l'Eixample,..,4,18,2
2026-01-01,2,Eixample,9,la Nova Esquerra de l'Eixample,..,4,19,1
2026-01-01,2,Eixample,9,la Nova Esquerra de l'Eixample,..,4,19,2
2026-01-01,2,Eixample,9,la Nova Esquerra de l'Eixample,54,5,0,1
2026-01-01,2,Eixample,9,la Nova Esquerra de l'Eixample,40,5,0,2
2026-01-01,2,Eixample,9,la Nova Esquerra de l'Eixample,116,5,1,1
2026-01-01,2,Eixample,9,la Nova Esquerra de l'Eixample,140,5,1,2
2026-01-01,2,Eixample,9,la Nova Esquerra de l'Eixample,165,5,2,1
2026-01-01,2,Eixample,9,la Nova Esquerra de l'Eixample,167,5,2,2
2026-01-01,2,Eixample,9,la Nova Esquerra de l'Eixample,212,5,3,1
2026-01-01,2,Eixample,9,la Nova Esquerra de l'Eixample,201,5,3,2
2026-01-01,2,Eixample,9,la Nova Esquerra de l'Eixample,549,5,4,1
2026-01-01,2,Eixample,9,la Nova Esquerra de l'Eixample,525,5,4,2
2026-01-01,2,Eixample,9,la Nova Esquerra de l'Eixample,1263,5,5,1
2026-01-01,2,Eixample,9,la Nova Esquerra de l'Eixample,1072,5,5,2
2026-01-01,2,Eixample,9,la Nova Esquerra de l'Eixample,1610,5,6,1
2026-01-01,2,Eixample,9,la Nova Esquerra de l'Eixample,1478,5,6,2
2026-01-01,2,Eixample,9,la Nova Esquerra de l'Eixample,1319,5,7,1
2026-01-01,2,Eixample,9,la Nova Esquerra de l'Eixample,1293,5,7,2
2026-01-01,2,Eixample,9,la Nova Esquerra de l'Eixample,916,5,8,1
2026-01-01,2,Eixample,9,la Nova Esquerra de l'Eixample,922,5,8,2
2026-01-01,2,Eixample,9,la Nova Esquerra de l'Eixample,762,5,9,1
2026-01-01,2,Eixample,9,la Nova Esquerra de l'Eixample,632,5,9,2
2026-01-01,2,Eixample,9,la Nova Esquerra de l'Eixample,608,5,10,1
2026-01-01,2,Eixample,9,la Nova Esquerra de l'Eixample,502,5,10,2
2026-01-01,2,Eixample,9,la Nova Esquerra de l'Eixample,491,5,11,1
2026-01-01,2,Eixample,9,la Nova Esquerra de l'Eixample,398,5,11,2
2026-01-01,2,Eixample,9,la Nova Esquerra de l'Eixample,461,5,12,1
2026-01-01,2,Eixample,9,la Nova Esquerra de l'Eixample,281,5,12,2
2026-01-01,2,Eixample,9,la Nova Esquerra de l'Eixample,391,5,13,1
2026-01-01,2,Eixample,9,la Nova Esquerra de l'Eixample,200,5,13,2
2026-01-01,2,Eixample,9,la Nova Esquerra de l'Eixample,250,5,14,1
2026-01-01,2,Eixample,9,la Nova Esquerra de l'Eixample,186,5,14,2
2026-01-01,2,Eixample,9,la Nova Esquerra de l'Eixample,152,5,15,1
2026-01-01,2,Eixample,9,la Nova Esquerra de l'Eixample,115,5,15,2
2026-01-01,2,Eixample,9,la Nova Esquerra de l'Eixample,74,5,16,1
2026-01-01,2,Eixample,9,la Nova Esquerra de l'Eixample,52,5,16,2
2026-01-01,2,Eixample,9,la Nova Esquerra de l'Eixample,33,5,17,1
2026-01-01,2,Eixample,9,la Nova Esquerra de l'Eixample,28,5,17,2
2026-01-01,2,Eixample,9,la Nova Esquerra de l'Eixample,17,5,18,1
2026-01-01,2,Eixample,9,la Nova Esquerra de l'Eixample,10,5,18,2
2026-01-01,2,Eixample,9,la Nova Esquerra de l'Eixample,5,5,19,1
2026-01-01,2,Eixample,9,la Nova Esquerra de l'Eixample,..,5,20,1
2026-01-01,2,Eixample,9,la Nova Esquerra de l'Eixample,..,5,20,2
2026-01-01,2,Eixample,9,la Nova Esquerra de l'Eixample,..,6,4,1
2026-01-01,2,Eixample,9,la Nova Esquerra de l'Eixample,..,6,4,2
2026-01-01,2,Eixample,9,la Nova Esquerra de l'Eixample,5,6,5,1
2026-01-01,2,Eixample,9,la Nova Esquerra de l'Eixample,..,6,5,2
2026-01-01,2,Eixample,9,la Nova Esquerra de l'Eixample,..,6,6,1
2026-01-01,2,Eixample,9,la Nova Esquerra de l'Eixample,..,6,6,2
2026-01-01,2,Eixample,9,la Nova Esquerra de l'Eixample,..,6,7,1
2026-01-01,2,Eixample,9,la Nova Esquerra de l'Eixample,..,6,7,2
2026-01-01,2,Eixample,9,la Nova Esquerra de l'Eixample,..,6,8,1
2026-01-01,2,Eixample,9,la Nova Esquerra de l'Eixample,..,6,8,2
2026-01-01,2,Eixample,9,la Nova Esquerra de l'Eixample,..,6,9,1
2026-01-01,2,Eixample,9,la Nova Esquerra de l'Eixample,..,6,10,1
2026-01-01,2,Eixample,9,la Nova Esquerra de l'Eixample,..,6,10,2
2026-01-01,2,Eixample,9,la Nova Esquerra de l'Eixample,..,6,11,1
2026-01-01,2,Eixample,9,la Nova Esquerra de l'Eixample,..,6,11,2
2026-01-01,2,Eixample,9,la Nova Esquerra de l'Eixample,..,6,12,2
2026-01-01,2,Eixample,9,la Nova Esquerra de l'Eixample,..,6,14,2
2026-01-01,2,Eixample,9,la Nova Esquerra de l'Eixample,..,6,15,2
2026-01-01,2,Eixample,10,Sant Antoni,461,1,0,1
2026-01-01,2,Eixample,10,Sant Antoni,566,1,0,2
2026-01-01,2,Eixample,10,Sant Antoni,460,1,1,1
2026-01-01,2,Eixample,10,Sant Antoni,513,1,1,2
2026-01-01,2,Eixample,10,Sant Antoni,422,1,2,1
2026-01-01,2,Eixample,10,Sant Antoni,523,1,2,2
2026-01-01,2,Eixample,10,Sant Antoni,449,1,3,1
2026-01-01,2,Eixample,10,Sant Antoni,474,1,3,2
2026-01-01,2,Eixample,10,Sant Antoni,426,1,4,1
2026-01-01,2,Eixample,10,Sant Antoni,443,1,4,2
2026-01-01,2,Eixample,10,Sant Antoni,430,1,5,1
2026-01-01,2,Eixample,10,Sant Antoni,414,1,5,2
2026-01-01,2,Eixample,10,Sant Antoni,325,1,6,1
2026-01-01,2,Eixample,10,Sant Antoni,371,1,6,2
2026-01-01,2,Eixample,10,Sant Antoni,316,1,7,1
2026-01-01,2,Eixample,10,Sant Antoni,391,1,7,2
2026-01-01,2,Eixample,10,Sant Antoni,347,1,8,1
2026-01-01,2,Eixample,10,Sant Antoni,406,1,8,2
2026-01-01,2,Eixample,10,Sant Antoni,489,1,9,1
2026-01-01,2,Eixample,10,Sant Antoni,523,1,9,2
2026-01-01,2,Eixample,10,Sant Antoni,552,1,10,1
2026-01-01,2,Eixample,10,Sant Antoni,579,1,10,2
2026-01-01,2,Eixample,10,Sant Antoni,643,1,11,1
2026-01-01,2,Eixample,10,Sant Antoni,569,1,11,2
2026-01-01,2,Eixample,10,Sant Antoni,694,1,12,1
2026-01-01,2,Eixample,10,Sant Antoni,609,1,12,2
2026-01-01,2,Eixample,10,Sant Antoni,565,1,13,1
2026-01-01,2,Eixample,10,Sant Antoni,479,1,13,2
2026-01-01,2,Eixample,10,Sant Antoni,482,1,14,1
2026-01-01,2,Eixample,10,Sant Antoni,382,1,14,2
2026-01-01,2,Eixample,10,Sant Antoni,432,1,15,1
2026-01-01,2,Eixample,10,Sant Antoni,339,1,15,2
2026-01-01,2,Eixample,10,Sant Antoni,409,1,16,1
2026-01-01,2,Eixample,10,Sant Antoni,230,1,16,2
2026-01-01,2,Eixample,10,Sant Antoni,270,1,17,1
2026-01-01,2,Eixample,10,Sant Antoni,128,1,17,2
2026-01-01,2,Eixample,10,Sant Antoni,189,1,18,1
2026-01-01,2,Eixample,10,Sant Antoni,77,1,18,2
2026-01-01,2,Eixample,10,Sant Antoni,74,1,19,1
2026-01-01,2,Eixample,10,Sant Antoni,23,1,19,2
2026-01-01,2,Eixample,10,Sant Antoni,15,1,20,1
2026-01-01,2,Eixample,10,Sant Antoni,..,1,20,2
2026-01-01,2,Eixample,10,Sant Antoni,28,2,0,1
2026-01-01,2,Eixample,10,Sant Antoni,40,2,0,2
2026-01-01,2,Eixample,10,Sant Antoni,20,2,1,1
2026-01-01,2,Eixample,10,Sant Antoni,20,2,1,2
2026-01-01,2,Eixample,10,Sant Antoni,21,2,2,1
2026-01-01,2,Eixample,10,Sant Antoni,23,2,2,2
2026-01-01,2,Eixample,10,Sant Antoni,40,2,3,1
2026-01-01,2,Eixample,10,Sant Antoni,48,2,3,2
2026-01-01,2,Eixample,10,Sant Antoni,46,2,4,1
2026-01-01,2,Eixample,10,Sant Antoni,36,2,4,2
2026-01-01,2,Eixample,10,Sant Antoni,79,2,5,1
2026-01-01,2,Eixample,10,Sant Antoni,79,2,5,2
2026-01-01,2,Eixample,10,Sant Antoni,97,2,6,1
2026-01-01,2,Eixample,10,Sant Antoni,95,2,6,2
2026-01-01,2,Eixample,10,Sant Antoni,93,2,7,1
2026-01-01,2,Eixample,10,Sant Antoni,87,2,7,2
2026-01-01,2,Eixample,10,Sant Antoni,87,2,8,1
2026-01-01,2,Eixample,10,Sant Antoni,107,2,8,2
2026-01-01,2,Eixample,10,Sant Antoni,125,2,9,1
2026-01-01,2,Eixample,10,Sant Antoni,135,2,9,2
2026-01-01,2,Eixample,10,Sant Antoni,89,2,10,1
2026-01-01,2,Eixample,10,Sant Antoni,100,2,10,2
2026-01-01,2,Eixample,10,Sant Antoni,88,2,11,1
2026-01-01,2,Eixample,10,Sant Antoni,84,2,11,2
2026-01-01,2,Eixample,10,Sant Antoni,102,2,12,1
2026-01-01,2,Eixample,10,Sant Antoni,105,2,12,2
2026-01-01,2,Eixample,10,Sant Antoni,91,2,13,1
2026-01-01,2,Eixample,10,Sant Antoni,86,2,13,2
2026-01-01,2,Eixample,10,Sant Antoni,110,2,14,1
2026-01-01,2,Eixample,10,Sant Antoni,82,2,14,2
2026-01-01,2,Eixample,10,Sant Antoni,96,2,15,1
2026-01-01,2,Eixample,10,Sant Antoni,68,2,15,2
2026-01-01,2,Eixample,10,Sant Antoni,80,2,16,1
2026-01-01,2,Eixample,10,Sant Antoni,51,2,16,2
2026-01-01,2,Eixample,10,Sant Antoni,85,2,17,1
2026-01-01,2,Eixample,10,Sant Antoni,53,2,17,2
2026-01-01,2,Eixample,10,Sant Antoni,61,2,18,1
2026-01-01,2,Eixample,10,Sant Antoni,34,2,18,2
2026-01-01,2,Eixample,10,Sant Antoni,28,2,19,1
2026-01-01,2,Eixample,10,Sant Antoni,7,2,19,2
2026-01-01,2,Eixample,10,Sant Antoni,7,2,20,1
2026-01-01,2,Eixample,10,Sant Antoni,..,2,20,2
2026-01-01,2,Eixample,10,Sant Antoni,7,3,0,1
2026-01-01,2,Eixample,10,Sant Antoni,6,3,0,2
2026-01-01,2,Eixample,10,Sant Antoni,..,3,1,1
2026-01-01,2,Eixample,10,Sant Antoni,6,3,1,2
2026-01-01,2,Eixample,10,Sant Antoni,8,3,2,1
2026-01-01,2,Eixample,10,Sant Antoni,12,3,2,2
2026-01-01,2,Eixample,10,Sant Antoni,7,3,3,1
2026-01-01,2,Eixample,10,Sant Antoni,11,3,3,2
2026-01-01,2,Eixample,10,Sant Antoni,12,3,4,1
2026-01-01,2,Eixample,10,Sant Antoni,24,3,4,2
2026-01-01,2,Eixample,10,Sant Antoni,134,3,5,1
2026-01-01,2,Eixample,10,Sant Antoni,94,3,5,2
2026-01-01,2,Eixample,10,Sant Antoni,168,3,6,1
2026-01-01,2,Eixample,10,Sant Antoni,150,3,6,2
2026-01-01,2,Eixample,10,Sant Antoni,153,3,7,1
2026-01-01,2,Eixample,10,Sant Antoni,147,3,7,2
2026-01-01,2,Eixample,10,Sant Antoni,134,3,8,1
2026-01-01,2,Eixample,10,Sant Antoni,158,3,8,2
2026-01-01,2,Eixample,10,Sant Antoni,125,3,9,1
2026-01-01,2,Eixample,10,Sant Antoni,139,3,9,2
2026-01-01,2,Eixample,10,Sant Antoni,113,3,10,1
2026-01-01,2,Eixample,10,Sant Antoni,123,3,10,2
2026-01-01,2,Eixample,10,Sant Antoni,97,3,11,1
2026-01-01,2,Eixample,10,Sant Antoni,114,3,11,2
2026-01-01,2,Eixample,10,Sant Antoni,149,3,12,1
2026-01-01,2,Eixample,10,Sant Antoni,111,3,12,2
2026-01-01,2,Eixample,10,Sant Antoni,212,3,13,1
2026-01-01,2,Eixample,10,Sant Antoni,137,3,13,2
2026-01-01,2,Eixample,10,Sant Antoni,253,3,14,1
2026-01-01,2,Eixample,10,Sant Antoni,149,3,14,2
2026-01-01,2,Eixample,10,Sant Antoni,292,3,15,1
2026-01-01,2,Eixample,10,Sant Antoni,167,3,15,2
2026-01-01,2,Eixample,10,Sant Antoni,263,3,16,1
2026-01-01,2,Eixample,10,Sant Antoni,178,3,16,2
2026-01-01,2,Eixample,10,Sant Antoni,213,3,17,1
2026-01-01,2,Eixample,10,Sant Antoni,104,3,17,2
2026-01-01,2,Eixample,10,Sant Antoni,133,3,18,1
2026-01-01,2,Eixample,10,Sant Antoni,58,3,18,2
2026-01-01,2,Eixample,10,Sant Antoni,49,3,19,1
2026-01-01,2,Eixample,10,Sant Antoni,13,3,19,2
2026-01-01,2,Eixample,10,Sant Antoni,9,3,20,1
2026-01-01,2,Eixample,10,Sant Antoni,7,4,0,1
2026-01-01,2,Eixample,10,Sant Antoni,11,4,0,2
2026-01-01,2,Eixample,10,Sant Antoni,6,4,1,1
2026-01-01,2,Eixample,10,Sant Antoni,9,4,1,2
2026-01-01,2,Eixample,10,Sant Antoni,9,4,2,1
2026-01-01,2,Eixample,10,Sant Antoni,9,4,2,2
2026-01-01,2,Eixample,10,Sant Antoni,17,4,3,1
2026-01-01,2,Eixample,10,Sant Antoni,10,4,3,2
2026-01-01,2,Eixample,10,Sant Antoni,66,4,4,1
2026-01-01,2,Eixample,10,Sant Antoni,39,4,4,2
2026-01-01,2,Eixample,10,Sant Antoni,256,4,5,1
2026-01-01,2,Eixample,10,Sant Antoni,178,4,5,2
2026-01-01,2,Eixample,10,Sant Antoni,263,4,6,1
2026-01-01,2,Eixample,10,Sant Antoni,254,4,6,2
2026-01-01,2,Eixample,10,Sant Antoni,175,4,7,1
2026-01-01,2,Eixample,10,Sant Antoni,212,4,7,2
2026-01-01,2,Eixample,10,Sant Antoni,146,4,8,1
2026-01-01,2,Eixample,10,Sant Antoni,199,4,8,2
2026-01-01,2,Eixample,10,Sant Antoni,106,4,9,1
2026-01-01,2,Eixample,10,Sant Antoni,145,4,9,2
2026-01-01,2,Eixample,10,Sant Antoni,74,4,10,1
2026-01-01,2,Eixample,10,Sant Antoni,92,4,10,2
2026-01-01,2,Eixample,10,Sant Antoni,41,4,11,1
2026-01-01,2,Eixample,10,Sant Antoni,60,4,11,2
2026-01-01,2,Eixample,10,Sant Antoni,33,4,12,1
2026-01-01,2,Eixample,10,Sant Antoni,42,4,12,2
2026-01-01,2,Eixample,10,Sant Antoni,18,4,13,1
2026-01-01,2,Eixample,10,Sant Antoni,21,4,13,2
2026-01-01,2,Eixample,10,Sant Antoni,19,4,14,1
2026-01-01,2,Eixample,10,Sant Antoni,7,4,14,2
2026-01-01,2,Eixample,10,Sant Antoni,15,4,15,1
2026-01-01,2,Eixample,10,Sant Antoni,11,4,15,2
2026-01-01,2,Eixample,10,Sant Antoni,8,4,16,1
2026-01-01,2,Eixample,10,Sant Antoni,6,4,16,2
2026-01-01,2,Eixample,10,Sant Antoni,9,4,17,1
2026-01-01,2,Eixample,10,Sant Antoni,8,4,17,2
2026-01-01,2,Eixample,10,Sant Antoni,..,4,18,1
2026-01-01,2,Eixample,10,Sant Antoni,..,4,19,1
2026-01-01,2,Eixample,10,Sant Antoni,..,4,19,2
2026-01-01,2,Eixample,10,Sant Antoni,21,5,0,1
2026-01-01,2,Eixample,10,Sant Antoni,22,5,0,2
2026-01-01,2,Eixample,10,Sant Antoni,72,5,1,1
2026-01-01,2,Eixample,10,Sant Antoni,76,5,1,2
2026-01-01,2,Eixample,10,Sant Antoni,86,5,2,1
2026-01-01,2,Eixample,10,Sant Antoni,106,5,2,2
2026-01-01,2,Eixample,10,Sant Antoni,139,5,3,1
2026-01-01,2,Eixample,10,Sant Antoni,152,5,3,2
2026-01-01,2,Eixample,10,Sant Antoni,367,5,4,1
2026-01-01,2,Eixample,10,Sant Antoni,396,5,4,2
2026-01-01,2,Eixample,10,Sant Antoni,811,5,5,1
2026-01-01,2,Eixample,10,Sant Antoni,762,5,5,2
2026-01-01,2,Eixample,10,Sant Antoni,1115,5,6,1
2026-01-01,2,Eixample,10,Sant Antoni,1081,5,6,2
2026-01-01,2,Eixample,10,Sant Antoni,900,5,7,1
2026-01-01,2,Eixample,10,Sant Antoni,958,5,7,2
2026-01-01,2,Eixample,10,Sant Antoni,694,5,8,1
2026-01-01,2,Eixample,10,Sant Antoni,676,5,8,2
2026-01-01,2,Eixample,10,Sant Antoni,587,5,9,1
2026-01-01,2,Eixample,10,Sant Antoni,590,5,9,2
2026-01-01,2,Eixample,10,Sant Antoni,460,5,10,1
2026-01-01,2,Eixample,10,Sant Antoni,383,5,10,2
2026-01-01,2,Eixample,10,Sant Antoni,364,5,11,1
2026-01-01,2,Eixample,10,Sant Antoni,306,5,11,2
2026-01-01,2,Eixample,10,Sant Antoni,304,5,12,1
2026-01-01,2,Eixample,10,Sant Antoni,248,5,12,2
2026-01-01,2,Eixample,10,Sant Antoni,241,5,13,1
2026-01-01,2,Eixample,10,Sant Antoni,173,5,13,2
2026-01-01,2,Eixample,10,Sant Antoni,158,5,14,1
2026-01-01,2,Eixample,10,Sant Antoni,102,5,14,2
2026-01-01,2,Eixample,10,Sant Antoni,100,5,15,1
2026-01-01,2,Eixample,10,Sant Antoni,59,5,15,2
2026-01-01,2,Eixample,10,Sant Antoni,55,5,16,1
2026-01-01,2,Eixample,10,Sant Antoni,24,5,16,2
2026-01-01,2,Eixample,10,Sant Antoni,31,5,17,1
2026-01-01,2,Eixample,10,Sant Antoni,7,5,17,2
2026-01-01,2,Eixample,10,Sant Antoni,5,5,18,1
2026-01-01,2,Eixample,10,Sant Antoni,..,5,18,2
2026-01-01,2,Eixample,10,Sant Antoni,..,5,19,1
2026-01-01,2,Eixample,10,Sant Antoni,..,5,19,2
2026-01-01,2,Eixample,10,Sant Antoni,..,6,6,1
2026-01-01,2,Eixample,10,Sant Antoni,..,6,6,2
2026-01-01,2,Eixample,10,Sant Antoni,..,6,7,2
2026-01-01,2,Eixample,10,Sant Antoni,..,6,9,1
2026-01-01,2,Eixample,10,Sant Antoni,..,6,10,1
2026-01-01,2,Eixample,10,Sant Antoni,..,6,11,1
2026-01-01,2,Eixample,10,Sant Antoni,..,6,16,2
2026-01-01,3,Sants-Montjuïc,11,el Poble-sec,455,1,0,1
2026-01-01,3,Sants-Montjuïc,11,el Poble-sec,524,1,0,2
2026-01-01,3,Sants-Montjuïc,11,el Poble-sec,455,1,1,1
2026-01-01,3,Sants-Montjuïc,11,el Poble-sec,489,1,1,2
2026-01-01,3,Sants-Montjuïc,11,el Poble-sec,438,1,2,1
2026-01-01,3,Sants-Montjuïc,11,el Poble-sec,486,1,2,2
2026-01-01,3,Sants-Montjuïc,11,el Poble-sec,467,1,3,1
2026-01-01,3,Sants-Montjuïc,11,el Poble-sec,500,1,3,2
2026-01-01,3,Sants-Montjuïc,11,el Poble-sec,414,1,4,1
2026-01-01,3,Sants-Montjuïc,11,el Poble-sec,449,1,4,2
2026-01-01,3,Sants-Montjuïc,11,el Poble-sec,317,1,5,1
2026-01-01,3,Sants-Montjuïc,11,el Poble-sec,372,1,5,2
2026-01-01,3,Sants-Montjuïc,11,el Poble-sec,260,1,6,1
2026-01-01,3,Sants-Montjuïc,11,el Poble-sec,293,1,6,2
2026-01-01,3,Sants-Montjuïc,11,el Poble-sec,232,1,7,1
2026-01-01,3,Sants-Montjuïc,11,el Poble-sec,299,1,7,2
2026-01-01,3,Sants-Montjuïc,11,el Poble-sec,303,1,8,1
2026-01-01,3,Sants-Montjuïc,11,el Poble-sec,304,1,8,2
2026-01-01,3,Sants-Montjuïc,11,el Poble-sec,350,1,9,1
2026-01-01,3,Sants-Montjuïc,11,el Poble-sec,441,1,9,2
2026-01-01,3,Sants-Montjuïc,11,el Poble-sec,503,1,10,1
2026-01-01,3,Sants-Montjuïc,11,el Poble-sec,506,1,10,2
2026-01-01,3,Sants-Montjuïc,11,el Poble-sec,555,1,11,1
2026-01-01,3,Sants-Montjuïc,11,el Poble-sec,515,1,11,2
2026-01-01,3,Sants-Montjuïc,11,el Poble-sec,543,1,12,1
2026-01-01,3,Sants-Montjuïc,11,el Poble-sec,511,1,12,2
2026-01-01,3,Sants-Montjuïc,11,el Poble-sec,462,1,13,1
2026-01-01,3,Sants-Montjuïc,11,el Poble-sec,413,1,13,2
2026-01-01,3,Sants-Montjuïc,11,el Poble-sec,328,1,14,1
2026-01-01,3,Sants-Montjuïc,11,el Poble-sec,271,1,14,2
2026-01-01,3,Sants-Montjuïc,11,el Poble-sec,288,1,15,1
2026-01-01,3,Sants-Montjuïc,11,el Poble-sec,209,1,15,2
2026-01-01,3,Sants-Montjuïc,11,el Poble-sec,245,1,16,1
2026-01-01,3,Sants-Montjuïc,11,el Poble-sec,150,1,16,2
2026-01-01,3,Sants-Montjuïc,11,el Poble-sec,188,1,17,1
2026-01-01,3,Sants-Montjuïc,11,el Poble-sec,88,1,17,2
2026-01-01,3,Sants-Montjuïc,11,el Poble-sec,127,1,18,1
2026-01-01,3,Sants-Montjuïc,11,el Poble-sec,54,1,18,2
2026-01-01,3,Sants-Montjuïc,11,el Poble-sec,43,1,19,1
2026-01-01,3,Sants-Montjuïc,11,el Poble-sec,17,1,19,2
2026-01-01,3,Sants-Montjuïc,11,el Poble-sec,..,1,20,1
2026-01-01,3,Sants-Montjuïc,11,el Poble-sec,25,2,0,1
2026-01-01,3,Sants-Montjuïc,11,el Poble-sec,32,2,0,2
2026-01-01,3,Sants-Montjuïc,11,el Poble-sec,14,2,1,1
2026-01-01,3,Sants-Montjuïc,11,el Poble-sec,20,2,1,2
2026-01-01,3,Sants-Montjuïc,11,el Poble-sec,21,2,2,1
2026-01-01,3,Sants-Montjuïc,11,el Poble-sec,29,2,2,2
2026-01-01,3,Sants-Montjuïc,11,el Poble-sec,36,2,3,1
2026-01-01,3,Sants-Montjuïc,11,el Poble-sec,40,2,3,2
2026-01-01,3,Sants-Montjuïc,11,el Poble-sec,42,2,4,1
2026-01-01,3,Sants-Montjuïc,11,el Poble-sec,43,2,4,2
2026-01-01,3,Sants-Montjuïc,11,el Poble-sec,84,2,5,1
2026-01-01,3,Sants-Montjuïc,11,el Poble-sec,52,2,5,2
2026-01-01,3,Sants-Montjuïc,11,el Poble-sec,92,2,6,1
2026-01-01,3,Sants-Montjuïc,11,el Poble-sec,101,2,6,2
2026-01-01,3,Sants-Montjuïc,11,el Poble-sec,72,2,7,1
2026-01-01,3,Sants-Montjuïc,11,el Poble-sec,78,2,7,2
2026-01-01,3,Sants-Montjuïc,11,el Poble-sec,78,2,8,1
2026-01-01,3,Sants-Montjuïc,11,el Poble-sec,90,2,8,2
2026-01-01,3,Sants-Montjuïc,11,el Poble-sec,77,2,9,1
2026-01-01,3,Sants-Montjuïc,11,el Poble-sec,111,2,9,2
2026-01-01,3,Sants-Montjuïc,11,el Poble-sec,77,2,10,1
2026-01-01,3,Sants-Montjuïc,11,el Poble-sec,86,2,10,2
2026-01-01,3,Sants-Montjuïc,11,el Poble-sec,60,2,11,1
2026-01-01,3,Sants-Montjuïc,11,el Poble-sec,53,2,11,2
2026-01-01,3,Sants-Montjuïc,11,el Poble-sec,58,2,12,1
2026-01-01,3,Sants-Montjuïc,11,el Poble-sec,71,2,12,2
2026-01-01,3,Sants-Montjuïc,11,el Poble-sec,62,2,13,1
2026-01-01,3,Sants-Montjuïc,11,el Poble-sec,50,2,13,2
2026-01-01,3,Sants-Montjuïc,11,el Poble-sec,47,2,14,1
2026-01-01,3,Sants-Montjuïc,11,el Poble-sec,49,2,14,2
2026-01-01,3,Sants-Montjuïc,11,el Poble-sec,55,2,15,1
2026-01-01,3,Sants-Montjuïc,11,el Poble-sec,33,2,15,2
2026-01-01,3,Sants-Montjuïc,11,el Poble-sec,37,2,16,1
2026-01-01,3,Sants-Montjuïc,11,el Poble-sec,34,2,16,2
2026-01-01,3,Sants-Montjuïc,11,el Poble-sec,41,2,17,1
2026-01-01,3,Sants-Montjuïc,11,el Poble-sec,17,2,17,2
2026-01-01,3,Sants-Montjuïc,11,el Poble-sec,21,2,18,1
2026-01-01,3,Sants-Montjuïc,11,el Poble-sec,6,2,18,2
2026-01-01,3,Sants-Montjuïc,11,el Poble-sec,..,2,19,1
2026-01-01,3,Sants-Montjuïc,11,el Poble-sec,..,2,19,2
2026-01-01,3,Sants-Montjuïc,11,el Poble-sec,..,2,20,1
2026-01-01,3,Sants-Montjuïc,11,el Poble-sec,..,3,0,1
2026-01-01,3,Sants-Montjuïc,11,el Poble-sec,..,3,0,2
2026-01-01,3,Sants-Montjuïc,11,el Poble-sec,8,3,1,1
2026-01-01,3,Sants-Montjuïc,11,el Poble-sec,10,3,1,2
2026-01-01,3,Sants-Montjuïc,11,el Poble-sec,9,3,2,1
2026-01-01,3,Sants-Montjuïc,11,el Poble-sec,7,3,2,2
2026-01-01,3,Sants-Montjuïc,11,el Poble-sec,11,3,3,1
2026-01-01,3,Sants-Montjuïc,11,el Poble-sec,13,3,3,2
2026-01-01,3,Sants-Montjuïc,11,el Poble-sec,29,3,4,1
2026-01-01,3,Sants-Montjuïc,11,el Poble-sec,20,3,4,2
2026-01-01,3,Sants-Montjuïc,11,el Poble-sec,103,3,5,1
2026-01-01,3,Sants-Montjuïc,11,el Poble-sec,72,3,5,2
2026-01-01,3,Sants-Montjuïc,11,el Poble-sec,136,3,6,1
2026-01-01,3,Sants-Montjuïc,11,el Poble-sec,135,3,6,2
2026-01-01,3,Sants-Montjuïc,11,el Poble-sec,134,3,7,1
2026-01-01,3,Sants-Montjuïc,11,el Poble-sec,176,3,7,2
2026-01-01,3,Sants-Montjuïc,11,el Poble-sec,129,3,8,1
2026-01-01,3,Sants-Montjuïc,11,el Poble-sec,125,3,8,2
2026-01-01,3,Sants-Montjuïc,11,el Poble-sec,138,3,9,1
2026-01-01,3,Sants-Montjuïc,11,el Poble-sec,137,3,9,2
2026-01-01,3,Sants-Montjuïc,11,el Poble-sec,92,3,10,1
2026-01-01,3,Sants-Montjuïc,11,el Poble-sec,103,3,10,2
2026-01-01,3,Sants-Montjuïc,11,el Poble-sec,119,3,11,1
2026-01-01,3,Sants-Montjuïc,11,el Poble-sec,107,3,11,2
2026-01-01,3,Sants-Montjuïc,11,el Poble-sec,137,3,12,1
2026-01-01,3,Sants-Montjuïc,11,el Poble-sec,134,3,12,2
2026-01-01,3,Sants-Montjuïc,11,el Poble-sec,221,3,13,1
2026-01-01,3,Sants-Montjuïc,11,el Poble-sec,132,3,13,2
2026-01-01,3,Sants-Montjuïc,11,el Poble-sec,228,3,14,1
2026-01-01,3,Sants-Montjuïc,11,el Poble-sec,167,3,14,2
2026-01-01,3,Sants-Montjuïc,11,el Poble-sec,235,3,15,1
2026-01-01,3,Sants-Montjuïc,11,el Poble-sec,187,3,15,2
2026-01-01,3,Sants-Montjuïc,11,el Poble-sec,230,3,16,1
2026-01-01,3,Sants-Montjuïc,11,el Poble-sec,156,3,16,2
2026-01-01,3,Sants-Montjuïc,11,el Poble-sec,166,3,17,1
2026-01-01,3,Sants-Montjuïc,11,el Poble-sec,100,3,17,2
2026-01-01,3,Sants-Montjuïc,11,el Poble-sec,130,3,18,1
2026-01-01,3,Sants-Montjuïc,11,el Poble-sec,49,3,18,2
2026-01-01,3,Sants-Montjuïc,11,el Poble-sec,54,3,19,1
2026-01-01,3,Sants-Montjuïc,11,el Poble-sec,14,3,19,2
2026-01-01,3,Sants-Montjuïc,11,el Poble-sec,6,3,20,1
2026-01-01,3,Sants-Montjuïc,11,el Poble-sec,..,3,20,2
2026-01-01,3,Sants-Montjuïc,11,el Poble-sec,5,4,0,1
2026-01-01,3,Sants-Montjuïc,11,el Poble-sec,9,4,0,2
2026-01-01,3,Sants-Montjuïc,11,el Poble-sec,14,4,1,1
2026-01-01,3,Sants-Montjuïc,11,el Poble-sec,12,4,1,2
2026-01-01,3,Sants-Montjuïc,11,el Poble-sec,11,4,2,1
2026-01-01,3,Sants-Montjuïc,11,el Poble-sec,12,4,2,2
2026-01-01,3,Sants-Montjuïc,11,el Poble-sec,13,4,3,1
2026-01-01,3,Sants-Montjuïc,11,el Poble-sec,15,4,3,2
2026-01-01,3,Sants-Montjuïc,11,el Poble-sec,77,4,4,1
2026-01-01,3,Sants-Montjuïc,11,el Poble-sec,44,4,4,2
2026-01-01,3,Sants-Montjuïc,11,el Poble-sec,281,4,5,1
2026-01-01,3,Sants-Montjuïc,11,el Poble-sec,194,4,5,2
2026-01-01,3,Sants-Montjuïc,11,el Poble-sec,353,4,6,1
2026-01-01,3,Sants-Montjuïc,11,el Poble-sec,317,4,6,2
2026-01-01,3,Sants-Montjuïc,11,el Poble-sec,303,4,7,1
2026-01-01,3,Sants-Montjuïc,11,el Poble-sec,270,4,7,2
2026-01-01,3,Sants-Montjuïc,11,el Poble-sec,261,4,8,1
2026-01-01,3,Sants-Montjuïc,11,el Poble-sec,261,4,8,2
2026-01-01,3,Sants-Montjuïc,11,el Poble-sec,169,4,9,1
2026-01-01,3,Sants-Montjuïc,11,el Poble-sec,216,4,9,2
2026-01-01,3,Sants-Montjuïc,11,el Poble-sec,96,4,10,1
2026-01-01,3,Sants-Montjuïc,11,el Poble-sec,123,4,10,2
2026-01-01,3,Sants-Montjuïc,11,el Poble-sec,50,4,11,1
2026-01-01,3,Sants-Montjuïc,11,el Poble-sec,66,4,11,2
2026-01-01,3,Sants-Montjuïc,11,el Poble-sec,35,4,12,1
2026-01-01,3,Sants-Montjuïc,11,el Poble-sec,54,4,12,2
2026-01-01,3,Sants-Montjuïc,11,el Poble-sec,20,4,13,1
2026-01-01,3,Sants-Montjuïc,11,el Poble-sec,28,4,13,2
2026-01-01,3,Sants-Montjuïc,11,el Poble-sec,20,4,14,1
2026-01-01,3,Sants-Montjuïc,11,el Poble-sec,13,4,14,2
2026-01-01,3,Sants-Montjuïc,11,el Poble-sec,17,4,15,1
2026-01-01,3,Sants-Montjuïc,11,el Poble-sec,10,4,15,2
2026-01-01,3,Sants-Montjuïc,11,el Poble-sec,7,4,16,1
2026-01-01,3,Sants-Montjuïc,11,el Poble-sec,6,4,16,2
2026-01-01,3,Sants-Montjuïc,11,el Poble-sec,6,4,17,1
2026-01-01,3,Sants-Montjuïc,11,el Poble-sec,5,4,17,2
2026-01-01,3,Sants-Montjuïc,11,el Poble-sec,7,4,18,1
2026-01-01,3,Sants-Montjuïc,11,el Poble-sec,..,4,18,2
2026-01-01,3,Sants-Montjuïc,11,el Poble-sec,..,4,19,1
2026-01-01,3,Sants-Montjuïc,11,el Poble-sec,..,4,20,2
2026-01-01,3,Sants-Montjuïc,11,el Poble-sec,40,5,0,1
2026-01-01,3,Sants-Montjuïc,11,el Poble-sec,35,5,0,2
2026-01-01,3,Sants-Montjuïc,11,el Poble-sec,110,5,1,1
2026-01-01,3,Sants-Montjuïc,11,el Poble-sec,116,5,1,2
2026-01-01,3,Sants-Montjuïc,11,el Poble-sec,162,5,2,1
2026-01-01,3,Sants-Montjuïc,11,el Poble-sec,195,5,2,2
2026-01-01,3,Sants-Montjuïc,11,el Poble-sec,242,5,3,1
2026-01-01,3,Sants-Montjuïc,11,el Poble-sec,283,5,3,2
2026-01-01,3,Sants-Montjuïc,11,el Poble-sec,421,5,4,1
2026-01-01,3,Sants-Montjuïc,11,el Poble-sec,594,5,4,2
2026-01-01,3,Sants-Montjuïc,11,el Poble-sec,915,5,5,1
2026-01-01,3,Sants-Montjuïc,11,el Poble-sec,1060,5,5,2
2026-01-01,3,Sants-Montjuïc,11,el Poble-sec,1246,5,6,1
2026-01-01,3,Sants-Montjuïc,11,el Poble-sec,1284,5,6,2
2026-01-01,3,Sants-Montjuïc,11,el Poble-sec,1104,5,7,1
2026-01-01,3,Sants-Montjuïc,11,el Poble-sec,1237,5,7,2
2026-01-01,3,Sants-Montjuïc,11,el Poble-sec,904,5,8,1
2026-01-01,3,Sants-Montjuïc,11,el Poble-sec,1045,5,8,2
2026-01-01,3,Sants-Montjuïc,11,el Poble-sec,788,5,9,1
2026-01-01,3,Sants-Montjuïc,11,el Poble-sec,854,5,9,2
2026-01-01,3,Sants-Montjuïc,11,el Poble-sec,610,5,10,1
2026-01-01,3,Sants-Montjuïc,11,el Poble-sec,656,5,10,2
2026-01-01,3,Sants-Montjuïc,11,el Poble-sec,499,5,11,1
2026-01-01,3,Sants-Montjuïc,11,el Poble-sec,472,5,11,2
2026-01-01,3,Sants-Montjuïc,11,el Poble-sec,353,5,12,1
2026-01-01,3,Sants-Montjuïc,11,el Poble-sec,370,5,12,2
2026-01-01,3,Sants-Montjuïc,11,el Poble-sec,276,5,13,1
2026-01-01,3,Sants-Montjuïc,11,el Poble-sec,213,5,13,2
2026-01-01,3,Sants-Montjuïc,11,el Poble-sec,164,5,14,1
2026-01-01,3,Sants-Montjuïc,11,el Poble-sec,157,5,14,2
2026-01-01,3,Sants-Montjuïc,11,el Poble-sec,95,5,15,1
2026-01-01,3,Sants-Montjuïc,11,el Poble-sec,65,5,15,2
2026-01-01,3,Sants-Montjuïc,11,el Poble-sec,46,5,16,1
2026-01-01,3,Sants-Montjuïc,11,el Poble-sec,35,5,16,2
2026-01-01,3,Sants-Montjuïc,11,el Poble-sec,21,5,17,1
2026-01-01,3,Sants-Montjuïc,11,el Poble-sec,8,5,17,2
2026-01-01,3,Sants-Montjuïc,11,el Poble-sec,5,5,18,1
2026-01-01,3,Sants-Montjuïc,11,el Poble-sec,..,5,18,2
2026-01-01,3,Sants-Montjuïc,11,el Poble-sec,..,5,19,1
2026-01-01,3,Sants-Montjuïc,11,el Poble-sec,..,5,19,2
2026-01-01,3,Sants-Montjuïc,11,el Poble-sec,..,5,20,1
2026-01-01,3,Sants-Montjuïc,11,el Poble-sec,..,6,5,1
2026-01-01,3,Sants-Montjuïc,11,el Poble-sec,..,6,5,2
2026-01-01,3,Sants-Montjuïc,11,el Poble-sec,..,6,7,1
2026-01-01,3,Sants-Montjuïc,11,el Poble-sec,..,6,7,2
2026-01-01,3,Sants-Montjuïc,11,el Poble-sec,..,6,8,1
2026-01-01,3,Sants-Montjuïc,11,el Poble-sec,..,6,8,2
2026-01-01,3,Sants-Montjuïc,11,el Poble-sec,..,6,9,1
2026-01-01,3,Sants-Montjuïc,12,la Marina del Prat Vermell,68,1,0,1
2026-01-01,3,Sants-Montjuïc,12,la Marina del Prat Vermell,77,1,0,2
2026-01-01,3,Sants-Montjuïc,12,la Marina del Prat Vermell,71,1,1,1
2026-01-01,3,Sants-Montjuïc,12,la Marina del Prat Vermell,82,1,1,2
2026-01-01,3,Sants-Montjuïc,12,la Marina del Prat Vermell,53,1,2,1
2026-01-01,3,Sants-Montjuïc,12,la Marina del Prat Vermell,56,1,2,2
2026-01-01,3,Sants-Montjuïc,12,la Marina del Prat Vermell,46,1,3,1
2026-01-01,3,Sants-Montjuïc,12,la Marina del Prat Vermell,53,1,3,2
2026-01-01,3,Sants-Montjuïc,12,la Marina del Prat Vermell,28,1,4,1
2026-01-01,3,Sants-Montjuïc,12,la Marina del Prat Vermell,36,1,4,2
2026-01-01,3,Sants-Montjuïc,12,la Marina del Prat Vermell,22,1,5,1
2026-01-01,3,Sants-Montjuïc,12,la Marina del Prat Vermell,26,1,5,2
2026-01-01,3,Sants-Montjuïc,12,la Marina del Prat Vermell,46,1,6,1
2026-01-01,3,Sants-Montjuïc,12,la Marina del Prat Vermell,48,1,6,2
2026-01-01,3,Sants-Montjuïc,12,la Marina del Prat Vermell,47,1,7,1
2026-01-01,3,Sants-Montjuïc,12,la Marina del Prat Vermell,64,1,7,2
2026-01-01,3,Sants-Montjuïc,12,la Marina del Prat Vermell,60,1,8,1
2026-01-01,3,Sants-Montjuïc,12,la Marina del Prat Vermell,74,1,8,2
2026-01-01,3,Sants-Montjuïc,12,la Marina del Prat Vermell,45,1,9,1
2026-01-01,3,Sants-Montjuïc,12,la Marina del Prat Vermell,41,1,9,2
2026-01-01,3,Sants-Montjuïc,12,la Marina del Prat Vermell,41,1,10,1
2026-01-01,3,Sants-Montjuïc,12,la Marina del Prat Vermell,48,1,10,2
2026-01-01,3,Sants-Montjuïc,12,la Marina del Prat Vermell,43,1,11,1
2026-01-01,3,Sants-Montjuïc,12,la Marina del Prat Vermell,44,1,11,2
2026-01-01,3,Sants-Montjuïc,12,la Marina del Prat Vermell,41,1,12,1
2026-01-01,3,Sants-Montjuïc,12,la Marina del Prat Vermell,39,1,12,2
2026-01-01,3,Sants-Montjuïc,12,la Marina del Prat Vermell,35,1,13,1
2026-01-01,3,Sants-Montjuïc,12,la Marina del Prat Vermell,38,1,13,2
2026-01-01,3,Sants-Montjuïc,12,la Marina del Prat Vermell,23,1,14,1
2026-01-01,3,Sants-Montjuïc,12,la Marina del Prat Vermell,23,1,14,2
2026-01-01,3,Sants-Montjuïc,12,la Marina del Prat Vermell,15,1,15,1
2026-01-01,3,Sants-Montjuïc,12,la Marina del Prat Vermell,7,1,15,2
2026-01-01,3,Sants-Montjuïc,12,la Marina del Prat Vermell,13,1,16,1
2026-01-01,3,Sants-Montjuïc,12,la Marina del Prat Vermell,..,1,16,2
2026-01-01,3,Sants-Montjuïc,12,la Marina del Prat Vermell,..,1,17,1
2026-01-01,3,Sants-Montjuïc,12,la Marina del Prat Vermell,..,1,17,2
2026-01-01,3,Sants-Montjuïc,12,la Marina del Prat Vermell,5,1,18,1
2026-01-01,3,Sants-Montjuïc,12,la Marina del Prat Vermell,..,1,18,2
2026-01-01,3,Sants-Montjuïc,12,la Marina del Prat Vermell,..,1,19,1
2026-01-01,3,Sants-Montjuïc,12,la Marina del Prat Vermell,..,1,19,2
2026-01-01,3,Sants-Montjuïc,12,la Marina del Prat Vermell,..,2,0,1
2026-01-01,3,Sants-Montjuïc,12,la Marina del Prat Vermell,12,2,0,2
2026-01-01,3,Sants-Montjuïc,12,la Marina del Prat Vermell,5,2,1,1
2026-01-01,3,Sants-Montjuïc,12,la Marina del Prat Vermell,..,2,1,2
2026-01-01,3,Sants-Montjuïc,12,la Marina del Prat Vermell,10,2,2,1
2026-01-01,3,Sants-Montjuïc,12,la Marina del Prat Vermell,10,2,2,2
2026-01-01,3,Sants-Montjuïc,12,la Marina del Prat Vermell,14,2,3,1
2026-01-01,3,Sants-Montjuïc,12,la Marina del Prat Vermell,16,2,3,2
2026-01-01,3,Sants-Montjuïc,12,la Marina del Prat Vermell,..,2,4,1
2026-01-01,3,Sants-Montjuïc,12,la Marina del Prat Vermell,..,2,4,2
2026-01-01,3,Sants-Montjuïc,12,la Marina del Prat Vermell,9,2,5,1
2026-01-01,3,Sants-Montjuïc,12,la Marina del Prat Vermell,7,2,5,2
2026-01-01,3,Sants-Montjuïc,12,la Marina del Prat Vermell,11,2,6,1
2026-01-01,3,Sants-Montjuïc,12,la Marina del Prat Vermell,17,2,6,2
2026-01-01,3,Sants-Montjuïc,12,la Marina del Prat Vermell,7,2,7,1
2026-01-01,3,Sants-Montjuïc,12,la Marina del Prat Vermell,14,2,7,2
2026-01-01,3,Sants-Montjuïc,12,la Marina del Prat Vermell,8,2,8,1
2026-01-01,3,Sants-Montjuïc,12,la Marina del Prat Vermell,10,2,8,2
2026-01-01,3,Sants-Montjuïc,12,la Marina del Prat Vermell,7,2,9,1
2026-01-01,3,Sants-Montjuïc,12,la Marina del Prat Vermell,5,2,9,2
2026-01-01,3,Sants-Montjuïc,12,la Marina del Prat Vermell,..,2,10,1
2026-01-01,3,Sants-Montjuïc,12,la Marina del Prat Vermell,15,2,10,2
2026-01-01,3,Sants-Montjuïc,12,la Marina del Prat Vermell,7,2,11,1
2026-01-01,3,Sants-Montjuïc,12,la Marina del Prat Vermell,8,2,11,2
2026-01-01,3,Sants-Montjuïc,12,la Marina del Prat Vermell,..,2,12,1
2026-01-01,3,Sants-Montjuïc,12,la Marina del Prat Vermell,..,2,12,2
2026-01-01,3,Sants-Montjuïc,12,la Marina del Prat Vermell,..,2,13,1
2026-01-01,3,Sants-Montjuïc,12,la Marina del Prat Vermell,..,2,14,2
2026-01-01,3,Sants-Montjuïc,12,la Marina del Prat Vermell,..,2,17,1
2026-01-01,3,Sants-Montjuïc,12,la Marina del Prat Vermell,..,3,0,1
2026-01-01,3,Sants-Montjuïc,12,la Marina del Prat Vermell,..,3,0,2
2026-01-01,3,Sants-Montjuïc,12,la Marina del Prat Vermell,..,3,1,1
2026-01-01,3,Sants-Montjuïc,12,la Marina del Prat Vermell,..,3,1,2
2026-01-01,3,Sants-Montjuïc,12,la Marina del Prat Vermell,..,3,2,1
2026-01-01,3,Sants-Montjuïc,12,la Marina del Prat Vermell,..,3,2,2
2026-01-01,3,Sants-Montjuïc,12,la Marina del Prat Vermell,..,3,3,1
2026-01-01,3,Sants-Montjuïc,12,la Marina del Prat Vermell,..,3,4,1
2026-01-01,3,Sants-Montjuïc,12,la Marina del Prat Vermell,6,3,4,2
2026-01-01,3,Sants-Montjuïc,12,la Marina del Prat Vermell,8,3,5,1
2026-01-01,3,Sants-Montjuïc,12,la Marina del Prat Vermell,6,3,5,2
2026-01-01,3,Sants-Montjuïc,12,la Marina del Prat Vermell,16,3,6,1
2026-01-01,3,Sants-Montjuïc,12,la Marina del Prat Vermell,10,3,6,2
2026-01-01,3,Sants-Montjuïc,12,la Marina del Prat Vermell,14,3,7,1
2026-01-01,3,Sants-Montjuïc,12,la Marina del Prat Vermell,14,3,7,2
2026-01-01,3,Sants-Montjuïc,12,la Marina del Prat Vermell,9,3,8,1
2026-01-01,3,Sants-Montjuïc,12,la Marina del Prat Vermell,16,3,8,2
2026-01-01,3,Sants-Montjuïc,12,la Marina del Prat Vermell,10,3,9,1
2026-01-01,3,Sants-Montjuïc,12,la Marina del Prat Vermell,15,3,9,2
2026-01-01,3,Sants-Montjuïc,12,la Marina del Prat Vermell,..,3,10,1
2026-01-01,3,Sants-Montjuïc,12,la Marina del Prat Vermell,6,3,10,2
2026-01-01,3,Sants-Montjuïc,12,la Marina del Prat Vermell,6,3,11,1
2026-01-01,3,Sants-Montjuïc,12,la Marina del Prat Vermell,6,3,11,2
2026-01-01,3,Sants-Montjuïc,12,la Marina del Prat Vermell,10,3,12,1
2026-01-01,3,Sants-Montjuïc,12,la Marina del Prat Vermell,6,3,12,2
2026-01-01,3,Sants-Montjuïc,12,la Marina del Prat Vermell,7,3,13,1
2026-01-01,3,Sants-Montjuïc,12,la Marina del Prat Vermell,10,3,13,2
2026-01-01,3,Sants-Montjuïc,12,la Marina del Prat Vermell,6,3,14,1
2026-01-01,3,Sants-Montjuïc,12,la Marina del Prat Vermell,8,3,14,2
2026-01-01,3,Sants-Montjuïc,12,la Marina del Prat Vermell,..,3,15,1
2026-01-01,3,Sants-Montjuïc,12,la Marina del Prat Vermell,5,3,15,2
2026-01-01,3,Sants-Montjuïc,12,la Marina del Prat Vermell,..,3,16,1
2026-01-01,3,Sants-Montjuïc,12,la Marina del Prat Vermell,..,3,16,2
2026-01-01,3,Sants-Montjuïc,12,la Marina del Prat Vermell,..,3,17,1
2026-01-01,3,Sants-Montjuïc,12,la Marina del Prat Vermell,..,3,17,2
2026-01-01,3,Sants-Montjuïc,12,la Marina del Prat Vermell,..,3,18,1
2026-01-01,3,Sants-Montjuïc,12,la Marina del Prat Vermell,..,3,18,2
2026-01-01,3,Sants-Montjuïc,12,la Marina del Prat Vermell,..,3,19,1
2026-01-01,3,Sants-Montjuïc,12,la Marina del Prat Vermell,..,4,0,1
2026-01-01,3,Sants-Montjuïc,12,la Marina del Prat Vermell,..,4,1,1
2026-01-01,3,Sants-Montjuïc,12,la Marina del Prat Vermell,..,4,1,2
2026-01-01,3,Sants-Montjuïc,12,la Marina del Prat Vermell,..,4,2,1
2026-01-01,3,Sants-Montjuïc,12,la Marina del Prat Vermell,..,4,2,2
2026-01-01,3,Sants-Montjuïc,12,la Marina del Prat Vermell,..,4,3,1
2026-01-01,3,Sants-Montjuïc,12,la Marina del Prat Vermell,..,4,4,1
2026-01-01,3,Sants-Montjuïc,12,la Marina del Prat Vermell,..,4,4,2
2026-01-01,3,Sants-Montjuïc,12,la Marina del Prat Vermell,10,4,5,1
2026-01-01,3,Sants-Montjuïc,12,la Marina del Prat Vermell,9,4,5,2
2026-01-01,3,Sants-Montjuïc,12,la Marina del Prat Vermell,12,4,6,1
2026-01-01,3,Sants-Montjuïc,12,la Marina del Prat Vermell,14,4,6,2
2026-01-01,3,Sants-Montjuïc,12,la Marina del Prat Vermell,19,4,7,1
2026-01-01,3,Sants-Montjuïc,12,la Marina del Prat Vermell,13,4,7,2
2026-01-01,3,Sants-Montjuïc,12,la Marina del Prat Vermell,18,4,8,1
2026-01-01,3,Sants-Montjuïc,12,la Marina del Prat Vermell,17,4,8,2
2026-01-01,3,Sants-Montjuïc,12,la Marina del Prat Vermell,5,4,9,1
2026-01-01,3,Sants-Montjuïc,12,la Marina del Prat Vermell,11,4,9,2
2026-01-01,3,Sants-Montjuïc,12,la Marina del Prat Vermell,..,4,10,1
2026-01-01,3,Sants-Montjuïc,12,la Marina del Prat Vermell,5,4,10,2
2026-01-01,3,Sants-Montjuïc,12,la Marina del Prat Vermell,5,4,11,1
2026-01-01,3,Sants-Montjuïc,12,la Marina del Prat Vermell,..,4,11,2
2026-01-01,3,Sants-Montjuïc,12,la Marina del Prat Vermell,5,4,12,1
2026-01-01,3,Sants-Montjuïc,12,la Marina del Prat Vermell,..,4,12,2
2026-01-01,3,Sants-Montjuïc,12,la Marina del Prat Vermell,..,4,13,1
2026-01-01,3,Sants-Montjuïc,12,la Marina del Prat Vermell,..,4,13,2
2026-01-01,3,Sants-Montjuïc,12,la Marina del Prat Vermell,..,4,14,1
2026-01-01,3,Sants-Montjuïc,12,la Marina del Prat Vermell,..,4,14,2
2026-01-01,3,Sants-Montjuïc,12,la Marina del Prat Vermell,..,5,0,1
2026-01-01,3,Sants-Montjuïc,12,la Marina del Prat Vermell,..,5,0,2
2026-01-01,3,Sants-Montjuïc,12,la Marina del Prat Vermell,5,5,1,1
2026-01-01,3,Sants-Montjuïc,12,la Marina del Prat Vermell,12,5,1,2
2026-01-01,3,Sants-Montjuïc,12,la Marina del Prat Vermell,17,5,2,1
2026-01-01,3,Sants-Montjuïc,12,la Marina del Prat Vermell,23,5,2,2
2026-01-01,3,Sants-Montjuïc,12,la Marina del Prat Vermell,16,5,3,1
2026-01-01,3,Sants-Montjuïc,12,la Marina del Prat Vermell,13,5,3,2
2026-01-01,3,Sants-Montjuïc,12,la Marina del Prat Vermell,19,5,4,1
2026-01-01,3,Sants-Montjuïc,12,la Marina del Prat Vermell,30,5,4,2
2026-01-01,3,Sants-Montjuïc,12,la Marina del Prat Vermell,58,5,5,1
2026-01-01,3,Sants-Montjuïc,12,la Marina del Prat Vermell,53,5,5,2
2026-01-01,3,Sants-Montjuïc,12,la Marina del Prat Vermell,82,5,6,1
2026-01-01,3,Sants-Montjuïc,12,la Marina del Prat Vermell,83,5,6,2
2026-01-01,3,Sants-Montjuïc,12,la Marina del Prat Vermell,90,5,7,1
2026-01-01,3,Sants-Montjuïc,12,la Marina del Prat Vermell,89,5,7,2
2026-01-01,3,Sants-Montjuïc,12,la Marina del Prat Vermell,66,5,8,1
2026-01-01,3,Sants-Montjuïc,12,la Marina del Prat Vermell,61,5,8,2
2026-01-01,3,Sants-Montjuïc,12,la Marina del Prat Vermell,60,5,9,1
2026-01-01,3,Sants-Montjuïc,12,la Marina del Prat Vermell,58,5,9,2
2026-01-01,3,Sants-Montjuïc,12,la Marina del Prat Vermell,37,5,10,1
2026-01-01,3,Sants-Montjuïc,12,la Marina del Prat Vermell,26,5,10,2
2026-01-01,3,Sants-Montjuïc,12,la Marina del Prat Vermell,41,5,11,1
2026-01-01,3,Sants-Montjuïc,12,la Marina del Prat Vermell,26,5,11,2
2026-01-01,3,Sants-Montjuïc,12,la Marina del Prat Vermell,18,5,12,1
2026-01-01,3,Sants-Montjuïc,12,la Marina del Prat Vermell,14,5,12,2
2026-01-01,3,Sants-Montjuïc,12,la Marina del Prat Vermell,19,5,13,1
2026-01-01,3,Sants-Montjuïc,12,la Marina del Prat Vermell,14,5,13,2
2026-01-01,3,Sants-Montjuïc,12,la Marina del Prat Vermell,11,5,14,1
2026-01-01,3,Sants-Montjuïc,12,la Marina del Prat Vermell,16,5,14,2
2026-01-01,3,Sants-Montjuïc,12,la Marina del Prat Vermell,7,5,15,1
2026-01-01,3,Sants-Montjuïc,12,la Marina del Prat Vermell,..,5,15,2
2026-01-01,3,Sants-Montjuïc,12,la Marina del Prat Vermell,..,5,16,1
2026-01-01,3,Sants-Montjuïc,12,la Marina del Prat Vermell,..,5,16,2
2026-01-01,3,Sants-Montjuïc,12,la Marina del Prat Vermell,..,5,17,1
2026-01-01,3,Sants-Montjuïc,12,la Marina del Prat Vermell,..,5,17,2
2026-01-01,3,Sants-Montjuïc,12,la Marina del Prat Vermell,..,5,19,1
2026-01-01,3,Sants-Montjuïc,12,la Marina del Prat Vermell,..,5,19,2
2026-01-01,3,Sants-Montjuïc,13,la Marina de Port,424,1,0,1
2026-01-01,3,Sants-Montjuïc,13,la Marina de Port,409,1,0,2
2026-01-01,3,Sants-Montjuïc,13,la Marina de Port,404,1,1,1
2026-01-01,3,Sants-Montjuïc,13,la Marina de Port,453,1,1,2
2026-01-01,3,Sants-Montjuïc,13,la Marina de Port,453,1,2,1
2026-01-01,3,Sants-Montjuïc,13,la Marina de Port,474,1,2,2
2026-01-01,3,Sants-Montjuïc,13,la Marina de Port,537,1,3,1
2026-01-01,3,Sants-Montjuïc,13,la Marina de Port,577,1,3,2
2026-01-01,3,Sants-Montjuïc,13,la Marina de Port,553,1,4,1
2026-01-01,3,Sants-Montjuïc,13,la Marina de Port,563,1,4,2
2026-01-01,3,Sants-Montjuïc,13,la Marina de Port,455,1,5,1
2026-01-01,3,Sants-Montjuïc,13,la Marina de Port,448,1,5,2
2026-01-01,3,Sants-Montjuïc,13,la Marina de Port,336,1,6,1
2026-01-01,3,Sants-Montjuïc,13,la Marina de Port,395,1,6,2
2026-01-01,3,Sants-Montjuïc,13,la Marina de Port,339,1,7,1
2026-01-01,3,Sants-Montjuïc,13,la Marina de Port,351,1,7,2
2026-01-01,3,Sants-Montjuïc,13,la Marina de Port,370,1,8,1
2026-01-01,3,Sants-Montjuïc,13,la Marina de Port,383,1,8,2
2026-01-01,3,Sants-Montjuïc,13,la Marina de Port,478,1,9,1
2026-01-01,3,Sants-Montjuïc,13,la Marina de Port,472,1,9,2
2026-01-01,3,Sants-Montjuïc,13,la Marina de Port,611,1,10,1
2026-01-01,3,Sants-Montjuïc,13,la Marina de Port,650,1,10,2
2026-01-01,3,Sants-Montjuïc,13,la Marina de Port,695,1,11,1
2026-01-01,3,Sants-Montjuïc,13,la Marina de Port,610,1,11,2
2026-01-01,3,Sants-Montjuïc,13,la Marina de Port,670,1,12,1
2026-01-01,3,Sants-Montjuïc,13,la Marina de Port,538,1,12,2
2026-01-01,3,Sants-Montjuïc,13,la Marina de Port,450,1,13,1
2026-01-01,3,Sants-Montjuïc,13,la Marina de Port,444,1,13,2
2026-01-01,3,Sants-Montjuïc,13,la Marina de Port,262,1,14,1
2026-01-01,3,Sants-Montjuïc,13,la Marina de Port,242,1,14,2
2026-01-01,3,Sants-Montjuïc,13,la Marina de Port,210,1,15,1
2026-01-01,3,Sants-Montjuïc,13,la Marina de Port,172,1,15,2
2026-01-01,3,Sants-Montjuïc,13,la Marina de Port,130,1,16,1
2026-01-01,3,Sants-Montjuïc,13,la Marina de Port,89,1,16,2
2026-01-01,3,Sants-Montjuïc,13,la Marina de Port,82,1,17,1
2026-01-01,3,Sants-Montjuïc,13,la Marina de Port,41,1,17,2
2026-01-01,3,Sants-Montjuïc,13,la Marina de Port,50,1,18,1
2026-01-01,3,Sants-Montjuïc,13,la Marina de Port,25,1,18,2
2026-01-01,3,Sants-Montjuïc,13,la Marina de Port,17,1,19,1
2026-01-01,3,Sants-Montjuïc,13,la Marina de Port,..,1,19,2
2026-01-01,3,Sants-Montjuïc,13,la Marina de Port,47,2,0,1
2026-01-01,3,Sants-Montjuïc,13,la Marina de Port,40,2,0,2
2026-01-01,3,Sants-Montjuïc,13,la Marina de Port,36,2,1,1
2026-01-01,3,Sants-Montjuïc,13,la Marina de Port,40,2,1,2
2026-01-01,3,Sants-Montjuïc,13,la Marina de Port,56,2,2,1
2026-01-01,3,Sants-Montjuïc,13,la Marina de Port,45,2,2,2
2026-01-01,3,Sants-Montjuïc,13,la Marina de Port,53,2,3,1
2026-01-01,3,Sants-Montjuïc,13,la Marina de Port,57,2,3,2
2026-01-01,3,Sants-Montjuïc,13,la Marina de Port,53,2,4,1
2026-01-01,3,Sants-Montjuïc,13,la Marina de Port,50,2,4,2
2026-01-01,3,Sants-Montjuïc,13,la Marina de Port,48,2,5,1
2026-01-01,3,Sants-Montjuïc,13,la Marina de Port,41,2,5,2
2026-01-01,3,Sants-Montjuïc,13,la Marina de Port,55,2,6,1
2026-01-01,3,Sants-Montjuïc,13,la Marina de Port,44,2,6,2
2026-01-01,3,Sants-Montjuïc,13,la Marina de Port,54,2,7,1
2026-01-01,3,Sants-Montjuïc,13,la Marina de Port,46,2,7,2
2026-01-01,3,Sants-Montjuïc,13,la Marina de Port,46,2,8,1
2026-01-01,3,Sants-Montjuïc,13,la Marina de Port,49,2,8,2
2026-01-01,3,Sants-Montjuïc,13,la Marina de Port,56,2,9,1
2026-01-01,3,Sants-Montjuïc,13,la Marina de Port,72,2,9,2
2026-01-01,3,Sants-Montjuïc,13,la Marina de Port,73,2,10,1
2026-01-01,3,Sants-Montjuïc,13,la Marina de Port,72,2,10,2
2026-01-01,3,Sants-Montjuïc,13,la Marina de Port,60,2,11,1
2026-01-01,3,Sants-Montjuïc,13,la Marina de Port,72,2,11,2
2026-01-01,3,Sants-Montjuïc,13,la Marina de Port,59,2,12,1
2026-01-01,3,Sants-Montjuïc,13,la Marina de Port,68,2,12,2
2026-01-01,3,Sants-Montjuïc,13,la Marina de Port,78,2,13,1
2026-01-01,3,Sants-Montjuïc,13,la Marina de Port,62,2,13,2
2026-01-01,3,Sants-Montjuïc,13,la Marina de Port,44,2,14,1
2026-01-01,3,Sants-Montjuïc,13,la Marina de Port,39,2,14,2
2026-01-01,3,Sants-Montjuïc,13,la Marina de Port,46,2,15,1
2026-01-01,3,Sants-Montjuïc,13,la Marina de Port,29,2,15,2
2026-01-01,3,Sants-Montjuïc,13,la Marina de Port,38,2,16,1
2026-01-01,3,Sants-Montjuïc,13,la Marina de Port,16,2,16,2
2026-01-01,3,Sants-Montjuïc,13,la Marina de Port,27,2,17,1
2026-01-01,3,Sants-Montjuïc,13,la Marina de Port,11,2,17,2
2026-01-01,3,Sants-Montjuïc,13,la Marina de Port,17,2,18,1
2026-01-01,3,Sants-Montjuïc,13,la Marina de Port,9,2,18,2
2026-01-01,3,Sants-Montjuïc,13,la Marina de Port,5,2,19,1
2026-01-01,3,Sants-Montjuïc,13,la Marina de Port,..,2,20,1
2026-01-01,3,Sants-Montjuïc,13,la Marina de Port,..,3,0,1
2026-01-01,3,Sants-Montjuïc,13,la Marina de Port,10,3,0,2
2026-01-01,3,Sants-Montjuïc,13,la Marina de Port,9,3,1,1
2026-01-01,3,Sants-Montjuïc,13,la Marina de Port,6,3,1,2
2026-01-01,3,Sants-Montjuïc,13,la Marina de Port,13,3,2,1
2026-01-01,3,Sants-Montjuïc,13,la Marina de Port,5,3,2,2
2026-01-01,3,Sants-Montjuïc,13,la Marina de Port,12,3,3,1
2026-01-01,3,Sants-Montjuïc,13,la Marina de Port,15,3,3,2
2026-01-01,3,Sants-Montjuïc,13,la Marina de Port,17,3,4,1
2026-01-01,3,Sants-Montjuïc,13,la Marina de Port,17,3,4,2
2026-01-01,3,Sants-Montjuïc,13,la Marina de Port,32,3,5,1
2026-01-01,3,Sants-Montjuïc,13,la Marina de Port,23,3,5,2
2026-01-01,3,Sants-Montjuïc,13,la Marina de Port,57,3,6,1
2026-01-01,3,Sants-Montjuïc,13,la Marina de Port,63,3,6,2
2026-01-01,3,Sants-Montjuïc,13,la Marina de Port,49,3,7,1
2026-01-01,3,Sants-Montjuïc,13,la Marina de Port,79,3,7,2
2026-01-01,3,Sants-Montjuïc,13,la Marina de Port,54,3,8,1
2026-01-01,3,Sants-Montjuïc,13,la Marina de Port,77,3,8,2
2026-01-01,3,Sants-Montjuïc,13,la Marina de Port,72,3,9,1
2026-01-01,3,Sants-Montjuïc,13,la Marina de Port,64,3,9,2
2026-01-01,3,Sants-Montjuïc,13,la Marina de Port,74,3,10,1
2026-01-01,3,Sants-Montjuïc,13,la Marina de Port,99,3,10,2
2026-01-01,3,Sants-Montjuïc,13,la Marina de Port,99,3,11,1
2026-01-01,3,Sants-Montjuïc,13,la Marina de Port,108,3,11,2
2026-01-01,3,Sants-Montjuïc,13,la Marina de Port,227,3,12,1
2026-01-01,3,Sants-Montjuïc,13,la Marina de Port,171,3,12,2
2026-01-01,3,Sants-Montjuïc,13,la Marina de Port,298,3,13,1
2026-01-01,3,Sants-Montjuïc,13,la Marina de Port,251,3,13,2
2026-01-01,3,Sants-Montjuïc,13,la Marina de Port,304,3,14,1
2026-01-01,3,Sants-Montjuïc,13,la Marina de Port,247,3,14,2
2026-01-01,3,Sants-Montjuïc,13,la Marina de Port,401,3,15,1
2026-01-01,3,Sants-Montjuïc,13,la Marina de Port,244,3,15,2
2026-01-01,3,Sants-Montjuïc,13,la Marina de Port,339,3,16,1
2026-01-01,3,Sants-Montjuïc,13,la Marina de Port,283,3,16,2
2026-01-01,3,Sants-Montjuïc,13,la Marina de Port,324,3,17,1
2026-01-01,3,Sants-Montjuïc,13,la Marina de Port,168,3,17,2
2026-01-01,3,Sants-Montjuïc,13,la Marina de Port,182,3,18,1
2026-01-01,3,Sants-Montjuïc,13,la Marina de Port,103,3,18,2
2026-01-01,3,Sants-Montjuïc,13,la Marina de Port,51,3,19,1
2026-01-01,3,Sants-Montjuïc,13,la Marina de Port,18,3,19,2
2026-01-01,3,Sants-Montjuïc,13,la Marina de Port,..,3,20,1
2026-01-01,3,Sants-Montjuïc,13,la Marina de Port,..,4,0,1
2026-01-01,3,Sants-Montjuïc,13,la Marina de Port,..,4,0,2
2026-01-01,3,Sants-Montjuïc,13,la Marina de Port,6,4,1,1
2026-01-01,3,Sants-Montjuïc,13,la Marina de Port,..,4,1,2
2026-01-01,3,Sants-Montjuïc,13,la Marina de Port,..,4,2,1
2026-01-01,3,Sants-Montjuïc,13,la Marina de Port,..,4,2,2
2026-01-01,3,Sants-Montjuïc,13,la Marina de Port,5,4,3,1
2026-01-01,3,Sants-Montjuïc,13,la Marina de Port,6,4,3,2
2026-01-01,3,Sants-Montjuïc,13,la Marina de Port,12,4,4,1
2026-01-01,3,Sants-Montjuïc,13,la Marina de Port,7,4,4,2
2026-01-01,3,Sants-Montjuïc,13,la Marina de Port,33,4,5,1
2026-01-01,3,Sants-Montjuïc,13,la Marina de Port,25,4,5,2
2026-01-01,3,Sants-Montjuïc,13,la Marina de Port,48,4,6,1
2026-01-01,3,Sants-Montjuïc,13,la Marina de Port,51,4,6,2
2026-01-01,3,Sants-Montjuïc,13,la Marina de Port,68,4,7,1
2026-01-01,3,Sants-Montjuïc,13,la Marina de Port,49,4,7,2
2026-01-01,3,Sants-Montjuïc,13,la Marina de Port,48,4,8,1
2026-01-01,3,Sants-Montjuïc,13,la Marina de Port,55,4,8,2
2026-01-01,3,Sants-Montjuïc,13,la Marina de Port,26,4,9,1
2026-01-01,3,Sants-Montjuïc,13,la Marina de Port,42,4,9,2
2026-01-01,3,Sants-Montjuïc,13,la Marina de Port,27,4,10,1
2026-01-01,3,Sants-Montjuïc,13,la Marina de Port,34,4,10,2
2026-01-01,3,Sants-Montjuïc,13,la Marina de Port,31,4,11,1
2026-01-01,3,Sants-Montjuïc,13,la Marina de Port,21,4,11,2
2026-01-01,3,Sants-Montjuïc,13,la Marina de Port,25,4,12,1
2026-01-01,3,Sants-Montjuïc,13,la Marina de Port,28,4,12,2
2026-01-01,3,Sants-Montjuïc,13,la Marina de Port,13,4,13,1
2026-01-01,3,Sants-Montjuïc,13,la Marina de Port,15,4,13,2
2026-01-01,3,Sants-Montjuïc,13,la Marina de Port,8,4,14,1
2026-01-01,3,Sants-Montjuïc,13,la Marina de Port,9,4,14,2
2026-01-01,3,Sants-Montjuïc,13,la Marina de Port,..,4,15,1
2026-01-01,3,Sants-Montjuïc,13,la Marina de Port,6,4,15,2
2026-01-01,3,Sants-Montjuïc,13,la Marina de Port,6,4,16,1
2026-01-01,3,Sants-Montjuïc,13,la Marina de Port,..,4,16,2
2026-01-01,3,Sants-Montjuïc,13,la Marina de Port,..,4,17,1
2026-01-01,3,Sants-Montjuïc,13,la Marina de Port,..,4,17,2
2026-01-01,3,Sants-Montjuïc,13,la Marina de Port,..,4,18,1
2026-01-01,3,Sants-Montjuïc,13,la Marina de Port,31,5,0,1
2026-01-01,3,Sants-Montjuïc,13,la Marina de Port,30,5,0,2
2026-01-01,3,Sants-Montjuïc,13,la Marina de Port,87,5,1,1
2026-01-01,3,Sants-Montjuïc,13,la Marina de Port,94,5,1,2
2026-01-01,3,Sants-Montjuïc,13,la Marina de Port,140,5,2,1
2026-01-01,3,Sants-Montjuïc,13,la Marina de Port,156,5,2,2
2026-01-01,3,Sants-Montjuïc,13,la Marina de Port,160,5,3,1
2026-01-01,3,Sants-Montjuïc,13,la Marina de Port,211,5,3,2
2026-01-01,3,Sants-Montjuïc,13,la Marina de Port,319,5,4,1
2026-01-01,3,Sants-Montjuïc,13,la Marina de Port,324,5,4,2
2026-01-01,3,Sants-Montjuïc,13,la Marina de Port,521,5,5,1
2026-01-01,3,Sants-Montjuïc,13,la Marina de Port,563,5,5,2
2026-01-01,3,Sants-Montjuïc,13,la Marina de Port,578,5,6,1
2026-01-01,3,Sants-Montjuïc,13,la Marina de Port,626,5,6,2
2026-01-01,3,Sants-Montjuïc,13,la Marina de Port,537,5,7,1
2026-01-01,3,Sants-Montjuïc,13,la Marina de Port,550,5,7,2
2026-01-01,3,Sants-Montjuïc,13,la Marina de Port,526,5,8,1
2026-01-01,3,Sants-Montjuïc,13,la Marina de Port,460,5,8,2
2026-01-01,3,Sants-Montjuïc,13,la Marina de Port,534,5,9,1
2026-01-01,3,Sants-Montjuïc,13,la Marina de Port,443,5,9,2
2026-01-01,3,Sants-Montjuïc,13,la Marina de Port,421,5,10,1
2026-01-01,3,Sants-Montjuïc,13,la Marina de Port,385,5,10,2
2026-01-01,3,Sants-Montjuïc,13,la Marina de Port,354,5,11,1
2026-01-01,3,Sants-Montjuïc,13,la Marina de Port,293,5,11,2
2026-01-01,3,Sants-Montjuïc,13,la Marina de Port,293,5,12,1
2026-01-01,3,Sants-Montjuïc,13,la Marina de Port,199,5,12,2
2026-01-01,3,Sants-Montjuïc,13,la Marina de Port,194,5,13,1
2026-01-01,3,Sants-Montjuïc,13,la Marina de Port,143,5,13,2
2026-01-01,3,Sants-Montjuïc,13,la Marina de Port,158,5,14,1
2026-01-01,3,Sants-Montjuïc,13,la Marina de Port,88,5,14,2
2026-01-01,3,Sants-Montjuïc,13,la Marina de Port,95,5,15,1
2026-01-01,3,Sants-Montjuïc,13,la Marina de Port,56,5,15,2
2026-01-01,3,Sants-Montjuïc,13,la Marina de Port,38,5,16,1
2026-01-01,3,Sants-Montjuïc,13,la Marina de Port,24,5,16,2
2026-01-01,3,Sants-Montjuïc,13,la Marina de Port,21,5,17,1
2026-01-01,3,Sants-Montjuïc,13,la Marina de Port,12,5,17,2
2026-01-01,3,Sants-Montjuïc,13,la Marina de Port,..,5,18,1
2026-01-01,3,Sants-Montjuïc,13,la Marina de Port,..,5,18,2
2026-01-01,3,Sants-Montjuïc,13,la Marina de Port,..,5,19,1
2026-01-01,3,Sants-Montjuïc,13,la Marina de Port,..,5,19,2
2026-01-01,3,Sants-Montjuïc,13,la Marina de Port,..,5,20,2
2026-01-01,3,Sants-Montjuïc,13,la Marina de Port,..,6,3,1
2026-01-01,3,Sants-Montjuïc,13,la Marina de Port,..,6,5,2
2026-01-01,3,Sants-Montjuïc,13,la Marina de Port,..,6,6,2
2026-01-01,3,Sants-Montjuïc,13,la Marina de Port,..,6,9,1
2026-01-01,3,Sants-Montjuïc,13,la Marina de Port,..,6,9,2
2026-01-01,3,Sants-Montjuïc,13,la Marina de Port,..,6,10,1
2026-01-01,3,Sants-Montjuïc,13,la Marina de Port,..,6,13,1
2026-01-01,3,Sants-Montjuïc,13,la Marina de Port,..,6,14,2
2026-01-01,3,Sants-Montjuïc,13,la Marina de Port,..,6,16,1
2026-01-01,3,Sants-Montjuïc,14,la Font de la Guatlla,107,1,0,1
2026-01-01,3,Sants-Montjuïc,14,la Font de la Guatlla,127,1,0,2
2026-01-01,3,Sants-Montjuïc,14,la Font de la Guatlla,101,1,1,1
2026-01-01,3,Sants-Montjuïc,14,la Font de la Guatlla,124,1,1,2
2026-01-01,3,Sants-Montjuïc,14,la Font de la Guatlla,108,1,2,1
2026-01-01,3,Sants-Montjuïc,14,la Font de la Guatlla,109,1,2,2
2026-01-01,3,Sants-Montjuïc,14,la Font de la Guatlla,118,1,3,1
2026-01-01,3,Sants-Montjuïc,14,la Font de la Guatlla,133,1,3,2
2026-01-01,3,Sants-Montjuïc,14,la Font de la Guatlla,109,1,4,1
2026-01-01,3,Sants-Montjuïc,14,la Font de la Guatlla,134,1,4,2
2026-01-01,3,Sants-Montjuïc,14,la Font de la Guatlla,119,1,5,1
2026-01-01,3,Sants-Montjuïc,14,la Font de la Guatlla,110,1,5,2
2026-01-01,3,Sants-Montjuïc,14,la Font de la Guatlla,104,1,6,1
2026-01-01,3,Sants-Montjuïc,14,la Font de la Guatlla,101,1,6,2
2026-01-01,3,Sants-Montjuïc,14,la Font de la Guatlla,95,1,7,1
2026-01-01,3,Sants-Montjuïc,14,la Font de la Guatlla,95,1,7,2
2026-01-01,3,Sants-Montjuïc,14,la Font de la Guatlla,115,1,8,1
2026-01-01,3,Sants-Montjuïc,14,la Font de la Guatlla,133,1,8,2
2026-01-01,3,Sants-Montjuïc,14,la Font de la Guatlla,133,1,9,1
2026-01-01,3,Sants-Montjuïc,14,la Font de la Guatlla,146,1,9,2
2026-01-01,3,Sants-Montjuïc,14,la Font de la Guatlla,152,1,10,1
2026-01-01,3,Sants-Montjuïc,14,la Font de la Guatlla,167,1,10,2
2026-01-01,3,Sants-Montjuïc,14,la Font de la Guatlla,167,1,11,1
2026-01-01,3,Sants-Montjuïc,14,la Font de la Guatlla,189,1,11,2
2026-01-01,3,Sants-Montjuïc,14,la Font de la Guatlla,158,1,12,1
2026-01-01,3,Sants-Montjuïc,14,la Font de la Guatlla,140,1,12,2
2026-01-01,3,Sants-Montjuïc,14,la Font de la Guatlla,141,1,13,1
2026-01-01,3,Sants-Montjuïc,14,la Font de la Guatlla,106,1,13,2
2026-01-01,3,Sants-Montjuïc,14,la Font de la Guatlla,125,1,14,1
2026-01-01,3,Sants-Montjuïc,14,la Font de la Guatlla,77,1,14,2
2026-01-01,3,Sants-Montjuïc,14,la Font de la Guatlla,102,1,15,1
2026-01-01,3,Sants-Montjuïc,14,la Font de la Guatlla,83,1,15,2
2026-01-01,3,Sants-Montjuïc,14,la Font de la Guatlla,75,1,16,1
2026-01-01,3,Sants-Montjuïc,14,la Font de la Guatlla,38,1,16,2
2026-01-01,3,Sants-Montjuïc,14,la Font de la Guatlla,52,1,17,1
2026-01-01,3,Sants-Montjuïc,14,la Font de la Guatlla,26,1,17,2
2026-01-01,3,Sants-Montjuïc,14,la Font de la Guatlla,50,1,18,1
2026-01-01,3,Sants-Montjuïc,14,la Font de la Guatlla,11,1,18,2
2026-01-01,3,Sants-Montjuïc,14,la Font de la Guatlla,15,1,19,1
2026-01-01,3,Sants-Montjuïc,14,la Font de la Guatlla,..,1,19,2
2026-01-01,3,Sants-Montjuïc,14,la Font de la Guatlla,..,1,20,1
2026-01-01,3,Sants-Montjuïc,14,la Font de la Guatlla,12,2,0,1
2026-01-01,3,Sants-Montjuïc,14,la Font de la Guatlla,12,2,0,2
2026-01-01,3,Sants-Montjuïc,14,la Font de la Guatlla,6,2,1,1
2026-01-01,3,Sants-Montjuïc,14,la Font de la Guatlla,10,2,1,2
2026-01-01,3,Sants-Montjuïc,14,la Font de la Guatlla,6,2,2,1
2026-01-01,3,Sants-Montjuïc,14,la Font de la Guatlla,12,2,2,2
2026-01-01,3,Sants-Montjuïc,14,la Font de la Guatlla,10,2,3,1
2026-01-01,3,Sants-Montjuïc,14,la Font de la Guatlla,13,2,3,2
2026-01-01,3,Sants-Montjuïc,14,la Font de la Guatlla,20,2,4,1
2026-01-01,3,Sants-Montjuïc,14,la Font de la Guatlla,15,2,4,2
2026-01-01,3,Sants-Montjuïc,14,la Font de la Guatlla,10,2,5,1
2026-01-01,3,Sants-Montjuïc,14,la Font de la Guatlla,18,2,5,2
2026-01-01,3,Sants-Montjuïc,14,la Font de la Guatlla,14,2,6,1
2026-01-01,3,Sants-Montjuïc,14,la Font de la Guatlla,29,2,6,2
2026-01-01,3,Sants-Montjuïc,14,la Font de la Guatlla,23,2,7,1
2026-01-01,3,Sants-Montjuïc,14,la Font de la Guatlla,21,2,7,2
2026-01-01,3,Sants-Montjuïc,14,la Font de la Guatlla,23,2,8,1
2026-01-01,3,Sants-Montjuïc,14,la Font de la Guatlla,28,2,8,2
2026-01-01,3,Sants-Montjuïc,14,la Font de la Guatlla,35,2,9,1
2026-01-01,3,Sants-Montjuïc,14,la Font de la Guatlla,36,2,9,2
2026-01-01,3,Sants-Montjuïc,14,la Font de la Guatlla,28,2,10,1
2026-01-01,3,Sants-Montjuïc,14,la Font de la Guatlla,35,2,10,2
2026-01-01,3,Sants-Montjuïc,14,la Font de la Guatlla,25,2,11,1
2026-01-01,3,Sants-Montjuïc,14,la Font de la Guatlla,24,2,11,2
2026-01-01,3,Sants-Montjuïc,14,la Font de la Guatlla,28,2,12,1
2026-01-01,3,Sants-Montjuïc,14,la Font de la Guatlla,28,2,12,2
2026-01-01,3,Sants-Montjuïc,14,la Font de la Guatlla,29,2,13,1
2026-01-01,3,Sants-Montjuïc,14,la Font de la Guatlla,19,2,13,2
2026-01-01,3,Sants-Montjuïc,14,la Font de la Guatlla,26,2,14,1
2026-01-01,3,Sants-Montjuïc,14,la Font de la Guatlla,17,2,14,2
2026-01-01,3,Sants-Montjuïc,14,la Font de la Guatlla,22,2,15,1
2026-01-01,3,Sants-Montjuïc,14,la Font de la Guatlla,18,2,15,2
2026-01-01,3,Sants-Montjuïc,14,la Font de la Guatlla,28,2,16,1
2026-01-01,3,Sants-Montjuïc,14,la Font de la Guatlla,11,2,16,2
2026-01-01,3,Sants-Montjuïc,14,la Font de la Guatlla,12,2,17,1
2026-01-01,3,Sants-Montjuïc,14,la Font de la Guatlla,14,2,17,2
2026-01-01,3,Sants-Montjuïc,14,la Font de la Guatlla,14,2,18,1
2026-01-01,3,Sants-Montjuïc,14,la Font de la Guatlla,..,2,18,2
2026-01-01,3,Sants-Montjuïc,14,la Font de la Guatlla,..,2,19,1
2026-01-01,3,Sants-Montjuïc,14,la Font de la Guatlla,..,2,19,2
2026-01-01,3,Sants-Montjuïc,14,la Font de la Guatlla,..,2,20,1
2026-01-01,3,Sants-Montjuïc,14,la Font de la Guatlla,..,2,20,2
2026-01-01,3,Sants-Montjuïc,14,la Font de la Guatlla,..,3,0,1
2026-01-01,3,Sants-Montjuïc,14,la Font de la Guatlla,..,3,0,2
2026-01-01,3,Sants-Montjuïc,14,la Font de la Guatlla,..,3,1,1
2026-01-01,3,Sants-Montjuïc,14,la Font de la Guatlla,..,3,1,2
2026-01-01,3,Sants-Montjuïc,14,la Font de la Guatlla,5,3,2,1
2026-01-01,3,Sants-Montjuïc,14,la Font de la Guatlla,..,3,2,2
2026-01-01,3,Sants-Montjuïc,14,la Font de la Guatlla,5,3,3,1
2026-01-01,3,Sants-Montjuïc,14,la Font de la Guatlla,6,3,3,2
2026-01-01,3,Sants-Montjuïc,14,la Font de la Guatlla,6,3,4,1
2026-01-01,3,Sants-Montjuïc,14,la Font de la Guatlla,6,3,4,2
2026-01-01,3,Sants-Montjuïc,14,la Font de la Guatlla,36,3,5,1
2026-01-01,3,Sants-Montjuïc,14,la Font de la Guatlla,20,3,5,2
2026-01-01,3,Sants-Montjuïc,14,la Font de la Guatlla,31,3,6,1
2026-01-01,3,Sants-Montjuïc,14,la Font de la Guatlla,34,3,6,2
2026-01-01,3,Sants-Montjuïc,14,la Font de la Guatlla,45,3,7,1
2026-01-01,3,Sants-Montjuïc,14,la Font de la Guatlla,53,3,7,2
2026-01-01,3,Sants-Montjuïc,14,la Font de la Guatlla,32,3,8,1
2026-01-01,3,Sants-Montjuïc,14,la Font de la Guatlla,39,3,8,2
2026-01-01,3,Sants-Montjuïc,14,la Font de la Guatlla,33,3,9,1
2026-01-01,3,Sants-Montjuïc,14,la Font de la Guatlla,22,3,9,2
2026-01-01,3,Sants-Montjuïc,14,la Font de la Guatlla,26,3,10,1
2026-01-01,3,Sants-Montjuïc,14,la Font de la Guatlla,30,3,10,2
2026-01-01,3,Sants-Montjuïc,14,la Font de la Guatlla,37,3,11,1
2026-01-01,3,Sants-Montjuïc,14,la Font de la Guatlla,35,3,11,2
2026-01-01,3,Sants-Montjuïc,14,la Font de la Guatlla,63,3,12,1
2026-01-01,3,Sants-Montjuïc,14,la Font de la Guatlla,44,3,12,2
2026-01-01,3,Sants-Montjuïc,14,la Font de la Guatlla,90,3,13,1
2026-01-01,3,Sants-Montjuïc,14,la Font de la Guatlla,61,3,13,2
2026-01-01,3,Sants-Montjuïc,14,la Font de la Guatlla,147,3,14,1
2026-01-01,3,Sants-Montjuïc,14,la Font de la Guatlla,106,3,14,2
2026-01-01,3,Sants-Montjuïc,14,la Font de la Guatlla,138,3,15,1
2026-01-01,3,Sants-Montjuïc,14,la Font de la Guatlla,109,3,15,2
2026-01-01,3,Sants-Montjuïc,14,la Font de la Guatlla,128,3,16,1
2026-01-01,3,Sants-Montjuïc,14,la Font de la Guatlla,78,3,16,2
2026-01-01,3,Sants-Montjuïc,14,la Font de la Guatlla,76,3,17,1
2026-01-01,3,Sants-Montjuïc,14,la Font de la Guatlla,42,3,17,2
2026-01-01,3,Sants-Montjuïc,14,la Font de la Guatlla,57,3,18,1
2026-01-01,3,Sants-Montjuïc,14,la Font de la Guatlla,27,3,18,2
2026-01-01,3,Sants-Montjuïc,14,la Font de la Guatlla,24,3,19,1
2026-01-01,3,Sants-Montjuïc,14,la Font de la Guatlla,6,3,19,2
2026-01-01,3,Sants-Montjuïc,14,la Font de la Guatlla,6,3,20,1
2026-01-01,3,Sants-Montjuïc,14,la Font de la Guatlla,5,4,0,1
2026-01-01,3,Sants-Montjuïc,14,la Font de la Guatlla,..,4,0,2
2026-01-01,3,Sants-Montjuïc,14,la Font de la Guatlla,..,4,1,1
2026-01-01,3,Sants-Montjuïc,14,la Font de la Guatlla,..,4,1,2
2026-01-01,3,Sants-Montjuïc,14,la Font de la Guatlla,..,4,2,1
2026-01-01,3,Sants-Montjuïc,14,la Font de la Guatlla,..,4,2,2
2026-01-01,3,Sants-Montjuïc,14,la Font de la Guatlla,5,4,3,1
2026-01-01,3,Sants-Montjuïc,14,la Font de la Guatlla,..,4,3,2
2026-01-01,3,Sants-Montjuïc,14,la Font de la Guatlla,10,4,4,1
2026-01-01,3,Sants-Montjuïc,14,la Font de la Guatlla,11,4,4,2
2026-01-01,3,Sants-Montjuïc,14,la Font de la Guatlla,35,4,5,1
2026-01-01,3,Sants-Montjuïc,14,la Font de la Guatlla,32,4,5,2
2026-01-01,3,Sants-Montjuïc,14,la Font de la Guatlla,48,4,6,1
2026-01-01,3,Sants-Montjuïc,14,la Font de la Guatlla,46,4,6,2
2026-01-01,3,Sants-Montjuïc,14,la Font de la Guatlla,42,4,7,1
2026-01-01,3,Sants-Montjuïc,14,la Font de la Guatlla,52,4,7,2
2026-01-01,3,Sants-Montjuïc,14,la Font de la Guatlla,29,4,8,1
2026-01-01,3,Sants-Montjuïc,14,la Font de la Guatlla,54,4,8,2
2026-01-01,3,Sants-Montjuïc,14,la Font de la Guatlla,22,4,9,1
2026-01-01,3,Sants-Montjuïc,14,la Font de la Guatlla,16,4,9,2
2026-01-01,3,Sants-Montjuïc,14,la Font de la Guatlla,15,4,10,1
2026-01-01,3,Sants-Montjuïc,14,la Font de la Guatlla,12,4,10,2
2026-01-01,3,Sants-Montjuïc,14,la Font de la Guatlla,14,4,11,1
2026-01-01,3,Sants-Montjuïc,14,la Font de la Guatlla,22,4,11,2
2026-01-01,3,Sants-Montjuïc,14,la Font de la Guatlla,8,4,12,1
2026-01-01,3,Sants-Montjuïc,14,la Font de la Guatlla,7,4,12,2
2026-01-01,3,Sants-Montjuïc,14,la Font de la Guatlla,..,4,13,1
2026-01-01,3,Sants-Montjuïc,14,la Font de la Guatlla,6,4,13,2
2026-01-01,3,Sants-Montjuïc,14,la Font de la Guatlla,..,4,14,1
2026-01-01,3,Sants-Montjuïc,14,la Font de la Guatlla,..,4,14,2
2026-01-01,3,Sants-Montjuïc,14,la Font de la Guatlla,..,4,15,1
2026-01-01,3,Sants-Montjuïc,14,la Font de la Guatlla,..,4,15,2
2026-01-01,3,Sants-Montjuïc,14,la Font de la Guatlla,..,4,16,1
2026-01-01,3,Sants-Montjuïc,14,la Font de la Guatlla,..,4,16,2
2026-01-01,3,Sants-Montjuïc,14,la Font de la Guatlla,..,4,17,1
2026-01-01,3,Sants-Montjuïc,14,la Font de la Guatlla,..,4,17,2
2026-01-01,3,Sants-Montjuïc,14,la Font de la Guatlla,..,4,18,1
2026-01-01,3,Sants-Montjuïc,14,la Font de la Guatlla,..,4,19,1
2026-01-01,3,Sants-Montjuïc,14,la Font de la Guatlla,5,5,0,1
2026-01-01,3,Sants-Montjuïc,14,la Font de la Guatlla,6,5,0,2
2026-01-01,3,Sants-Montjuïc,14,la Font de la Guatlla,15,5,1,1
2026-01-01,3,Sants-Montjuïc,14,la Font de la Guatlla,18,5,1,2
2026-01-01,3,Sants-Montjuïc,14,la Font de la Guatlla,23,5,2,1
2026-01-01,3,Sants-Montjuïc,14,la Font de la Guatlla,40,5,2,2
2026-01-01,3,Sants-Montjuïc,14,la Font de la Guatlla,27,5,3,1
2026-01-01,3,Sants-Montjuïc,14,la Font de la Guatlla,352,5,3,2
2026-01-01,3,Sants-Montjuïc,14,la Font de la Guatlla,78,5,4,1
2026-01-01,3,Sants-Montjuïc,14,la Font de la Guatlla,311,5,4,2
2026-01-01,3,Sants-Montjuïc,14,la Font de la Guatlla,177,5,5,1
2026-01-01,3,Sants-Montjuïc,14,la Font de la Guatlla,202,5,5,2
2026-01-01,3,Sants-Montjuïc,14,la Font de la Guatlla,263,5,6,1
2026-01-01,3,Sants-Montjuïc,14,la Font de la Guatlla,252,5,6,2
2026-01-01,3,Sants-Montjuïc,14,la Font de la Guatlla,207,5,7,1
2026-01-01,3,Sants-Montjuïc,14,la Font de la Guatlla,259,5,7,2
2026-01-01,3,Sants-Montjuïc,14,la Font de la Guatlla,163,5,8,1
2026-01-01,3,Sants-Montjuïc,14,la Font de la Guatlla,169,5,8,2
2026-01-01,3,Sants-Montjuïc,14,la Font de la Guatlla,158,5,9,1
2026-01-01,3,Sants-Montjuïc,14,la Font de la Guatlla,133,5,9,2
2026-01-01,3,Sants-Montjuïc,14,la Font de la Guatlla,115,5,10,1
2026-01-01,3,Sants-Montjuïc,14,la Font de la Guatlla,89,5,10,2
2026-01-01,3,Sants-Montjuïc,14,la Font de la Guatlla,92,5,11,1
2026-01-01,3,Sants-Montjuïc,14,la Font de la Guatlla,73,5,11,2
2026-01-01,3,Sants-Montjuïc,14,la Font de la Guatlla,91,5,12,1
2026-01-01,3,Sants-Montjuïc,14,la Font de la Guatlla,67,5,12,2
2026-01-01,3,Sants-Montjuïc,14,la Font de la Guatlla,75,5,13,1
2026-01-01,3,Sants-Montjuïc,14,la Font de la Guatlla,52,5,13,2
2026-01-01,3,Sants-Montjuïc,14,la Font de la Guatlla,43,5,14,1
2026-01-01,3,Sants-Montjuïc,14,la Font de la Guatlla,24,5,14,2
2026-01-01,3,Sants-Montjuïc,14,la Font de la Guatlla,33,5,15,1
2026-01-01,3,Sants-Montjuïc,14,la Font de la Guatlla,20,5,15,2
2026-01-01,3,Sants-Montjuïc,14,la Font de la Guatlla,17,5,16,1
2026-01-01,3,Sants-Montjuïc,14,la Font de la Guatlla,9,5,16,2
2026-01-01,3,Sants-Montjuïc,14,la Font de la Guatlla,5,5,17,1
2026-01-01,3,Sants-Montjuïc,14,la Font de la Guatlla,6,5,17,2
2026-01-01,3,Sants-Montjuïc,14,la Font de la Guatlla,..,5,18,1
2026-01-01,3,Sants-Montjuïc,14,la Font de la Guatlla,..,5,18,2
2026-01-01,3,Sants-Montjuïc,14,la Font de la Guatlla,..,6,5,2
2026-01-01,3,Sants-Montjuïc,14,la Font de la Guatlla,..,6,8,1
2026-01-01,3,Sants-Montjuïc,14,la Font de la Guatlla,..,6,11,1
2026-01-01,3,Sants-Montjuïc,14,la Font de la Guatlla,..,6,12,1
2026-01-01,3,Sants-Montjuïc,15,Hostafrancs,250,1,0,1
2026-01-01,3,Sants-Montjuïc,15,Hostafrancs,244,1,0,2
2026-01-01,3,Sants-Montjuïc,15,Hostafrancs,208,1,1,1
2026-01-01,3,Sants-Montjuïc,15,Hostafrancs,195,1,1,2
2026-01-01,3,Sants-Montjuïc,15,Hostafrancs,197,1,2,1
2026-01-01,3,Sants-Montjuïc,15,Hostafrancs,220,1,2,2
2026-01-01,3,Sants-Montjuïc,15,Hostafrancs,177,1,3,1
2026-01-01,3,Sants-Montjuïc,15,Hostafrancs,185,1,3,2
2026-01-01,3,Sants-Montjuïc,15,Hostafrancs,170,1,4,1
2026-01-01,3,Sants-Montjuïc,15,Hostafrancs,161,1,4,2
2026-01-01,3,Sants-Montjuïc,15,Hostafrancs,136,1,5,1
2026-01-01,3,Sants-Montjuïc,15,Hostafrancs,158,1,5,2
2026-01-01,3,Sants-Montjuïc,15,Hostafrancs,155,1,6,1
2026-01-01,3,Sants-Montjuïc,15,Hostafrancs,166,1,6,2
2026-01-01,3,Sants-Montjuïc,15,Hostafrancs,130,1,7,1
2026-01-01,3,Sants-Montjuïc,15,Hostafrancs,158,1,7,2
2026-01-01,3,Sants-Montjuïc,15,Hostafrancs,174,1,8,1
2026-01-01,3,Sants-Montjuïc,15,Hostafrancs,211,1,8,2
2026-01-01,3,Sants-Montjuïc,15,Hostafrancs,198,1,9,1
2026-01-01,3,Sants-Montjuïc,15,Hostafrancs,204,1,9,2
2026-01-01,3,Sants-Montjuïc,15,Hostafrancs,261,1,10,1
2026-01-01,3,Sants-Montjuïc,15,Hostafrancs,243,1,10,2
2026-01-01,3,Sants-Montjuïc,15,Hostafrancs,222,1,11,1
2026-01-01,3,Sants-Montjuïc,15,Hostafrancs,230,1,11,2
2026-01-01,3,Sants-Montjuïc,15,Hostafrancs,253,1,12,1
2026-01-01,3,Sants-Montjuïc,15,Hostafrancs,193,1,12,2
2026-01-01,3,Sants-Montjuïc,15,Hostafrancs,239,1,13,1
2026-01-01,3,Sants-Montjuïc,15,Hostafrancs,208,1,13,2
2026-01-01,3,Sants-Montjuïc,15,Hostafrancs,184,1,14,1
2026-01-01,3,Sants-Montjuïc,15,Hostafrancs,161,1,14,2
2026-01-01,3,Sants-Montjuïc,15,Hostafrancs,172,1,15,1
2026-01-01,3,Sants-Montjuïc,15,Hostafrancs,116,1,15,2
2026-01-01,3,Sants-Montjuïc,15,Hostafrancs,106,1,16,1
2026-01-01,3,Sants-Montjuïc,15,Hostafrancs,76,1,16,2
2026-01-01,3,Sants-Montjuïc,15,Hostafrancs,66,1,17,1
2026-01-01,3,Sants-Montjuïc,15,Hostafrancs,35,1,17,2
2026-01-01,3,Sants-Montjuïc,15,Hostafrancs,44,1,18,1
2026-01-01,3,Sants-Montjuïc,15,Hostafrancs,22,1,18,2
2026-01-01,3,Sants-Montjuïc,15,Hostafrancs,15,1,19,1
2026-01-01,3,Sants-Montjuïc,15,Hostafrancs,..,1,19,2
2026-01-01,3,Sants-Montjuïc,15,Hostafrancs,..,1,20,1
2026-01-01,3,Sants-Montjuïc,15,Hostafrancs,..,1,20,2
2026-01-01,3,Sants-Montjuïc,15,Hostafrancs,12,2,0,1
2026-01-01,3,Sants-Montjuïc,15,Hostafrancs,18,2,0,2
2026-01-01,3,Sants-Montjuïc,15,Hostafrancs,20,2,1,1
2026-01-01,3,Sants-Montjuïc,15,Hostafrancs,21,2,1,2
2026-01-01,3,Sants-Montjuïc,15,Hostafrancs,12,2,2,1
2026-01-01,3,Sants-Montjuïc,15,Hostafrancs,22,2,2,2
2026-01-01,3,Sants-Montjuïc,15,Hostafrancs,21,2,3,1
2026-01-01,3,Sants-Montjuïc,15,Hostafrancs,19,2,3,2
2026-01-01,3,Sants-Montjuïc,15,Hostafrancs,21,2,4,1
2026-01-01,3,Sants-Montjuïc,15,Hostafrancs,15,2,4,2
2026-01-01,3,Sants-Montjuïc,15,Hostafrancs,46,2,5,1
2026-01-01,3,Sants-Montjuïc,15,Hostafrancs,28,2,5,2
2026-01-01,3,Sants-Montjuïc,15,Hostafrancs,60,2,6,1
2026-01-01,3,Sants-Montjuïc,15,Hostafrancs,53,2,6,2
2026-01-01,3,Sants-Montjuïc,15,Hostafrancs,40,2,7,1
2026-01-01,3,Sants-Montjuïc,15,Hostafrancs,47,2,7,2
2026-01-01,3,Sants-Montjuïc,15,Hostafrancs,45,2,8,1
2026-01-01,3,Sants-Montjuïc,15,Hostafrancs,51,2,8,2
2026-01-01,3,Sants-Montjuïc,15,Hostafrancs,55,2,9,1
2026-01-01,3,Sants-Montjuïc,15,Hostafrancs,46,2,9,2
2026-01-01,3,Sants-Montjuïc,15,Hostafrancs,51,2,10,1
2026-01-01,3,Sants-Montjuïc,15,Hostafrancs,47,2,10,2
2026-01-01,3,Sants-Montjuïc,15,Hostafrancs,30,2,11,1
2026-01-01,3,Sants-Montjuïc,15,Hostafrancs,26,2,11,2
2026-01-01,3,Sants-Montjuïc,15,Hostafrancs,45,2,12,1
2026-01-01,3,Sants-Montjuïc,15,Hostafrancs,36,2,12,2
2026-01-01,3,Sants-Montjuïc,15,Hostafrancs,43,2,13,1
2026-01-01,3,Sants-Montjuïc,15,Hostafrancs,34,2,13,2
2026-01-01,3,Sants-Montjuïc,15,Hostafrancs,46,2,14,1
2026-01-01,3,Sants-Montjuïc,15,Hostafrancs,33,2,14,2
2026-01-01,3,Sants-Montjuïc,15,Hostafrancs,38,2,15,1
2026-01-01,3,Sants-Montjuïc,15,Hostafrancs,29,2,15,2
2026-01-01,3,Sants-Montjuïc,15,Hostafrancs,33,2,16,1
2026-01-01,3,Sants-Montjuïc,15,Hostafrancs,20,2,16,2
2026-01-01,3,Sants-Montjuïc,15,Hostafrancs,14,2,17,1
2026-01-01,3,Sants-Montjuïc,15,Hostafrancs,17,2,17,2
2026-01-01,3,Sants-Montjuïc,15,Hostafrancs,12,2,18,1
2026-01-01,3,Sants-Montjuïc,15,Hostafrancs,5,2,18,2
2026-01-01,3,Sants-Montjuïc,15,Hostafrancs,6,2,19,1
2026-01-01,3,Sants-Montjuïc,15,Hostafrancs,..,2,19,2
2026-01-01,3,Sants-Montjuïc,15,Hostafrancs,..,2,20,1
2026-01-01,3,Sants-Montjuïc,15,Hostafrancs,..,3,0,2
2026-01-01,3,Sants-Montjuïc,15,Hostafrancs,6,3,1,1
2026-01-01,3,Sants-Montjuïc,15,Hostafrancs,5,3,1,2
2026-01-01,3,Sants-Montjuïc,15,Hostafrancs,..,3,2,1
2026-01-01,3,Sants-Montjuïc,15,Hostafrancs,5,3,2,2
2026-01-01,3,Sants-Montjuïc,15,Hostafrancs,..,3,3,1
2026-01-01,3,Sants-Montjuïc,15,Hostafrancs,9,3,3,2
2026-01-01,3,Sants-Montjuïc,15,Hostafrancs,11,3,4,1
2026-01-01,3,Sants-Montjuïc,15,Hostafrancs,10,3,4,2
2026-01-01,3,Sants-Montjuïc,15,Hostafrancs,58,3,5,1
2026-01-01,3,Sants-Montjuïc,15,Hostafrancs,49,3,5,2
2026-01-01,3,Sants-Montjuïc,15,Hostafrancs,65,3,6,1
2026-01-01,3,Sants-Montjuïc,15,Hostafrancs,72,3,6,2
2026-01-01,3,Sants-Montjuïc,15,Hostafrancs,72,3,7,1
2026-01-01,3,Sants-Montjuïc,15,Hostafrancs,79,3,7,2
2026-01-01,3,Sants-Montjuïc,15,Hostafrancs,51,3,8,1
2026-01-01,3,Sants-Montjuïc,15,Hostafrancs,58,3,8,2
2026-01-01,3,Sants-Montjuïc,15,Hostafrancs,42,3,9,1
2026-01-01,3,Sants-Montjuïc,15,Hostafrancs,64,3,9,2
2026-01-01,3,Sants-Montjuïc,15,Hostafrancs,39,3,10,1
2026-01-01,3,Sants-Montjuïc,15,Hostafrancs,33,3,10,2
2026-01-01,3,Sants-Montjuïc,15,Hostafrancs,39,3,11,1
2026-01-01,3,Sants-Montjuïc,15,Hostafrancs,53,3,11,2
2026-01-01,3,Sants-Montjuïc,15,Hostafrancs,60,3,12,1
2026-01-01,3,Sants-Montjuïc,15,Hostafrancs,44,3,12,2
2026-01-01,3,Sants-Montjuïc,15,Hostafrancs,142,3,13,1
2026-01-01,3,Sants-Montjuïc,15,Hostafrancs,75,3,13,2
2026-01-01,3,Sants-Montjuïc,15,Hostafrancs,153,3,14,1
2026-01-01,3,Sants-Montjuïc,15,Hostafrancs,96,3,14,2
2026-01-01,3,Sants-Montjuïc,15,Hostafrancs,147,3,15,1
2026-01-01,3,Sants-Montjuïc,15,Hostafrancs,95,3,15,2
2026-01-01,3,Sants-Montjuïc,15,Hostafrancs,116,3,16,1
2026-01-01,3,Sants-Montjuïc,15,Hostafrancs,82,3,16,2
2026-01-01,3,Sants-Montjuïc,15,Hostafrancs,69,3,17,1
2026-01-01,3,Sants-Montjuïc,15,Hostafrancs,41,3,17,2
2026-01-01,3,Sants-Montjuïc,15,Hostafrancs,42,3,18,1
2026-01-01,3,Sants-Montjuïc,15,Hostafrancs,30,3,18,2
2026-01-01,3,Sants-Montjuïc,15,Hostafrancs,21,3,19,1
2026-01-01,3,Sants-Montjuïc,15,Hostafrancs,..,3,19,2
2026-01-01,3,Sants-Montjuïc,15,Hostafrancs,..,3,20,1
2026-01-01,3,Sants-Montjuïc,15,Hostafrancs,..,3,20,2
2026-01-01,3,Sants-Montjuïc,15,Hostafrancs,..,4,0,1
2026-01-01,3,Sants-Montjuïc,15,Hostafrancs,..,4,0,2
2026-01-01,3,Sants-Montjuïc,15,Hostafrancs,..,4,1,1
2026-01-01,3,Sants-Montjuïc,15,Hostafrancs,6,4,1,2
2026-01-01,3,Sants-Montjuïc,15,Hostafrancs,..,4,2,1
2026-01-01,3,Sants-Montjuïc,15,Hostafrancs,8,4,2,2
2026-01-01,3,Sants-Montjuïc,15,Hostafrancs,7,4,3,1
2026-01-01,3,Sants-Montjuïc,15,Hostafrancs,7,4,3,2
2026-01-01,3,Sants-Montjuïc,15,Hostafrancs,30,4,4,1
2026-01-01,3,Sants-Montjuïc,15,Hostafrancs,14,4,4,2
2026-01-01,3,Sants-Montjuïc,15,Hostafrancs,72,4,5,1
2026-01-01,3,Sants-Montjuïc,15,Hostafrancs,52,4,5,2
2026-01-01,3,Sants-Montjuïc,15,Hostafrancs,99,4,6,1
2026-01-01,3,Sants-Montjuïc,15,Hostafrancs,96,4,6,2
2026-01-01,3,Sants-Montjuïc,15,Hostafrancs,79,4,7,1
2026-01-01,3,Sants-Montjuïc,15,Hostafrancs,83,4,7,2
2026-01-01,3,Sants-Montjuïc,15,Hostafrancs,50,4,8,1
2026-01-01,3,Sants-Montjuïc,15,Hostafrancs,73,4,8,2
2026-01-01,3,Sants-Montjuïc,15,Hostafrancs,49,4,9,1
2026-01-01,3,Sants-Montjuïc,15,Hostafrancs,47,4,9,2
2026-01-01,3,Sants-Montjuïc,15,Hostafrancs,28,4,10,1
2026-01-01,3,Sants-Montjuïc,15,Hostafrancs,42,4,10,2
2026-01-01,3,Sants-Montjuïc,15,Hostafrancs,19,4,11,1
2026-01-01,3,Sants-Montjuïc,15,Hostafrancs,23,4,11,2
2026-01-01,3,Sants-Montjuïc,15,Hostafrancs,8,4,12,1
2026-01-01,3,Sants-Montjuïc,15,Hostafrancs,12,4,12,2
2026-01-01,3,Sants-Montjuïc,15,Hostafrancs,..,4,13,1
2026-01-01,3,Sants-Montjuïc,15,Hostafrancs,9,4,13,2
2026-01-01,3,Sants-Montjuïc,15,Hostafrancs,5,4,14,1
2026-01-01,3,Sants-Montjuïc,15,Hostafrancs,..,4,14,2
2026-01-01,3,Sants-Montjuïc,15,Hostafrancs,..,4,15,1
2026-01-01,3,Sants-Montjuïc,15,Hostafrancs,..,4,15,2
2026-01-01,3,Sants-Montjuïc,15,Hostafrancs,..,4,16,1
2026-01-01,3,Sants-Montjuïc,15,Hostafrancs,..,4,16,2
2026-01-01,3,Sants-Montjuïc,15,Hostafrancs,..,4,17,1
2026-01-01,3,Sants-Montjuïc,15,Hostafrancs,..,4,18,1
2026-01-01,3,Sants-Montjuïc,15,Hostafrancs,..,4,18,2
2026-01-01,3,Sants-Montjuïc,15,Hostafrancs,34,5,0,1
2026-01-01,3,Sants-Montjuïc,15,Hostafrancs,39,5,0,2
2026-01-01,3,Sants-Montjuïc,15,Hostafrancs,81,5,1,1
2026-01-01,3,Sants-Montjuïc,15,Hostafrancs,86,5,1,2
2026-01-01,3,Sants-Montjuïc,15,Hostafrancs,72,5,2,1
2026-01-01,3,Sants-Montjuïc,15,Hostafrancs,73,5,2,2
2026-01-01,3,Sants-Montjuïc,15,Hostafrancs,74,5,3,1
2026-01-01,3,Sants-Montjuïc,15,Hostafrancs,85,5,3,2
2026-01-01,3,Sants-Montjuïc,15,Hostafrancs,190,5,4,1
2026-01-01,3,Sants-Montjuïc,15,Hostafrancs,257,5,4,2
2026-01-01,3,Sants-Montjuïc,15,Hostafrancs,396,5,5,1
2026-01-01,3,Sants-Montjuïc,15,Hostafrancs,422,5,5,2
2026-01-01,3,Sants-Montjuïc,15,Hostafrancs,489,5,6,1
2026-01-01,3,Sants-Montjuïc,15,Hostafrancs,529,5,6,2
2026-01-01,3,Sants-Montjuïc,15,Hostafrancs,424,5,7,1
2026-01-01,3,Sants-Montjuïc,15,Hostafrancs,465,5,7,2
2026-01-01,3,Sants-Montjuïc,15,Hostafrancs,344,5,8,1
2026-01-01,3,Sants-Montjuïc,15,Hostafrancs,330,5,8,2
2026-01-01,3,Sants-Montjuïc,15,Hostafrancs,249,5,9,1
2026-01-01,3,Sants-Montjuïc,15,Hostafrancs,237,5,9,2
2026-01-01,3,Sants-Montjuïc,15,Hostafrancs,221,5,10,1
2026-01-01,3,Sants-Montjuïc,15,Hostafrancs,183,5,10,2
2026-01-01,3,Sants-Montjuïc,15,Hostafrancs,174,5,11,1
2026-01-01,3,Sants-Montjuïc,15,Hostafrancs,147,5,11,2
2026-01-01,3,Sants-Montjuïc,15,Hostafrancs,151,5,12,1
2026-01-01,3,Sants-Montjuïc,15,Hostafrancs,103,5,12,2
2026-01-01,3,Sants-Montjuïc,15,Hostafrancs,107,5,13,1
2026-01-01,3,Sants-Montjuïc,15,Hostafrancs,73,5,13,2
2026-01-01,3,Sants-Montjuïc,15,Hostafrancs,68,5,14,1
2026-01-01,3,Sants-Montjuïc,15,Hostafrancs,42,5,14,2
2026-01-01,3,Sants-Montjuïc,15,Hostafrancs,34,5,15,1
2026-01-01,3,Sants-Montjuïc,15,Hostafrancs,14,5,15,2
2026-01-01,3,Sants-Montjuïc,15,Hostafrancs,20,5,16,1
2026-01-01,3,Sants-Montjuïc,15,Hostafrancs,19,5,16,2
2026-01-01,3,Sants-Montjuïc,15,Hostafrancs,10,5,17,1
2026-01-01,3,Sants-Montjuïc,15,Hostafrancs,5,5,17,2
2026-01-01,3,Sants-Montjuïc,15,Hostafrancs,6,5,18,1
2026-01-01,3,Sants-Montjuïc,15,Hostafrancs,..,5,18,2
2026-01-01,3,Sants-Montjuïc,15,Hostafrancs,..,5,19,2
2026-01-01,3,Sants-Montjuïc,15,Hostafrancs,..,5,20,1
2026-01-01,3,Sants-Montjuïc,15,Hostafrancs,..,6,8,1
2026-01-01,3,Sants-Montjuïc,16,la Bordeta,272,1,0,1
2026-01-01,3,Sants-Montjuïc,16,la Bordeta,340,1,0,2
2026-01-01,3,Sants-Montjuïc,16,la Bordeta,278,1,1,1
2026-01-01,3,Sants-Montjuïc,16,la Bordeta,298,1,1,2
2026-01-01,3,Sants-Montjuïc,16,la Bordeta,327,1,2,1
2026-01-01,3,Sants-Montjuïc,16,la Bordeta,293,1,2,2
2026-01-01,3,Sants-Montjuïc,16,la Bordeta,270,1,3,1
2026-01-01,3,Sants-Montjuïc,16,la Bordeta,299,1,3,2
2026-01-01,3,Sants-Montjuïc,16,la Bordeta,262,1,4,1
2026-01-01,3,Sants-Montjuïc,16,la Bordeta,280,1,4,2
2026-01-01,3,Sants-Montjuïc,16,la Bordeta,196,1,5,1
2026-01-01,3,Sants-Montjuïc,16,la Bordeta,225,1,5,2
2026-01-01,3,Sants-Montjuïc,16,la Bordeta,209,1,6,1
2026-01-01,3,Sants-Montjuïc,16,la Bordeta,237,1,6,2
2026-01-01,3,Sants-Montjuïc,16,la Bordeta,251,1,7,1
2026-01-01,3,Sants-Montjuïc,16,la Bordeta,265,1,7,2
2026-01-01,3,Sants-Montjuïc,16,la Bordeta,311,1,8,1
2026-01-01,3,Sants-Montjuïc,16,la Bordeta,324,1,8,2
2026-01-01,3,Sants-Montjuïc,16,la Bordeta,316,1,9,1
2026-01-01,3,Sants-Montjuïc,16,la Bordeta,318,1,9,2
2026-01-01,3,Sants-Montjuïc,16,la Bordeta,351,1,10,1
2026-01-01,3,Sants-Montjuïc,16,la Bordeta,370,1,10,2
2026-01-01,3,Sants-Montjuïc,16,la Bordeta,379,1,11,1
2026-01-01,3,Sants-Montjuïc,16,la Bordeta,368,1,11,2
2026-01-01,3,Sants-Montjuïc,16,la Bordeta,395,1,12,1
2026-01-01,3,Sants-Montjuïc,16,la Bordeta,324,1,12,2
2026-01-01,3,Sants-Montjuïc,16,la Bordeta,332,1,13,1
2026-01-01,3,Sants-Montjuïc,16,la Bordeta,331,1,13,2
2026-01-01,3,Sants-Montjuïc,16,la Bordeta,239,1,14,1
2026-01-01,3,Sants-Montjuïc,16,la Bordeta,213,1,14,2
2026-01-01,3,Sants-Montjuïc,16,la Bordeta,204,1,15,1
2026-01-01,3,Sants-Montjuïc,16,la Bordeta,148,1,15,2
2026-01-01,3,Sants-Montjuïc,16,la Bordeta,130,1,16,1
2026-01-01,3,Sants-Montjuïc,16,la Bordeta,96,1,16,2
2026-01-01,3,Sants-Montjuïc,16,la Bordeta,105,1,17,1
2026-01-01,3,Sants-Montjuïc,16,la Bordeta,53,1,17,2
2026-01-01,3,Sants-Montjuïc,16,la Bordeta,75,1,18,1
2026-01-01,3,Sants-Montjuïc,16,la Bordeta,30,1,18,2
2026-01-01,3,Sants-Montjuïc,16,la Bordeta,26,1,19,1
2026-01-01,3,Sants-Montjuïc,16,la Bordeta,8,1,19,2
2026-01-01,3,Sants-Montjuïc,16,la Bordeta,..,1,20,1
2026-01-01,3,Sants-Montjuïc,16,la Bordeta,..,1,20,2
2026-01-01,3,Sants-Montjuïc,16,la Bordeta,21,2,0,1
2026-01-01,3,Sants-Montjuïc,16,la Bordeta,32,2,0,2
2026-01-01,3,Sants-Montjuïc,16,la Bordeta,27,2,1,1
2026-01-01,3,Sants-Montjuïc,16,la Bordeta,21,2,1,2
2026-01-01,3,Sants-Montjuïc,16,la Bordeta,21,2,2,1
2026-01-01,3,Sants-Montjuïc,16,la Bordeta,29,2,2,2
2026-01-01,3,Sants-Montjuïc,16,la Bordeta,28,2,3,1
2026-01-01,3,Sants-Montjuïc,16,la Bordeta,35,2,3,2
2026-01-01,3,Sants-Montjuïc,16,la Bordeta,28,2,4,1
2026-01-01,3,Sants-Montjuïc,16,la Bordeta,27,2,4,2
2026-01-01,3,Sants-Montjuïc,16,la Bordeta,40,2,5,1
2026-01-01,3,Sants-Montjuïc,16,la Bordeta,35,2,5,2
2026-01-01,3,Sants-Montjuïc,16,la Bordeta,72,2,6,1
2026-01-01,3,Sants-Montjuïc,16,la Bordeta,58,2,6,2
2026-01-01,3,Sants-Montjuïc,16,la Bordeta,62,2,7,1
2026-01-01,3,Sants-Montjuïc,16,la Bordeta,52,2,7,2
2026-01-01,3,Sants-Montjuïc,16,la Bordeta,67,2,8,1
2026-01-01,3,Sants-Montjuïc,16,la Bordeta,68,2,8,2
2026-01-01,3,Sants-Montjuïc,16,la Bordeta,70,2,9,1
2026-01-01,3,Sants-Montjuïc,16,la Bordeta,81,2,9,2
2026-01-01,3,Sants-Montjuïc,16,la Bordeta,64,2,10,1
2026-01-01,3,Sants-Montjuïc,16,la Bordeta,61,2,10,2
2026-01-01,3,Sants-Montjuïc,16,la Bordeta,55,2,11,1
2026-01-01,3,Sants-Montjuïc,16,la Bordeta,36,2,11,2
2026-01-01,3,Sants-Montjuïc,16,la Bordeta,56,2,12,1
2026-01-01,3,Sants-Montjuïc,16,la Bordeta,37,2,12,2
2026-01-01,3,Sants-Montjuïc,16,la Bordeta,53,2,13,1
2026-01-01,3,Sants-Montjuïc,16,la Bordeta,58,2,13,2
2026-01-01,3,Sants-Montjuïc,16,la Bordeta,56,2,14,1
2026-01-01,3,Sants-Montjuïc,16,la Bordeta,54,2,14,2
2026-01-01,3,Sants-Montjuïc,16,la Bordeta,43,2,15,1
2026-01-01,3,Sants-Montjuïc,16,la Bordeta,39,2,15,2
2026-01-01,3,Sants-Montjuïc,16,la Bordeta,41,2,16,1
2026-01-01,3,Sants-Montjuïc,16,la Bordeta,25,2,16,2
2026-01-01,3,Sants-Montjuïc,16,la Bordeta,29,2,17,1
2026-01-01,3,Sants-Montjuïc,16,la Bordeta,12,2,17,2
2026-01-01,3,Sants-Montjuïc,16,la Bordeta,22,2,18,1
2026-01-01,3,Sants-Montjuïc,16,la Bordeta,..,2,18,2
2026-01-01,3,Sants-Montjuïc,16,la Bordeta,6,2,19,1
2026-01-01,3,Sants-Montjuïc,16,la Bordeta,..,2,19,2
2026-01-01,3,Sants-Montjuïc,16,la Bordeta,..,2,20,1
2026-01-01,3,Sants-Montjuïc,16,la Bordeta,8,3,0,1
2026-01-01,3,Sants-Montjuïc,16,la Bordeta,..,3,0,2
2026-01-01,3,Sants-Montjuïc,16,la Bordeta,5,3,1,1
2026-01-01,3,Sants-Montjuïc,16,la Bordeta,6,3,1,2
2026-01-01,3,Sants-Montjuïc,16,la Bordeta,..,3,2,1
2026-01-01,3,Sants-Montjuïc,16,la Bordeta,6,3,2,2
2026-01-01,3,Sants-Montjuïc,16,la Bordeta,7,3,3,1
2026-01-01,3,Sants-Montjuïc,16,la Bordeta,9,3,3,2
2026-01-01,3,Sants-Montjuïc,16,la Bordeta,8,3,4,1
2026-01-01,3,Sants-Montjuïc,16,la Bordeta,15,3,4,2
2026-01-01,3,Sants-Montjuïc,16,la Bordeta,49,3,5,1
2026-01-01,3,Sants-Montjuïc,16,la Bordeta,31,3,5,2
2026-01-01,3,Sants-Montjuïc,16,la Bordeta,87,3,6,1
2026-01-01,3,Sants-Montjuïc,16,la Bordeta,86,3,6,2
2026-01-01,3,Sants-Montjuïc,16,la Bordeta,96,3,7,1
2026-01-01,3,Sants-Montjuïc,16,la Bordeta,79,3,7,2
2026-01-01,3,Sants-Montjuïc,16,la Bordeta,71,3,8,1
2026-01-01,3,Sants-Montjuïc,16,la Bordeta,67,3,8,2
2026-01-01,3,Sants-Montjuïc,16,la Bordeta,62,3,9,1
2026-01-01,3,Sants-Montjuïc,16,la Bordeta,62,3,9,2
2026-01-01,3,Sants-Montjuïc,16,la Bordeta,60,3,10,1
2026-01-01,3,Sants-Montjuïc,16,la Bordeta,54,3,10,2
2026-01-01,3,Sants-Montjuïc,16,la Bordeta,70,3,11,1
2026-01-01,3,Sants-Montjuïc,16,la Bordeta,57,3,11,2
2026-01-01,3,Sants-Montjuïc,16,la Bordeta,113,3,12,1
2026-01-01,3,Sants-Montjuïc,16,la Bordeta,100,3,12,2
2026-01-01,3,Sants-Montjuïc,16,la Bordeta,213,3,13,1
2026-01-01,3,Sants-Montjuïc,16,la Bordeta,133,3,13,2
2026-01-01,3,Sants-Montjuïc,16,la Bordeta,230,3,14,1
2026-01-01,3,Sants-Montjuïc,16,la Bordeta,157,3,14,2
2026-01-01,3,Sants-Montjuïc,16,la Bordeta,245,3,15,1
2026-01-01,3,Sants-Montjuïc,16,la Bordeta,154,3,15,2
2026-01-01,3,Sants-Montjuïc,16,la Bordeta,199,3,16,1
2026-01-01,3,Sants-Montjuïc,16,la Bordeta,117,3,16,2
2026-01-01,3,Sants-Montjuïc,16,la Bordeta,138,3,17,1
2026-01-01,3,Sants-Montjuïc,16,la Bordeta,79,3,17,2
2026-01-01,3,Sants-Montjuïc,16,la Bordeta,87,3,18,1
2026-01-01,3,Sants-Montjuïc,16,la Bordeta,34,3,18,2
2026-01-01,3,Sants-Montjuïc,16,la Bordeta,24,3,19,1
2026-01-01,3,Sants-Montjuïc,16,la Bordeta,15,3,19,2
2026-01-01,3,Sants-Montjuïc,16,la Bordeta,..,3,20,1
2026-01-01,3,Sants-Montjuïc,16,la Bordeta,..,3,20,2
2026-01-01,3,Sants-Montjuïc,16,la Bordeta,..,4,0,1
2026-01-01,3,Sants-Montjuïc,16,la Bordeta,..,4,0,2
2026-01-01,3,Sants-Montjuïc,16,la Bordeta,..,4,1,1
2026-01-01,3,Sants-Montjuïc,16,la Bordeta,5,4,1,2
2026-01-01,3,Sants-Montjuïc,16,la Bordeta,7,4,2,1
2026-01-01,3,Sants-Montjuïc,16,la Bordeta,..,4,2,2
2026-01-01,3,Sants-Montjuïc,16,la Bordeta,5,4,3,1
2026-01-01,3,Sants-Montjuïc,16,la Bordeta,..,4,3,2
2026-01-01,3,Sants-Montjuïc,16,la Bordeta,22,4,4,1
2026-01-01,3,Sants-Montjuïc,16,la Bordeta,15,4,4,2
2026-01-01,3,Sants-Montjuïc,16,la Bordeta,50,4,5,1
2026-01-01,3,Sants-Montjuïc,16,la Bordeta,33,4,5,2
2026-01-01,3,Sants-Montjuïc,16,la Bordeta,59,4,6,1
2026-01-01,3,Sants-Montjuïc,16,la Bordeta,68,4,6,2
2026-01-01,3,Sants-Montjuïc,16,la Bordeta,59,4,7,1
2026-01-01,3,Sants-Montjuïc,16,la Bordeta,79,4,7,2
2026-01-01,3,Sants-Montjuïc,16,la Bordeta,41,4,8,1
2026-01-01,3,Sants-Montjuïc,16,la Bordeta,60,4,8,2
2026-01-01,3,Sants-Montjuïc,16,la Bordeta,28,4,9,1
2026-01-01,3,Sants-Montjuïc,16,la Bordeta,38,4,9,2
2026-01-01,3,Sants-Montjuïc,16,la Bordeta,23,4,10,1
2026-01-01,3,Sants-Montjuïc,16,la Bordeta,31,4,10,2
2026-01-01,3,Sants-Montjuïc,16,la Bordeta,11,4,11,1
2026-01-01,3,Sants-Montjuïc,16,la Bordeta,17,4,11,2
2026-01-01,3,Sants-Montjuïc,16,la Bordeta,11,4,12,1
2026-01-01,3,Sants-Montjuïc,16,la Bordeta,12,4,12,2
2026-01-01,3,Sants-Montjuïc,16,la Bordeta,10,4,13,1
2026-01-01,3,Sants-Montjuïc,16,la Bordeta,5,4,13,2
2026-01-01,3,Sants-Montjuïc,16,la Bordeta,..,4,14,1
2026-01-01,3,Sants-Montjuïc,16,la Bordeta,6,4,14,2
2026-01-01,3,Sants-Montjuïc,16,la Bordeta,5,4,15,1
2026-01-01,3,Sants-Montjuïc,16,la Bordeta,..,4,15,2
2026-01-01,3,Sants-Montjuïc,16,la Bordeta,..,4,16,1
2026-01-01,3,Sants-Montjuïc,16,la Bordeta,..,4,16,2
2026-01-01,3,Sants-Montjuïc,16,la Bordeta,..,4,17,1
2026-01-01,3,Sants-Montjuïc,16,la Bordeta,..,4,17,2
2026-01-01,3,Sants-Montjuïc,16,la Bordeta,..,4,18,1
2026-01-01,3,Sants-Montjuïc,16,la Bordeta,..,4,19,1
2026-01-01,3,Sants-Montjuïc,16,la Bordeta,13,5,0,1
2026-01-01,3,Sants-Montjuïc,16,la Bordeta,17,5,0,2
2026-01-01,3,Sants-Montjuïc,16,la Bordeta,55,5,1,1
2026-01-01,3,Sants-Montjuïc,16,la Bordeta,59,5,1,2
2026-01-01,3,Sants-Montjuïc,16,la Bordeta,75,5,2,1
2026-01-01,3,Sants-Montjuïc,16,la Bordeta,77,5,2,2
2026-01-01,3,Sants-Montjuïc,16,la Bordeta,77,5,3,1
2026-01-01,3,Sants-Montjuïc,16,la Bordeta,86,5,3,2
2026-01-01,3,Sants-Montjuïc,16,la Bordeta,165,5,4,1
2026-01-01,3,Sants-Montjuïc,16,la Bordeta,216,5,4,2
2026-01-01,3,Sants-Montjuïc,16,la Bordeta,377,5,5,1
2026-01-01,3,Sants-Montjuïc,16,la Bordeta,438,5,5,2
2026-01-01,3,Sants-Montjuïc,16,la Bordeta,417,5,6,1
2026-01-01,3,Sants-Montjuïc,16,la Bordeta,476,5,6,2
2026-01-01,3,Sants-Montjuïc,16,la Bordeta,367,5,7,1
2026-01-01,3,Sants-Montjuïc,16,la Bordeta,474,5,7,2
2026-01-01,3,Sants-Montjuïc,16,la Bordeta,320,5,8,1
2026-01-01,3,Sants-Montjuïc,16,la Bordeta,347,5,8,2
2026-01-01,3,Sants-Montjuïc,16,la Bordeta,273,5,9,1
2026-01-01,3,Sants-Montjuïc,16,la Bordeta,270,5,9,2
2026-01-01,3,Sants-Montjuïc,16,la Bordeta,222,5,10,1
2026-01-01,3,Sants-Montjuïc,16,la Bordeta,176,5,10,2
2026-01-01,3,Sants-Montjuïc,16,la Bordeta,189,5,11,1
2026-01-01,3,Sants-Montjuïc,16,la Bordeta,129,5,11,2
2026-01-01,3,Sants-Montjuïc,16,la Bordeta,152,5,12,1
2026-01-01,3,Sants-Montjuïc,16,la Bordeta,97,5,12,2
2026-01-01,3,Sants-Montjuïc,16,la Bordeta,121,5,13,1
2026-01-01,3,Sants-Montjuïc,16,la Bordeta,68,5,13,2
2026-01-01,3,Sants-Montjuïc,16,la Bordeta,66,5,14,1
2026-01-01,3,Sants-Montjuïc,16,la Bordeta,43,5,14,2
2026-01-01,3,Sants-Montjuïc,16,la Bordeta,50,5,15,1
2026-01-01,3,Sants-Montjuïc,16,la Bordeta,23,5,15,2
2026-01-01,3,Sants-Montjuïc,16,la Bordeta,14,5,16,1
2026-01-01,3,Sants-Montjuïc,16,la Bordeta,17,5,16,2
2026-01-01,3,Sants-Montjuïc,16,la Bordeta,11,5,17,1
2026-01-01,3,Sants-Montjuïc,16,la Bordeta,..,5,17,2
2026-01-01,3,Sants-Montjuïc,16,la Bordeta,..,5,18,1
2026-01-01,3,Sants-Montjuïc,16,la Bordeta,..,5,18,2
2026-01-01,3,Sants-Montjuïc,16,la Bordeta,..,5,19,1
2026-01-01,3,Sants-Montjuïc,16,la Bordeta,..,5,19,2
2026-01-01,3,Sants-Montjuïc,16,la Bordeta,..,5,20,1
2026-01-01,3,Sants-Montjuïc,16,la Bordeta,..,5,20,2
2026-01-01,3,Sants-Montjuïc,16,la Bordeta,..,6,2,2
2026-01-01,3,Sants-Montjuïc,16,la Bordeta,..,6,3,1
2026-01-01,3,Sants-Montjuïc,16,la Bordeta,..,6,6,1
2026-01-01,3,Sants-Montjuïc,16,la Bordeta,..,6,7,1
2026-01-01,3,Sants-Montjuïc,16,la Bordeta,..,6,7,2
2026-01-01,3,Sants-Montjuïc,16,la Bordeta,..,6,9,1
2026-01-01,3,Sants-Montjuïc,16,la Bordeta,..,6,10,2
2026-01-01,3,Sants-Montjuïc,16,la Bordeta,..,6,12,1
2026-01-01,3,Sants-Montjuïc,17,Sants - Badal,275,1,0,1
2026-01-01,3,Sants-Montjuïc,17,Sants - Badal,340,1,0,2
2026-01-01,3,Sants-Montjuïc,17,Sants - Badal,308,1,1,1
2026-01-01,3,Sants-Montjuïc,17,Sants - Badal,292,1,1,2
2026-01-01,3,Sants-Montjuïc,17,Sants - Badal,296,1,2,1
2026-01-01,3,Sants-Montjuïc,17,Sants - Badal,327,1,2,2
2026-01-01,3,Sants-Montjuïc,17,Sants - Badal,273,1,3,1
2026-01-01,3,Sants-Montjuïc,17,Sants - Badal,297,1,3,2
2026-01-01,3,Sants-Montjuïc,17,Sants - Badal,279,1,4,1
2026-01-01,3,Sants-Montjuïc,17,Sants - Badal,286,1,4,2
2026-01-01,3,Sants-Montjuïc,17,Sants - Badal,288,1,5,1
2026-01-01,3,Sants-Montjuïc,17,Sants - Badal,281,1,5,2
2026-01-01,3,Sants-Montjuïc,17,Sants - Badal,259,1,6,1
2026-01-01,3,Sants-Montjuïc,17,Sants - Badal,267,1,6,2
2026-01-01,3,Sants-Montjuïc,17,Sants - Badal,228,1,7,1
2026-01-01,3,Sants-Montjuïc,17,Sants - Badal,254,1,7,2
2026-01-01,3,Sants-Montjuïc,17,Sants - Badal,306,1,8,1
2026-01-01,3,Sants-Montjuïc,17,Sants - Badal,301,1,8,2
2026-01-01,3,Sants-Montjuïc,17,Sants - Badal,321,1,9,1
2026-01-01,3,Sants-Montjuïc,17,Sants - Badal,368,1,9,2
2026-01-01,3,Sants-Montjuïc,17,Sants - Badal,401,1,10,1
2026-01-01,3,Sants-Montjuïc,17,Sants - Badal,394,1,10,2
2026-01-01,3,Sants-Montjuïc,17,Sants - Badal,414,1,11,1
2026-01-01,3,Sants-Montjuïc,17,Sants - Badal,334,1,11,2
2026-01-01,3,Sants-Montjuïc,17,Sants - Badal,409,1,12,1
2026-01-01,3,Sants-Montjuïc,17,Sants - Badal,341,1,12,2
2026-01-01,3,Sants-Montjuïc,17,Sants - Badal,392,1,13,1
2026-01-01,3,Sants-Montjuïc,17,Sants - Badal,322,1,13,2
2026-01-01,3,Sants-Montjuïc,17,Sants - Badal,302,1,14,1
2026-01-01,3,Sants-Montjuïc,17,Sants - Badal,228,1,14,2
2026-01-01,3,Sants-Montjuïc,17,Sants - Badal,222,1,15,1
2026-01-01,3,Sants-Montjuïc,17,Sants - Badal,184,1,15,2
2026-01-01,3,Sants-Montjuïc,17,Sants - Badal,161,1,16,1
2026-01-01,3,Sants-Montjuïc,17,Sants - Badal,96,1,16,2
2026-01-01,3,Sants-Montjuïc,17,Sants - Badal,84,1,17,1
2026-01-01,3,Sants-Montjuïc,17,Sants - Badal,49,1,17,2
2026-01-01,3,Sants-Montjuïc,17,Sants - Badal,83,1,18,1
2026-01-01,3,Sants-Montjuïc,17,Sants - Badal,36,1,18,2
2026-01-01,3,Sants-Montjuïc,17,Sants - Badal,18,1,19,1
2026-01-01,3,Sants-Montjuïc,17,Sants - Badal,7,1,19,2
2026-01-01,3,Sants-Montjuïc,17,Sants - Badal,..,1,20,1
2026-01-01,3,Sants-Montjuïc,17,Sants - Badal,28,2,0,1
2026-01-01,3,Sants-Montjuïc,17,Sants - Badal,36,2,0,2
2026-01-01,3,Sants-Montjuïc,17,Sants - Badal,33,2,1,1
2026-01-01,3,Sants-Montjuïc,17,Sants - Badal,34,2,1,2
2026-01-01,3,Sants-Montjuïc,17,Sants - Badal,37,2,2,1
2026-01-01,3,Sants-Montjuïc,17,Sants - Badal,40,2,2,2
2026-01-01,3,Sants-Montjuïc,17,Sants - Badal,45,2,3,1
2026-01-01,3,Sants-Montjuïc,17,Sants - Badal,42,2,3,2
2026-01-01,3,Sants-Montjuïc,17,Sants - Badal,52,2,4,1
2026-01-01,3,Sants-Montjuïc,17,Sants - Badal,36,2,4,2
2026-01-01,3,Sants-Montjuïc,17,Sants - Badal,79,2,5,1
2026-01-01,3,Sants-Montjuïc,17,Sants - Badal,68,2,5,2
2026-01-01,3,Sants-Montjuïc,17,Sants - Badal,89,2,6,1
2026-01-01,3,Sants-Montjuïc,17,Sants - Badal,84,2,6,2
2026-01-01,3,Sants-Montjuïc,17,Sants - Badal,64,2,7,1
2026-01-01,3,Sants-Montjuïc,17,Sants - Badal,70,2,7,2
2026-01-01,3,Sants-Montjuïc,17,Sants - Badal,76,2,8,1
2026-01-01,3,Sants-Montjuïc,17,Sants - Badal,64,2,8,2
2026-01-01,3,Sants-Montjuïc,17,Sants - Badal,90,2,9,1
2026-01-01,3,Sants-Montjuïc,17,Sants - Badal,82,2,9,2
2026-01-01,3,Sants-Montjuïc,17,Sants - Badal,66,2,10,1
2026-01-01,3,Sants-Montjuïc,17,Sants - Badal,67,2,10,2
2026-01-01,3,Sants-Montjuïc,17,Sants - Badal,49,2,11,1
2026-01-01,3,Sants-Montjuïc,17,Sants - Badal,53,2,11,2
2026-01-01,3,Sants-Montjuïc,17,Sants - Badal,96,2,12,1
2026-01-01,3,Sants-Montjuïc,17,Sants - Badal,86,2,12,2
2026-01-01,3,Sants-Montjuïc,17,Sants - Badal,100,2,13,1
2026-01-01,3,Sants-Montjuïc,17,Sants - Badal,79,2,13,2
2026-01-01,3,Sants-Montjuïc,17,Sants - Badal,72,2,14,1
2026-01-01,3,Sants-Montjuïc,17,Sants - Badal,58,2,14,2
2026-01-01,3,Sants-Montjuïc,17,Sants - Badal,65,2,15,1
2026-01-01,3,Sants-Montjuïc,17,Sants - Badal,59,2,15,2
2026-01-01,3,Sants-Montjuïc,17,Sants - Badal,46,2,16,1
2026-01-01,3,Sants-Montjuïc,17,Sants - Badal,38,2,16,2
2026-01-01,3,Sants-Montjuïc,17,Sants - Badal,32,2,17,1
2026-01-01,3,Sants-Montjuïc,17,Sants - Badal,19,2,17,2
2026-01-01,3,Sants-Montjuïc,17,Sants - Badal,20,2,18,1
2026-01-01,3,Sants-Montjuïc,17,Sants - Badal,7,2,18,2
2026-01-01,3,Sants-Montjuïc,17,Sants - Badal,8,2,19,1
2026-01-01,3,Sants-Montjuïc,17,Sants - Badal,..,2,19,2
2026-01-01,3,Sants-Montjuïc,17,Sants - Badal,..,2,20,1
2026-01-01,3,Sants-Montjuïc,17,Sants - Badal,..,2,20,2
2026-01-01,3,Sants-Montjuïc,17,Sants - Badal,5,3,0,1
2026-01-01,3,Sants-Montjuïc,17,Sants - Badal,..,3,0,2
2026-01-01,3,Sants-Montjuïc,17,Sants - Badal,..,3,1,1
2026-01-01,3,Sants-Montjuïc,17,Sants - Badal,6,3,1,2
2026-01-01,3,Sants-Montjuïc,17,Sants - Badal,9,3,2,1
2026-01-01,3,Sants-Montjuïc,17,Sants - Badal,8,3,2,2
2026-01-01,3,Sants-Montjuïc,17,Sants - Badal,12,3,3,1
2026-01-01,3,Sants-Montjuïc,17,Sants - Badal,9,3,3,2
2026-01-01,3,Sants-Montjuïc,17,Sants - Badal,21,3,4,1
2026-01-01,3,Sants-Montjuïc,17,Sants - Badal,13,3,4,2
2026-01-01,3,Sants-Montjuïc,17,Sants - Badal,70,3,5,1
2026-01-01,3,Sants-Montjuïc,17,Sants - Badal,49,3,5,2
2026-01-01,3,Sants-Montjuïc,17,Sants - Badal,76,3,6,1
2026-01-01,3,Sants-Montjuïc,17,Sants - Badal,94,3,6,2
2026-01-01,3,Sants-Montjuïc,17,Sants - Badal,96,3,7,1
2026-01-01,3,Sants-Montjuïc,17,Sants - Badal,74,3,7,2
2026-01-01,3,Sants-Montjuïc,17,Sants - Badal,58,3,8,1
2026-01-01,3,Sants-Montjuïc,17,Sants - Badal,85,3,8,2
2026-01-01,3,Sants-Montjuïc,17,Sants - Badal,63,3,9,1
2026-01-01,3,Sants-Montjuïc,17,Sants - Badal,68,3,9,2
2026-01-01,3,Sants-Montjuïc,17,Sants - Badal,58,3,10,1
2026-01-01,3,Sants-Montjuïc,17,Sants - Badal,54,3,10,2
2026-01-01,3,Sants-Montjuïc,17,Sants - Badal,67,3,11,1
2026-01-01,3,Sants-Montjuïc,17,Sants - Badal,47,3,11,2
2026-01-01,3,Sants-Montjuïc,17,Sants - Badal,136,3,12,1
2026-01-01,3,Sants-Montjuïc,17,Sants - Badal,93,3,12,2
2026-01-01,3,Sants-Montjuïc,17,Sants - Badal,241,3,13,1
2026-01-01,3,Sants-Montjuïc,17,Sants - Badal,164,3,13,2
2026-01-01,3,Sants-Montjuïc,17,Sants - Badal,280,3,14,1
2026-01-01,3,Sants-Montjuïc,17,Sants - Badal,201,3,14,2
2026-01-01,3,Sants-Montjuïc,17,Sants - Badal,338,3,15,1
2026-01-01,3,Sants-Montjuïc,17,Sants - Badal,225,3,15,2
2026-01-01,3,Sants-Montjuïc,17,Sants - Badal,269,3,16,1
2026-01-01,3,Sants-Montjuïc,17,Sants - Badal,205,3,16,2
2026-01-01,3,Sants-Montjuïc,17,Sants - Badal,169,3,17,1
2026-01-01,3,Sants-Montjuïc,17,Sants - Badal,114,3,17,2
2026-01-01,3,Sants-Montjuïc,17,Sants - Badal,124,3,18,1
2026-01-01,3,Sants-Montjuïc,17,Sants - Badal,50,3,18,2
2026-01-01,3,Sants-Montjuïc,17,Sants - Badal,38,3,19,1
2026-01-01,3,Sants-Montjuïc,17,Sants - Badal,8,3,19,2
2026-01-01,3,Sants-Montjuïc,17,Sants - Badal,..,3,20,1
2026-01-01,3,Sants-Montjuïc,17,Sants - Badal,..,3,20,2
2026-01-01,3,Sants-Montjuïc,17,Sants - Badal,..,4,0,1
2026-01-01,3,Sants-Montjuïc,17,Sants - Badal,..,4,0,2
2026-01-01,3,Sants-Montjuïc,17,Sants - Badal,..,4,1,1
2026-01-01,3,Sants-Montjuïc,17,Sants - Badal,..,4,1,2
2026-01-01,3,Sants-Montjuïc,17,Sants - Badal,..,4,2,1
2026-01-01,3,Sants-Montjuïc,17,Sants - Badal,..,4,2,2
2026-01-01,3,Sants-Montjuïc,17,Sants - Badal,7,4,3,1
2026-01-01,3,Sants-Montjuïc,17,Sants - Badal,..,4,3,2
2026-01-01,3,Sants-Montjuïc,17,Sants - Badal,27,4,4,1
2026-01-01,3,Sants-Montjuïc,17,Sants - Badal,10,4,4,2
2026-01-01,3,Sants-Montjuïc,17,Sants - Badal,72,4,5,1
2026-01-01,3,Sants-Montjuïc,17,Sants - Badal,51,4,5,2
2026-01-01,3,Sants-Montjuïc,17,Sants - Badal,75,4,6,1
2026-01-01,3,Sants-Montjuïc,17,Sants - Badal,69,4,6,2
2026-01-01,3,Sants-Montjuïc,17,Sants - Badal,81,4,7,1
2026-01-01,3,Sants-Montjuïc,17,Sants - Badal,71,4,7,2
2026-01-01,3,Sants-Montjuïc,17,Sants - Badal,45,4,8,1
2026-01-01,3,Sants-Montjuïc,17,Sants - Badal,65,4,8,2
2026-01-01,3,Sants-Montjuïc,17,Sants - Badal,38,4,9,1
2026-01-01,3,Sants-Montjuïc,17,Sants - Badal,26,4,9,2
2026-01-01,3,Sants-Montjuïc,17,Sants - Badal,27,4,10,1
2026-01-01,3,Sants-Montjuïc,17,Sants - Badal,33,4,10,2
2026-01-01,3,Sants-Montjuïc,17,Sants - Badal,17,4,11,1
2026-01-01,3,Sants-Montjuïc,17,Sants - Badal,21,4,11,2
2026-01-01,3,Sants-Montjuïc,17,Sants - Badal,17,4,12,1
2026-01-01,3,Sants-Montjuïc,17,Sants - Badal,15,4,12,2
2026-01-01,3,Sants-Montjuïc,17,Sants - Badal,8,4,13,1
2026-01-01,3,Sants-Montjuïc,17,Sants - Badal,11,4,13,2
2026-01-01,3,Sants-Montjuïc,17,Sants - Badal,7,4,14,1
2026-01-01,3,Sants-Montjuïc,17,Sants - Badal,6,4,14,2
2026-01-01,3,Sants-Montjuïc,17,Sants - Badal,10,4,15,1
2026-01-01,3,Sants-Montjuïc,17,Sants - Badal,..,4,15,2
2026-01-01,3,Sants-Montjuïc,17,Sants - Badal,6,4,16,1
2026-01-01,3,Sants-Montjuïc,17,Sants - Badal,..,4,16,2
2026-01-01,3,Sants-Montjuïc,17,Sants - Badal,..,4,17,1
2026-01-01,3,Sants-Montjuïc,17,Sants - Badal,..,4,17,2
2026-01-01,3,Sants-Montjuïc,17,Sants - Badal,..,4,18,1
2026-01-01,3,Sants-Montjuïc,17,Sants - Badal,..,4,18,2
2026-01-01,3,Sants-Montjuïc,17,Sants - Badal,..,4,19,1
2026-01-01,3,Sants-Montjuïc,17,Sants - Badal,18,5,0,1
2026-01-01,3,Sants-Montjuïc,17,Sants - Badal,17,5,0,2
2026-01-01,3,Sants-Montjuïc,17,Sants - Badal,65,5,1,1
2026-01-01,3,Sants-Montjuïc,17,Sants - Badal,85,5,1,2
2026-01-01,3,Sants-Montjuïc,17,Sants - Badal,110,5,2,1
2026-01-01,3,Sants-Montjuïc,17,Sants - Badal,101,5,2,2
2026-01-01,3,Sants-Montjuïc,17,Sants - Badal,150,5,3,1
2026-01-01,3,Sants-Montjuïc,17,Sants - Badal,153,5,3,2
2026-01-01,3,Sants-Montjuïc,17,Sants - Badal,292,5,4,1
2026-01-01,3,Sants-Montjuïc,17,Sants - Badal,285,5,4,2
2026-01-01,3,Sants-Montjuïc,17,Sants - Badal,489,5,5,1
2026-01-01,3,Sants-Montjuïc,17,Sants - Badal,527,5,5,2
2026-01-01,3,Sants-Montjuïc,17,Sants - Badal,607,5,6,1
2026-01-01,3,Sants-Montjuïc,17,Sants - Badal,597,5,6,2
2026-01-01,3,Sants-Montjuïc,17,Sants - Badal,551,5,7,1
2026-01-01,3,Sants-Montjuïc,17,Sants - Badal,511,5,7,2
2026-01-01,3,Sants-Montjuïc,17,Sants - Badal,495,5,8,1
2026-01-01,3,Sants-Montjuïc,17,Sants - Badal,405,5,8,2
2026-01-01,3,Sants-Montjuïc,17,Sants - Badal,395,5,9,1
2026-01-01,3,Sants-Montjuïc,17,Sants - Badal,309,5,9,2
2026-01-01,3,Sants-Montjuïc,17,Sants - Badal,338,5,10,1
2026-01-01,3,Sants-Montjuïc,17,Sants - Badal,262,5,10,2
2026-01-01,3,Sants-Montjuïc,17,Sants - Badal,267,5,11,1
2026-01-01,3,Sants-Montjuïc,17,Sants - Badal,220,5,11,2
2026-01-01,3,Sants-Montjuïc,17,Sants - Badal,232,5,12,1
2026-01-01,3,Sants-Montjuïc,17,Sants - Badal,141,5,12,2
2026-01-01,3,Sants-Montjuïc,17,Sants - Badal,158,5,13,1
2026-01-01,3,Sants-Montjuïc,17,Sants - Badal,85,5,13,2
2026-01-01,3,Sants-Montjuïc,17,Sants - Badal,99,5,14,1
2026-01-01,3,Sants-Montjuïc,17,Sants - Badal,62,5,14,2
2026-01-01,3,Sants-Montjuïc,17,Sants - Badal,54,5,15,1
2026-01-01,3,Sants-Montjuïc,17,Sants - Badal,32,5,15,2
2026-01-01,3,Sants-Montjuïc,17,Sants - Badal,28,5,16,1
2026-01-01,3,Sants-Montjuïc,17,Sants - Badal,14,5,16,2
2026-01-01,3,Sants-Montjuïc,17,Sants - Badal,13,5,17,1
2026-01-01,3,Sants-Montjuïc,17,Sants - Badal,7,5,18,1
2026-01-01,3,Sants-Montjuïc,17,Sants - Badal,..,5,18,2
2026-01-01,3,Sants-Montjuïc,17,Sants - Badal,..,5,19,1
2026-01-01,3,Sants-Montjuïc,17,Sants - Badal,..,6,0,2
2026-01-01,3,Sants-Montjuïc,17,Sants - Badal,..,6,1,1
2026-01-01,3,Sants-Montjuïc,17,Sants - Badal,..,6,2,1
2026-01-01,3,Sants-Montjuïc,17,Sants - Badal,..,6,4,1
2026-01-01,3,Sants-Montjuïc,17,Sants - Badal,..,6,6,2
2026-01-01,3,Sants-Montjuïc,17,Sants - Badal,..,6,7,1
2026-01-01,3,Sants-Montjuïc,17,Sants - Badal,..,6,7,2
2026-01-01,3,Sants-Montjuïc,17,Sants - Badal,..,6,8,1
2026-01-01,3,Sants-Montjuïc,17,Sants - Badal,..,6,9,1
2026-01-01,3,Sants-Montjuïc,17,Sants - Badal,..,6,14,2
2026-01-01,3,Sants-Montjuïc,18,Sants,564,1,0,1
2026-01-01,3,Sants-Montjuïc,18,Sants,581,1,0,2
2026-01-01,3,Sants-Montjuïc,18,Sants,571,1,1,1
2026-01-01,3,Sants-Montjuïc,18,Sants,602,1,1,2
2026-01-01,3,Sants-Montjuïc,18,Sants,550,1,2,1
2026-01-01,3,Sants-Montjuïc,18,Sants,604,1,2,2
2026-01-01,3,Sants-Montjuïc,18,Sants,521,1,3,1
2026-01-01,3,Sants-Montjuïc,18,Sants,543,1,3,2
2026-01-01,3,Sants-Montjuïc,18,Sants,522,1,4,1
2026-01-01,3,Sants-Montjuïc,18,Sants,527,1,4,2
2026-01-01,3,Sants-Montjuïc,18,Sants,478,1,5,1
2026-01-01,3,Sants-Montjuïc,18,Sants,503,1,5,2
2026-01-01,3,Sants-Montjuïc,18,Sants,445,1,6,1
2026-01-01,3,Sants-Montjuïc,18,Sants,475,1,6,2
2026-01-01,3,Sants-Montjuïc,18,Sants,454,1,7,1
2026-01-01,3,Sants-Montjuïc,18,Sants,448,1,7,2
2026-01-01,3,Sants-Montjuïc,18,Sants,514,1,8,1
2026-01-01,3,Sants-Montjuïc,18,Sants,532,1,8,2
2026-01-01,3,Sants-Montjuïc,18,Sants,591,1,9,1
2026-01-01,3,Sants-Montjuïc,18,Sants,643,1,9,2
2026-01-01,3,Sants-Montjuïc,18,Sants,732,1,10,1
2026-01-01,3,Sants-Montjuïc,18,Sants,729,1,10,2
2026-01-01,3,Sants-Montjuïc,18,Sants,829,1,11,1
2026-01-01,3,Sants-Montjuïc,18,Sants,690,1,11,2
2026-01-01,3,Sants-Montjuïc,18,Sants,773,1,12,1
2026-01-01,3,Sants-Montjuïc,18,Sants,678,1,12,2
2026-01-01,3,Sants-Montjuïc,18,Sants,684,1,13,1
2026-01-01,3,Sants-Montjuïc,18,Sants,571,1,13,2
2026-01-01,3,Sants-Montjuïc,18,Sants,501,1,14,1
2026-01-01,3,Sants-Montjuïc,18,Sants,406,1,14,2
2026-01-01,3,Sants-Montjuïc,18,Sants,434,1,15,1
2026-01-01,3,Sants-Montjuïc,18,Sants,323,1,15,2
2026-01-01,3,Sants-Montjuïc,18,Sants,358,1,16,1
2026-01-01,3,Sants-Montjuïc,18,Sants,241,1,16,2
2026-01-01,3,Sants-Montjuïc,18,Sants,269,1,17,1
2026-01-01,3,Sants-Montjuïc,18,Sants,129,1,17,2
2026-01-01,3,Sants-Montjuïc,18,Sants,184,1,18,1
2026-01-01,3,Sants-Montjuïc,18,Sants,73,1,18,2
2026-01-01,3,Sants-Montjuïc,18,Sants,57,1,19,1
2026-01-01,3,Sants-Montjuïc,18,Sants,16,1,19,2
2026-01-01,3,Sants-Montjuïc,18,Sants,7,1,20,1
2026-01-01,3,Sants-Montjuïc,18,Sants,..,1,20,2
2026-01-01,3,Sants-Montjuïc,18,Sants,57,2,0,1
2026-01-01,3,Sants-Montjuïc,18,Sants,62,2,0,2
2026-01-01,3,Sants-Montjuïc,18,Sants,35,2,1,1
2026-01-01,3,Sants-Montjuïc,18,Sants,36,2,1,2
2026-01-01,3,Sants-Montjuïc,18,Sants,37,2,2,1
2026-01-01,3,Sants-Montjuïc,18,Sants,41,2,2,2
2026-01-01,3,Sants-Montjuïc,18,Sants,49,2,3,1
2026-01-01,3,Sants-Montjuïc,18,Sants,58,2,3,2
2026-01-01,3,Sants-Montjuïc,18,Sants,62,2,4,1
2026-01-01,3,Sants-Montjuïc,18,Sants,65,2,4,2
2026-01-01,3,Sants-Montjuïc,18,Sants,156,2,5,1
2026-01-01,3,Sants-Montjuïc,18,Sants,121,2,5,2
2026-01-01,3,Sants-Montjuïc,18,Sants,184,2,6,1
2026-01-01,3,Sants-Montjuïc,18,Sants,128,2,6,2
2026-01-01,3,Sants-Montjuïc,18,Sants,124,2,7,1
2026-01-01,3,Sants-Montjuïc,18,Sants,112,2,7,2
2026-01-01,3,Sants-Montjuïc,18,Sants,129,2,8,1
2026-01-01,3,Sants-Montjuïc,18,Sants,129,2,8,2
2026-01-01,3,Sants-Montjuïc,18,Sants,164,2,9,1
2026-01-01,3,Sants-Montjuïc,18,Sants,158,2,9,2
2026-01-01,3,Sants-Montjuïc,18,Sants,159,2,10,1
2026-01-01,3,Sants-Montjuïc,18,Sants,145,2,10,2
2026-01-01,3,Sants-Montjuïc,18,Sants,112,2,11,1
2026-01-01,3,Sants-Montjuïc,18,Sants,109,2,11,2
2026-01-01,3,Sants-Montjuïc,18,Sants,134,2,12,1
2026-01-01,3,Sants-Montjuïc,18,Sants,108,2,12,2
2026-01-01,3,Sants-Montjuïc,18,Sants,121,2,13,1
2026-01-01,3,Sants-Montjuïc,18,Sants,107,2,13,2
2026-01-01,3,Sants-Montjuïc,18,Sants,139,2,14,1
2026-01-01,3,Sants-Montjuïc,18,Sants,94,2,14,2
2026-01-01,3,Sants-Montjuïc,18,Sants,110,2,15,1
2026-01-01,3,Sants-Montjuïc,18,Sants,95,2,15,2
2026-01-01,3,Sants-Montjuïc,18,Sants,88,2,16,1
2026-01-01,3,Sants-Montjuïc,18,Sants,66,2,16,2
2026-01-01,3,Sants-Montjuïc,18,Sants,63,2,17,1
2026-01-01,3,Sants-Montjuïc,18,Sants,33,2,17,2
2026-01-01,3,Sants-Montjuïc,18,Sants,72,2,18,1
2026-01-01,3,Sants-Montjuïc,18,Sants,19,2,18,2
2026-01-01,3,Sants-Montjuïc,18,Sants,20,2,19,1
2026-01-01,3,Sants-Montjuïc,18,Sants,7,2,19,2
2026-01-01,3,Sants-Montjuïc,18,Sants,..,2,20,1
2026-01-01,3,Sants-Montjuïc,18,Sants,6,3,0,1
2026-01-01,3,Sants-Montjuïc,18,Sants,6,3,0,2
2026-01-01,3,Sants-Montjuïc,18,Sants,12,3,1,1
2026-01-01,3,Sants-Montjuïc,18,Sants,21,3,1,2
2026-01-01,3,Sants-Montjuïc,18,Sants,10,3,2,1
2026-01-01,3,Sants-Montjuïc,18,Sants,8,3,2,2
2026-01-01,3,Sants-Montjuïc,18,Sants,17,3,3,1
2026-01-01,3,Sants-Montjuïc,18,Sants,20,3,3,2
2026-01-01,3,Sants-Montjuïc,18,Sants,30,3,4,1
2026-01-01,3,Sants-Montjuïc,18,Sants,19,3,4,2
2026-01-01,3,Sants-Montjuïc,18,Sants,174,3,5,1
2026-01-01,3,Sants-Montjuïc,18,Sants,105,3,5,2
2026-01-01,3,Sants-Montjuïc,18,Sants,206,3,6,1
2026-01-01,3,Sants-Montjuïc,18,Sants,189,3,6,2
2026-01-01,3,Sants-Montjuïc,18,Sants,191,3,7,1
2026-01-01,3,Sants-Montjuïc,18,Sants,178,3,7,2
2026-01-01,3,Sants-Montjuïc,18,Sants,186,3,8,1
2026-01-01,3,Sants-Montjuïc,18,Sants,176,3,8,2
2026-01-01,3,Sants-Montjuïc,18,Sants,135,3,9,1
2026-01-01,3,Sants-Montjuïc,18,Sants,151,3,9,2
2026-01-01,3,Sants-Montjuïc,18,Sants,108,3,10,1
2026-01-01,3,Sants-Montjuïc,18,Sants,104,3,10,2
2026-01-01,3,Sants-Montjuïc,18,Sants,91,3,11,1
2026-01-01,3,Sants-Montjuïc,18,Sants,108,3,11,2
2026-01-01,3,Sants-Montjuïc,18,Sants,142,3,12,1
2026-01-01,3,Sants-Montjuïc,18,Sants,146,3,12,2
2026-01-01,3,Sants-Montjuïc,18,Sants,290,3,13,1
2026-01-01,3,Sants-Montjuïc,18,Sants,209,3,13,2
2026-01-01,3,Sants-Montjuïc,18,Sants,328,3,14,1
2026-01-01,3,Sants-Montjuïc,18,Sants,233,3,14,2
2026-01-01,3,Sants-Montjuïc,18,Sants,364,3,15,1
2026-01-01,3,Sants-Montjuïc,18,Sants,241,3,15,2
2026-01-01,3,Sants-Montjuïc,18,Sants,304,3,16,1
2026-01-01,3,Sants-Montjuïc,18,Sants,236,3,16,2
2026-01-01,3,Sants-Montjuïc,18,Sants,224,3,17,1
2026-01-01,3,Sants-Montjuïc,18,Sants,133,3,17,2
2026-01-01,3,Sants-Montjuïc,18,Sants,159,3,18,1
2026-01-01,3,Sants-Montjuïc,18,Sants,62,3,18,2
2026-01-01,3,Sants-Montjuïc,18,Sants,63,3,19,1
2026-01-01,3,Sants-Montjuïc,18,Sants,9,3,19,2
2026-01-01,3,Sants-Montjuïc,18,Sants,12,3,20,1
2026-01-01,3,Sants-Montjuïc,18,Sants,..,3,20,2
2026-01-01,3,Sants-Montjuïc,18,Sants,11,4,0,1
2026-01-01,3,Sants-Montjuïc,18,Sants,..,4,0,2
2026-01-01,3,Sants-Montjuïc,18,Sants,11,4,1,1
2026-01-01,3,Sants-Montjuïc,18,Sants,18,4,1,2
2026-01-01,3,Sants-Montjuïc,18,Sants,12,4,2,1
2026-01-01,3,Sants-Montjuïc,18,Sants,10,4,2,2
2026-01-01,3,Sants-Montjuïc,18,Sants,20,4,3,1
2026-01-01,3,Sants-Montjuïc,18,Sants,8,4,3,2
2026-01-01,3,Sants-Montjuïc,18,Sants,55,4,4,1
2026-01-01,3,Sants-Montjuïc,18,Sants,33,4,4,2
2026-01-01,3,Sants-Montjuïc,18,Sants,162,4,5,1
2026-01-01,3,Sants-Montjuïc,18,Sants,127,4,5,2
2026-01-01,3,Sants-Montjuïc,18,Sants,184,4,6,1
2026-01-01,3,Sants-Montjuïc,18,Sants,201,4,6,2
2026-01-01,3,Sants-Montjuïc,18,Sants,144,4,7,1
2026-01-01,3,Sants-Montjuïc,18,Sants,157,4,7,2
2026-01-01,3,Sants-Montjuïc,18,Sants,115,4,8,1
2026-01-01,3,Sants-Montjuïc,18,Sants,126,4,8,2
2026-01-01,3,Sants-Montjuïc,18,Sants,100,4,9,1
2026-01-01,3,Sants-Montjuïc,18,Sants,102,4,9,2
2026-01-01,3,Sants-Montjuïc,18,Sants,44,4,10,1
2026-01-01,3,Sants-Montjuïc,18,Sants,70,4,10,2
2026-01-01,3,Sants-Montjuïc,18,Sants,43,4,11,1
2026-01-01,3,Sants-Montjuïc,18,Sants,54,4,11,2
2026-01-01,3,Sants-Montjuïc,18,Sants,34,4,12,1
2026-01-01,3,Sants-Montjuïc,18,Sants,34,4,12,2
2026-01-01,3,Sants-Montjuïc,18,Sants,17,4,13,1
2026-01-01,3,Sants-Montjuïc,18,Sants,22,4,13,2
2026-01-01,3,Sants-Montjuïc,18,Sants,10,4,14,1
2026-01-01,3,Sants-Montjuïc,18,Sants,12,4,14,2
2026-01-01,3,Sants-Montjuïc,18,Sants,11,4,15,1
2026-01-01,3,Sants-Montjuïc,18,Sants,8,4,15,2
2026-01-01,3,Sants-Montjuïc,18,Sants,8,4,16,1
2026-01-01,3,Sants-Montjuïc,18,Sants,..,4,16,2
2026-01-01,3,Sants-Montjuïc,18,Sants,5,4,17,1
2026-01-01,3,Sants-Montjuïc,18,Sants,5,4,17,2
2026-01-01,3,Sants-Montjuïc,18,Sants,..,4,18,2
2026-01-01,3,Sants-Montjuïc,18,Sants,..,4,19,1
2026-01-01,3,Sants-Montjuïc,18,Sants,..,4,19,2
2026-01-01,3,Sants-Montjuïc,18,Sants,..,4,20,1
2026-01-01,3,Sants-Montjuïc,18,Sants,46,5,0,1
2026-01-01,3,Sants-Montjuïc,18,Sants,39,5,0,2
2026-01-01,3,Sants-Montjuïc,18,Sants,135,5,1,1
2026-01-01,3,Sants-Montjuïc,18,Sants,150,5,1,2
2026-01-01,3,Sants-Montjuïc,18,Sants,197,5,2,1
2026-01-01,3,Sants-Montjuïc,18,Sants,205,5,2,2
2026-01-01,3,Sants-Montjuïc,18,Sants,226,5,3,1
2026-01-01,3,Sants-Montjuïc,18,Sants,220,5,3,2
2026-01-01,3,Sants-Montjuïc,18,Sants,496,5,4,1
2026-01-01,3,Sants-Montjuïc,18,Sants,663,5,4,2
2026-01-01,3,Sants-Montjuïc,18,Sants,978,5,5,1
2026-01-01,3,Sants-Montjuïc,18,Sants,1271,5,5,2
2026-01-01,3,Sants-Montjuïc,18,Sants,1163,5,6,1
2026-01-01,3,Sants-Montjuïc,18,Sants,1455,5,6,2
2026-01-01,3,Sants-Montjuïc,18,Sants,986,5,7,1
2026-01-01,3,Sants-Montjuïc,18,Sants,1215,5,7,2
2026-01-01,3,Sants-Montjuïc,18,Sants,840,5,8,1
2026-01-01,3,Sants-Montjuïc,18,Sants,909,5,8,2
2026-01-01,3,Sants-Montjuïc,18,Sants,723,5,9,1
2026-01-01,3,Sants-Montjuïc,18,Sants,764,5,9,2
2026-01-01,3,Sants-Montjuïc,18,Sants,557,5,10,1
2026-01-01,3,Sants-Montjuïc,18,Sants,565,5,10,2
2026-01-01,3,Sants-Montjuïc,18,Sants,457,5,11,1
2026-01-01,3,Sants-Montjuïc,18,Sants,394,5,11,2
2026-01-01,3,Sants-Montjuïc,18,Sants,363,5,12,1
2026-01-01,3,Sants-Montjuïc,18,Sants,263,5,12,2
2026-01-01,3,Sants-Montjuïc,18,Sants,254,5,13,1
2026-01-01,3,Sants-Montjuïc,18,Sants,175,5,13,2
2026-01-01,3,Sants-Montjuïc,18,Sants,153,5,14,1
2026-01-01,3,Sants-Montjuïc,18,Sants,100,5,14,2
2026-01-01,3,Sants-Montjuïc,18,Sants,102,5,15,1
2026-01-01,3,Sants-Montjuïc,18,Sants,49,5,15,2
2026-01-01,3,Sants-Montjuïc,18,Sants,25,5,16,1
2026-01-01,3,Sants-Montjuïc,18,Sants,20,5,16,2
2026-01-01,3,Sants-Montjuïc,18,Sants,13,5,17,1
2026-01-01,3,Sants-Montjuïc,18,Sants,15,5,17,2
2026-01-01,3,Sants-Montjuïc,18,Sants,6,5,18,1
2026-01-01,3,Sants-Montjuïc,18,Sants,..,5,18,2
2026-01-01,3,Sants-Montjuïc,18,Sants,..,5,19,1
2026-01-01,3,Sants-Montjuïc,18,Sants,..,5,19,2
2026-01-01,3,Sants-Montjuïc,18,Sants,..,5,20,2
2026-01-01,3,Sants-Montjuïc,18,Sants,..,6,0,1
2026-01-01,3,Sants-Montjuïc,18,Sants,..,6,2,1
2026-01-01,3,Sants-Montjuïc,18,Sants,..,6,2,2
2026-01-01,3,Sants-Montjuïc,18,Sants,..,6,3,2
2026-01-01,3,Sants-Montjuïc,18,Sants,..,6,4,1
2026-01-01,3,Sants-Montjuïc,18,Sants,..,6,5,1
2026-01-01,3,Sants-Montjuïc,18,Sants,..,6,6,1
2026-01-01,3,Sants-Montjuïc,18,Sants,..,6,6,2
2026-01-01,3,Sants-Montjuïc,18,Sants,..,6,7,1
2026-01-01,3,Sants-Montjuïc,18,Sants,..,6,8,2
2026-01-01,3,Sants-Montjuïc,18,Sants,..,6,9,1
2026-01-01,3,Sants-Montjuïc,18,Sants,..,6,10,1
2026-01-01,4,Les Corts,19,les Corts,571,1,0,1
2026-01-01,4,Les Corts,19,les Corts,654,1,0,2
2026-01-01,4,Les Corts,19,les Corts,603,1,1,1
2026-01-01,4,Les Corts,19,les Corts,661,1,1,2
2026-01-01,4,Les Corts,19,les Corts,709,1,2,1
2026-01-01,4,Les Corts,19,les Corts,733,1,2,2
2026-01-01,4,Les Corts,19,les Corts,707,1,3,1
2026-01-01,4,Les Corts,19,les Corts,734,1,3,2
2026-01-01,4,Les Corts,19,les Corts,621,1,4,1
2026-01-01,4,Les Corts,19,les Corts,684,1,4,2
2026-01-01,4,Les Corts,19,les Corts,611,1,5,1
2026-01-01,4,Les Corts,19,les Corts,667,1,5,2
2026-01-01,4,Les Corts,19,les Corts,559,1,6,1
2026-01-01,4,Les Corts,19,les Corts,588,1,6,2
2026-01-01,4,Les Corts,19,les Corts,525,1,7,1
2026-01-01,4,Les Corts,19,les Corts,573,1,7,2
2026-01-01,4,Les Corts,19,les Corts,536,1,8,1
2026-01-01,4,Les Corts,19,les Corts,583,1,8,2
2026-01-01,4,Les Corts,19,les Corts,776,1,9,1
2026-01-01,4,Les Corts,19,les Corts,788,1,9,2
2026-01-01,4,Les Corts,19,les Corts,906,1,10,1
2026-01-01,4,Les Corts,19,les Corts,859,1,10,2
2026-01-01,4,Les Corts,19,les Corts,839,1,11,1
2026-01-01,4,Les Corts,19,les Corts,755,1,11,2
2026-01-01,4,Les Corts,19,les Corts,896,1,12,1
2026-01-01,4,Les Corts,19,les Corts,765,1,12,2
2026-01-01,4,Les Corts,19,les Corts,859,1,13,1
2026-01-01,4,Les Corts,19,les Corts,704,1,13,2
2026-01-01,4,Les Corts,19,les Corts,734,1,14,1
2026-01-01,4,Les Corts,19,les Corts,575,1,14,2
2026-01-01,4,Les Corts,19,les Corts,694,1,15,1
2026-01-01,4,Les Corts,19,les Corts,511,1,15,2
2026-01-01,4,Les Corts,19,les Corts,568,1,16,1
2026-01-01,4,Les Corts,19,les Corts,392,1,16,2
2026-01-01,4,Les Corts,19,les Corts,284,1,17,1
2026-01-01,4,Les Corts,19,les Corts,199,1,17,2
2026-01-01,4,Les Corts,19,les Corts,196,1,18,1
2026-01-01,4,Les Corts,19,les Corts,99,1,18,2
2026-01-01,4,Les Corts,19,les Corts,67,1,19,1
2026-01-01,4,Les Corts,19,les Corts,25,1,19,2
2026-01-01,4,Les Corts,19,les Corts,11,1,20,1
2026-01-01,4,Les Corts,19,les Corts,..,1,20,2
2026-01-01,4,Les Corts,19,les Corts,49,2,0,1
2026-01-01,4,Les Corts,19,les Corts,42,2,0,2
2026-01-01,4,Les Corts,19,les Corts,35,2,1,1
2026-01-01,4,Les Corts,19,les Corts,33,2,1,2
2026-01-01,4,Les Corts,19,les Corts,35,2,2,1
2026-01-01,4,Les Corts,19,les Corts,33,2,2,2
2026-01-01,4,Les Corts,19,les Corts,71,2,3,1
2026-01-01,4,Les Corts,19,les Corts,53,2,3,2
2026-01-01,4,Les Corts,19,les Corts,72,2,4,1
2026-01-01,4,Les Corts,19,les Corts,61,2,4,2
2026-01-01,4,Les Corts,19,les Corts,127,2,5,1
2026-01-01,4,Les Corts,19,les Corts,100,2,5,2
2026-01-01,4,Les Corts,19,les Corts,126,2,6,1
2026-01-01,4,Les Corts,19,les Corts,116,2,6,2
2026-01-01,4,Les Corts,19,les Corts,110,2,7,1
2026-01-01,4,Les Corts,19,les Corts,98,2,7,2
2026-01-01,4,Les Corts,19,les Corts,125,2,8,1
2026-01-01,4,Les Corts,19,les Corts,126,2,8,2
2026-01-01,4,Les Corts,19,les Corts,173,2,9,1
2026-01-01,4,Les Corts,19,les Corts,140,2,9,2
2026-01-01,4,Les Corts,19,les Corts,148,2,10,1
2026-01-01,4,Les Corts,19,les Corts,144,2,10,2
2026-01-01,4,Les Corts,19,les Corts,125,2,11,1
2026-01-01,4,Les Corts,19,les Corts,143,2,11,2
2026-01-01,4,Les Corts,19,les Corts,211,2,12,1
2026-01-01,4,Les Corts,19,les Corts,141,2,12,2
2026-01-01,4,Les Corts,19,les Corts,225,2,13,1
2026-01-01,4,Les Corts,19,les Corts,174,2,13,2
2026-01-01,4,Les Corts,19,les Corts,279,2,14,1
2026-01-01,4,Les Corts,19,les Corts,178,2,14,2
2026-01-01,4,Les Corts,19,les Corts,262,2,15,1
2026-01-01,4,Les Corts,19,les Corts,217,2,15,2
2026-01-01,4,Les Corts,19,les Corts,188,2,16,1
2026-01-01,4,Les Corts,19,les Corts,160,2,16,2
2026-01-01,4,Les Corts,19,les Corts,127,2,17,1
2026-01-01,4,Les Corts,19,les Corts,80,2,17,2
2026-01-01,4,Les Corts,19,les Corts,96,2,18,1
2026-01-01,4,Les Corts,19,les Corts,58,2,18,2
2026-01-01,4,Les Corts,19,les Corts,32,2,19,1
2026-01-01,4,Les Corts,19,les Corts,11,2,19,2
2026-01-01,4,Les Corts,19,les Corts,..,2,20,1
2026-01-01,4,Les Corts,19,les Corts,..,2,20,2
2026-01-01,4,Les Corts,19,les Corts,8,3,0,1
2026-01-01,4,Les Corts,19,les Corts,15,3,0,2
2026-01-01,4,Les Corts,19,les Corts,7,3,1,1
2026-01-01,4,Les Corts,19,les Corts,13,3,1,2
2026-01-01,4,Les Corts,19,les Corts,15,3,2,1
2026-01-01,4,Les Corts,19,les Corts,14,3,2,2
2026-01-01,4,Les Corts,19,les Corts,18,3,3,1
2026-01-01,4,Les Corts,19,les Corts,24,3,3,2
2026-01-01,4,Les Corts,19,les Corts,34,3,4,1
2026-01-01,4,Les Corts,19,les Corts,34,3,4,2
2026-01-01,4,Les Corts,19,les Corts,117,3,5,1
2026-01-01,4,Les Corts,19,les Corts,90,3,5,2
2026-01-01,4,Les Corts,19,les Corts,136,3,6,1
2026-01-01,4,Les Corts,19,les Corts,105,3,6,2
2026-01-01,4,Les Corts,19,les Corts,125,3,7,1
2026-01-01,4,Les Corts,19,les Corts,102,3,7,2
2026-01-01,4,Les Corts,19,les Corts,143,3,8,1
2026-01-01,4,Les Corts,19,les Corts,122,3,8,2
2026-01-01,4,Les Corts,19,les Corts,138,3,9,1
2026-01-01,4,Les Corts,19,les Corts,118,3,9,2
2026-01-01,4,Les Corts,19,les Corts,148,3,10,1
2026-01-01,4,Les Corts,19,les Corts,129,3,10,2
2026-01-01,4,Les Corts,19,les Corts,144,3,11,1
2026-01-01,4,Les Corts,19,les Corts,117,3,11,2
2026-01-01,4,Les Corts,19,les Corts,219,3,12,1
2026-01-01,4,Les Corts,19,les Corts,136,3,12,2
2026-01-01,4,Les Corts,19,les Corts,346,3,13,1
2026-01-01,4,Les Corts,19,les Corts,212,3,13,2
2026-01-01,4,Les Corts,19,les Corts,460,3,14,1
2026-01-01,4,Les Corts,19,les Corts,281,3,14,2
2026-01-01,4,Les Corts,19,les Corts,534,3,15,1
2026-01-01,4,Les Corts,19,les Corts,361,3,15,2
2026-01-01,4,Les Corts,19,les Corts,470,3,16,1
2026-01-01,4,Les Corts,19,les Corts,288,3,16,2
2026-01-01,4,Les Corts,19,les Corts,290,3,17,1
2026-01-01,4,Les Corts,19,les Corts,173,3,17,2
2026-01-01,4,Les Corts,19,les Corts,190,3,18,1
2026-01-01,4,Les Corts,19,les Corts,88,3,18,2
2026-01-01,4,Les Corts,19,les Corts,72,3,19,1
2026-01-01,4,Les Corts,19,les Corts,16,3,19,2
2026-01-01,4,Les Corts,19,les Corts,14,3,20,1
2026-01-01,4,Les Corts,19,les Corts,..,3,20,2
2026-01-01,4,Les Corts,19,les Corts,11,4,0,1
2026-01-01,4,Les Corts,19,les Corts,14,4,0,2
2026-01-01,4,Les Corts,19,les Corts,12,4,1,1
2026-01-01,4,Les Corts,19,les Corts,14,4,1,2
2026-01-01,4,Les Corts,19,les Corts,14,4,2,1
2026-01-01,4,Les Corts,19,les Corts,14,4,2,2
2026-01-01,4,Les Corts,19,les Corts,16,4,3,1
2026-01-01,4,Les Corts,19,les Corts,19,4,3,2
2026-01-01,4,Les Corts,19,les Corts,46,4,4,1
2026-01-01,4,Les Corts,19,les Corts,34,4,4,2
2026-01-01,4,Les Corts,19,les Corts,87,4,5,1
2026-01-01,4,Les Corts,19,les Corts,79,4,5,2
2026-01-01,4,Les Corts,19,les Corts,124,4,6,1
2026-01-01,4,Les Corts,19,les Corts,100,4,6,2
2026-01-01,4,Les Corts,19,les Corts,82,4,7,1
2026-01-01,4,Les Corts,19,les Corts,87,4,7,2
2026-01-01,4,Les Corts,19,les Corts,78,4,8,1
2026-01-01,4,Les Corts,19,les Corts,92,4,8,2
2026-01-01,4,Les Corts,19,les Corts,87,4,9,1
2026-01-01,4,Les Corts,19,les Corts,82,4,9,2
2026-01-01,4,Les Corts,19,les Corts,55,4,10,1
2026-01-01,4,Les Corts,19,les Corts,78,4,10,2
2026-01-01,4,Les Corts,19,les Corts,34,4,11,1
2026-01-01,4,Les Corts,19,les Corts,54,4,11,2
2026-01-01,4,Les Corts,19,les Corts,35,4,12,1
2026-01-01,4,Les Corts,19,les Corts,28,4,12,2
2026-01-01,4,Les Corts,19,les Corts,26,4,13,1
2026-01-01,4,Les Corts,19,les Corts,12,4,13,2
2026-01-01,4,Les Corts,19,les Corts,20,4,14,1
2026-01-01,4,Les Corts,19,les Corts,7,4,14,2
2026-01-01,4,Les Corts,19,les Corts,29,4,15,1
2026-01-01,4,Les Corts,19,les Corts,14,4,15,2
2026-01-01,4,Les Corts,19,les Corts,30,4,16,1
2026-01-01,4,Les Corts,19,les Corts,9,4,16,2
2026-01-01,4,Les Corts,19,les Corts,24,4,17,1
2026-01-01,4,Les Corts,19,les Corts,8,4,17,2
2026-01-01,4,Les Corts,19,les Corts,7,4,18,1
2026-01-01,4,Les Corts,19,les Corts,..,4,18,2
2026-01-01,4,Les Corts,19,les Corts,..,4,19,1
2026-01-01,4,Les Corts,19,les Corts,..,4,20,1
2026-01-01,4,Les Corts,19,les Corts,56,5,0,1
2026-01-01,4,Les Corts,19,les Corts,64,5,0,2
2026-01-01,4,Les Corts,19,les Corts,135,5,1,1
2026-01-01,4,Les Corts,19,les Corts,138,5,1,2
2026-01-01,4,Les Corts,19,les Corts,155,5,2,1
2026-01-01,4,Les Corts,19,les Corts,174,5,2,2
2026-01-01,4,Les Corts,19,les Corts,199,5,3,1
2026-01-01,4,Les Corts,19,les Corts,218,5,3,2
2026-01-01,4,Les Corts,19,les Corts,344,5,4,1
2026-01-01,4,Les Corts,19,les Corts,367,5,4,2
2026-01-01,4,Les Corts,19,les Corts,609,5,5,1
2026-01-01,4,Les Corts,19,les Corts,538,5,5,2
2026-01-01,4,Les Corts,19,les Corts,806,5,6,1
2026-01-01,4,Les Corts,19,les Corts,748,5,6,2
2026-01-01,4,Les Corts,19,les Corts,707,5,7,1
2026-01-01,4,Les Corts,19,les Corts,626,5,7,2
2026-01-01,4,Les Corts,19,les Corts,649,5,8,1
2026-01-01,4,Les Corts,19,les Corts,520,5,8,2
2026-01-01,4,Les Corts,19,les Corts,456,5,9,1
2026-01-01,4,Les Corts,19,les Corts,373,5,9,2
2026-01-01,4,Les Corts,19,les Corts,364,5,10,1
2026-01-01,4,Les Corts,19,les Corts,275,5,10,2
2026-01-01,4,Les Corts,19,les Corts,308,5,11,1
2026-01-01,4,Les Corts,19,les Corts,191,5,11,2
2026-01-01,4,Les Corts,19,les Corts,248,5,12,1
2026-01-01,4,Les Corts,19,les Corts,182,5,12,2
2026-01-01,4,Les Corts,19,les Corts,248,5,13,1
2026-01-01,4,Les Corts,19,les Corts,119,5,13,2
2026-01-01,4,Les Corts,19,les Corts,164,5,14,1
2026-01-01,4,Les Corts,19,les Corts,113,5,14,2
2026-01-01,4,Les Corts,19,les Corts,115,5,15,1
2026-01-01,4,Les Corts,19,les Corts,89,5,15,2
2026-01-01,4,Les Corts,19,les Corts,59,5,16,1
2026-01-01,4,Les Corts,19,les Corts,29,5,16,2
2026-01-01,4,Les Corts,19,les Corts,32,5,17,1
2026-01-01,4,Les Corts,19,les Corts,18,5,17,2
2026-01-01,4,Les Corts,19,les Corts,12,5,18,1
2026-01-01,4,Les Corts,19,les Corts,..,5,18,2
2026-01-01,4,Les Corts,19,les Corts,..,5,19,1
2026-01-01,4,Les Corts,19,les Corts,..,5,19,2
2026-01-01,4,Les Corts,19,les Corts,..,5,20,1
2026-01-01,4,Les Corts,19,les Corts,..,6,2,1
2026-01-01,4,Les Corts,19,les Corts,..,6,2,2
2026-01-01,4,Les Corts,19,les Corts,..,6,3,1
2026-01-01,4,Les Corts,19,les Corts,..,6,3,2
2026-01-01,4,Les Corts,19,les Corts,..,6,5,1
2026-01-01,4,Les Corts,19,les Corts,..,6,6,1
2026-01-01,4,Les Corts,19,les Corts,..,6,7,2
2026-01-01,4,Les Corts,19,les Corts,..,6,8,1
2026-01-01,4,Les Corts,19,les Corts,..,6,9,1
2026-01-01,4,Les Corts,19,les Corts,..,6,9,2
2026-01-01,4,Les Corts,19,les Corts,..,6,10,2
2026-01-01,4,Les Corts,19,les Corts,..,6,14,1
2026-01-01,4,Les Corts,19,les Corts,..,6,14,2
2026-01-01,4,Les Corts,19,les Corts,..,6,15,2
2026-01-01,4,Les Corts,19,les Corts,..,6,16,1
2026-01-01,4,Les Corts,19,les Corts,..,6,17,2
2026-01-01,4,Les Corts,20,la Maternitat i Sant Ramon,306,1,0,1
2026-01-01,4,Les Corts,20,la Maternitat i Sant Ramon,346,1,0,2
2026-01-01,4,Les Corts,20,la Maternitat i Sant Ramon,319,1,1,1
2026-01-01,4,Les Corts,20,la Maternitat i Sant Ramon,347,1,1,2
2026-01-01,4,Les Corts,20,la Maternitat i Sant Ramon,382,1,2,1
2026-01-01,4,Les Corts,20,la Maternitat i Sant Ramon,377,1,2,2
2026-01-01,4,Les Corts,20,la Maternitat i Sant Ramon,310,1,3,1
2026-01-01,4,Les Corts,20,la Maternitat i Sant Ramon,359,1,3,2
2026-01-01,4,Les Corts,20,la Maternitat i Sant Ramon,336,1,4,1
2026-01-01,4,Les Corts,20,la Maternitat i Sant Ramon,341,1,4,2
2026-01-01,4,Les Corts,20,la Maternitat i Sant Ramon,284,1,5,1
2026-01-01,4,Les Corts,20,la Maternitat i Sant Ramon,294,1,5,2
2026-01-01,4,Les Corts,20,la Maternitat i Sant Ramon,258,1,6,1
2026-01-01,4,Les Corts,20,la Maternitat i Sant Ramon,261,1,6,2
2026-01-01,4,Les Corts,20,la Maternitat i Sant Ramon,280,1,7,1
2026-01-01,4,Les Corts,20,la Maternitat i Sant Ramon,288,1,7,2
2026-01-01,4,Les Corts,20,la Maternitat i Sant Ramon,295,1,8,1
2026-01-01,4,Les Corts,20,la Maternitat i Sant Ramon,343,1,8,2
2026-01-01,4,Les Corts,20,la Maternitat i Sant Ramon,384,1,9,1
2026-01-01,4,Les Corts,20,la Maternitat i Sant Ramon,359,1,9,2
2026-01-01,4,Les Corts,20,la Maternitat i Sant Ramon,485,1,10,1
2026-01-01,4,Les Corts,20,la Maternitat i Sant Ramon,435,1,10,2
2026-01-01,4,Les Corts,20,la Maternitat i Sant Ramon,405,1,11,1
2026-01-01,4,Les Corts,20,la Maternitat i Sant Ramon,392,1,11,2
2026-01-01,4,Les Corts,20,la Maternitat i Sant Ramon,444,1,12,1
2026-01-01,4,Les Corts,20,la Maternitat i Sant Ramon,330,1,12,2
2026-01-01,4,Les Corts,20,la Maternitat i Sant Ramon,398,1,13,1
2026-01-01,4,Les Corts,20,la Maternitat i Sant Ramon,296,1,13,2
2026-01-01,4,Les Corts,20,la Maternitat i Sant Ramon,322,1,14,1
2026-01-01,4,Les Corts,20,la Maternitat i Sant Ramon,264,1,14,2
2026-01-01,4,Les Corts,20,la Maternitat i Sant Ramon,310,1,15,1
2026-01-01,4,Les Corts,20,la Maternitat i Sant Ramon,210,1,15,2
2026-01-01,4,Les Corts,20,la Maternitat i Sant Ramon,241,1,16,1
2026-01-01,4,Les Corts,20,la Maternitat i Sant Ramon,178,1,16,2
2026-01-01,4,Les Corts,20,la Maternitat i Sant Ramon,120,1,17,1
2026-01-01,4,Les Corts,20,la Maternitat i Sant Ramon,82,1,17,2
2026-01-01,4,Les Corts,20,la Maternitat i Sant Ramon,82,1,18,1
2026-01-01,4,Les Corts,20,la Maternitat i Sant Ramon,37,1,18,2
2026-01-01,4,Les Corts,20,la Maternitat i Sant Ramon,24,1,19,1
2026-01-01,4,Les Corts,20,la Maternitat i Sant Ramon,12,1,19,2
2026-01-01,4,Les Corts,20,la Maternitat i Sant Ramon,5,1,20,1
2026-01-01,4,Les Corts,20,la Maternitat i Sant Ramon,24,2,0,1
2026-01-01,4,Les Corts,20,la Maternitat i Sant Ramon,25,2,0,2
2026-01-01,4,Les Corts,20,la Maternitat i Sant Ramon,28,2,1,1
2026-01-01,4,Les Corts,20,la Maternitat i Sant Ramon,31,2,1,2
2026-01-01,4,Les Corts,20,la Maternitat i Sant Ramon,48,2,2,1
2026-01-01,4,Les Corts,20,la Maternitat i Sant Ramon,41,2,2,2
2026-01-01,4,Les Corts,20,la Maternitat i Sant Ramon,48,2,3,1
2026-01-01,4,Les Corts,20,la Maternitat i Sant Ramon,55,2,3,2
2026-01-01,4,Les Corts,20,la Maternitat i Sant Ramon,55,2,4,1
2026-01-01,4,Les Corts,20,la Maternitat i Sant Ramon,61,2,4,2
2026-01-01,4,Les Corts,20,la Maternitat i Sant Ramon,85,2,5,1
2026-01-01,4,Les Corts,20,la Maternitat i Sant Ramon,60,2,5,2
2026-01-01,4,Les Corts,20,la Maternitat i Sant Ramon,74,2,6,1
2026-01-01,4,Les Corts,20,la Maternitat i Sant Ramon,73,2,6,2
2026-01-01,4,Les Corts,20,la Maternitat i Sant Ramon,54,2,7,1
2026-01-01,4,Les Corts,20,la Maternitat i Sant Ramon,62,2,7,2
2026-01-01,4,Les Corts,20,la Maternitat i Sant Ramon,73,2,8,1
2026-01-01,4,Les Corts,20,la Maternitat i Sant Ramon,64,2,8,2
2026-01-01,4,Les Corts,20,la Maternitat i Sant Ramon,102,2,9,1
2026-01-01,4,Les Corts,20,la Maternitat i Sant Ramon,99,2,9,2
2026-01-01,4,Les Corts,20,la Maternitat i Sant Ramon,84,2,10,1
2026-01-01,4,Les Corts,20,la Maternitat i Sant Ramon,68,2,10,2
2026-01-01,4,Les Corts,20,la Maternitat i Sant Ramon,71,2,11,1
2026-01-01,4,Les Corts,20,la Maternitat i Sant Ramon,56,2,11,2
2026-01-01,4,Les Corts,20,la Maternitat i Sant Ramon,91,2,12,1
2026-01-01,4,Les Corts,20,la Maternitat i Sant Ramon,68,2,12,2
2026-01-01,4,Les Corts,20,la Maternitat i Sant Ramon,98,2,13,1
2026-01-01,4,Les Corts,20,la Maternitat i Sant Ramon,106,2,13,2
2026-01-01,4,Les Corts,20,la Maternitat i Sant Ramon,127,2,14,1
2026-01-01,4,Les Corts,20,la Maternitat i Sant Ramon,99,2,14,2
2026-01-01,4,Les Corts,20,la Maternitat i Sant Ramon,122,2,15,1
2026-01-01,4,Les Corts,20,la Maternitat i Sant Ramon,96,2,15,2
2026-01-01,4,Les Corts,20,la Maternitat i Sant Ramon,89,2,16,1
2026-01-01,4,Les Corts,20,la Maternitat i Sant Ramon,59,2,16,2
2026-01-01,4,Les Corts,20,la Maternitat i Sant Ramon,68,2,17,1
2026-01-01,4,Les Corts,20,la Maternitat i Sant Ramon,40,2,17,2
2026-01-01,4,Les Corts,20,la Maternitat i Sant Ramon,31,2,18,1
2026-01-01,4,Les Corts,20,la Maternitat i Sant Ramon,19,2,18,2
2026-01-01,4,Les Corts,20,la Maternitat i Sant Ramon,14,2,19,1
2026-01-01,4,Les Corts,20,la Maternitat i Sant Ramon,8,2,19,2
2026-01-01,4,Les Corts,20,la Maternitat i Sant Ramon,..,2,20,1
2026-01-01,4,Les Corts,20,la Maternitat i Sant Ramon,5,3,0,1
2026-01-01,4,Les Corts,20,la Maternitat i Sant Ramon,..,3,0,2
2026-01-01,4,Les Corts,20,la Maternitat i Sant Ramon,7,3,1,1
2026-01-01,4,Les Corts,20,la Maternitat i Sant Ramon,..,3,1,2
2026-01-01,4,Les Corts,20,la Maternitat i Sant Ramon,6,3,2,1
2026-01-01,4,Les Corts,20,la Maternitat i Sant Ramon,11,3,2,2
2026-01-01,4,Les Corts,20,la Maternitat i Sant Ramon,13,3,3,1
2026-01-01,4,Les Corts,20,la Maternitat i Sant Ramon,14,3,3,2
2026-01-01,4,Les Corts,20,la Maternitat i Sant Ramon,21,3,4,1
2026-01-01,4,Les Corts,20,la Maternitat i Sant Ramon,19,3,4,2
2026-01-01,4,Les Corts,20,la Maternitat i Sant Ramon,74,3,5,1
2026-01-01,4,Les Corts,20,la Maternitat i Sant Ramon,51,3,5,2
2026-01-01,4,Les Corts,20,la Maternitat i Sant Ramon,62,3,6,1
2026-01-01,4,Les Corts,20,la Maternitat i Sant Ramon,45,3,6,2
2026-01-01,4,Les Corts,20,la Maternitat i Sant Ramon,62,3,7,1
2026-01-01,4,Les Corts,20,la Maternitat i Sant Ramon,71,3,7,2
2026-01-01,4,Les Corts,20,la Maternitat i Sant Ramon,65,3,8,1
2026-01-01,4,Les Corts,20,la Maternitat i Sant Ramon,65,3,8,2
2026-01-01,4,Les Corts,20,la Maternitat i Sant Ramon,74,3,9,1
2026-01-01,4,Les Corts,20,la Maternitat i Sant Ramon,69,3,9,2
2026-01-01,4,Les Corts,20,la Maternitat i Sant Ramon,65,3,10,1
2026-01-01,4,Les Corts,20,la Maternitat i Sant Ramon,73,3,10,2
2026-01-01,4,Les Corts,20,la Maternitat i Sant Ramon,76,3,11,1
2026-01-01,4,Les Corts,20,la Maternitat i Sant Ramon,81,3,11,2
2026-01-01,4,Les Corts,20,la Maternitat i Sant Ramon,127,3,12,1
2026-01-01,4,Les Corts,20,la Maternitat i Sant Ramon,90,3,12,2
2026-01-01,4,Les Corts,20,la Maternitat i Sant Ramon,200,3,13,1
2026-01-01,4,Les Corts,20,la Maternitat i Sant Ramon,151,3,13,2
2026-01-01,4,Les Corts,20,la Maternitat i Sant Ramon,319,3,14,1
2026-01-01,4,Les Corts,20,la Maternitat i Sant Ramon,169,3,14,2
2026-01-01,4,Les Corts,20,la Maternitat i Sant Ramon,319,3,15,1
2026-01-01,4,Les Corts,20,la Maternitat i Sant Ramon,226,3,15,2
2026-01-01,4,Les Corts,20,la Maternitat i Sant Ramon,310,3,16,1
2026-01-01,4,Les Corts,20,la Maternitat i Sant Ramon,235,3,16,2
2026-01-01,4,Les Corts,20,la Maternitat i Sant Ramon,210,3,17,1
2026-01-01,4,Les Corts,20,la Maternitat i Sant Ramon,118,3,17,2
2026-01-01,4,Les Corts,20,la Maternitat i Sant Ramon,120,3,18,1
2026-01-01,4,Les Corts,20,la Maternitat i Sant Ramon,60,3,18,2
2026-01-01,4,Les Corts,20,la Maternitat i Sant Ramon,38,3,19,1
2026-01-01,4,Les Corts,20,la Maternitat i Sant Ramon,15,3,19,2
2026-01-01,4,Les Corts,20,la Maternitat i Sant Ramon,7,3,20,1
2026-01-01,4,Les Corts,20,la Maternitat i Sant Ramon,..,3,20,2
2026-01-01,4,Les Corts,20,la Maternitat i Sant Ramon,10,4,0,1
2026-01-01,4,Les Corts,20,la Maternitat i Sant Ramon,8,4,0,2
2026-01-01,4,Les Corts,20,la Maternitat i Sant Ramon,15,4,1,1
2026-01-01,4,Les Corts,20,la Maternitat i Sant Ramon,13,4,1,2
2026-01-01,4,Les Corts,20,la Maternitat i Sant Ramon,15,4,2,1
2026-01-01,4,Les Corts,20,la Maternitat i Sant Ramon,14,4,2,2
2026-01-01,4,Les Corts,20,la Maternitat i Sant Ramon,8,4,3,1
2026-01-01,4,Les Corts,20,la Maternitat i Sant Ramon,15,4,3,2
2026-01-01,4,Les Corts,20,la Maternitat i Sant Ramon,40,4,4,1
2026-01-01,4,Les Corts,20,la Maternitat i Sant Ramon,14,4,4,2
2026-01-01,4,Les Corts,20,la Maternitat i Sant Ramon,44,4,5,1
2026-01-01,4,Les Corts,20,la Maternitat i Sant Ramon,37,4,5,2
2026-01-01,4,Les Corts,20,la Maternitat i Sant Ramon,60,4,6,1
2026-01-01,4,Les Corts,20,la Maternitat i Sant Ramon,41,4,6,2
2026-01-01,4,Les Corts,20,la Maternitat i Sant Ramon,49,4,7,1
2026-01-01,4,Les Corts,20,la Maternitat i Sant Ramon,41,4,7,2
2026-01-01,4,Les Corts,20,la Maternitat i Sant Ramon,39,4,8,1
2026-01-01,4,Les Corts,20,la Maternitat i Sant Ramon,48,4,8,2
2026-01-01,4,Les Corts,20,la Maternitat i Sant Ramon,31,4,9,1
2026-01-01,4,Les Corts,20,la Maternitat i Sant Ramon,35,4,9,2
2026-01-01,4,Les Corts,20,la Maternitat i Sant Ramon,18,4,10,1
2026-01-01,4,Les Corts,20,la Maternitat i Sant Ramon,34,4,10,2
2026-01-01,4,Les Corts,20,la Maternitat i Sant Ramon,21,4,11,1
2026-01-01,4,Les Corts,20,la Maternitat i Sant Ramon,20,4,11,2
2026-01-01,4,Les Corts,20,la Maternitat i Sant Ramon,13,4,12,1
2026-01-01,4,Les Corts,20,la Maternitat i Sant Ramon,11,4,12,2
2026-01-01,4,Les Corts,20,la Maternitat i Sant Ramon,8,4,13,1
2026-01-01,4,Les Corts,20,la Maternitat i Sant Ramon,10,4,13,2
2026-01-01,4,Les Corts,20,la Maternitat i Sant Ramon,..,4,14,1
2026-01-01,4,Les Corts,20,la Maternitat i Sant Ramon,5,4,14,2
2026-01-01,4,Les Corts,20,la Maternitat i Sant Ramon,16,4,15,1
2026-01-01,4,Les Corts,20,la Maternitat i Sant Ramon,9,4,15,2
2026-01-01,4,Les Corts,20,la Maternitat i Sant Ramon,7,4,16,1
2026-01-01,4,Les Corts,20,la Maternitat i Sant Ramon,..,4,16,2
2026-01-01,4,Les Corts,20,la Maternitat i Sant Ramon,5,4,17,1
2026-01-01,4,Les Corts,20,la Maternitat i Sant Ramon,5,4,17,2
2026-01-01,4,Les Corts,20,la Maternitat i Sant Ramon,..,4,18,1
2026-01-01,4,Les Corts,20,la Maternitat i Sant Ramon,..,4,19,1
2026-01-01,4,Les Corts,20,la Maternitat i Sant Ramon,..,4,19,2
2026-01-01,4,Les Corts,20,la Maternitat i Sant Ramon,23,5,0,1
2026-01-01,4,Les Corts,20,la Maternitat i Sant Ramon,28,5,0,2
2026-01-01,4,Les Corts,20,la Maternitat i Sant Ramon,55,5,1,1
2026-01-01,4,Les Corts,20,la Maternitat i Sant Ramon,81,5,1,2
2026-01-01,4,Les Corts,20,la Maternitat i Sant Ramon,97,5,2,1
2026-01-01,4,Les Corts,20,la Maternitat i Sant Ramon,102,5,2,2
2026-01-01,4,Les Corts,20,la Maternitat i Sant Ramon,119,5,3,1
2026-01-01,4,Les Corts,20,la Maternitat i Sant Ramon,130,5,3,2
2026-01-01,4,Les Corts,20,la Maternitat i Sant Ramon,190,5,4,1
2026-01-01,4,Les Corts,20,la Maternitat i Sant Ramon,266,5,4,2
2026-01-01,4,Les Corts,20,la Maternitat i Sant Ramon,339,5,5,1
2026-01-01,4,Les Corts,20,la Maternitat i Sant Ramon,373,5,5,2
2026-01-01,4,Les Corts,20,la Maternitat i Sant Ramon,442,5,6,1
2026-01-01,4,Les Corts,20,la Maternitat i Sant Ramon,377,5,6,2
2026-01-01,4,Les Corts,20,la Maternitat i Sant Ramon,367,5,7,1
2026-01-01,4,Les Corts,20,la Maternitat i Sant Ramon,369,5,7,2
2026-01-01,4,Les Corts,20,la Maternitat i Sant Ramon,350,5,8,1
2026-01-01,4,Les Corts,20,la Maternitat i Sant Ramon,265,5,8,2
2026-01-01,4,Les Corts,20,la Maternitat i Sant Ramon,281,5,9,1
2026-01-01,4,Les Corts,20,la Maternitat i Sant Ramon,235,5,9,2
2026-01-01,4,Les Corts,20,la Maternitat i Sant Ramon,222,5,10,1
2026-01-01,4,Les Corts,20,la Maternitat i Sant Ramon,183,5,10,2
2026-01-01,4,Les Corts,20,la Maternitat i Sant Ramon,189,5,11,1
2026-01-01,4,Les Corts,20,la Maternitat i Sant Ramon,140,5,11,2
2026-01-01,4,Les Corts,20,la Maternitat i Sant Ramon,140,5,12,1
2026-01-01,4,Les Corts,20,la Maternitat i Sant Ramon,72,5,12,2
2026-01-01,4,Les Corts,20,la Maternitat i Sant Ramon,129,5,13,1
2026-01-01,4,Les Corts,20,la Maternitat i Sant Ramon,81,5,13,2
2026-01-01,4,Les Corts,20,la Maternitat i Sant Ramon,91,5,14,1
2026-01-01,4,Les Corts,20,la Maternitat i Sant Ramon,60,5,14,2
2026-01-01,4,Les Corts,20,la Maternitat i Sant Ramon,56,5,15,1
2026-01-01,4,Les Corts,20,la Maternitat i Sant Ramon,44,5,15,2
2026-01-01,4,Les Corts,20,la Maternitat i Sant Ramon,29,5,16,1
2026-01-01,4,Les Corts,20,la Maternitat i Sant Ramon,19,5,16,2
2026-01-01,4,Les Corts,20,la Maternitat i Sant Ramon,21,5,17,1
2026-01-01,4,Les Corts,20,la Maternitat i Sant Ramon,8,5,17,2
2026-01-01,4,Les Corts,20,la Maternitat i Sant Ramon,6,5,18,1
2026-01-01,4,Les Corts,20,la Maternitat i Sant Ramon,..,5,18,2
2026-01-01,4,Les Corts,20,la Maternitat i Sant Ramon,..,6,5,2
2026-01-01,4,Les Corts,21,Pedralbes,183,1,0,1
2026-01-01,4,Les Corts,21,Pedralbes,166,1,0,2
2026-01-01,4,Les Corts,21,Pedralbes,195,1,1,1
2026-01-01,4,Les Corts,21,Pedralbes,199,1,1,2
2026-01-01,4,Les Corts,21,Pedralbes,258,1,2,1
2026-01-01,4,Les Corts,21,Pedralbes,235,1,2,2
2026-01-01,4,Les Corts,21,Pedralbes,273,1,3,1
2026-01-01,4,Les Corts,21,Pedralbes,285,1,3,2
2026-01-01,4,Les Corts,21,Pedralbes,233,1,4,1
2026-01-01,4,Les Corts,21,Pedralbes,242,1,4,2
2026-01-01,4,Les Corts,21,Pedralbes,168,1,5,1
2026-01-01,4,Les Corts,21,Pedralbes,196,1,5,2
2026-01-01,4,Les Corts,21,Pedralbes,130,1,6,1
2026-01-01,4,Les Corts,21,Pedralbes,148,1,6,2
2026-01-01,4,Les Corts,21,Pedralbes,105,1,7,1
2026-01-01,4,Les Corts,21,Pedralbes,113,1,7,2
2026-01-01,4,Les Corts,21,Pedralbes,122,1,8,1
2026-01-01,4,Les Corts,21,Pedralbes,113,1,8,2
2026-01-01,4,Les Corts,21,Pedralbes,176,1,9,1
2026-01-01,4,Les Corts,21,Pedralbes,181,1,9,2
2026-01-01,4,Les Corts,21,Pedralbes,243,1,10,1
2026-01-01,4,Les Corts,21,Pedralbes,227,1,10,2
2026-01-01,4,Les Corts,21,Pedralbes,221,1,11,1
2026-01-01,4,Les Corts,21,Pedralbes,204,1,11,2
2026-01-01,4,Les Corts,21,Pedralbes,190,1,12,1
2026-01-01,4,Les Corts,21,Pedralbes,169,1,12,2
2026-01-01,4,Les Corts,21,Pedralbes,175,1,13,1
2026-01-01,4,Les Corts,21,Pedralbes,149,1,13,2
2026-01-01,4,Les Corts,21,Pedralbes,151,1,14,1
2026-01-01,4,Les Corts,21,Pedralbes,132,1,14,2
2026-01-01,4,Les Corts,21,Pedralbes,143,1,15,1
2026-01-01,4,Les Corts,21,Pedralbes,127,1,15,2
2026-01-01,4,Les Corts,21,Pedralbes,140,1,16,1
2026-01-01,4,Les Corts,21,Pedralbes,103,1,16,2
2026-01-01,4,Les Corts,21,Pedralbes,83,1,17,1
2026-01-01,4,Les Corts,21,Pedralbes,45,1,17,2
2026-01-01,4,Les Corts,21,Pedralbes,60,1,18,1
2026-01-01,4,Les Corts,21,Pedralbes,22,1,18,2
2026-01-01,4,Les Corts,21,Pedralbes,13,1,19,1
2026-01-01,4,Les Corts,21,Pedralbes,13,1,19,2
2026-01-01,4,Les Corts,21,Pedralbes,6,1,20,1
2026-01-01,4,Les Corts,21,Pedralbes,..,1,20,2
2026-01-01,4,Les Corts,21,Pedralbes,10,2,0,1
2026-01-01,4,Les Corts,21,Pedralbes,12,2,0,2
2026-01-01,4,Les Corts,21,Pedralbes,9,2,1,1
2026-01-01,4,Les Corts,21,Pedralbes,13,2,1,2
2026-01-01,4,Les Corts,21,Pedralbes,14,2,2,1
2026-01-01,4,Les Corts,21,Pedralbes,20,2,2,2
2026-01-01,4,Les Corts,21,Pedralbes,24,2,3,1
2026-01-01,4,Les Corts,21,Pedralbes,25,2,3,2
2026-01-01,4,Les Corts,21,Pedralbes,26,2,4,1
2026-01-01,4,Les Corts,21,Pedralbes,20,2,4,2
2026-01-01,4,Les Corts,21,Pedralbes,20,2,5,1
2026-01-01,4,Les Corts,21,Pedralbes,27,2,5,2
2026-01-01,4,Les Corts,21,Pedralbes,18,2,6,1
2026-01-01,4,Les Corts,21,Pedralbes,23,2,6,2
2026-01-01,4,Les Corts,21,Pedralbes,18,2,7,1
2026-01-01,4,Les Corts,21,Pedralbes,16,2,7,2
2026-01-01,4,Les Corts,21,Pedralbes,32,2,8,1
2026-01-01,4,Les Corts,21,Pedralbes,21,2,8,2
2026-01-01,4,Les Corts,21,Pedralbes,52,2,9,1
2026-01-01,4,Les Corts,21,Pedralbes,36,2,9,2
2026-01-01,4,Les Corts,21,Pedralbes,46,2,10,1
2026-01-01,4,Les Corts,21,Pedralbes,43,2,10,2
2026-01-01,4,Les Corts,21,Pedralbes,34,2,11,1
2026-01-01,4,Les Corts,21,Pedralbes,32,2,11,2
2026-01-01,4,Les Corts,21,Pedralbes,41,2,12,1
2026-01-01,4,Les Corts,21,Pedralbes,29,2,12,2
2026-01-01,4,Les Corts,21,Pedralbes,47,2,13,1
2026-01-01,4,Les Corts,21,Pedralbes,31,2,13,2
2026-01-01,4,Les Corts,21,Pedralbes,57,2,14,1
2026-01-01,4,Les Corts,21,Pedralbes,39,2,14,2
2026-01-01,4,Les Corts,21,Pedralbes,49,2,15,1
2026-01-01,4,Les Corts,21,Pedralbes,36,2,15,2
2026-01-01,4,Les Corts,21,Pedralbes,32,2,16,1
2026-01-01,4,Les Corts,21,Pedralbes,48,2,16,2
2026-01-01,4,Les Corts,21,Pedralbes,36,2,17,1
2026-01-01,4,Les Corts,21,Pedralbes,26,2,17,2
2026-01-01,4,Les Corts,21,Pedralbes,26,2,18,1
2026-01-01,4,Les Corts,21,Pedralbes,21,2,18,2
2026-01-01,4,Les Corts,21,Pedralbes,9,2,19,1
2026-01-01,4,Les Corts,21,Pedralbes,..,2,19,2
2026-01-01,4,Les Corts,21,Pedralbes,..,2,20,1
2026-01-01,4,Les Corts,21,Pedralbes,..,3,0,1
2026-01-01,4,Les Corts,21,Pedralbes,..,3,0,2
2026-01-01,4,Les Corts,21,Pedralbes,8,3,1,1
2026-01-01,4,Les Corts,21,Pedralbes,..,3,1,2
2026-01-01,4,Les Corts,21,Pedralbes,11,3,2,1
2026-01-01,4,Les Corts,21,Pedralbes,16,3,2,2
2026-01-01,4,Les Corts,21,Pedralbes,16,3,3,1
2026-01-01,4,Les Corts,21,Pedralbes,11,3,3,2
2026-01-01,4,Les Corts,21,Pedralbes,13,3,4,1
2026-01-01,4,Les Corts,21,Pedralbes,22,3,4,2
2026-01-01,4,Les Corts,21,Pedralbes,17,3,5,1
2026-01-01,4,Les Corts,21,Pedralbes,26,3,5,2
2026-01-01,4,Les Corts,21,Pedralbes,18,3,6,1
2026-01-01,4,Les Corts,21,Pedralbes,32,3,6,2
2026-01-01,4,Les Corts,21,Pedralbes,27,3,7,1
2026-01-01,4,Les Corts,21,Pedralbes,31,3,7,2
2026-01-01,4,Les Corts,21,Pedralbes,29,3,8,1
2026-01-01,4,Les Corts,21,Pedralbes,31,3,8,2
2026-01-01,4,Les Corts,21,Pedralbes,38,3,9,1
2026-01-01,4,Les Corts,21,Pedralbes,42,3,9,2
2026-01-01,4,Les Corts,21,Pedralbes,62,3,10,1
2026-01-01,4,Les Corts,21,Pedralbes,61,3,10,2
2026-01-01,4,Les Corts,21,Pedralbes,43,3,11,1
2026-01-01,4,Les Corts,21,Pedralbes,50,3,11,2
2026-01-01,4,Les Corts,21,Pedralbes,53,3,12,1
2026-01-01,4,Les Corts,21,Pedralbes,34,3,12,2
2026-01-01,4,Les Corts,21,Pedralbes,55,3,13,1
2026-01-01,4,Les Corts,21,Pedralbes,34,3,13,2
2026-01-01,4,Les Corts,21,Pedralbes,70,3,14,1
2026-01-01,4,Les Corts,21,Pedralbes,43,3,14,2
2026-01-01,4,Les Corts,21,Pedralbes,84,3,15,1
2026-01-01,4,Les Corts,21,Pedralbes,63,3,15,2
2026-01-01,4,Les Corts,21,Pedralbes,85,3,16,1
2026-01-01,4,Les Corts,21,Pedralbes,42,3,16,2
2026-01-01,4,Les Corts,21,Pedralbes,53,3,17,1
2026-01-01,4,Les Corts,21,Pedralbes,50,3,17,2
2026-01-01,4,Les Corts,21,Pedralbes,38,3,18,1
2026-01-01,4,Les Corts,21,Pedralbes,10,3,18,2
2026-01-01,4,Les Corts,21,Pedralbes,18,3,19,1
2026-01-01,4,Les Corts,21,Pedralbes,5,3,19,2
2026-01-01,4,Les Corts,21,Pedralbes,..,3,20,1
2026-01-01,4,Les Corts,21,Pedralbes,11,4,0,1
2026-01-01,4,Les Corts,21,Pedralbes,6,4,0,2
2026-01-01,4,Les Corts,21,Pedralbes,23,4,1,1
2026-01-01,4,Les Corts,21,Pedralbes,25,4,1,2
2026-01-01,4,Les Corts,21,Pedralbes,22,4,2,1
2026-01-01,4,Les Corts,21,Pedralbes,37,4,2,2
2026-01-01,4,Les Corts,21,Pedralbes,43,4,3,1
2026-01-01,4,Les Corts,21,Pedralbes,47,4,3,2
2026-01-01,4,Les Corts,21,Pedralbes,31,4,4,1
2026-01-01,4,Les Corts,21,Pedralbes,29,4,4,2
2026-01-01,4,Les Corts,21,Pedralbes,18,4,5,1
2026-01-01,4,Les Corts,21,Pedralbes,23,4,5,2
2026-01-01,4,Les Corts,21,Pedralbes,19,4,6,1
2026-01-01,4,Les Corts,21,Pedralbes,12,4,6,2
2026-01-01,4,Les Corts,21,Pedralbes,17,4,7,1
2026-01-01,4,Les Corts,21,Pedralbes,19,4,7,2
2026-01-01,4,Les Corts,21,Pedralbes,41,4,8,1
2026-01-01,4,Les Corts,21,Pedralbes,37,4,8,2
2026-01-01,4,Les Corts,21,Pedralbes,39,4,9,1
2026-01-01,4,Les Corts,21,Pedralbes,40,4,9,2
2026-01-01,4,Les Corts,21,Pedralbes,44,4,10,1
2026-01-01,4,Les Corts,21,Pedralbes,46,4,10,2
2026-01-01,4,Les Corts,21,Pedralbes,23,4,11,1
2026-01-01,4,Les Corts,21,Pedralbes,29,4,11,2
2026-01-01,4,Les Corts,21,Pedralbes,13,4,12,1
2026-01-01,4,Les Corts,21,Pedralbes,19,4,12,2
2026-01-01,4,Les Corts,21,Pedralbes,6,4,13,1
2026-01-01,4,Les Corts,21,Pedralbes,12,4,13,2
2026-01-01,4,Les Corts,21,Pedralbes,10,4,14,1
2026-01-01,4,Les Corts,21,Pedralbes,6,4,14,2
2026-01-01,4,Les Corts,21,Pedralbes,15,4,15,1
2026-01-01,4,Les Corts,21,Pedralbes,9,4,15,2
2026-01-01,4,Les Corts,21,Pedralbes,11,4,16,1
2026-01-01,4,Les Corts,21,Pedralbes,6,4,16,2
2026-01-01,4,Les Corts,21,Pedralbes,19,4,17,1
2026-01-01,4,Les Corts,21,Pedralbes,11,4,17,2
2026-01-01,4,Les Corts,21,Pedralbes,6,4,18,1
2026-01-01,4,Les Corts,21,Pedralbes,..,4,18,2
2026-01-01,4,Les Corts,21,Pedralbes,..,4,19,2
2026-01-01,4,Les Corts,21,Pedralbes,26,5,0,1
2026-01-01,4,Les Corts,21,Pedralbes,19,5,0,2
2026-01-01,4,Les Corts,21,Pedralbes,57,5,1,1
2026-01-01,4,Les Corts,21,Pedralbes,77,5,1,2
2026-01-01,4,Les Corts,21,Pedralbes,96,5,2,1
2026-01-01,4,Les Corts,21,Pedralbes,101,5,2,2
2026-01-01,4,Les Corts,21,Pedralbes,134,5,3,1
2026-01-01,4,Les Corts,21,Pedralbes,131,5,3,2
2026-01-01,4,Les Corts,21,Pedralbes,128,5,4,1
2026-01-01,4,Les Corts,21,Pedralbes,108,5,4,2
2026-01-01,4,Les Corts,21,Pedralbes,108,5,5,1
2026-01-01,4,Les Corts,21,Pedralbes,100,5,5,2
2026-01-01,4,Les Corts,21,Pedralbes,112,5,6,1
2026-01-01,4,Les Corts,21,Pedralbes,83,5,6,2
2026-01-01,4,Les Corts,21,Pedralbes,134,5,7,1
2026-01-01,4,Les Corts,21,Pedralbes,94,5,7,2
2026-01-01,4,Les Corts,21,Pedralbes,170,5,8,1
2026-01-01,4,Les Corts,21,Pedralbes,109,5,8,2
2026-01-01,4,Les Corts,21,Pedralbes,151,5,9,1
2026-01-01,4,Les Corts,21,Pedralbes,107,5,9,2
2026-01-01,4,Les Corts,21,Pedralbes,132,5,10,1
2026-01-01,4,Les Corts,21,Pedralbes,92,5,10,2
2026-01-01,4,Les Corts,21,Pedralbes,99,5,11,1
2026-01-01,4,Les Corts,21,Pedralbes,62,5,11,2
2026-01-01,4,Les Corts,21,Pedralbes,63,5,12,1
2026-01-01,4,Les Corts,21,Pedralbes,67,5,12,2
2026-01-01,4,Les Corts,21,Pedralbes,51,5,13,1
2026-01-01,4,Les Corts,21,Pedralbes,32,5,13,2
2026-01-01,4,Les Corts,21,Pedralbes,44,5,14,1
2026-01-01,4,Les Corts,21,Pedralbes,21,5,14,2
2026-01-01,4,Les Corts,21,Pedralbes,39,5,15,1
2026-01-01,4,Les Corts,21,Pedralbes,23,5,15,2
2026-01-01,4,Les Corts,21,Pedralbes,24,5,16,1
2026-01-01,4,Les Corts,21,Pedralbes,10,5,16,2
2026-01-01,4,Les Corts,21,Pedralbes,12,5,17,1
2026-01-01,4,Les Corts,21,Pedralbes,8,5,17,2
2026-01-01,4,Les Corts,21,Pedralbes,..,5,18,1
2026-01-01,4,Les Corts,21,Pedralbes,..,5,18,2
2026-01-01,4,Les Corts,21,Pedralbes,..,5,19,1
2026-01-01,4,Les Corts,21,Pedralbes,..,6,3,1
2026-01-01,4,Les Corts,21,Pedralbes,..,6,3,2
2026-01-01,4,Les Corts,21,Pedralbes,..,6,8,1
2026-01-01,4,Les Corts,21,Pedralbes,..,6,10,1
2026-01-01,4,Les Corts,21,Pedralbes,..,6,11,2
2026-01-01,5,Sarrià-Sant Gervasi,22,"Vallvidrera, el Tibidabo i les Planes",57,1,0,1
2026-01-01,5,Sarrià-Sant Gervasi,22,"Vallvidrera, el Tibidabo i les Planes",70,1,0,2
2026-01-01,5,Sarrià-Sant Gervasi,22,"Vallvidrera, el Tibidabo i les Planes",104,1,1,1
2026-01-01,5,Sarrià-Sant Gervasi,22,"Vallvidrera, el Tibidabo i les Planes",90,1,1,2
2026-01-01,5,Sarrià-Sant Gervasi,22,"Vallvidrera, el Tibidabo i les Planes",99,1,2,1
2026-01-01,5,Sarrià-Sant Gervasi,22,"Vallvidrera, el Tibidabo i les Planes",130,1,2,2
2026-01-01,5,Sarrià-Sant Gervasi,22,"Vallvidrera, el Tibidabo i les Planes",102,1,3,1
2026-01-01,5,Sarrià-Sant Gervasi,22,"Vallvidrera, el Tibidabo i les Planes",133,1,3,2
2026-01-01,5,Sarrià-Sant Gervasi,22,"Vallvidrera, el Tibidabo i les Planes",107,1,4,1
2026-01-01,5,Sarrià-Sant Gervasi,22,"Vallvidrera, el Tibidabo i les Planes",93,1,4,2
2026-01-01,5,Sarrià-Sant Gervasi,22,"Vallvidrera, el Tibidabo i les Planes",65,1,5,1
2026-01-01,5,Sarrià-Sant Gervasi,22,"Vallvidrera, el Tibidabo i les Planes",71,1,5,2
2026-01-01,5,Sarrià-Sant Gervasi,22,"Vallvidrera, el Tibidabo i les Planes",54,1,6,1
2026-01-01,5,Sarrià-Sant Gervasi,22,"Vallvidrera, el Tibidabo i les Planes",57,1,6,2
2026-01-01,5,Sarrià-Sant Gervasi,22,"Vallvidrera, el Tibidabo i les Planes",68,1,7,1
2026-01-01,5,Sarrià-Sant Gervasi,22,"Vallvidrera, el Tibidabo i les Planes",59,1,7,2
2026-01-01,5,Sarrià-Sant Gervasi,22,"Vallvidrera, el Tibidabo i les Planes",79,1,8,1
2026-01-01,5,Sarrià-Sant Gervasi,22,"Vallvidrera, el Tibidabo i les Planes",78,1,8,2
2026-01-01,5,Sarrià-Sant Gervasi,22,"Vallvidrera, el Tibidabo i les Planes",70,1,9,1
2026-01-01,5,Sarrià-Sant Gervasi,22,"Vallvidrera, el Tibidabo i les Planes",90,1,9,2
2026-01-01,5,Sarrià-Sant Gervasi,22,"Vallvidrera, el Tibidabo i les Planes",116,1,10,1
2026-01-01,5,Sarrià-Sant Gervasi,22,"Vallvidrera, el Tibidabo i les Planes",130,1,10,2
2026-01-01,5,Sarrià-Sant Gervasi,22,"Vallvidrera, el Tibidabo i les Planes",93,1,11,1
2026-01-01,5,Sarrià-Sant Gervasi,22,"Vallvidrera, el Tibidabo i les Planes",134,1,11,2
2026-01-01,5,Sarrià-Sant Gervasi,22,"Vallvidrera, el Tibidabo i les Planes",108,1,12,1
2026-01-01,5,Sarrià-Sant Gervasi,22,"Vallvidrera, el Tibidabo i les Planes",97,1,12,2
2026-01-01,5,Sarrià-Sant Gervasi,22,"Vallvidrera, el Tibidabo i les Planes",87,1,13,1
2026-01-01,5,Sarrià-Sant Gervasi,22,"Vallvidrera, el Tibidabo i les Planes",95,1,13,2
2026-01-01,5,Sarrià-Sant Gervasi,22,"Vallvidrera, el Tibidabo i les Planes",50,1,14,1
2026-01-01,5,Sarrià-Sant Gervasi,22,"Vallvidrera, el Tibidabo i les Planes",48,1,14,2
2026-01-01,5,Sarrià-Sant Gervasi,22,"Vallvidrera, el Tibidabo i les Planes",44,1,15,1
2026-01-01,5,Sarrià-Sant Gervasi,22,"Vallvidrera, el Tibidabo i les Planes",39,1,15,2
2026-01-01,5,Sarrià-Sant Gervasi,22,"Vallvidrera, el Tibidabo i les Planes",39,1,16,1
2026-01-01,5,Sarrià-Sant Gervasi,22,"Vallvidrera, el Tibidabo i les Planes",23,1,16,2
2026-01-01,5,Sarrià-Sant Gervasi,22,"Vallvidrera, el Tibidabo i les Planes",15,1,17,1
2026-01-01,5,Sarrià-Sant Gervasi,22,"Vallvidrera, el Tibidabo i les Planes",13,1,17,2
2026-01-01,5,Sarrià-Sant Gervasi,22,"Vallvidrera, el Tibidabo i les Planes",8,1,18,1
2026-01-01,5,Sarrià-Sant Gervasi,22,"Vallvidrera, el Tibidabo i les Planes",8,1,18,2
2026-01-01,5,Sarrià-Sant Gervasi,22,"Vallvidrera, el Tibidabo i les Planes",6,1,19,1
2026-01-01,5,Sarrià-Sant Gervasi,22,"Vallvidrera, el Tibidabo i les Planes",..,1,19,2
2026-01-01,5,Sarrià-Sant Gervasi,22,"Vallvidrera, el Tibidabo i les Planes",..,1,20,1
2026-01-01,5,Sarrià-Sant Gervasi,22,"Vallvidrera, el Tibidabo i les Planes",19,2,0,1
2026-01-01,5,Sarrià-Sant Gervasi,22,"Vallvidrera, el Tibidabo i les Planes",11,2,0,2
2026-01-01,5,Sarrià-Sant Gervasi,22,"Vallvidrera, el Tibidabo i les Planes",7,2,1,1
2026-01-01,5,Sarrià-Sant Gervasi,22,"Vallvidrera, el Tibidabo i les Planes",14,2,1,2
2026-01-01,5,Sarrià-Sant Gervasi,22,"Vallvidrera, el Tibidabo i les Planes",14,2,2,1
2026-01-01,5,Sarrià-Sant Gervasi,22,"Vallvidrera, el Tibidabo i les Planes",19,2,2,2
2026-01-01,5,Sarrià-Sant Gervasi,22,"Vallvidrera, el Tibidabo i les Planes",7,2,3,1
2026-01-01,5,Sarrià-Sant Gervasi,22,"Vallvidrera, el Tibidabo i les Planes",9,2,3,2
2026-01-01,5,Sarrià-Sant Gervasi,22,"Vallvidrera, el Tibidabo i les Planes",14,2,4,1
2026-01-01,5,Sarrià-Sant Gervasi,22,"Vallvidrera, el Tibidabo i les Planes",14,2,4,2
2026-01-01,5,Sarrià-Sant Gervasi,22,"Vallvidrera, el Tibidabo i les Planes",13,2,5,1
2026-01-01,5,Sarrià-Sant Gervasi,22,"Vallvidrera, el Tibidabo i les Planes",17,2,5,2
2026-01-01,5,Sarrià-Sant Gervasi,22,"Vallvidrera, el Tibidabo i les Planes",5,2,6,1
2026-01-01,5,Sarrià-Sant Gervasi,22,"Vallvidrera, el Tibidabo i les Planes",11,2,6,2
2026-01-01,5,Sarrià-Sant Gervasi,22,"Vallvidrera, el Tibidabo i les Planes",12,2,7,1
2026-01-01,5,Sarrià-Sant Gervasi,22,"Vallvidrera, el Tibidabo i les Planes",12,2,7,2
2026-01-01,5,Sarrià-Sant Gervasi,22,"Vallvidrera, el Tibidabo i les Planes",13,2,8,1
2026-01-01,5,Sarrià-Sant Gervasi,22,"Vallvidrera, el Tibidabo i les Planes",13,2,8,2
2026-01-01,5,Sarrià-Sant Gervasi,22,"Vallvidrera, el Tibidabo i les Planes",21,2,9,1
2026-01-01,5,Sarrià-Sant Gervasi,22,"Vallvidrera, el Tibidabo i les Planes",22,2,9,2
2026-01-01,5,Sarrià-Sant Gervasi,22,"Vallvidrera, el Tibidabo i les Planes",16,2,10,1
2026-01-01,5,Sarrià-Sant Gervasi,22,"Vallvidrera, el Tibidabo i les Planes",16,2,10,2
2026-01-01,5,Sarrià-Sant Gervasi,22,"Vallvidrera, el Tibidabo i les Planes",19,2,11,1
2026-01-01,5,Sarrià-Sant Gervasi,22,"Vallvidrera, el Tibidabo i les Planes",12,2,11,2
2026-01-01,5,Sarrià-Sant Gervasi,22,"Vallvidrera, el Tibidabo i les Planes",20,2,12,1
2026-01-01,5,Sarrià-Sant Gervasi,22,"Vallvidrera, el Tibidabo i les Planes",20,2,12,2
2026-01-01,5,Sarrià-Sant Gervasi,22,"Vallvidrera, el Tibidabo i les Planes",16,2,13,1
2026-01-01,5,Sarrià-Sant Gervasi,22,"Vallvidrera, el Tibidabo i les Planes",17,2,13,2
2026-01-01,5,Sarrià-Sant Gervasi,22,"Vallvidrera, el Tibidabo i les Planes",14,2,14,1
2026-01-01,5,Sarrià-Sant Gervasi,22,"Vallvidrera, el Tibidabo i les Planes",9,2,14,2
2026-01-01,5,Sarrià-Sant Gervasi,22,"Vallvidrera, el Tibidabo i les Planes",10,2,15,1
2026-01-01,5,Sarrià-Sant Gervasi,22,"Vallvidrera, el Tibidabo i les Planes",6,2,15,2
2026-01-01,5,Sarrià-Sant Gervasi,22,"Vallvidrera, el Tibidabo i les Planes",5,2,16,1
2026-01-01,5,Sarrià-Sant Gervasi,22,"Vallvidrera, el Tibidabo i les Planes",5,2,16,2
2026-01-01,5,Sarrià-Sant Gervasi,22,"Vallvidrera, el Tibidabo i les Planes",6,2,17,1
2026-01-01,5,Sarrià-Sant Gervasi,22,"Vallvidrera, el Tibidabo i les Planes",..,2,17,2
2026-01-01,5,Sarrià-Sant Gervasi,22,"Vallvidrera, el Tibidabo i les Planes",..,2,18,1
2026-01-01,5,Sarrià-Sant Gervasi,22,"Vallvidrera, el Tibidabo i les Planes",..,2,18,2
2026-01-01,5,Sarrià-Sant Gervasi,22,"Vallvidrera, el Tibidabo i les Planes",..,2,19,2
2026-01-01,5,Sarrià-Sant Gervasi,22,"Vallvidrera, el Tibidabo i les Planes",..,2,20,1
2026-01-01,5,Sarrià-Sant Gervasi,22,"Vallvidrera, el Tibidabo i les Planes",..,3,0,2
2026-01-01,5,Sarrià-Sant Gervasi,22,"Vallvidrera, el Tibidabo i les Planes",..,3,1,2
2026-01-01,5,Sarrià-Sant Gervasi,22,"Vallvidrera, el Tibidabo i les Planes",..,3,2,1
2026-01-01,5,Sarrià-Sant Gervasi,22,"Vallvidrera, el Tibidabo i les Planes",..,3,2,2
2026-01-01,5,Sarrià-Sant Gervasi,22,"Vallvidrera, el Tibidabo i les Planes",..,3,3,1
2026-01-01,5,Sarrià-Sant Gervasi,22,"Vallvidrera, el Tibidabo i les Planes",..,3,3,2
2026-01-01,5,Sarrià-Sant Gervasi,22,"Vallvidrera, el Tibidabo i les Planes",5,3,4,1
2026-01-01,5,Sarrià-Sant Gervasi,22,"Vallvidrera, el Tibidabo i les Planes",..,3,4,2
2026-01-01,5,Sarrià-Sant Gervasi,22,"Vallvidrera, el Tibidabo i les Planes",..,3,5,1
2026-01-01,5,Sarrià-Sant Gervasi,22,"Vallvidrera, el Tibidabo i les Planes",..,3,5,2
2026-01-01,5,Sarrià-Sant Gervasi,22,"Vallvidrera, el Tibidabo i les Planes",..,3,6,1
2026-01-01,5,Sarrià-Sant Gervasi,22,"Vallvidrera, el Tibidabo i les Planes",5,3,6,2
2026-01-01,5,Sarrià-Sant Gervasi,22,"Vallvidrera, el Tibidabo i les Planes",13,3,7,1
2026-01-01,5,Sarrià-Sant Gervasi,22,"Vallvidrera, el Tibidabo i les Planes",11,3,7,2
2026-01-01,5,Sarrià-Sant Gervasi,22,"Vallvidrera, el Tibidabo i les Planes",11,3,8,1
2026-01-01,5,Sarrià-Sant Gervasi,22,"Vallvidrera, el Tibidabo i les Planes",10,3,8,2
2026-01-01,5,Sarrià-Sant Gervasi,22,"Vallvidrera, el Tibidabo i les Planes",12,3,9,1
2026-01-01,5,Sarrià-Sant Gervasi,22,"Vallvidrera, el Tibidabo i les Planes",8,3,9,2
2026-01-01,5,Sarrià-Sant Gervasi,22,"Vallvidrera, el Tibidabo i les Planes",11,3,10,1
2026-01-01,5,Sarrià-Sant Gervasi,22,"Vallvidrera, el Tibidabo i les Planes",19,3,10,2
2026-01-01,5,Sarrià-Sant Gervasi,22,"Vallvidrera, el Tibidabo i les Planes",19,3,11,1
2026-01-01,5,Sarrià-Sant Gervasi,22,"Vallvidrera, el Tibidabo i les Planes",13,3,11,2
2026-01-01,5,Sarrià-Sant Gervasi,22,"Vallvidrera, el Tibidabo i les Planes",16,3,12,1
2026-01-01,5,Sarrià-Sant Gervasi,22,"Vallvidrera, el Tibidabo i les Planes",21,3,12,2
2026-01-01,5,Sarrià-Sant Gervasi,22,"Vallvidrera, el Tibidabo i les Planes",19,3,13,1
2026-01-01,5,Sarrià-Sant Gervasi,22,"Vallvidrera, el Tibidabo i les Planes",20,3,13,2
2026-01-01,5,Sarrià-Sant Gervasi,22,"Vallvidrera, el Tibidabo i les Planes",15,3,14,1
2026-01-01,5,Sarrià-Sant Gervasi,22,"Vallvidrera, el Tibidabo i les Planes",11,3,14,2
2026-01-01,5,Sarrià-Sant Gervasi,22,"Vallvidrera, el Tibidabo i les Planes",16,3,15,1
2026-01-01,5,Sarrià-Sant Gervasi,22,"Vallvidrera, el Tibidabo i les Planes",18,3,15,2
2026-01-01,5,Sarrià-Sant Gervasi,22,"Vallvidrera, el Tibidabo i les Planes",21,3,16,1
2026-01-01,5,Sarrià-Sant Gervasi,22,"Vallvidrera, el Tibidabo i les Planes",16,3,16,2
2026-01-01,5,Sarrià-Sant Gervasi,22,"Vallvidrera, el Tibidabo i les Planes",16,3,17,1
2026-01-01,5,Sarrià-Sant Gervasi,22,"Vallvidrera, el Tibidabo i les Planes",11,3,17,2
2026-01-01,5,Sarrià-Sant Gervasi,22,"Vallvidrera, el Tibidabo i les Planes",9,3,18,1
2026-01-01,5,Sarrià-Sant Gervasi,22,"Vallvidrera, el Tibidabo i les Planes",..,3,18,2
2026-01-01,5,Sarrià-Sant Gervasi,22,"Vallvidrera, el Tibidabo i les Planes",..,3,19,1
2026-01-01,5,Sarrià-Sant Gervasi,22,"Vallvidrera, el Tibidabo i les Planes",..,3,20,1
2026-01-01,5,Sarrià-Sant Gervasi,22,"Vallvidrera, el Tibidabo i les Planes",..,3,20,2
2026-01-01,5,Sarrià-Sant Gervasi,22,"Vallvidrera, el Tibidabo i les Planes",..,4,0,1
2026-01-01,5,Sarrià-Sant Gervasi,22,"Vallvidrera, el Tibidabo i les Planes",..,4,0,2
2026-01-01,5,Sarrià-Sant Gervasi,22,"Vallvidrera, el Tibidabo i les Planes",..,4,1,1
2026-01-01,5,Sarrià-Sant Gervasi,22,"Vallvidrera, el Tibidabo i les Planes",..,4,1,2
2026-01-01,5,Sarrià-Sant Gervasi,22,"Vallvidrera, el Tibidabo i les Planes",..,4,2,1
2026-01-01,5,Sarrià-Sant Gervasi,22,"Vallvidrera, el Tibidabo i les Planes",12,4,2,2
2026-01-01,5,Sarrià-Sant Gervasi,22,"Vallvidrera, el Tibidabo i les Planes",7,4,3,1
2026-01-01,5,Sarrià-Sant Gervasi,22,"Vallvidrera, el Tibidabo i les Planes",7,4,3,2
2026-01-01,5,Sarrià-Sant Gervasi,22,"Vallvidrera, el Tibidabo i les Planes",5,4,4,1
2026-01-01,5,Sarrià-Sant Gervasi,22,"Vallvidrera, el Tibidabo i les Planes",12,4,4,2
2026-01-01,5,Sarrià-Sant Gervasi,22,"Vallvidrera, el Tibidabo i les Planes",7,4,5,1
2026-01-01,5,Sarrià-Sant Gervasi,22,"Vallvidrera, el Tibidabo i les Planes",7,4,5,2
2026-01-01,5,Sarrià-Sant Gervasi,22,"Vallvidrera, el Tibidabo i les Planes",12,4,6,1
2026-01-01,5,Sarrià-Sant Gervasi,22,"Vallvidrera, el Tibidabo i les Planes",11,4,6,2
2026-01-01,5,Sarrià-Sant Gervasi,22,"Vallvidrera, el Tibidabo i les Planes",13,4,7,1
2026-01-01,5,Sarrià-Sant Gervasi,22,"Vallvidrera, el Tibidabo i les Planes",16,4,7,2
2026-01-01,5,Sarrià-Sant Gervasi,22,"Vallvidrera, el Tibidabo i les Planes",29,4,8,1
2026-01-01,5,Sarrià-Sant Gervasi,22,"Vallvidrera, el Tibidabo i les Planes",19,4,8,2
2026-01-01,5,Sarrià-Sant Gervasi,22,"Vallvidrera, el Tibidabo i les Planes",29,4,9,1
2026-01-01,5,Sarrià-Sant Gervasi,22,"Vallvidrera, el Tibidabo i les Planes",21,4,9,2
2026-01-01,5,Sarrià-Sant Gervasi,22,"Vallvidrera, el Tibidabo i les Planes",23,4,10,1
2026-01-01,5,Sarrià-Sant Gervasi,22,"Vallvidrera, el Tibidabo i les Planes",27,4,10,2
2026-01-01,5,Sarrià-Sant Gervasi,22,"Vallvidrera, el Tibidabo i les Planes",19,4,11,1
2026-01-01,5,Sarrià-Sant Gervasi,22,"Vallvidrera, el Tibidabo i les Planes",17,4,11,2
2026-01-01,5,Sarrià-Sant Gervasi,22,"Vallvidrera, el Tibidabo i les Planes",6,4,12,1
2026-01-01,5,Sarrià-Sant Gervasi,22,"Vallvidrera, el Tibidabo i les Planes",13,4,12,2
2026-01-01,5,Sarrià-Sant Gervasi,22,"Vallvidrera, el Tibidabo i les Planes",8,4,13,1
2026-01-01,5,Sarrià-Sant Gervasi,22,"Vallvidrera, el Tibidabo i les Planes",7,4,13,2
2026-01-01,5,Sarrià-Sant Gervasi,22,"Vallvidrera, el Tibidabo i les Planes",..,4,14,1
2026-01-01,5,Sarrià-Sant Gervasi,22,"Vallvidrera, el Tibidabo i les Planes",..,4,14,2
2026-01-01,5,Sarrià-Sant Gervasi,22,"Vallvidrera, el Tibidabo i les Planes",5,4,15,1
2026-01-01,5,Sarrià-Sant Gervasi,22,"Vallvidrera, el Tibidabo i les Planes",..,4,15,2
2026-01-01,5,Sarrià-Sant Gervasi,22,"Vallvidrera, el Tibidabo i les Planes",..,4,16,1
2026-01-01,5,Sarrià-Sant Gervasi,22,"Vallvidrera, el Tibidabo i les Planes",..,4,16,2
2026-01-01,5,Sarrià-Sant Gervasi,22,"Vallvidrera, el Tibidabo i les Planes",..,4,17,1
2026-01-01,5,Sarrià-Sant Gervasi,22,"Vallvidrera, el Tibidabo i les Planes",..,4,17,2
2026-01-01,5,Sarrià-Sant Gervasi,22,"Vallvidrera, el Tibidabo i les Planes",..,4,18,1
2026-01-01,5,Sarrià-Sant Gervasi,22,"Vallvidrera, el Tibidabo i les Planes",..,4,19,1
2026-01-01,5,Sarrià-Sant Gervasi,22,"Vallvidrera, el Tibidabo i les Planes",..,5,0,1
2026-01-01,5,Sarrià-Sant Gervasi,22,"Vallvidrera, el Tibidabo i les Planes",..,5,0,2
2026-01-01,5,Sarrià-Sant Gervasi,22,"Vallvidrera, el Tibidabo i les Planes",11,5,1,1
2026-01-01,5,Sarrià-Sant Gervasi,22,"Vallvidrera, el Tibidabo i les Planes",17,5,1,2
2026-01-01,5,Sarrià-Sant Gervasi,22,"Vallvidrera, el Tibidabo i les Planes",22,5,2,1
2026-01-01,5,Sarrià-Sant Gervasi,22,"Vallvidrera, el Tibidabo i les Planes",17,5,2,2
2026-01-01,5,Sarrià-Sant Gervasi,22,"Vallvidrera, el Tibidabo i les Planes",11,5,3,1
2026-01-01,5,Sarrià-Sant Gervasi,22,"Vallvidrera, el Tibidabo i les Planes",16,5,3,2
2026-01-01,5,Sarrià-Sant Gervasi,22,"Vallvidrera, el Tibidabo i les Planes",26,5,4,1
2026-01-01,5,Sarrià-Sant Gervasi,22,"Vallvidrera, el Tibidabo i les Planes",29,5,4,2
2026-01-01,5,Sarrià-Sant Gervasi,22,"Vallvidrera, el Tibidabo i les Planes",39,5,5,1
2026-01-01,5,Sarrià-Sant Gervasi,22,"Vallvidrera, el Tibidabo i les Planes",41,5,5,2
2026-01-01,5,Sarrià-Sant Gervasi,22,"Vallvidrera, el Tibidabo i les Planes",33,5,6,1
2026-01-01,5,Sarrià-Sant Gervasi,22,"Vallvidrera, el Tibidabo i les Planes",44,5,6,2
2026-01-01,5,Sarrià-Sant Gervasi,22,"Vallvidrera, el Tibidabo i les Planes",40,5,7,1
2026-01-01,5,Sarrià-Sant Gervasi,22,"Vallvidrera, el Tibidabo i les Planes",35,5,7,2
2026-01-01,5,Sarrià-Sant Gervasi,22,"Vallvidrera, el Tibidabo i les Planes",54,5,8,1
2026-01-01,5,Sarrià-Sant Gervasi,22,"Vallvidrera, el Tibidabo i les Planes",29,5,8,2
2026-01-01,5,Sarrià-Sant Gervasi,22,"Vallvidrera, el Tibidabo i les Planes",48,5,9,1
2026-01-01,5,Sarrià-Sant Gervasi,22,"Vallvidrera, el Tibidabo i les Planes",40,5,9,2
2026-01-01,5,Sarrià-Sant Gervasi,22,"Vallvidrera, el Tibidabo i les Planes",41,5,10,1
2026-01-01,5,Sarrià-Sant Gervasi,22,"Vallvidrera, el Tibidabo i les Planes",28,5,10,2
2026-01-01,5,Sarrià-Sant Gervasi,22,"Vallvidrera, el Tibidabo i les Planes",39,5,11,1
2026-01-01,5,Sarrià-Sant Gervasi,22,"Vallvidrera, el Tibidabo i les Planes",32,5,11,2
2026-01-01,5,Sarrià-Sant Gervasi,22,"Vallvidrera, el Tibidabo i les Planes",23,5,12,1
2026-01-01,5,Sarrià-Sant Gervasi,22,"Vallvidrera, el Tibidabo i les Planes",21,5,12,2
2026-01-01,5,Sarrià-Sant Gervasi,22,"Vallvidrera, el Tibidabo i les Planes",22,5,13,1
2026-01-01,5,Sarrià-Sant Gervasi,22,"Vallvidrera, el Tibidabo i les Planes",17,5,13,2
2026-01-01,5,Sarrià-Sant Gervasi,22,"Vallvidrera, el Tibidabo i les Planes",9,5,14,1
2026-01-01,5,Sarrià-Sant Gervasi,22,"Vallvidrera, el Tibidabo i les Planes",9,5,14,2
2026-01-01,5,Sarrià-Sant Gervasi,22,"Vallvidrera, el Tibidabo i les Planes",10,5,15,1
2026-01-01,5,Sarrià-Sant Gervasi,22,"Vallvidrera, el Tibidabo i les Planes",..,5,15,2
2026-01-01,5,Sarrià-Sant Gervasi,22,"Vallvidrera, el Tibidabo i les Planes",6,5,16,1
2026-01-01,5,Sarrià-Sant Gervasi,22,"Vallvidrera, el Tibidabo i les Planes",..,5,16,2
2026-01-01,5,Sarrià-Sant Gervasi,22,"Vallvidrera, el Tibidabo i les Planes",..,5,17,1
2026-01-01,5,Sarrià-Sant Gervasi,22,"Vallvidrera, el Tibidabo i les Planes",..,5,17,2
2026-01-01,5,Sarrià-Sant Gervasi,22,"Vallvidrera, el Tibidabo i les Planes",..,5,18,2
2026-01-01,5,Sarrià-Sant Gervasi,22,"Vallvidrera, el Tibidabo i les Planes",..,6,6,2
2026-01-01,5,Sarrià-Sant Gervasi,23,Sarrià,388,1,0,1
2026-01-01,5,Sarrià-Sant Gervasi,23,Sarrià,416,1,0,2
2026-01-01,5,Sarrià-Sant Gervasi,23,Sarrià,428,1,1,1
2026-01-01,5,Sarrià-Sant Gervasi,23,Sarrià,450,1,1,2
2026-01-01,5,Sarrià-Sant Gervasi,23,Sarrià,562,1,2,1
2026-01-01,5,Sarrià-Sant Gervasi,23,Sarrià,572,1,2,2
2026-01-01,5,Sarrià-Sant Gervasi,23,Sarrià,564,1,3,1
2026-01-01,5,Sarrià-Sant Gervasi,23,Sarrià,599,1,3,2
2026-01-01,5,Sarrià-Sant Gervasi,23,Sarrià,507,1,4,1
2026-01-01,5,Sarrià-Sant Gervasi,23,Sarrià,560,1,4,2
2026-01-01,5,Sarrià-Sant Gervasi,23,Sarrià,396,1,5,1
2026-01-01,5,Sarrià-Sant Gervasi,23,Sarrià,433,1,5,2
2026-01-01,5,Sarrià-Sant Gervasi,23,Sarrià,371,1,6,1
2026-01-01,5,Sarrià-Sant Gervasi,23,Sarrià,355,1,6,2
2026-01-01,5,Sarrià-Sant Gervasi,23,Sarrià,280,1,7,1
2026-01-01,5,Sarrià-Sant Gervasi,23,Sarrià,312,1,7,2
2026-01-01,5,Sarrià-Sant Gervasi,23,Sarrià,340,1,8,1
2026-01-01,5,Sarrià-Sant Gervasi,23,Sarrià,302,1,8,2
2026-01-01,5,Sarrià-Sant Gervasi,23,Sarrià,448,1,9,1
2026-01-01,5,Sarrià-Sant Gervasi,23,Sarrià,381,1,9,2
2026-01-01,5,Sarrià-Sant Gervasi,23,Sarrià,604,1,10,1
2026-01-01,5,Sarrià-Sant Gervasi,23,Sarrià,572,1,10,2
2026-01-01,5,Sarrià-Sant Gervasi,23,Sarrià,515,1,11,1
2026-01-01,5,Sarrià-Sant Gervasi,23,Sarrià,469,1,11,2
2026-01-01,5,Sarrià-Sant Gervasi,23,Sarrià,508,1,12,1
2026-01-01,5,Sarrià-Sant Gervasi,23,Sarrià,445,1,12,2
2026-01-01,5,Sarrià-Sant Gervasi,23,Sarrià,416,1,13,1
2026-01-01,5,Sarrià-Sant Gervasi,23,Sarrià,341,1,13,2
2026-01-01,5,Sarrià-Sant Gervasi,23,Sarrià,355,1,14,1
2026-01-01,5,Sarrià-Sant Gervasi,23,Sarrià,307,1,14,2
2026-01-01,5,Sarrià-Sant Gervasi,23,Sarrià,330,1,15,1
2026-01-01,5,Sarrià-Sant Gervasi,23,Sarrià,252,1,15,2
2026-01-01,5,Sarrià-Sant Gervasi,23,Sarrià,288,1,16,1
2026-01-01,5,Sarrià-Sant Gervasi,23,Sarrià,197,1,16,2
2026-01-01,5,Sarrià-Sant Gervasi,23,Sarrià,178,1,17,1
2026-01-01,5,Sarrià-Sant Gervasi,23,Sarrià,81,1,17,2
2026-01-01,5,Sarrià-Sant Gervasi,23,Sarrià,149,1,18,1
2026-01-01,5,Sarrià-Sant Gervasi,23,Sarrià,73,1,18,2
2026-01-01,5,Sarrià-Sant Gervasi,23,Sarrià,75,1,19,1
2026-01-01,5,Sarrià-Sant Gervasi,23,Sarrià,15,1,19,2
2026-01-01,5,Sarrià-Sant Gervasi,23,Sarrià,20,1,20,1
2026-01-01,5,Sarrià-Sant Gervasi,23,Sarrià,..,1,20,2
2026-01-01,5,Sarrià-Sant Gervasi,23,Sarrià,26,2,0,1
2026-01-01,5,Sarrià-Sant Gervasi,23,Sarrià,36,2,0,2
2026-01-01,5,Sarrià-Sant Gervasi,23,Sarrià,26,2,1,1
2026-01-01,5,Sarrià-Sant Gervasi,23,Sarrià,22,2,1,2
2026-01-01,5,Sarrià-Sant Gervasi,23,Sarrià,32,2,2,1
2026-01-01,5,Sarrià-Sant Gervasi,23,Sarrià,41,2,2,2
2026-01-01,5,Sarrià-Sant Gervasi,23,Sarrià,45,2,3,1
2026-01-01,5,Sarrià-Sant Gervasi,23,Sarrià,54,2,3,2
2026-01-01,5,Sarrià-Sant Gervasi,23,Sarrià,35,2,4,1
2026-01-01,5,Sarrià-Sant Gervasi,23,Sarrià,40,2,4,2
2026-01-01,5,Sarrià-Sant Gervasi,23,Sarrià,46,2,5,1
2026-01-01,5,Sarrià-Sant Gervasi,23,Sarrià,42,2,5,2
2026-01-01,5,Sarrià-Sant Gervasi,23,Sarrià,50,2,6,1
2026-01-01,5,Sarrià-Sant Gervasi,23,Sarrià,48,2,6,2
2026-01-01,5,Sarrià-Sant Gervasi,23,Sarrià,44,2,7,1
2026-01-01,5,Sarrià-Sant Gervasi,23,Sarrià,31,2,7,2
2026-01-01,5,Sarrià-Sant Gervasi,23,Sarrià,70,2,8,1
2026-01-01,5,Sarrià-Sant Gervasi,23,Sarrià,54,2,8,2
2026-01-01,5,Sarrià-Sant Gervasi,23,Sarrià,87,2,9,1
2026-01-01,5,Sarrià-Sant Gervasi,23,Sarrià,73,2,9,2
2026-01-01,5,Sarrià-Sant Gervasi,23,Sarrià,89,2,10,1
2026-01-01,5,Sarrià-Sant Gervasi,23,Sarrià,70,2,10,2
2026-01-01,5,Sarrià-Sant Gervasi,23,Sarrià,83,2,11,1
2026-01-01,5,Sarrià-Sant Gervasi,23,Sarrià,54,2,11,2
2026-01-01,5,Sarrià-Sant Gervasi,23,Sarrià,66,2,12,1
2026-01-01,5,Sarrià-Sant Gervasi,23,Sarrià,57,2,12,2
2026-01-01,5,Sarrià-Sant Gervasi,23,Sarrià,78,2,13,1
2026-01-01,5,Sarrià-Sant Gervasi,23,Sarrià,51,2,13,2
2026-01-01,5,Sarrià-Sant Gervasi,23,Sarrià,97,2,14,1
2026-01-01,5,Sarrià-Sant Gervasi,23,Sarrià,68,2,14,2
2026-01-01,5,Sarrià-Sant Gervasi,23,Sarrià,84,2,15,1
2026-01-01,5,Sarrià-Sant Gervasi,23,Sarrià,64,2,15,2
2026-01-01,5,Sarrià-Sant Gervasi,23,Sarrià,68,2,16,1
2026-01-01,5,Sarrià-Sant Gervasi,23,Sarrià,52,2,16,2
2026-01-01,5,Sarrià-Sant Gervasi,23,Sarrià,76,2,17,1
2026-01-01,5,Sarrià-Sant Gervasi,23,Sarrià,45,2,17,2
2026-01-01,5,Sarrià-Sant Gervasi,23,Sarrià,60,2,18,1
2026-01-01,5,Sarrià-Sant Gervasi,23,Sarrià,24,2,18,2
2026-01-01,5,Sarrià-Sant Gervasi,23,Sarrià,34,2,19,1
2026-01-01,5,Sarrià-Sant Gervasi,23,Sarrià,13,2,19,2
2026-01-01,5,Sarrià-Sant Gervasi,23,Sarrià,5,2,20,1
2026-01-01,5,Sarrià-Sant Gervasi,23,Sarrià,..,2,20,2
2026-01-01,5,Sarrià-Sant Gervasi,23,Sarrià,9,3,0,1
2026-01-01,5,Sarrià-Sant Gervasi,23,Sarrià,..,3,0,2
2026-01-01,5,Sarrià-Sant Gervasi,23,Sarrià,10,3,1,1
2026-01-01,5,Sarrià-Sant Gervasi,23,Sarrià,6,3,1,2
2026-01-01,5,Sarrià-Sant Gervasi,23,Sarrià,15,3,2,1
2026-01-01,5,Sarrià-Sant Gervasi,23,Sarrià,9,3,2,2
2026-01-01,5,Sarrià-Sant Gervasi,23,Sarrià,15,3,3,1
2026-01-01,5,Sarrià-Sant Gervasi,23,Sarrià,14,3,3,2
2026-01-01,5,Sarrià-Sant Gervasi,23,Sarrià,14,3,4,1
2026-01-01,5,Sarrià-Sant Gervasi,23,Sarrià,15,3,4,2
2026-01-01,5,Sarrià-Sant Gervasi,23,Sarrià,34,3,5,1
2026-01-01,5,Sarrià-Sant Gervasi,23,Sarrià,32,3,5,2
2026-01-01,5,Sarrià-Sant Gervasi,23,Sarrià,46,3,6,1
2026-01-01,5,Sarrià-Sant Gervasi,23,Sarrià,31,3,6,2
2026-01-01,5,Sarrià-Sant Gervasi,23,Sarrià,40,3,7,1
2026-01-01,5,Sarrià-Sant Gervasi,23,Sarrià,46,3,7,2
2026-01-01,5,Sarrià-Sant Gervasi,23,Sarrià,60,3,8,1
2026-01-01,5,Sarrià-Sant Gervasi,23,Sarrià,46,3,8,2
2026-01-01,5,Sarrià-Sant Gervasi,23,Sarrià,77,3,9,1
2026-01-01,5,Sarrià-Sant Gervasi,23,Sarrià,73,3,9,2
2026-01-01,5,Sarrià-Sant Gervasi,23,Sarrià,79,3,10,1
2026-01-01,5,Sarrià-Sant Gervasi,23,Sarrià,71,3,10,2
2026-01-01,5,Sarrià-Sant Gervasi,23,Sarrià,69,3,11,1
2026-01-01,5,Sarrià-Sant Gervasi,23,Sarrià,61,3,11,2
2026-01-01,5,Sarrià-Sant Gervasi,23,Sarrià,76,3,12,1
2026-01-01,5,Sarrià-Sant Gervasi,23,Sarrià,60,3,12,2
2026-01-01,5,Sarrià-Sant Gervasi,23,Sarrià,82,3,13,1
2026-01-01,5,Sarrià-Sant Gervasi,23,Sarrià,51,3,13,2
2026-01-01,5,Sarrià-Sant Gervasi,23,Sarrià,107,3,14,1
2026-01-01,5,Sarrià-Sant Gervasi,23,Sarrià,61,3,14,2
2026-01-01,5,Sarrià-Sant Gervasi,23,Sarrià,120,3,15,1
2026-01-01,5,Sarrià-Sant Gervasi,23,Sarrià,72,3,15,2
2026-01-01,5,Sarrià-Sant Gervasi,23,Sarrià,135,3,16,1
2026-01-01,5,Sarrià-Sant Gervasi,23,Sarrià,83,3,16,2
2026-01-01,5,Sarrià-Sant Gervasi,23,Sarrià,129,3,17,1
2026-01-01,5,Sarrià-Sant Gervasi,23,Sarrià,61,3,17,2
2026-01-01,5,Sarrià-Sant Gervasi,23,Sarrià,100,3,18,1
2026-01-01,5,Sarrià-Sant Gervasi,23,Sarrià,29,3,18,2
2026-01-01,5,Sarrià-Sant Gervasi,23,Sarrià,38,3,19,1
2026-01-01,5,Sarrià-Sant Gervasi,23,Sarrià,..,3,19,2
2026-01-01,5,Sarrià-Sant Gervasi,23,Sarrià,8,3,20,1
2026-01-01,5,Sarrià-Sant Gervasi,23,Sarrià,..,3,20,2
2026-01-01,5,Sarrià-Sant Gervasi,23,Sarrià,9,4,0,1
2026-01-01,5,Sarrià-Sant Gervasi,23,Sarrià,17,4,0,2
2026-01-01,5,Sarrià-Sant Gervasi,23,Sarrià,36,4,1,1
2026-01-01,5,Sarrià-Sant Gervasi,23,Sarrià,43,4,1,2
2026-01-01,5,Sarrià-Sant Gervasi,23,Sarrià,48,4,2,1
2026-01-01,5,Sarrià-Sant Gervasi,23,Sarrià,70,4,2,2
2026-01-01,5,Sarrià-Sant Gervasi,23,Sarrià,50,4,3,1
2026-01-01,5,Sarrià-Sant Gervasi,23,Sarrià,68,4,3,2
2026-01-01,5,Sarrià-Sant Gervasi,23,Sarrià,49,4,4,1
2026-01-01,5,Sarrià-Sant Gervasi,23,Sarrià,37,4,4,2
2026-01-01,5,Sarrià-Sant Gervasi,23,Sarrià,37,4,5,1
2026-01-01,5,Sarrià-Sant Gervasi,23,Sarrià,33,4,5,2
2026-01-01,5,Sarrià-Sant Gervasi,23,Sarrià,42,4,6,1
2026-01-01,5,Sarrià-Sant Gervasi,23,Sarrià,49,4,6,2
2026-01-01,5,Sarrià-Sant Gervasi,23,Sarrià,53,4,7,1
2026-01-01,5,Sarrià-Sant Gervasi,23,Sarrià,58,4,7,2
2026-01-01,5,Sarrià-Sant Gervasi,23,Sarrià,83,4,8,1
2026-01-01,5,Sarrià-Sant Gervasi,23,Sarrià,68,4,8,2
2026-01-01,5,Sarrià-Sant Gervasi,23,Sarrià,98,4,9,1
2026-01-01,5,Sarrià-Sant Gervasi,23,Sarrià,110,4,9,2
2026-01-01,5,Sarrià-Sant Gervasi,23,Sarrià,85,4,10,1
2026-01-01,5,Sarrià-Sant Gervasi,23,Sarrià,83,4,10,2
2026-01-01,5,Sarrià-Sant Gervasi,23,Sarrià,41,4,11,1
2026-01-01,5,Sarrià-Sant Gervasi,23,Sarrià,68,4,11,2
2026-01-01,5,Sarrià-Sant Gervasi,23,Sarrià,26,4,12,1
2026-01-01,5,Sarrià-Sant Gervasi,23,Sarrià,37,4,12,2
2026-01-01,5,Sarrià-Sant Gervasi,23,Sarrià,19,4,13,1
2026-01-01,5,Sarrià-Sant Gervasi,23,Sarrià,19,4,13,2
2026-01-01,5,Sarrià-Sant Gervasi,23,Sarrià,9,4,14,1
2026-01-01,5,Sarrià-Sant Gervasi,23,Sarrià,8,4,14,2
2026-01-01,5,Sarrià-Sant Gervasi,23,Sarrià,18,4,15,1
2026-01-01,5,Sarrià-Sant Gervasi,23,Sarrià,9,4,15,2
2026-01-01,5,Sarrià-Sant Gervasi,23,Sarrià,23,4,16,1
2026-01-01,5,Sarrià-Sant Gervasi,23,Sarrià,7,4,16,2
2026-01-01,5,Sarrià-Sant Gervasi,23,Sarrià,28,4,17,1
2026-01-01,5,Sarrià-Sant Gervasi,23,Sarrià,..,4,17,2
2026-01-01,5,Sarrià-Sant Gervasi,23,Sarrià,6,4,18,1
2026-01-01,5,Sarrià-Sant Gervasi,23,Sarrià,..,4,19,1
2026-01-01,5,Sarrià-Sant Gervasi,23,Sarrià,..,4,19,2
2026-01-01,5,Sarrià-Sant Gervasi,23,Sarrià,26,5,0,1
2026-01-01,5,Sarrià-Sant Gervasi,23,Sarrià,38,5,0,2
2026-01-01,5,Sarrià-Sant Gervasi,23,Sarrià,110,5,1,1
2026-01-01,5,Sarrià-Sant Gervasi,23,Sarrià,94,5,1,2
2026-01-01,5,Sarrià-Sant Gervasi,23,Sarrià,139,5,2,1
2026-01-01,5,Sarrià-Sant Gervasi,23,Sarrià,118,5,2,2
2026-01-01,5,Sarrià-Sant Gervasi,23,Sarrià,149,5,3,1
2026-01-01,5,Sarrià-Sant Gervasi,23,Sarrià,117,5,3,2
2026-01-01,5,Sarrià-Sant Gervasi,23,Sarrià,153,5,4,1
2026-01-01,5,Sarrià-Sant Gervasi,23,Sarrià,163,5,4,2
2026-01-01,5,Sarrià-Sant Gervasi,23,Sarrià,196,5,5,1
2026-01-01,5,Sarrià-Sant Gervasi,23,Sarrià,164,5,5,2
2026-01-01,5,Sarrià-Sant Gervasi,23,Sarrià,228,5,6,1
2026-01-01,5,Sarrià-Sant Gervasi,23,Sarrià,156,5,6,2
2026-01-01,5,Sarrià-Sant Gervasi,23,Sarrià,270,5,7,1
2026-01-01,5,Sarrià-Sant Gervasi,23,Sarrià,194,5,7,2
2026-01-01,5,Sarrià-Sant Gervasi,23,Sarrià,264,5,8,1
2026-01-01,5,Sarrià-Sant Gervasi,23,Sarrià,190,5,8,2
2026-01-01,5,Sarrià-Sant Gervasi,23,Sarrià,249,5,9,1
2026-01-01,5,Sarrià-Sant Gervasi,23,Sarrià,143,5,9,2
2026-01-01,5,Sarrià-Sant Gervasi,23,Sarrià,162,5,10,1
2026-01-01,5,Sarrià-Sant Gervasi,23,Sarrià,133,5,10,2
2026-01-01,5,Sarrià-Sant Gervasi,23,Sarrià,158,5,11,1
2026-01-01,5,Sarrià-Sant Gervasi,23,Sarrià,82,5,11,2
2026-01-01,5,Sarrià-Sant Gervasi,23,Sarrià,106,5,12,1
2026-01-01,5,Sarrià-Sant Gervasi,23,Sarrià,65,5,12,2
2026-01-01,5,Sarrià-Sant Gervasi,23,Sarrià,87,5,13,1
2026-01-01,5,Sarrià-Sant Gervasi,23,Sarrià,53,5,13,2
2026-01-01,5,Sarrià-Sant Gervasi,23,Sarrià,64,5,14,1
2026-01-01,5,Sarrià-Sant Gervasi,23,Sarrià,31,5,14,2
2026-01-01,5,Sarrià-Sant Gervasi,23,Sarrià,47,5,15,1
2026-01-01,5,Sarrià-Sant Gervasi,23,Sarrià,30,5,15,2
2026-01-01,5,Sarrià-Sant Gervasi,23,Sarrià,37,5,16,1
2026-01-01,5,Sarrià-Sant Gervasi,23,Sarrià,16,5,16,2
2026-01-01,5,Sarrià-Sant Gervasi,23,Sarrià,24,5,17,1
2026-01-01,5,Sarrià-Sant Gervasi,23,Sarrià,8,5,17,2
2026-01-01,5,Sarrià-Sant Gervasi,23,Sarrià,10,5,18,1
2026-01-01,5,Sarrià-Sant Gervasi,23,Sarrià,..,5,18,2
2026-01-01,5,Sarrià-Sant Gervasi,23,Sarrià,9,5,19,1
2026-01-01,5,Sarrià-Sant Gervasi,23,Sarrià,..,6,1,2
2026-01-01,5,Sarrià-Sant Gervasi,23,Sarrià,..,6,2,1
2026-01-01,5,Sarrià-Sant Gervasi,23,Sarrià,..,6,5,1
2026-01-01,5,Sarrià-Sant Gervasi,23,Sarrià,..,6,6,1
2026-01-01,5,Sarrià-Sant Gervasi,23,Sarrià,..,6,7,2
2026-01-01,5,Sarrià-Sant Gervasi,23,Sarrià,..,6,8,1
2026-01-01,5,Sarrià-Sant Gervasi,23,Sarrià,..,6,10,2
2026-01-01,5,Sarrià-Sant Gervasi,23,Sarrià,..,6,11,1
2026-01-01,5,Sarrià-Sant Gervasi,23,Sarrià,..,6,12,1
2026-01-01,5,Sarrià-Sant Gervasi,23,Sarrià,..,6,13,1
2026-01-01,5,Sarrià-Sant Gervasi,24,les Tres Torres,247,1,0,1
2026-01-01,5,Sarrià-Sant Gervasi,24,les Tres Torres,272,1,0,2
2026-01-01,5,Sarrià-Sant Gervasi,24,les Tres Torres,302,1,1,1
2026-01-01,5,Sarrià-Sant Gervasi,24,les Tres Torres,297,1,1,2
2026-01-01,5,Sarrià-Sant Gervasi,24,les Tres Torres,370,1,2,1
2026-01-01,5,Sarrià-Sant Gervasi,24,les Tres Torres,392,1,2,2
2026-01-01,5,Sarrià-Sant Gervasi,24,les Tres Torres,409,1,3,1
2026-01-01,5,Sarrià-Sant Gervasi,24,les Tres Torres,491,1,3,2
2026-01-01,5,Sarrià-Sant Gervasi,24,les Tres Torres,405,1,4,1
2026-01-01,5,Sarrià-Sant Gervasi,24,les Tres Torres,460,1,4,2
2026-01-01,5,Sarrià-Sant Gervasi,24,les Tres Torres,285,1,5,1
2026-01-01,5,Sarrià-Sant Gervasi,24,les Tres Torres,317,1,5,2
2026-01-01,5,Sarrià-Sant Gervasi,24,les Tres Torres,242,1,6,1
2026-01-01,5,Sarrià-Sant Gervasi,24,les Tres Torres,241,1,6,2
2026-01-01,5,Sarrià-Sant Gervasi,24,les Tres Torres,198,1,7,1
2026-01-01,5,Sarrià-Sant Gervasi,24,les Tres Torres,206,1,7,2
2026-01-01,5,Sarrià-Sant Gervasi,24,les Tres Torres,202,1,8,1
2026-01-01,5,Sarrià-Sant Gervasi,24,les Tres Torres,218,1,8,2
2026-01-01,5,Sarrià-Sant Gervasi,24,les Tres Torres,293,1,9,1
2026-01-01,5,Sarrià-Sant Gervasi,24,les Tres Torres,263,1,9,2
2026-01-01,5,Sarrià-Sant Gervasi,24,les Tres Torres,396,1,10,1
2026-01-01,5,Sarrià-Sant Gervasi,24,les Tres Torres,340,1,10,2
2026-01-01,5,Sarrià-Sant Gervasi,24,les Tres Torres,390,1,11,1
2026-01-01,5,Sarrià-Sant Gervasi,24,les Tres Torres,351,1,11,2
2026-01-01,5,Sarrià-Sant Gervasi,24,les Tres Torres,371,1,12,1
2026-01-01,5,Sarrià-Sant Gervasi,24,les Tres Torres,304,1,12,2
2026-01-01,5,Sarrià-Sant Gervasi,24,les Tres Torres,253,1,13,1
2026-01-01,5,Sarrià-Sant Gervasi,24,les Tres Torres,247,1,13,2
2026-01-01,5,Sarrià-Sant Gervasi,24,les Tres Torres,244,1,14,1
2026-01-01,5,Sarrià-Sant Gervasi,24,les Tres Torres,171,1,14,2
2026-01-01,5,Sarrià-Sant Gervasi,24,les Tres Torres,202,1,15,1
2026-01-01,5,Sarrià-Sant Gervasi,24,les Tres Torres,185,1,15,2
2026-01-01,5,Sarrià-Sant Gervasi,24,les Tres Torres,182,1,16,1
2026-01-01,5,Sarrià-Sant Gervasi,24,les Tres Torres,110,1,16,2
2026-01-01,5,Sarrià-Sant Gervasi,24,les Tres Torres,109,1,17,1
2026-01-01,5,Sarrià-Sant Gervasi,24,les Tres Torres,58,1,17,2
2026-01-01,5,Sarrià-Sant Gervasi,24,les Tres Torres,86,1,18,1
2026-01-01,5,Sarrià-Sant Gervasi,24,les Tres Torres,48,1,18,2
2026-01-01,5,Sarrià-Sant Gervasi,24,les Tres Torres,44,1,19,1
2026-01-01,5,Sarrià-Sant Gervasi,24,les Tres Torres,7,1,19,2
2026-01-01,5,Sarrià-Sant Gervasi,24,les Tres Torres,8,1,20,1
2026-01-01,5,Sarrià-Sant Gervasi,24,les Tres Torres,12,2,0,1
2026-01-01,5,Sarrià-Sant Gervasi,24,les Tres Torres,15,2,0,2
2026-01-01,5,Sarrià-Sant Gervasi,24,les Tres Torres,7,2,1,1
2026-01-01,5,Sarrià-Sant Gervasi,24,les Tres Torres,9,2,1,2
2026-01-01,5,Sarrià-Sant Gervasi,24,les Tres Torres,20,2,2,1
2026-01-01,5,Sarrià-Sant Gervasi,24,les Tres Torres,11,2,2,2
2026-01-01,5,Sarrià-Sant Gervasi,24,les Tres Torres,25,2,3,1
2026-01-01,5,Sarrià-Sant Gervasi,24,les Tres Torres,18,2,3,2
2026-01-01,5,Sarrià-Sant Gervasi,24,les Tres Torres,17,2,4,1
2026-01-01,5,Sarrià-Sant Gervasi,24,les Tres Torres,26,2,4,2
2026-01-01,5,Sarrià-Sant Gervasi,24,les Tres Torres,26,2,5,1
2026-01-01,5,Sarrià-Sant Gervasi,24,les Tres Torres,32,2,5,2
2026-01-01,5,Sarrià-Sant Gervasi,24,les Tres Torres,24,2,6,1
2026-01-01,5,Sarrià-Sant Gervasi,24,les Tres Torres,23,2,6,2
2026-01-01,5,Sarrià-Sant Gervasi,24,les Tres Torres,24,2,7,1
2026-01-01,5,Sarrià-Sant Gervasi,24,les Tres Torres,27,2,7,2
2026-01-01,5,Sarrià-Sant Gervasi,24,les Tres Torres,41,2,8,1
2026-01-01,5,Sarrià-Sant Gervasi,24,les Tres Torres,20,2,8,2
2026-01-01,5,Sarrià-Sant Gervasi,24,les Tres Torres,50,2,9,1
2026-01-01,5,Sarrià-Sant Gervasi,24,les Tres Torres,47,2,9,2
2026-01-01,5,Sarrià-Sant Gervasi,24,les Tres Torres,54,2,10,1
2026-01-01,5,Sarrià-Sant Gervasi,24,les Tres Torres,51,2,10,2
2026-01-01,5,Sarrià-Sant Gervasi,24,les Tres Torres,54,2,11,1
2026-01-01,5,Sarrià-Sant Gervasi,24,les Tres Torres,50,2,11,2
2026-01-01,5,Sarrià-Sant Gervasi,24,les Tres Torres,46,2,12,1
2026-01-01,5,Sarrià-Sant Gervasi,24,les Tres Torres,47,2,12,2
2026-01-01,5,Sarrià-Sant Gervasi,24,les Tres Torres,53,2,13,1
2026-01-01,5,Sarrià-Sant Gervasi,24,les Tres Torres,27,2,13,2
2026-01-01,5,Sarrià-Sant Gervasi,24,les Tres Torres,50,2,14,1
2026-01-01,5,Sarrià-Sant Gervasi,24,les Tres Torres,44,2,14,2
2026-01-01,5,Sarrià-Sant Gervasi,24,les Tres Torres,59,2,15,1
2026-01-01,5,Sarrià-Sant Gervasi,24,les Tres Torres,54,2,15,2
2026-01-01,5,Sarrià-Sant Gervasi,24,les Tres Torres,63,2,16,1
2026-01-01,5,Sarrià-Sant Gervasi,24,les Tres Torres,41,2,16,2
2026-01-01,5,Sarrià-Sant Gervasi,24,les Tres Torres,64,2,17,1
2026-01-01,5,Sarrià-Sant Gervasi,24,les Tres Torres,31,2,17,2
2026-01-01,5,Sarrià-Sant Gervasi,24,les Tres Torres,42,2,18,1
2026-01-01,5,Sarrià-Sant Gervasi,24,les Tres Torres,25,2,18,2
2026-01-01,5,Sarrià-Sant Gervasi,24,les Tres Torres,14,2,19,1
2026-01-01,5,Sarrià-Sant Gervasi,24,les Tres Torres,5,2,19,2
2026-01-01,5,Sarrià-Sant Gervasi,24,les Tres Torres,..,2,20,1
2026-01-01,5,Sarrià-Sant Gervasi,24,les Tres Torres,..,2,20,2
2026-01-01,5,Sarrià-Sant Gervasi,24,les Tres Torres,7,3,0,1
2026-01-01,5,Sarrià-Sant Gervasi,24,les Tres Torres,..,3,0,2
2026-01-01,5,Sarrià-Sant Gervasi,24,les Tres Torres,11,3,1,1
2026-01-01,5,Sarrià-Sant Gervasi,24,les Tres Torres,6,3,1,2
2026-01-01,5,Sarrià-Sant Gervasi,24,les Tres Torres,10,3,2,1
2026-01-01,5,Sarrià-Sant Gervasi,24,les Tres Torres,15,3,2,2
2026-01-01,5,Sarrià-Sant Gervasi,24,les Tres Torres,9,3,3,1
2026-01-01,5,Sarrià-Sant Gervasi,24,les Tres Torres,8,3,3,2
2026-01-01,5,Sarrià-Sant Gervasi,24,les Tres Torres,15,3,4,1
2026-01-01,5,Sarrià-Sant Gervasi,24,les Tres Torres,12,3,4,2
2026-01-01,5,Sarrià-Sant Gervasi,24,les Tres Torres,15,3,5,1
2026-01-01,5,Sarrià-Sant Gervasi,24,les Tres Torres,17,3,5,2
2026-01-01,5,Sarrià-Sant Gervasi,24,les Tres Torres,19,3,6,1
2026-01-01,5,Sarrià-Sant Gervasi,24,les Tres Torres,20,3,6,2
2026-01-01,5,Sarrià-Sant Gervasi,24,les Tres Torres,33,3,7,1
2026-01-01,5,Sarrià-Sant Gervasi,24,les Tres Torres,21,3,7,2
2026-01-01,5,Sarrià-Sant Gervasi,24,les Tres Torres,34,3,8,1
2026-01-01,5,Sarrià-Sant Gervasi,24,les Tres Torres,24,3,8,2
2026-01-01,5,Sarrià-Sant Gervasi,24,les Tres Torres,44,3,9,1
2026-01-01,5,Sarrià-Sant Gervasi,24,les Tres Torres,33,3,9,2
2026-01-01,5,Sarrià-Sant Gervasi,24,les Tres Torres,69,3,10,1
2026-01-01,5,Sarrià-Sant Gervasi,24,les Tres Torres,62,3,10,2
2026-01-01,5,Sarrià-Sant Gervasi,24,les Tres Torres,63,3,11,1
2026-01-01,5,Sarrià-Sant Gervasi,24,les Tres Torres,43,3,11,2
2026-01-01,5,Sarrià-Sant Gervasi,24,les Tres Torres,57,3,12,1
2026-01-01,5,Sarrià-Sant Gervasi,24,les Tres Torres,47,3,12,2
2026-01-01,5,Sarrià-Sant Gervasi,24,les Tres Torres,73,3,13,1
2026-01-01,5,Sarrià-Sant Gervasi,24,les Tres Torres,50,3,13,2
2026-01-01,5,Sarrià-Sant Gervasi,24,les Tres Torres,81,3,14,1
2026-01-01,5,Sarrià-Sant Gervasi,24,les Tres Torres,51,3,14,2
2026-01-01,5,Sarrià-Sant Gervasi,24,les Tres Torres,105,3,15,1
2026-01-01,5,Sarrià-Sant Gervasi,24,les Tres Torres,61,3,15,2
2026-01-01,5,Sarrià-Sant Gervasi,24,les Tres Torres,95,3,16,1
2026-01-01,5,Sarrià-Sant Gervasi,24,les Tres Torres,63,3,16,2
2026-01-01,5,Sarrià-Sant Gervasi,24,les Tres Torres,71,3,17,1
2026-01-01,5,Sarrià-Sant Gervasi,24,les Tres Torres,47,3,17,2
2026-01-01,5,Sarrià-Sant Gervasi,24,les Tres Torres,44,3,18,1
2026-01-01,5,Sarrià-Sant Gervasi,24,les Tres Torres,17,3,18,2
2026-01-01,5,Sarrià-Sant Gervasi,24,les Tres Torres,22,3,19,1
2026-01-01,5,Sarrià-Sant Gervasi,24,les Tres Torres,5,3,19,2
2026-01-01,5,Sarrià-Sant Gervasi,24,les Tres Torres,..,3,20,1
2026-01-01,5,Sarrià-Sant Gervasi,24,les Tres Torres,8,4,0,1
2026-01-01,5,Sarrià-Sant Gervasi,24,les Tres Torres,12,4,0,2
2026-01-01,5,Sarrià-Sant Gervasi,24,les Tres Torres,14,4,1,1
2026-01-01,5,Sarrià-Sant Gervasi,24,les Tres Torres,22,4,1,2
2026-01-01,5,Sarrià-Sant Gervasi,24,les Tres Torres,21,4,2,1
2026-01-01,5,Sarrià-Sant Gervasi,24,les Tres Torres,25,4,2,2
2026-01-01,5,Sarrià-Sant Gervasi,24,les Tres Torres,21,4,3,1
2026-01-01,5,Sarrià-Sant Gervasi,24,les Tres Torres,28,4,3,2
2026-01-01,5,Sarrià-Sant Gervasi,24,les Tres Torres,15,4,4,1
2026-01-01,5,Sarrià-Sant Gervasi,24,les Tres Torres,16,4,4,2
2026-01-01,5,Sarrià-Sant Gervasi,24,les Tres Torres,17,4,5,1
2026-01-01,5,Sarrià-Sant Gervasi,24,les Tres Torres,11,4,5,2
2026-01-01,5,Sarrià-Sant Gervasi,24,les Tres Torres,15,4,6,1
2026-01-01,5,Sarrià-Sant Gervasi,24,les Tres Torres,21,4,6,2
2026-01-01,5,Sarrià-Sant Gervasi,24,les Tres Torres,25,4,7,1
2026-01-01,5,Sarrià-Sant Gervasi,24,les Tres Torres,28,4,7,2
2026-01-01,5,Sarrià-Sant Gervasi,24,les Tres Torres,30,4,8,1
2026-01-01,5,Sarrià-Sant Gervasi,24,les Tres Torres,32,4,8,2
2026-01-01,5,Sarrià-Sant Gervasi,24,les Tres Torres,31,4,9,1
2026-01-01,5,Sarrià-Sant Gervasi,24,les Tres Torres,36,4,9,2
2026-01-01,5,Sarrià-Sant Gervasi,24,les Tres Torres,31,4,10,1
2026-01-01,5,Sarrià-Sant Gervasi,24,les Tres Torres,35,4,10,2
2026-01-01,5,Sarrià-Sant Gervasi,24,les Tres Torres,27,4,11,1
2026-01-01,5,Sarrià-Sant Gervasi,24,les Tres Torres,28,4,11,2
2026-01-01,5,Sarrià-Sant Gervasi,24,les Tres Torres,10,4,12,1
2026-01-01,5,Sarrià-Sant Gervasi,24,les Tres Torres,15,4,12,2
2026-01-01,5,Sarrià-Sant Gervasi,24,les Tres Torres,6,4,13,1
2026-01-01,5,Sarrià-Sant Gervasi,24,les Tres Torres,6,4,13,2
2026-01-01,5,Sarrià-Sant Gervasi,24,les Tres Torres,..,4,14,1
2026-01-01,5,Sarrià-Sant Gervasi,24,les Tres Torres,..,4,14,2
2026-01-01,5,Sarrià-Sant Gervasi,24,les Tres Torres,7,4,15,1
2026-01-01,5,Sarrià-Sant Gervasi,24,les Tres Torres,10,4,15,2
2026-01-01,5,Sarrià-Sant Gervasi,24,les Tres Torres,19,4,16,1
2026-01-01,5,Sarrià-Sant Gervasi,24,les Tres Torres,..,4,16,2
2026-01-01,5,Sarrià-Sant Gervasi,24,les Tres Torres,16,4,17,1
2026-01-01,5,Sarrià-Sant Gervasi,24,les Tres Torres,7,4,17,2
2026-01-01,5,Sarrià-Sant Gervasi,24,les Tres Torres,7,4,18,1
2026-01-01,5,Sarrià-Sant Gervasi,24,les Tres Torres,..,4,18,2
2026-01-01,5,Sarrià-Sant Gervasi,24,les Tres Torres,..,4,19,1
2026-01-01,5,Sarrià-Sant Gervasi,24,les Tres Torres,..,4,19,2
2026-01-01,5,Sarrià-Sant Gervasi,24,les Tres Torres,17,5,0,1
2026-01-01,5,Sarrià-Sant Gervasi,24,les Tres Torres,19,5,0,2
2026-01-01,5,Sarrià-Sant Gervasi,24,les Tres Torres,71,5,1,1
2026-01-01,5,Sarrià-Sant Gervasi,24,les Tres Torres,50,5,1,2
2026-01-01,5,Sarrià-Sant Gervasi,24,les Tres Torres,64,5,2,1
2026-01-01,5,Sarrià-Sant Gervasi,24,les Tres Torres,87,5,2,2
2026-01-01,5,Sarrià-Sant Gervasi,24,les Tres Torres,94,5,3,1
2026-01-01,5,Sarrià-Sant Gervasi,24,les Tres Torres,97,5,3,2
2026-01-01,5,Sarrià-Sant Gervasi,24,les Tres Torres,89,5,4,1
2026-01-01,5,Sarrià-Sant Gervasi,24,les Tres Torres,85,5,4,2
2026-01-01,5,Sarrià-Sant Gervasi,24,les Tres Torres,110,5,5,1
2026-01-01,5,Sarrià-Sant Gervasi,24,les Tres Torres,81,5,5,2
2026-01-01,5,Sarrià-Sant Gervasi,24,les Tres Torres,125,5,6,1
2026-01-01,5,Sarrià-Sant Gervasi,24,les Tres Torres,80,5,6,2
2026-01-01,5,Sarrià-Sant Gervasi,24,les Tres Torres,163,5,7,1
2026-01-01,5,Sarrià-Sant Gervasi,24,les Tres Torres,107,5,7,2
2026-01-01,5,Sarrià-Sant Gervasi,24,les Tres Torres,149,5,8,1
2026-01-01,5,Sarrià-Sant Gervasi,24,les Tres Torres,101,5,8,2
2026-01-01,5,Sarrià-Sant Gervasi,24,les Tres Torres,135,5,9,1
2026-01-01,5,Sarrià-Sant Gervasi,24,les Tres Torres,89,5,9,2
2026-01-01,5,Sarrià-Sant Gervasi,24,les Tres Torres,134,5,10,1
2026-01-01,5,Sarrià-Sant Gervasi,24,les Tres Torres,90,5,10,2
2026-01-01,5,Sarrià-Sant Gervasi,24,les Tres Torres,87,5,11,1
2026-01-01,5,Sarrià-Sant Gervasi,24,les Tres Torres,75,5,11,2
2026-01-01,5,Sarrià-Sant Gervasi,24,les Tres Torres,77,5,12,1
2026-01-01,5,Sarrià-Sant Gervasi,24,les Tres Torres,68,5,12,2
2026-01-01,5,Sarrià-Sant Gervasi,24,les Tres Torres,63,5,13,1
2026-01-01,5,Sarrià-Sant Gervasi,24,les Tres Torres,38,5,13,2
2026-01-01,5,Sarrià-Sant Gervasi,24,les Tres Torres,41,5,14,1
2026-01-01,5,Sarrià-Sant Gervasi,24,les Tres Torres,25,5,14,2
2026-01-01,5,Sarrià-Sant Gervasi,24,les Tres Torres,28,5,15,1
2026-01-01,5,Sarrià-Sant Gervasi,24,les Tres Torres,17,5,15,2
2026-01-01,5,Sarrià-Sant Gervasi,24,les Tres Torres,22,5,16,1
2026-01-01,5,Sarrià-Sant Gervasi,24,les Tres Torres,11,5,16,2
2026-01-01,5,Sarrià-Sant Gervasi,24,les Tres Torres,14,5,17,1
2026-01-01,5,Sarrià-Sant Gervasi,24,les Tres Torres,7,5,17,2
2026-01-01,5,Sarrià-Sant Gervasi,24,les Tres Torres,..,5,18,1
2026-01-01,5,Sarrià-Sant Gervasi,24,les Tres Torres,..,5,18,2
2026-01-01,5,Sarrià-Sant Gervasi,24,les Tres Torres,..,5,19,1
2026-01-01,5,Sarrià-Sant Gervasi,24,les Tres Torres,..,5,19,2
2026-01-01,5,Sarrià-Sant Gervasi,24,les Tres Torres,..,5,20,1
2026-01-01,5,Sarrià-Sant Gervasi,25,Sant Gervasi - la Bonanova,408,1,0,1
2026-01-01,5,Sarrià-Sant Gervasi,25,Sant Gervasi - la Bonanova,455,1,0,2
2026-01-01,5,Sarrià-Sant Gervasi,25,Sant Gervasi - la Bonanova,427,1,1,1
2026-01-01,5,Sarrià-Sant Gervasi,25,Sant Gervasi - la Bonanova,440,1,1,2
2026-01-01,5,Sarrià-Sant Gervasi,25,Sant Gervasi - la Bonanova,542,1,2,1
2026-01-01,5,Sarrià-Sant Gervasi,25,Sant Gervasi - la Bonanova,559,1,2,2
2026-01-01,5,Sarrià-Sant Gervasi,25,Sant Gervasi - la Bonanova,647,1,3,1
2026-01-01,5,Sarrià-Sant Gervasi,25,Sant Gervasi - la Bonanova,595,1,3,2
2026-01-01,5,Sarrià-Sant Gervasi,25,Sant Gervasi - la Bonanova,610,1,4,1
2026-01-01,5,Sarrià-Sant Gervasi,25,Sant Gervasi - la Bonanova,583,1,4,2
2026-01-01,5,Sarrià-Sant Gervasi,25,Sant Gervasi - la Bonanova,419,1,5,1
2026-01-01,5,Sarrià-Sant Gervasi,25,Sant Gervasi - la Bonanova,440,1,5,2
2026-01-01,5,Sarrià-Sant Gervasi,25,Sant Gervasi - la Bonanova,403,1,6,1
2026-01-01,5,Sarrià-Sant Gervasi,25,Sant Gervasi - la Bonanova,423,1,6,2
2026-01-01,5,Sarrià-Sant Gervasi,25,Sant Gervasi - la Bonanova,305,1,7,1
2026-01-01,5,Sarrià-Sant Gervasi,25,Sant Gervasi - la Bonanova,331,1,7,2
2026-01-01,5,Sarrià-Sant Gervasi,25,Sant Gervasi - la Bonanova,327,1,8,1
2026-01-01,5,Sarrià-Sant Gervasi,25,Sant Gervasi - la Bonanova,348,1,8,2
2026-01-01,5,Sarrià-Sant Gervasi,25,Sant Gervasi - la Bonanova,419,1,9,1
2026-01-01,5,Sarrià-Sant Gervasi,25,Sant Gervasi - la Bonanova,400,1,9,2
2026-01-01,5,Sarrià-Sant Gervasi,25,Sant Gervasi - la Bonanova,629,1,10,1
2026-01-01,5,Sarrià-Sant Gervasi,25,Sant Gervasi - la Bonanova,567,1,10,2
2026-01-01,5,Sarrià-Sant Gervasi,25,Sant Gervasi - la Bonanova,558,1,11,1
2026-01-01,5,Sarrià-Sant Gervasi,25,Sant Gervasi - la Bonanova,506,1,11,2
2026-01-01,5,Sarrià-Sant Gervasi,25,Sant Gervasi - la Bonanova,554,1,12,1
2026-01-01,5,Sarrià-Sant Gervasi,25,Sant Gervasi - la Bonanova,493,1,12,2
2026-01-01,5,Sarrià-Sant Gervasi,25,Sant Gervasi - la Bonanova,503,1,13,1
2026-01-01,5,Sarrià-Sant Gervasi,25,Sant Gervasi - la Bonanova,403,1,13,2
2026-01-01,5,Sarrià-Sant Gervasi,25,Sant Gervasi - la Bonanova,355,1,14,1
2026-01-01,5,Sarrià-Sant Gervasi,25,Sant Gervasi - la Bonanova,312,1,14,2
2026-01-01,5,Sarrià-Sant Gervasi,25,Sant Gervasi - la Bonanova,364,1,15,1
2026-01-01,5,Sarrià-Sant Gervasi,25,Sant Gervasi - la Bonanova,263,1,15,2
2026-01-01,5,Sarrià-Sant Gervasi,25,Sant Gervasi - la Bonanova,300,1,16,1
2026-01-01,5,Sarrià-Sant Gervasi,25,Sant Gervasi - la Bonanova,208,1,16,2
2026-01-01,5,Sarrià-Sant Gervasi,25,Sant Gervasi - la Bonanova,175,1,17,1
2026-01-01,5,Sarrià-Sant Gervasi,25,Sant Gervasi - la Bonanova,118,1,17,2
2026-01-01,5,Sarrià-Sant Gervasi,25,Sant Gervasi - la Bonanova,137,1,18,1
2026-01-01,5,Sarrià-Sant Gervasi,25,Sant Gervasi - la Bonanova,65,1,18,2
2026-01-01,5,Sarrià-Sant Gervasi,25,Sant Gervasi - la Bonanova,68,1,19,1
2026-01-01,5,Sarrià-Sant Gervasi,25,Sant Gervasi - la Bonanova,17,1,19,2
2026-01-01,5,Sarrià-Sant Gervasi,25,Sant Gervasi - la Bonanova,16,1,20,1
2026-01-01,5,Sarrià-Sant Gervasi,25,Sant Gervasi - la Bonanova,..,1,20,2
2026-01-01,5,Sarrià-Sant Gervasi,25,Sant Gervasi - la Bonanova,25,2,0,1
2026-01-01,5,Sarrià-Sant Gervasi,25,Sant Gervasi - la Bonanova,18,2,0,2
2026-01-01,5,Sarrià-Sant Gervasi,25,Sant Gervasi - la Bonanova,18,2,1,1
2026-01-01,5,Sarrià-Sant Gervasi,25,Sant Gervasi - la Bonanova,25,2,1,2
2026-01-01,5,Sarrià-Sant Gervasi,25,Sant Gervasi - la Bonanova,32,2,2,1
2026-01-01,5,Sarrià-Sant Gervasi,25,Sant Gervasi - la Bonanova,32,2,2,2
2026-01-01,5,Sarrià-Sant Gervasi,25,Sant Gervasi - la Bonanova,41,2,3,1
2026-01-01,5,Sarrià-Sant Gervasi,25,Sant Gervasi - la Bonanova,43,2,3,2
2026-01-01,5,Sarrià-Sant Gervasi,25,Sant Gervasi - la Bonanova,32,2,4,1
2026-01-01,5,Sarrià-Sant Gervasi,25,Sant Gervasi - la Bonanova,44,2,4,2
2026-01-01,5,Sarrià-Sant Gervasi,25,Sant Gervasi - la Bonanova,59,2,5,1
2026-01-01,5,Sarrià-Sant Gervasi,25,Sant Gervasi - la Bonanova,32,2,5,2
2026-01-01,5,Sarrià-Sant Gervasi,25,Sant Gervasi - la Bonanova,56,2,6,1
2026-01-01,5,Sarrià-Sant Gervasi,25,Sant Gervasi - la Bonanova,38,2,6,2
2026-01-01,5,Sarrià-Sant Gervasi,25,Sant Gervasi - la Bonanova,40,2,7,1
2026-01-01,5,Sarrià-Sant Gervasi,25,Sant Gervasi - la Bonanova,49,2,7,2
2026-01-01,5,Sarrià-Sant Gervasi,25,Sant Gervasi - la Bonanova,58,2,8,1
2026-01-01,5,Sarrià-Sant Gervasi,25,Sant Gervasi - la Bonanova,50,2,8,2
2026-01-01,5,Sarrià-Sant Gervasi,25,Sant Gervasi - la Bonanova,67,2,9,1
2026-01-01,5,Sarrià-Sant Gervasi,25,Sant Gervasi - la Bonanova,75,2,9,2
2026-01-01,5,Sarrià-Sant Gervasi,25,Sant Gervasi - la Bonanova,82,2,10,1
2026-01-01,5,Sarrià-Sant Gervasi,25,Sant Gervasi - la Bonanova,67,2,10,2
2026-01-01,5,Sarrià-Sant Gervasi,25,Sant Gervasi - la Bonanova,78,2,11,1
2026-01-01,5,Sarrià-Sant Gervasi,25,Sant Gervasi - la Bonanova,64,2,11,2
2026-01-01,5,Sarrià-Sant Gervasi,25,Sant Gervasi - la Bonanova,93,2,12,1
2026-01-01,5,Sarrià-Sant Gervasi,25,Sant Gervasi - la Bonanova,58,2,12,2
2026-01-01,5,Sarrià-Sant Gervasi,25,Sant Gervasi - la Bonanova,87,2,13,1
2026-01-01,5,Sarrià-Sant Gervasi,25,Sant Gervasi - la Bonanova,53,2,13,2
2026-01-01,5,Sarrià-Sant Gervasi,25,Sant Gervasi - la Bonanova,89,2,14,1
2026-01-01,5,Sarrià-Sant Gervasi,25,Sant Gervasi - la Bonanova,51,2,14,2
2026-01-01,5,Sarrià-Sant Gervasi,25,Sant Gervasi - la Bonanova,88,2,15,1
2026-01-01,5,Sarrià-Sant Gervasi,25,Sant Gervasi - la Bonanova,63,2,15,2
2026-01-01,5,Sarrià-Sant Gervasi,25,Sant Gervasi - la Bonanova,96,2,16,1
2026-01-01,5,Sarrià-Sant Gervasi,25,Sant Gervasi - la Bonanova,69,2,16,2
2026-01-01,5,Sarrià-Sant Gervasi,25,Sant Gervasi - la Bonanova,77,2,17,1
2026-01-01,5,Sarrià-Sant Gervasi,25,Sant Gervasi - la Bonanova,51,2,17,2
2026-01-01,5,Sarrià-Sant Gervasi,25,Sant Gervasi - la Bonanova,49,2,18,1
2026-01-01,5,Sarrià-Sant Gervasi,25,Sant Gervasi - la Bonanova,22,2,18,2
2026-01-01,5,Sarrià-Sant Gervasi,25,Sant Gervasi - la Bonanova,20,2,19,1
2026-01-01,5,Sarrià-Sant Gervasi,25,Sant Gervasi - la Bonanova,..,2,19,2
2026-01-01,5,Sarrià-Sant Gervasi,25,Sant Gervasi - la Bonanova,11,2,20,1
2026-01-01,5,Sarrià-Sant Gervasi,25,Sant Gervasi - la Bonanova,..,2,20,2
2026-01-01,5,Sarrià-Sant Gervasi,25,Sant Gervasi - la Bonanova,..,3,0,1
2026-01-01,5,Sarrià-Sant Gervasi,25,Sant Gervasi - la Bonanova,10,3,0,2
2026-01-01,5,Sarrià-Sant Gervasi,25,Sant Gervasi - la Bonanova,10,3,1,1
2026-01-01,5,Sarrià-Sant Gervasi,25,Sant Gervasi - la Bonanova,18,3,1,2
2026-01-01,5,Sarrià-Sant Gervasi,25,Sant Gervasi - la Bonanova,15,3,2,1
2026-01-01,5,Sarrià-Sant Gervasi,25,Sant Gervasi - la Bonanova,9,3,2,2
2026-01-01,5,Sarrià-Sant Gervasi,25,Sant Gervasi - la Bonanova,10,3,3,1
2026-01-01,5,Sarrià-Sant Gervasi,25,Sant Gervasi - la Bonanova,12,3,3,2
2026-01-01,5,Sarrià-Sant Gervasi,25,Sant Gervasi - la Bonanova,22,3,4,1
2026-01-01,5,Sarrià-Sant Gervasi,25,Sant Gervasi - la Bonanova,14,3,4,2
2026-01-01,5,Sarrià-Sant Gervasi,25,Sant Gervasi - la Bonanova,36,3,5,1
2026-01-01,5,Sarrià-Sant Gervasi,25,Sant Gervasi - la Bonanova,31,3,5,2
2026-01-01,5,Sarrià-Sant Gervasi,25,Sant Gervasi - la Bonanova,47,3,6,1
2026-01-01,5,Sarrià-Sant Gervasi,25,Sant Gervasi - la Bonanova,43,3,6,2
2026-01-01,5,Sarrià-Sant Gervasi,25,Sant Gervasi - la Bonanova,41,3,7,1
2026-01-01,5,Sarrià-Sant Gervasi,25,Sant Gervasi - la Bonanova,45,3,7,2
2026-01-01,5,Sarrià-Sant Gervasi,25,Sant Gervasi - la Bonanova,84,3,8,1
2026-01-01,5,Sarrià-Sant Gervasi,25,Sant Gervasi - la Bonanova,54,3,8,2
2026-01-01,5,Sarrià-Sant Gervasi,25,Sant Gervasi - la Bonanova,73,3,9,1
2026-01-01,5,Sarrià-Sant Gervasi,25,Sant Gervasi - la Bonanova,68,3,9,2
2026-01-01,5,Sarrià-Sant Gervasi,25,Sant Gervasi - la Bonanova,97,3,10,1
2026-01-01,5,Sarrià-Sant Gervasi,25,Sant Gervasi - la Bonanova,66,3,10,2
2026-01-01,5,Sarrià-Sant Gervasi,25,Sant Gervasi - la Bonanova,82,3,11,1
2026-01-01,5,Sarrià-Sant Gervasi,25,Sant Gervasi - la Bonanova,56,3,11,2
2026-01-01,5,Sarrià-Sant Gervasi,25,Sant Gervasi - la Bonanova,100,3,12,1
2026-01-01,5,Sarrià-Sant Gervasi,25,Sant Gervasi - la Bonanova,74,3,12,2
2026-01-01,5,Sarrià-Sant Gervasi,25,Sant Gervasi - la Bonanova,90,3,13,1
2026-01-01,5,Sarrià-Sant Gervasi,25,Sant Gervasi - la Bonanova,79,3,13,2
2026-01-01,5,Sarrià-Sant Gervasi,25,Sant Gervasi - la Bonanova,124,3,14,1
2026-01-01,5,Sarrià-Sant Gervasi,25,Sant Gervasi - la Bonanova,74,3,14,2
2026-01-01,5,Sarrià-Sant Gervasi,25,Sant Gervasi - la Bonanova,162,3,15,1
2026-01-01,5,Sarrià-Sant Gervasi,25,Sant Gervasi - la Bonanova,117,3,15,2
2026-01-01,5,Sarrià-Sant Gervasi,25,Sant Gervasi - la Bonanova,150,3,16,1
2026-01-01,5,Sarrià-Sant Gervasi,25,Sant Gervasi - la Bonanova,75,3,16,2
2026-01-01,5,Sarrià-Sant Gervasi,25,Sant Gervasi - la Bonanova,122,3,17,1
2026-01-01,5,Sarrià-Sant Gervasi,25,Sant Gervasi - la Bonanova,60,3,17,2
2026-01-01,5,Sarrià-Sant Gervasi,25,Sant Gervasi - la Bonanova,75,3,18,1
2026-01-01,5,Sarrià-Sant Gervasi,25,Sant Gervasi - la Bonanova,23,3,18,2
2026-01-01,5,Sarrià-Sant Gervasi,25,Sant Gervasi - la Bonanova,29,3,19,1
2026-01-01,5,Sarrià-Sant Gervasi,25,Sant Gervasi - la Bonanova,7,3,19,2
2026-01-01,5,Sarrià-Sant Gervasi,25,Sant Gervasi - la Bonanova,5,3,20,1
2026-01-01,5,Sarrià-Sant Gervasi,25,Sant Gervasi - la Bonanova,13,4,0,1
2026-01-01,5,Sarrià-Sant Gervasi,25,Sant Gervasi - la Bonanova,13,4,0,2
2026-01-01,5,Sarrià-Sant Gervasi,25,Sant Gervasi - la Bonanova,36,4,1,1
2026-01-01,5,Sarrià-Sant Gervasi,25,Sant Gervasi - la Bonanova,34,4,1,2
2026-01-01,5,Sarrià-Sant Gervasi,25,Sant Gervasi - la Bonanova,20,4,2,1
2026-01-01,5,Sarrià-Sant Gervasi,25,Sant Gervasi - la Bonanova,32,4,2,2
2026-01-01,5,Sarrià-Sant Gervasi,25,Sant Gervasi - la Bonanova,26,4,3,1
2026-01-01,5,Sarrià-Sant Gervasi,25,Sant Gervasi - la Bonanova,30,4,3,2
2026-01-01,5,Sarrià-Sant Gervasi,25,Sant Gervasi - la Bonanova,42,4,4,1
2026-01-01,5,Sarrià-Sant Gervasi,25,Sant Gervasi - la Bonanova,42,4,4,2
2026-01-01,5,Sarrià-Sant Gervasi,25,Sant Gervasi - la Bonanova,42,4,5,1
2026-01-01,5,Sarrià-Sant Gervasi,25,Sant Gervasi - la Bonanova,36,4,5,2
2026-01-01,5,Sarrià-Sant Gervasi,25,Sant Gervasi - la Bonanova,63,4,6,1
2026-01-01,5,Sarrià-Sant Gervasi,25,Sant Gervasi - la Bonanova,47,4,6,2
2026-01-01,5,Sarrià-Sant Gervasi,25,Sant Gervasi - la Bonanova,75,4,7,1
2026-01-01,5,Sarrià-Sant Gervasi,25,Sant Gervasi - la Bonanova,61,4,7,2
2026-01-01,5,Sarrià-Sant Gervasi,25,Sant Gervasi - la Bonanova,66,4,8,1
2026-01-01,5,Sarrià-Sant Gervasi,25,Sant Gervasi - la Bonanova,68,4,8,2
2026-01-01,5,Sarrià-Sant Gervasi,25,Sant Gervasi - la Bonanova,52,4,9,1
2026-01-01,5,Sarrià-Sant Gervasi,25,Sant Gervasi - la Bonanova,75,4,9,2
2026-01-01,5,Sarrià-Sant Gervasi,25,Sant Gervasi - la Bonanova,48,4,10,1
2026-01-01,5,Sarrià-Sant Gervasi,25,Sant Gervasi - la Bonanova,47,4,10,2
2026-01-01,5,Sarrià-Sant Gervasi,25,Sant Gervasi - la Bonanova,25,4,11,1
2026-01-01,5,Sarrià-Sant Gervasi,25,Sant Gervasi - la Bonanova,46,4,11,2
2026-01-01,5,Sarrià-Sant Gervasi,25,Sant Gervasi - la Bonanova,17,4,12,1
2026-01-01,5,Sarrià-Sant Gervasi,25,Sant Gervasi - la Bonanova,25,4,12,2
2026-01-01,5,Sarrià-Sant Gervasi,25,Sant Gervasi - la Bonanova,11,4,13,1
2026-01-01,5,Sarrià-Sant Gervasi,25,Sant Gervasi - la Bonanova,10,4,13,2
2026-01-01,5,Sarrià-Sant Gervasi,25,Sant Gervasi - la Bonanova,7,4,14,1
2026-01-01,5,Sarrià-Sant Gervasi,25,Sant Gervasi - la Bonanova,10,4,14,2
2026-01-01,5,Sarrià-Sant Gervasi,25,Sant Gervasi - la Bonanova,13,4,15,1
2026-01-01,5,Sarrià-Sant Gervasi,25,Sant Gervasi - la Bonanova,10,4,15,2
2026-01-01,5,Sarrià-Sant Gervasi,25,Sant Gervasi - la Bonanova,19,4,16,1
2026-01-01,5,Sarrià-Sant Gervasi,25,Sant Gervasi - la Bonanova,5,4,16,2
2026-01-01,5,Sarrià-Sant Gervasi,25,Sant Gervasi - la Bonanova,19,4,17,1
2026-01-01,5,Sarrià-Sant Gervasi,25,Sant Gervasi - la Bonanova,..,4,17,2
2026-01-01,5,Sarrià-Sant Gervasi,25,Sant Gervasi - la Bonanova,8,4,18,1
2026-01-01,5,Sarrià-Sant Gervasi,25,Sant Gervasi - la Bonanova,..,4,18,2
2026-01-01,5,Sarrià-Sant Gervasi,25,Sant Gervasi - la Bonanova,5,4,19,1
2026-01-01,5,Sarrià-Sant Gervasi,25,Sant Gervasi - la Bonanova,..,4,19,2
2026-01-01,5,Sarrià-Sant Gervasi,25,Sant Gervasi - la Bonanova,36,5,0,1
2026-01-01,5,Sarrià-Sant Gervasi,25,Sant Gervasi - la Bonanova,43,5,0,2
2026-01-01,5,Sarrià-Sant Gervasi,25,Sant Gervasi - la Bonanova,100,5,1,1
2026-01-01,5,Sarrià-Sant Gervasi,25,Sant Gervasi - la Bonanova,146,5,1,2
2026-01-01,5,Sarrià-Sant Gervasi,25,Sant Gervasi - la Bonanova,123,5,2,1
2026-01-01,5,Sarrià-Sant Gervasi,25,Sant Gervasi - la Bonanova,136,5,2,2
2026-01-01,5,Sarrià-Sant Gervasi,25,Sant Gervasi - la Bonanova,149,5,3,1
2026-01-01,5,Sarrià-Sant Gervasi,25,Sant Gervasi - la Bonanova,135,5,3,2
2026-01-01,5,Sarrià-Sant Gervasi,25,Sant Gervasi - la Bonanova,234,5,4,1
2026-01-01,5,Sarrià-Sant Gervasi,25,Sant Gervasi - la Bonanova,169,5,4,2
2026-01-01,5,Sarrià-Sant Gervasi,25,Sant Gervasi - la Bonanova,314,5,5,1
2026-01-01,5,Sarrià-Sant Gervasi,25,Sant Gervasi - la Bonanova,251,5,5,2
2026-01-01,5,Sarrià-Sant Gervasi,25,Sant Gervasi - la Bonanova,345,5,6,1
2026-01-01,5,Sarrià-Sant Gervasi,25,Sant Gervasi - la Bonanova,266,5,6,2
2026-01-01,5,Sarrià-Sant Gervasi,25,Sant Gervasi - la Bonanova,328,5,7,1
2026-01-01,5,Sarrià-Sant Gervasi,25,Sant Gervasi - la Bonanova,250,5,7,2
2026-01-01,5,Sarrià-Sant Gervasi,25,Sant Gervasi - la Bonanova,331,5,8,1
2026-01-01,5,Sarrià-Sant Gervasi,25,Sant Gervasi - la Bonanova,231,5,8,2
2026-01-01,5,Sarrià-Sant Gervasi,25,Sant Gervasi - la Bonanova,259,5,9,1
2026-01-01,5,Sarrià-Sant Gervasi,25,Sant Gervasi - la Bonanova,177,5,9,2
2026-01-01,5,Sarrià-Sant Gervasi,25,Sant Gervasi - la Bonanova,263,5,10,1
2026-01-01,5,Sarrià-Sant Gervasi,25,Sant Gervasi - la Bonanova,167,5,10,2
2026-01-01,5,Sarrià-Sant Gervasi,25,Sant Gervasi - la Bonanova,162,5,11,1
2026-01-01,5,Sarrià-Sant Gervasi,25,Sant Gervasi - la Bonanova,112,5,11,2
2026-01-01,5,Sarrià-Sant Gervasi,25,Sant Gervasi - la Bonanova,160,5,12,1
2026-01-01,5,Sarrià-Sant Gervasi,25,Sant Gervasi - la Bonanova,86,5,12,2
2026-01-01,5,Sarrià-Sant Gervasi,25,Sant Gervasi - la Bonanova,107,5,13,1
2026-01-01,5,Sarrià-Sant Gervasi,25,Sant Gervasi - la Bonanova,60,5,13,2
2026-01-01,5,Sarrià-Sant Gervasi,25,Sant Gervasi - la Bonanova,96,5,14,1
2026-01-01,5,Sarrià-Sant Gervasi,25,Sant Gervasi - la Bonanova,40,5,14,2
2026-01-01,5,Sarrià-Sant Gervasi,25,Sant Gervasi - la Bonanova,61,5,15,1
2026-01-01,5,Sarrià-Sant Gervasi,25,Sant Gervasi - la Bonanova,29,5,15,2
2026-01-01,5,Sarrià-Sant Gervasi,25,Sant Gervasi - la Bonanova,41,5,16,1
2026-01-01,5,Sarrià-Sant Gervasi,25,Sant Gervasi - la Bonanova,16,5,16,2
2026-01-01,5,Sarrià-Sant Gervasi,25,Sant Gervasi - la Bonanova,14,5,17,1
2026-01-01,5,Sarrià-Sant Gervasi,25,Sant Gervasi - la Bonanova,18,5,17,2
2026-01-01,5,Sarrià-Sant Gervasi,25,Sant Gervasi - la Bonanova,10,5,18,1
2026-01-01,5,Sarrià-Sant Gervasi,25,Sant Gervasi - la Bonanova,5,5,18,2
2026-01-01,5,Sarrià-Sant Gervasi,25,Sant Gervasi - la Bonanova,..,5,19,1
2026-01-01,5,Sarrià-Sant Gervasi,25,Sant Gervasi - la Bonanova,..,6,3,1
2026-01-01,5,Sarrià-Sant Gervasi,25,Sant Gervasi - la Bonanova,..,6,5,2
2026-01-01,5,Sarrià-Sant Gervasi,25,Sant Gervasi - la Bonanova,..,6,6,1
2026-01-01,5,Sarrià-Sant Gervasi,25,Sant Gervasi - la Bonanova,..,6,8,1
2026-01-01,5,Sarrià-Sant Gervasi,25,Sant Gervasi - la Bonanova,..,6,8,2
2026-01-01,5,Sarrià-Sant Gervasi,25,Sant Gervasi - la Bonanova,..,6,10,1
2026-01-01,5,Sarrià-Sant Gervasi,25,Sant Gervasi - la Bonanova,..,6,13,1
2026-01-01,5,Sarrià-Sant Gervasi,26,Sant Gervasi - Galvany,809,1,0,1
2026-01-01,5,Sarrià-Sant Gervasi,26,Sant Gervasi - Galvany,914,1,0,2
2026-01-01,5,Sarrià-Sant Gervasi,26,Sant Gervasi - Galvany,745,1,1,1
2026-01-01,5,Sarrià-Sant Gervasi,26,Sant Gervasi - Galvany,723,1,1,2
2026-01-01,5,Sarrià-Sant Gervasi,26,Sant Gervasi - Galvany,892,1,2,1
2026-01-01,5,Sarrià-Sant Gervasi,26,Sant Gervasi - Galvany,805,1,2,2
2026-01-01,5,Sarrià-Sant Gervasi,26,Sant Gervasi - Galvany,946,1,3,1
2026-01-01,5,Sarrià-Sant Gervasi,26,Sant Gervasi - Galvany,1040,1,3,2
2026-01-01,5,Sarrià-Sant Gervasi,26,Sant Gervasi - Galvany,1029,1,4,1
2026-01-01,5,Sarrià-Sant Gervasi,26,Sant Gervasi - Galvany,1051,1,4,2
2026-01-01,5,Sarrià-Sant Gervasi,26,Sant Gervasi - Galvany,856,1,5,1
2026-01-01,5,Sarrià-Sant Gervasi,26,Sant Gervasi - Galvany,907,1,5,2
2026-01-01,5,Sarrià-Sant Gervasi,26,Sant Gervasi - Galvany,708,1,6,1
2026-01-01,5,Sarrià-Sant Gervasi,26,Sant Gervasi - Galvany,698,1,6,2
2026-01-01,5,Sarrià-Sant Gervasi,26,Sant Gervasi - Galvany,574,1,7,1
2026-01-01,5,Sarrià-Sant Gervasi,26,Sant Gervasi - Galvany,565,1,7,2
2026-01-01,5,Sarrià-Sant Gervasi,26,Sant Gervasi - Galvany,533,1,8,1
2026-01-01,5,Sarrià-Sant Gervasi,26,Sant Gervasi - Galvany,547,1,8,2
2026-01-01,5,Sarrià-Sant Gervasi,26,Sant Gervasi - Galvany,686,1,9,1
2026-01-01,5,Sarrià-Sant Gervasi,26,Sant Gervasi - Galvany,653,1,9,2
2026-01-01,5,Sarrià-Sant Gervasi,26,Sant Gervasi - Galvany,1022,1,10,1
2026-01-01,5,Sarrià-Sant Gervasi,26,Sant Gervasi - Galvany,896,1,10,2
2026-01-01,5,Sarrià-Sant Gervasi,26,Sant Gervasi - Galvany,1100,1,11,1
2026-01-01,5,Sarrià-Sant Gervasi,26,Sant Gervasi - Galvany,949,1,11,2
2026-01-01,5,Sarrià-Sant Gervasi,26,Sant Gervasi - Galvany,1025,1,12,1
2026-01-01,5,Sarrià-Sant Gervasi,26,Sant Gervasi - Galvany,935,1,12,2
2026-01-01,5,Sarrià-Sant Gervasi,26,Sant Gervasi - Galvany,844,1,13,1
2026-01-01,5,Sarrià-Sant Gervasi,26,Sant Gervasi - Galvany,726,1,13,2
2026-01-01,5,Sarrià-Sant Gervasi,26,Sant Gervasi - Galvany,661,1,14,1
2026-01-01,5,Sarrià-Sant Gervasi,26,Sant Gervasi - Galvany,531,1,14,2
2026-01-01,5,Sarrià-Sant Gervasi,26,Sant Gervasi - Galvany,662,1,15,1
2026-01-01,5,Sarrià-Sant Gervasi,26,Sant Gervasi - Galvany,456,1,15,2
2026-01-01,5,Sarrià-Sant Gervasi,26,Sant Gervasi - Galvany,604,1,16,1
2026-01-01,5,Sarrià-Sant Gervasi,26,Sant Gervasi - Galvany,356,1,16,2
2026-01-01,5,Sarrià-Sant Gervasi,26,Sant Gervasi - Galvany,342,1,17,1
2026-01-01,5,Sarrià-Sant Gervasi,26,Sant Gervasi - Galvany,189,1,17,2
2026-01-01,5,Sarrià-Sant Gervasi,26,Sant Gervasi - Galvany,277,1,18,1
2026-01-01,5,Sarrià-Sant Gervasi,26,Sant Gervasi - Galvany,125,1,18,2
2026-01-01,5,Sarrià-Sant Gervasi,26,Sant Gervasi - Galvany,107,1,19,1
2026-01-01,5,Sarrià-Sant Gervasi,26,Sant Gervasi - Galvany,35,1,19,2
2026-01-01,5,Sarrià-Sant Gervasi,26,Sant Gervasi - Galvany,24,1,20,1
2026-01-01,5,Sarrià-Sant Gervasi,26,Sant Gervasi - Galvany,7,1,20,2
2026-01-01,5,Sarrià-Sant Gervasi,26,Sant Gervasi - Galvany,36,2,0,1
2026-01-01,5,Sarrià-Sant Gervasi,26,Sant Gervasi - Galvany,44,2,0,2
2026-01-01,5,Sarrià-Sant Gervasi,26,Sant Gervasi - Galvany,26,2,1,1
2026-01-01,5,Sarrià-Sant Gervasi,26,Sant Gervasi - Galvany,23,2,1,2
2026-01-01,5,Sarrià-Sant Gervasi,26,Sant Gervasi - Galvany,25,2,2,1
2026-01-01,5,Sarrià-Sant Gervasi,26,Sant Gervasi - Galvany,28,2,2,2
2026-01-01,5,Sarrià-Sant Gervasi,26,Sant Gervasi - Galvany,63,2,3,1
2026-01-01,5,Sarrià-Sant Gervasi,26,Sant Gervasi - Galvany,70,2,3,2
2026-01-01,5,Sarrià-Sant Gervasi,26,Sant Gervasi - Galvany,85,2,4,1
2026-01-01,5,Sarrià-Sant Gervasi,26,Sant Gervasi - Galvany,83,2,4,2
2026-01-01,5,Sarrià-Sant Gervasi,26,Sant Gervasi - Galvany,117,2,5,1
2026-01-01,5,Sarrià-Sant Gervasi,26,Sant Gervasi - Galvany,86,2,5,2
2026-01-01,5,Sarrià-Sant Gervasi,26,Sant Gervasi - Galvany,117,2,6,1
2026-01-01,5,Sarrià-Sant Gervasi,26,Sant Gervasi - Galvany,110,2,6,2
2026-01-01,5,Sarrià-Sant Gervasi,26,Sant Gervasi - Galvany,97,2,7,1
2026-01-01,5,Sarrià-Sant Gervasi,26,Sant Gervasi - Galvany,80,2,7,2
2026-01-01,5,Sarrià-Sant Gervasi,26,Sant Gervasi - Galvany,93,2,8,1
2026-01-01,5,Sarrià-Sant Gervasi,26,Sant Gervasi - Galvany,91,2,8,2
2026-01-01,5,Sarrià-Sant Gervasi,26,Sant Gervasi - Galvany,143,2,9,1
2026-01-01,5,Sarrià-Sant Gervasi,26,Sant Gervasi - Galvany,119,2,9,2
2026-01-01,5,Sarrià-Sant Gervasi,26,Sant Gervasi - Galvany,173,2,10,1
2026-01-01,5,Sarrià-Sant Gervasi,26,Sant Gervasi - Galvany,122,2,10,2
2026-01-01,5,Sarrià-Sant Gervasi,26,Sant Gervasi - Galvany,148,2,11,1
2026-01-01,5,Sarrià-Sant Gervasi,26,Sant Gervasi - Galvany,106,2,11,2
2026-01-01,5,Sarrià-Sant Gervasi,26,Sant Gervasi - Galvany,172,2,12,1
2026-01-01,5,Sarrià-Sant Gervasi,26,Sant Gervasi - Galvany,126,2,12,2
2026-01-01,5,Sarrià-Sant Gervasi,26,Sant Gervasi - Galvany,170,2,13,1
2026-01-01,5,Sarrià-Sant Gervasi,26,Sant Gervasi - Galvany,126,2,13,2
2026-01-01,5,Sarrià-Sant Gervasi,26,Sant Gervasi - Galvany,159,2,14,1
2026-01-01,5,Sarrià-Sant Gervasi,26,Sant Gervasi - Galvany,108,2,14,2
2026-01-01,5,Sarrià-Sant Gervasi,26,Sant Gervasi - Galvany,166,2,15,1
2026-01-01,5,Sarrià-Sant Gervasi,26,Sant Gervasi - Galvany,112,2,15,2
2026-01-01,5,Sarrià-Sant Gervasi,26,Sant Gervasi - Galvany,148,2,16,1
2026-01-01,5,Sarrià-Sant Gervasi,26,Sant Gervasi - Galvany,104,2,16,2
2026-01-01,5,Sarrià-Sant Gervasi,26,Sant Gervasi - Galvany,140,2,17,1
2026-01-01,5,Sarrià-Sant Gervasi,26,Sant Gervasi - Galvany,67,2,17,2
2026-01-01,5,Sarrià-Sant Gervasi,26,Sant Gervasi - Galvany,84,2,18,1
2026-01-01,5,Sarrià-Sant Gervasi,26,Sant Gervasi - Galvany,43,2,18,2
2026-01-01,5,Sarrià-Sant Gervasi,26,Sant Gervasi - Galvany,40,2,19,1
2026-01-01,5,Sarrià-Sant Gervasi,26,Sant Gervasi - Galvany,11,2,19,2
2026-01-01,5,Sarrià-Sant Gervasi,26,Sant Gervasi - Galvany,9,2,20,1
2026-01-01,5,Sarrià-Sant Gervasi,26,Sant Gervasi - Galvany,..,2,20,2
2026-01-01,5,Sarrià-Sant Gervasi,26,Sant Gervasi - Galvany,18,3,0,1
2026-01-01,5,Sarrià-Sant Gervasi,26,Sant Gervasi - Galvany,19,3,0,2
2026-01-01,5,Sarrià-Sant Gervasi,26,Sant Gervasi - Galvany,15,3,1,1
2026-01-01,5,Sarrià-Sant Gervasi,26,Sant Gervasi - Galvany,17,3,1,2
2026-01-01,5,Sarrià-Sant Gervasi,26,Sant Gervasi - Galvany,23,3,2,1
2026-01-01,5,Sarrià-Sant Gervasi,26,Sant Gervasi - Galvany,14,3,2,2
2026-01-01,5,Sarrià-Sant Gervasi,26,Sant Gervasi - Galvany,26,3,3,1
2026-01-01,5,Sarrià-Sant Gervasi,26,Sant Gervasi - Galvany,28,3,3,2
2026-01-01,5,Sarrià-Sant Gervasi,26,Sant Gervasi - Galvany,46,3,4,1
2026-01-01,5,Sarrià-Sant Gervasi,26,Sant Gervasi - Galvany,27,3,4,2
2026-01-01,5,Sarrià-Sant Gervasi,26,Sant Gervasi - Galvany,83,3,5,1
2026-01-01,5,Sarrià-Sant Gervasi,26,Sant Gervasi - Galvany,64,3,5,2
2026-01-01,5,Sarrià-Sant Gervasi,26,Sant Gervasi - Galvany,133,3,6,1
2026-01-01,5,Sarrià-Sant Gervasi,26,Sant Gervasi - Galvany,127,3,6,2
2026-01-01,5,Sarrià-Sant Gervasi,26,Sant Gervasi - Galvany,129,3,7,1
2026-01-01,5,Sarrià-Sant Gervasi,26,Sant Gervasi - Galvany,96,3,7,2
2026-01-01,5,Sarrià-Sant Gervasi,26,Sant Gervasi - Galvany,126,3,8,1
2026-01-01,5,Sarrià-Sant Gervasi,26,Sant Gervasi - Galvany,90,3,8,2
2026-01-01,5,Sarrià-Sant Gervasi,26,Sant Gervasi - Galvany,154,3,9,1
2026-01-01,5,Sarrià-Sant Gervasi,26,Sant Gervasi - Galvany,110,3,9,2
2026-01-01,5,Sarrià-Sant Gervasi,26,Sant Gervasi - Galvany,165,3,10,1
2026-01-01,5,Sarrià-Sant Gervasi,26,Sant Gervasi - Galvany,124,3,10,2
2026-01-01,5,Sarrià-Sant Gervasi,26,Sant Gervasi - Galvany,175,3,11,1
2026-01-01,5,Sarrià-Sant Gervasi,26,Sant Gervasi - Galvany,130,3,11,2
2026-01-01,5,Sarrià-Sant Gervasi,26,Sant Gervasi - Galvany,208,3,12,1
2026-01-01,5,Sarrià-Sant Gervasi,26,Sant Gervasi - Galvany,146,3,12,2
2026-01-01,5,Sarrià-Sant Gervasi,26,Sant Gervasi - Galvany,200,3,13,1
2026-01-01,5,Sarrià-Sant Gervasi,26,Sant Gervasi - Galvany,138,3,13,2
2026-01-01,5,Sarrià-Sant Gervasi,26,Sant Gervasi - Galvany,205,3,14,1
2026-01-01,5,Sarrià-Sant Gervasi,26,Sant Gervasi - Galvany,122,3,14,2
2026-01-01,5,Sarrià-Sant Gervasi,26,Sant Gervasi - Galvany,256,3,15,1
2026-01-01,5,Sarrià-Sant Gervasi,26,Sant Gervasi - Galvany,162,3,15,2
2026-01-01,5,Sarrià-Sant Gervasi,26,Sant Gervasi - Galvany,260,3,16,1
2026-01-01,5,Sarrià-Sant Gervasi,26,Sant Gervasi - Galvany,121,3,16,2
2026-01-01,5,Sarrià-Sant Gervasi,26,Sant Gervasi - Galvany,191,3,17,1
2026-01-01,5,Sarrià-Sant Gervasi,26,Sant Gervasi - Galvany,90,3,17,2
2026-01-01,5,Sarrià-Sant Gervasi,26,Sant Gervasi - Galvany,120,3,18,1
2026-01-01,5,Sarrià-Sant Gervasi,26,Sant Gervasi - Galvany,46,3,18,2
2026-01-01,5,Sarrià-Sant Gervasi,26,Sant Gervasi - Galvany,43,3,19,1
2026-01-01,5,Sarrià-Sant Gervasi,26,Sant Gervasi - Galvany,12,3,19,2
2026-01-01,5,Sarrià-Sant Gervasi,26,Sant Gervasi - Galvany,7,3,20,1
2026-01-01,5,Sarrià-Sant Gervasi,26,Sant Gervasi - Galvany,..,3,20,2
2026-01-01,5,Sarrià-Sant Gervasi,26,Sant Gervasi - Galvany,34,4,0,1
2026-01-01,5,Sarrià-Sant Gervasi,26,Sant Gervasi - Galvany,31,4,0,2
2026-01-01,5,Sarrià-Sant Gervasi,26,Sant Gervasi - Galvany,42,4,1,1
2026-01-01,5,Sarrià-Sant Gervasi,26,Sant Gervasi - Galvany,50,4,1,2
2026-01-01,5,Sarrià-Sant Gervasi,26,Sant Gervasi - Galvany,40,4,2,1
2026-01-01,5,Sarrià-Sant Gervasi,26,Sant Gervasi - Galvany,53,4,2,2
2026-01-01,5,Sarrià-Sant Gervasi,26,Sant Gervasi - Galvany,50,4,3,1
2026-01-01,5,Sarrià-Sant Gervasi,26,Sant Gervasi - Galvany,62,4,3,2
2026-01-01,5,Sarrià-Sant Gervasi,26,Sant Gervasi - Galvany,68,4,4,1
2026-01-01,5,Sarrià-Sant Gervasi,26,Sant Gervasi - Galvany,43,4,4,2
2026-01-01,5,Sarrià-Sant Gervasi,26,Sant Gervasi - Galvany,133,4,5,1
2026-01-01,5,Sarrià-Sant Gervasi,26,Sant Gervasi - Galvany,139,4,5,2
2026-01-01,5,Sarrià-Sant Gervasi,26,Sant Gervasi - Galvany,141,4,6,1
2026-01-01,5,Sarrià-Sant Gervasi,26,Sant Gervasi - Galvany,131,4,6,2
2026-01-01,5,Sarrià-Sant Gervasi,26,Sant Gervasi - Galvany,127,4,7,1
2026-01-01,5,Sarrià-Sant Gervasi,26,Sant Gervasi - Galvany,131,4,7,2
2026-01-01,5,Sarrià-Sant Gervasi,26,Sant Gervasi - Galvany,121,4,8,1
2026-01-01,5,Sarrià-Sant Gervasi,26,Sant Gervasi - Galvany,134,4,8,2
2026-01-01,5,Sarrià-Sant Gervasi,26,Sant Gervasi - Galvany,121,4,9,1
2026-01-01,5,Sarrià-Sant Gervasi,26,Sant Gervasi - Galvany,131,4,9,2
2026-01-01,5,Sarrià-Sant Gervasi,26,Sant Gervasi - Galvany,101,4,10,1
2026-01-01,5,Sarrià-Sant Gervasi,26,Sant Gervasi - Galvany,112,4,10,2
2026-01-01,5,Sarrià-Sant Gervasi,26,Sant Gervasi - Galvany,78,4,11,1
2026-01-01,5,Sarrià-Sant Gervasi,26,Sant Gervasi - Galvany,88,4,11,2
2026-01-01,5,Sarrià-Sant Gervasi,26,Sant Gervasi - Galvany,50,4,12,1
2026-01-01,5,Sarrià-Sant Gervasi,26,Sant Gervasi - Galvany,58,4,12,2
2026-01-01,5,Sarrià-Sant Gervasi,26,Sant Gervasi - Galvany,29,4,13,1
2026-01-01,5,Sarrià-Sant Gervasi,26,Sant Gervasi - Galvany,23,4,13,2
2026-01-01,5,Sarrià-Sant Gervasi,26,Sant Gervasi - Galvany,26,4,14,1
2026-01-01,5,Sarrià-Sant Gervasi,26,Sant Gervasi - Galvany,18,4,14,2
2026-01-01,5,Sarrià-Sant Gervasi,26,Sant Gervasi - Galvany,39,4,15,1
2026-01-01,5,Sarrià-Sant Gervasi,26,Sant Gervasi - Galvany,11,4,15,2
2026-01-01,5,Sarrià-Sant Gervasi,26,Sant Gervasi - Galvany,34,4,16,1
2026-01-01,5,Sarrià-Sant Gervasi,26,Sant Gervasi - Galvany,10,4,16,2
2026-01-01,5,Sarrià-Sant Gervasi,26,Sant Gervasi - Galvany,45,4,17,1
2026-01-01,5,Sarrià-Sant Gervasi,26,Sant Gervasi - Galvany,15,4,17,2
2026-01-01,5,Sarrià-Sant Gervasi,26,Sant Gervasi - Galvany,13,4,18,1
2026-01-01,5,Sarrià-Sant Gervasi,26,Sant Gervasi - Galvany,..,4,18,2
2026-01-01,5,Sarrià-Sant Gervasi,26,Sant Gervasi - Galvany,..,4,19,1
2026-01-01,5,Sarrià-Sant Gervasi,26,Sant Gervasi - Galvany,..,4,19,2
2026-01-01,5,Sarrià-Sant Gervasi,26,Sant Gervasi - Galvany,..,4,20,1
2026-01-01,5,Sarrià-Sant Gervasi,26,Sant Gervasi - Galvany,82,5,0,1
2026-01-01,5,Sarrià-Sant Gervasi,26,Sant Gervasi - Galvany,86,5,0,2
2026-01-01,5,Sarrià-Sant Gervasi,26,Sant Gervasi - Galvany,204,5,1,1
2026-01-01,5,Sarrià-Sant Gervasi,26,Sant Gervasi - Galvany,212,5,1,2
2026-01-01,5,Sarrià-Sant Gervasi,26,Sant Gervasi - Galvany,219,5,2,1
2026-01-01,5,Sarrià-Sant Gervasi,26,Sant Gervasi - Galvany,225,5,2,2
2026-01-01,5,Sarrià-Sant Gervasi,26,Sant Gervasi - Galvany,259,5,3,1
2026-01-01,5,Sarrià-Sant Gervasi,26,Sant Gervasi - Galvany,237,5,3,2
2026-01-01,5,Sarrià-Sant Gervasi,26,Sant Gervasi - Galvany,425,5,4,1
2026-01-01,5,Sarrià-Sant Gervasi,26,Sant Gervasi - Galvany,351,5,4,2
2026-01-01,5,Sarrià-Sant Gervasi,26,Sant Gervasi - Galvany,696,5,5,1
2026-01-01,5,Sarrià-Sant Gervasi,26,Sant Gervasi - Galvany,460,5,5,2
2026-01-01,5,Sarrià-Sant Gervasi,26,Sant Gervasi - Galvany,817,5,6,1
2026-01-01,5,Sarrià-Sant Gervasi,26,Sant Gervasi - Galvany,576,5,6,2
2026-01-01,5,Sarrià-Sant Gervasi,26,Sant Gervasi - Galvany,683,5,7,1
2026-01-01,5,Sarrià-Sant Gervasi,26,Sant Gervasi - Galvany,565,5,7,2
2026-01-01,5,Sarrià-Sant Gervasi,26,Sant Gervasi - Galvany,584,5,8,1
2026-01-01,5,Sarrià-Sant Gervasi,26,Sant Gervasi - Galvany,470,5,8,2
2026-01-01,5,Sarrià-Sant Gervasi,26,Sant Gervasi - Galvany,526,5,9,1
2026-01-01,5,Sarrià-Sant Gervasi,26,Sant Gervasi - Galvany,369,5,9,2
2026-01-01,5,Sarrià-Sant Gervasi,26,Sant Gervasi - Galvany,451,5,10,1
2026-01-01,5,Sarrià-Sant Gervasi,26,Sant Gervasi - Galvany,317,5,10,2
2026-01-01,5,Sarrià-Sant Gervasi,26,Sant Gervasi - Galvany,321,5,11,1
2026-01-01,5,Sarrià-Sant Gervasi,26,Sant Gervasi - Galvany,245,5,11,2
2026-01-01,5,Sarrià-Sant Gervasi,26,Sant Gervasi - Galvany,255,5,12,1
2026-01-01,5,Sarrià-Sant Gervasi,26,Sant Gervasi - Galvany,161,5,12,2
2026-01-01,5,Sarrià-Sant Gervasi,26,Sant Gervasi - Galvany,249,5,13,1
2026-01-01,5,Sarrià-Sant Gervasi,26,Sant Gervasi - Galvany,169,5,13,2
2026-01-01,5,Sarrià-Sant Gervasi,26,Sant Gervasi - Galvany,174,5,14,1
2026-01-01,5,Sarrià-Sant Gervasi,26,Sant Gervasi - Galvany,111,5,14,2
2026-01-01,5,Sarrià-Sant Gervasi,26,Sant Gervasi - Galvany,128,5,15,1
2026-01-01,5,Sarrià-Sant Gervasi,26,Sant Gervasi - Galvany,87,5,15,2
2026-01-01,5,Sarrià-Sant Gervasi,26,Sant Gervasi - Galvany,72,5,16,1
2026-01-01,5,Sarrià-Sant Gervasi,26,Sant Gervasi - Galvany,55,5,16,2
2026-01-01,5,Sarrià-Sant Gervasi,26,Sant Gervasi - Galvany,47,5,17,1
2026-01-01,5,Sarrià-Sant Gervasi,26,Sant Gervasi - Galvany,20,5,17,2
2026-01-01,5,Sarrià-Sant Gervasi,26,Sant Gervasi - Galvany,19,5,18,1
2026-01-01,5,Sarrià-Sant Gervasi,26,Sant Gervasi - Galvany,10,5,18,2
2026-01-01,5,Sarrià-Sant Gervasi,26,Sant Gervasi - Galvany,9,5,19,1
2026-01-01,5,Sarrià-Sant Gervasi,26,Sant Gervasi - Galvany,..,5,19,2
2026-01-01,5,Sarrià-Sant Gervasi,26,Sant Gervasi - Galvany,..,6,5,1
2026-01-01,5,Sarrià-Sant Gervasi,26,Sant Gervasi - Galvany,..,6,6,1
2026-01-01,5,Sarrià-Sant Gervasi,26,Sant Gervasi - Galvany,..,6,6,2
2026-01-01,5,Sarrià-Sant Gervasi,26,Sant Gervasi - Galvany,..,6,7,1
2026-01-01,5,Sarrià-Sant Gervasi,26,Sant Gervasi - Galvany,..,6,8,1
2026-01-01,5,Sarrià-Sant Gervasi,26,Sant Gervasi - Galvany,..,6,8,2
2026-01-01,5,Sarrià-Sant Gervasi,26,Sant Gervasi - Galvany,..,6,9,1
2026-01-01,5,Sarrià-Sant Gervasi,26,Sant Gervasi - Galvany,..,6,13,2
2026-01-01,5,Sarrià-Sant Gervasi,26,Sant Gervasi - Galvany,..,6,15,1
2026-01-01,5,Sarrià-Sant Gervasi,26,Sant Gervasi - Galvany,..,6,16,1
2026-01-01,5,Sarrià-Sant Gervasi,27,el Putxet i el Farró,483,1,0,1
2026-01-01,5,Sarrià-Sant Gervasi,27,el Putxet i el Farró,513,1,0,2
2026-01-01,5,Sarrià-Sant Gervasi,27,el Putxet i el Farró,469,1,1,1
2026-01-01,5,Sarrià-Sant Gervasi,27,el Putxet i el Farró,491,1,1,2
2026-01-01,5,Sarrià-Sant Gervasi,27,el Putxet i el Farró,568,1,2,1
2026-01-01,5,Sarrià-Sant Gervasi,27,el Putxet i el Farró,512,1,2,2
2026-01-01,5,Sarrià-Sant Gervasi,27,el Putxet i el Farró,556,1,3,1
2026-01-01,5,Sarrià-Sant Gervasi,27,el Putxet i el Farró,602,1,3,2
2026-01-01,5,Sarrià-Sant Gervasi,27,el Putxet i el Farró,558,1,4,1
2026-01-01,5,Sarrià-Sant Gervasi,27,el Putxet i el Farró,555,1,4,2
2026-01-01,5,Sarrià-Sant Gervasi,27,el Putxet i el Farró,430,1,5,1
2026-01-01,5,Sarrià-Sant Gervasi,27,el Putxet i el Farró,475,1,5,2
2026-01-01,5,Sarrià-Sant Gervasi,27,el Putxet i el Farró,439,1,6,1
2026-01-01,5,Sarrià-Sant Gervasi,27,el Putxet i el Farró,447,1,6,2
2026-01-01,5,Sarrià-Sant Gervasi,27,el Putxet i el Farró,371,1,7,1
2026-01-01,5,Sarrià-Sant Gervasi,27,el Putxet i el Farró,370,1,7,2
2026-01-01,5,Sarrià-Sant Gervasi,27,el Putxet i el Farró,425,1,8,1
2026-01-01,5,Sarrià-Sant Gervasi,27,el Putxet i el Farró,413,1,8,2
2026-01-01,5,Sarrià-Sant Gervasi,27,el Putxet i el Farró,479,1,9,1
2026-01-01,5,Sarrià-Sant Gervasi,27,el Putxet i el Farró,451,1,9,2
2026-01-01,5,Sarrià-Sant Gervasi,27,el Putxet i el Farró,615,1,10,1
2026-01-01,5,Sarrià-Sant Gervasi,27,el Putxet i el Farró,565,1,10,2
2026-01-01,5,Sarrià-Sant Gervasi,27,el Putxet i el Farró,662,1,11,1
2026-01-01,5,Sarrià-Sant Gervasi,27,el Putxet i el Farró,560,1,11,2
2026-01-01,5,Sarrià-Sant Gervasi,27,el Putxet i el Farró,629,1,12,1
2026-01-01,5,Sarrià-Sant Gervasi,27,el Putxet i el Farró,533,1,12,2
2026-01-01,5,Sarrià-Sant Gervasi,27,el Putxet i el Farró,534,1,13,1
2026-01-01,5,Sarrià-Sant Gervasi,27,el Putxet i el Farró,464,1,13,2
2026-01-01,5,Sarrià-Sant Gervasi,27,el Putxet i el Farró,448,1,14,1
2026-01-01,5,Sarrià-Sant Gervasi,27,el Putxet i el Farró,363,1,14,2
2026-01-01,5,Sarrià-Sant Gervasi,27,el Putxet i el Farró,415,1,15,1
2026-01-01,5,Sarrià-Sant Gervasi,27,el Putxet i el Farró,305,1,15,2
2026-01-01,5,Sarrià-Sant Gervasi,27,el Putxet i el Farró,332,1,16,1
2026-01-01,5,Sarrià-Sant Gervasi,27,el Putxet i el Farró,208,1,16,2
2026-01-01,5,Sarrià-Sant Gervasi,27,el Putxet i el Farró,181,1,17,1
2026-01-01,5,Sarrià-Sant Gervasi,27,el Putxet i el Farró,116,1,17,2
2026-01-01,5,Sarrià-Sant Gervasi,27,el Putxet i el Farró,137,1,18,1
2026-01-01,5,Sarrià-Sant Gervasi,27,el Putxet i el Farró,42,1,18,2
2026-01-01,5,Sarrià-Sant Gervasi,27,el Putxet i el Farró,57,1,19,1
2026-01-01,5,Sarrià-Sant Gervasi,27,el Putxet i el Farró,16,1,19,2
2026-01-01,5,Sarrià-Sant Gervasi,27,el Putxet i el Farró,11,1,20,1
2026-01-01,5,Sarrià-Sant Gervasi,27,el Putxet i el Farró,..,1,20,2
2026-01-01,5,Sarrià-Sant Gervasi,27,el Putxet i el Farró,34,2,0,1
2026-01-01,5,Sarrià-Sant Gervasi,27,el Putxet i el Farró,45,2,0,2
2026-01-01,5,Sarrià-Sant Gervasi,27,el Putxet i el Farró,16,2,1,1
2026-01-01,5,Sarrià-Sant Gervasi,27,el Putxet i el Farró,16,2,1,2
2026-01-01,5,Sarrià-Sant Gervasi,27,el Putxet i el Farró,27,2,2,1
2026-01-01,5,Sarrià-Sant Gervasi,27,el Putxet i el Farró,19,2,2,2
2026-01-01,5,Sarrià-Sant Gervasi,27,el Putxet i el Farró,56,2,3,1
2026-01-01,5,Sarrià-Sant Gervasi,27,el Putxet i el Farró,38,2,3,2
2026-01-01,5,Sarrià-Sant Gervasi,27,el Putxet i el Farró,48,2,4,1
2026-01-01,5,Sarrià-Sant Gervasi,27,el Putxet i el Farró,46,2,4,2
2026-01-01,5,Sarrià-Sant Gervasi,27,el Putxet i el Farró,87,2,5,1
2026-01-01,5,Sarrià-Sant Gervasi,27,el Putxet i el Farró,59,2,5,2
2026-01-01,5,Sarrià-Sant Gervasi,27,el Putxet i el Farró,77,2,6,1
2026-01-01,5,Sarrià-Sant Gervasi,27,el Putxet i el Farró,73,2,6,2
2026-01-01,5,Sarrià-Sant Gervasi,27,el Putxet i el Farró,56,2,7,1
2026-01-01,5,Sarrià-Sant Gervasi,27,el Putxet i el Farró,59,2,7,2
2026-01-01,5,Sarrià-Sant Gervasi,27,el Putxet i el Farró,73,2,8,1
2026-01-01,5,Sarrià-Sant Gervasi,27,el Putxet i el Farró,80,2,8,2
2026-01-01,5,Sarrià-Sant Gervasi,27,el Putxet i el Farró,105,2,9,1
2026-01-01,5,Sarrià-Sant Gervasi,27,el Putxet i el Farró,92,2,9,2
2026-01-01,5,Sarrià-Sant Gervasi,27,el Putxet i el Farró,90,2,10,1
2026-01-01,5,Sarrià-Sant Gervasi,27,el Putxet i el Farró,72,2,10,2
2026-01-01,5,Sarrià-Sant Gervasi,27,el Putxet i el Farró,98,2,11,1
2026-01-01,5,Sarrià-Sant Gervasi,27,el Putxet i el Farró,58,2,11,2
2026-01-01,5,Sarrià-Sant Gervasi,27,el Putxet i el Farró,90,2,12,1
2026-01-01,5,Sarrià-Sant Gervasi,27,el Putxet i el Farró,59,2,12,2
2026-01-01,5,Sarrià-Sant Gervasi,27,el Putxet i el Farró,100,2,13,1
2026-01-01,5,Sarrià-Sant Gervasi,27,el Putxet i el Farró,83,2,13,2
2026-01-01,5,Sarrià-Sant Gervasi,27,el Putxet i el Farró,125,2,14,1
2026-01-01,5,Sarrià-Sant Gervasi,27,el Putxet i el Farró,76,2,14,2
2026-01-01,5,Sarrià-Sant Gervasi,27,el Putxet i el Farró,134,2,15,1
2026-01-01,5,Sarrià-Sant Gervasi,27,el Putxet i el Farró,77,2,15,2
2026-01-01,5,Sarrià-Sant Gervasi,27,el Putxet i el Farró,99,2,16,1
2026-01-01,5,Sarrià-Sant Gervasi,27,el Putxet i el Farró,67,2,16,2
2026-01-01,5,Sarrià-Sant Gervasi,27,el Putxet i el Farró,66,2,17,1
2026-01-01,5,Sarrià-Sant Gervasi,27,el Putxet i el Farró,43,2,17,2
2026-01-01,5,Sarrià-Sant Gervasi,27,el Putxet i el Farró,55,2,18,1
2026-01-01,5,Sarrià-Sant Gervasi,27,el Putxet i el Farró,26,2,18,2
2026-01-01,5,Sarrià-Sant Gervasi,27,el Putxet i el Farró,14,2,19,1
2026-01-01,5,Sarrià-Sant Gervasi,27,el Putxet i el Farró,..,2,19,2
2026-01-01,5,Sarrià-Sant Gervasi,27,el Putxet i el Farró,10,2,20,1
2026-01-01,5,Sarrià-Sant Gervasi,27,el Putxet i el Farró,..,2,20,2
2026-01-01,5,Sarrià-Sant Gervasi,27,el Putxet i el Farró,6,3,0,1
2026-01-01,5,Sarrià-Sant Gervasi,27,el Putxet i el Farró,7,3,0,2
2026-01-01,5,Sarrià-Sant Gervasi,27,el Putxet i el Farró,13,3,1,1
2026-01-01,5,Sarrià-Sant Gervasi,27,el Putxet i el Farró,6,3,1,2
2026-01-01,5,Sarrià-Sant Gervasi,27,el Putxet i el Farró,12,3,2,1
2026-01-01,5,Sarrià-Sant Gervasi,27,el Putxet i el Farró,14,3,2,2
2026-01-01,5,Sarrià-Sant Gervasi,27,el Putxet i el Farró,24,3,3,1
2026-01-01,5,Sarrià-Sant Gervasi,27,el Putxet i el Farró,17,3,3,2
2026-01-01,5,Sarrià-Sant Gervasi,27,el Putxet i el Farró,28,3,4,1
2026-01-01,5,Sarrià-Sant Gervasi,27,el Putxet i el Farró,18,3,4,2
2026-01-01,5,Sarrià-Sant Gervasi,27,el Putxet i el Farró,85,3,5,1
2026-01-01,5,Sarrià-Sant Gervasi,27,el Putxet i el Farró,53,3,5,2
2026-01-01,5,Sarrià-Sant Gervasi,27,el Putxet i el Farró,80,3,6,1
2026-01-01,5,Sarrià-Sant Gervasi,27,el Putxet i el Farró,80,3,6,2
2026-01-01,5,Sarrià-Sant Gervasi,27,el Putxet i el Farró,78,3,7,1
2026-01-01,5,Sarrià-Sant Gervasi,27,el Putxet i el Farró,67,3,7,2
2026-01-01,5,Sarrià-Sant Gervasi,27,el Putxet i el Farró,76,3,8,1
2026-01-01,5,Sarrià-Sant Gervasi,27,el Putxet i el Farró,67,3,8,2
2026-01-01,5,Sarrià-Sant Gervasi,27,el Putxet i el Farró,103,3,9,1
2026-01-01,5,Sarrià-Sant Gervasi,27,el Putxet i el Farró,104,3,9,2
2026-01-01,5,Sarrià-Sant Gervasi,27,el Putxet i el Farró,87,3,10,1
2026-01-01,5,Sarrià-Sant Gervasi,27,el Putxet i el Farró,74,3,10,2
2026-01-01,5,Sarrià-Sant Gervasi,27,el Putxet i el Farró,84,3,11,1
2026-01-01,5,Sarrià-Sant Gervasi,27,el Putxet i el Farró,67,3,11,2
2026-01-01,5,Sarrià-Sant Gervasi,27,el Putxet i el Farró,113,3,12,1
2026-01-01,5,Sarrià-Sant Gervasi,27,el Putxet i el Farró,64,3,12,2
2026-01-01,5,Sarrià-Sant Gervasi,27,el Putxet i el Farró,108,3,13,1
2026-01-01,5,Sarrià-Sant Gervasi,27,el Putxet i el Farró,73,3,13,2
2026-01-01,5,Sarrià-Sant Gervasi,27,el Putxet i el Farró,168,3,14,1
2026-01-01,5,Sarrià-Sant Gervasi,27,el Putxet i el Farró,86,3,14,2
2026-01-01,5,Sarrià-Sant Gervasi,27,el Putxet i el Farró,200,3,15,1
2026-01-01,5,Sarrià-Sant Gervasi,27,el Putxet i el Farró,106,3,15,2
2026-01-01,5,Sarrià-Sant Gervasi,27,el Putxet i el Farró,160,3,16,1
2026-01-01,5,Sarrià-Sant Gervasi,27,el Putxet i el Farró,93,3,16,2
2026-01-01,5,Sarrià-Sant Gervasi,27,el Putxet i el Farró,115,3,17,1
2026-01-01,5,Sarrià-Sant Gervasi,27,el Putxet i el Farró,47,3,17,2
2026-01-01,5,Sarrià-Sant Gervasi,27,el Putxet i el Farró,59,3,18,1
2026-01-01,5,Sarrià-Sant Gervasi,27,el Putxet i el Farró,22,3,18,2
2026-01-01,5,Sarrià-Sant Gervasi,27,el Putxet i el Farró,26,3,19,1
2026-01-01,5,Sarrià-Sant Gervasi,27,el Putxet i el Farró,8,3,19,2
2026-01-01,5,Sarrià-Sant Gervasi,27,el Putxet i el Farró,..,3,20,1
2026-01-01,5,Sarrià-Sant Gervasi,27,el Putxet i el Farró,..,3,20,2
2026-01-01,5,Sarrià-Sant Gervasi,27,el Putxet i el Farró,15,4,0,1
2026-01-01,5,Sarrià-Sant Gervasi,27,el Putxet i el Farró,15,4,0,2
2026-01-01,5,Sarrià-Sant Gervasi,27,el Putxet i el Farró,22,4,1,1
2026-01-01,5,Sarrià-Sant Gervasi,27,el Putxet i el Farró,22,4,1,2
2026-01-01,5,Sarrià-Sant Gervasi,27,el Putxet i el Farró,28,4,2,1
2026-01-01,5,Sarrià-Sant Gervasi,27,el Putxet i el Farró,20,4,2,2
2026-01-01,5,Sarrià-Sant Gervasi,27,el Putxet i el Farró,21,4,3,1
2026-01-01,5,Sarrià-Sant Gervasi,27,el Putxet i el Farró,18,4,3,2
2026-01-01,5,Sarrià-Sant Gervasi,27,el Putxet i el Farró,47,4,4,1
2026-01-01,5,Sarrià-Sant Gervasi,27,el Putxet i el Farró,30,4,4,2
2026-01-01,5,Sarrià-Sant Gervasi,27,el Putxet i el Farró,92,4,5,1
2026-01-01,5,Sarrià-Sant Gervasi,27,el Putxet i el Farró,105,4,5,2
2026-01-01,5,Sarrià-Sant Gervasi,27,el Putxet i el Farró,111,4,6,1
2026-01-01,5,Sarrià-Sant Gervasi,27,el Putxet i el Farró,105,4,6,2
2026-01-01,5,Sarrià-Sant Gervasi,27,el Putxet i el Farró,129,4,7,1
2026-01-01,5,Sarrià-Sant Gervasi,27,el Putxet i el Farró,110,4,7,2
2026-01-01,5,Sarrià-Sant Gervasi,27,el Putxet i el Farró,103,4,8,1
2026-01-01,5,Sarrià-Sant Gervasi,27,el Putxet i el Farró,99,4,8,2
2026-01-01,5,Sarrià-Sant Gervasi,27,el Putxet i el Farró,77,4,9,1
2026-01-01,5,Sarrià-Sant Gervasi,27,el Putxet i el Farró,74,4,9,2
2026-01-01,5,Sarrià-Sant Gervasi,27,el Putxet i el Farró,71,4,10,1
2026-01-01,5,Sarrià-Sant Gervasi,27,el Putxet i el Farró,61,4,10,2
2026-01-01,5,Sarrià-Sant Gervasi,27,el Putxet i el Farró,40,4,11,1
2026-01-01,5,Sarrià-Sant Gervasi,27,el Putxet i el Farró,65,4,11,2
2026-01-01,5,Sarrià-Sant Gervasi,27,el Putxet i el Farró,21,4,12,1
2026-01-01,5,Sarrià-Sant Gervasi,27,el Putxet i el Farró,31,4,12,2
2026-01-01,5,Sarrià-Sant Gervasi,27,el Putxet i el Farró,11,4,13,1
2026-01-01,5,Sarrià-Sant Gervasi,27,el Putxet i el Farró,15,4,13,2
2026-01-01,5,Sarrià-Sant Gervasi,27,el Putxet i el Farró,13,4,14,1
2026-01-01,5,Sarrià-Sant Gervasi,27,el Putxet i el Farró,8,4,14,2
2026-01-01,5,Sarrià-Sant Gervasi,27,el Putxet i el Farró,13,4,15,1
2026-01-01,5,Sarrià-Sant Gervasi,27,el Putxet i el Farró,5,4,15,2
2026-01-01,5,Sarrià-Sant Gervasi,27,el Putxet i el Farró,14,4,16,1
2026-01-01,5,Sarrià-Sant Gervasi,27,el Putxet i el Farró,..,4,16,2
2026-01-01,5,Sarrià-Sant Gervasi,27,el Putxet i el Farró,20,4,17,1
2026-01-01,5,Sarrià-Sant Gervasi,27,el Putxet i el Farró,..,4,17,2
2026-01-01,5,Sarrià-Sant Gervasi,27,el Putxet i el Farró,5,4,18,1
2026-01-01,5,Sarrià-Sant Gervasi,27,el Putxet i el Farró,5,4,18,2
2026-01-01,5,Sarrià-Sant Gervasi,27,el Putxet i el Farró,..,4,19,1
2026-01-01,5,Sarrià-Sant Gervasi,27,el Putxet i el Farró,36,5,0,1
2026-01-01,5,Sarrià-Sant Gervasi,27,el Putxet i el Farró,40,5,0,2
2026-01-01,5,Sarrià-Sant Gervasi,27,el Putxet i el Farró,107,5,1,1
2026-01-01,5,Sarrià-Sant Gervasi,27,el Putxet i el Farró,105,5,1,2
2026-01-01,5,Sarrià-Sant Gervasi,27,el Putxet i el Farró,112,5,2,1
2026-01-01,5,Sarrià-Sant Gervasi,27,el Putxet i el Farró,103,5,2,2
2026-01-01,5,Sarrià-Sant Gervasi,27,el Putxet i el Farró,115,5,3,1
2026-01-01,5,Sarrià-Sant Gervasi,27,el Putxet i el Farró,113,5,3,2
2026-01-01,5,Sarrià-Sant Gervasi,27,el Putxet i el Farró,229,5,4,1
2026-01-01,5,Sarrià-Sant Gervasi,27,el Putxet i el Farró,198,5,4,2
2026-01-01,5,Sarrià-Sant Gervasi,27,el Putxet i el Farró,449,5,5,1
2026-01-01,5,Sarrià-Sant Gervasi,27,el Putxet i el Farró,315,5,5,2
2026-01-01,5,Sarrià-Sant Gervasi,27,el Putxet i el Farró,564,5,6,1
2026-01-01,5,Sarrià-Sant Gervasi,27,el Putxet i el Farró,511,5,6,2
2026-01-01,5,Sarrià-Sant Gervasi,27,el Putxet i el Farró,517,5,7,1
2026-01-01,5,Sarrià-Sant Gervasi,27,el Putxet i el Farró,424,5,7,2
2026-01-01,5,Sarrià-Sant Gervasi,27,el Putxet i el Farró,444,5,8,1
2026-01-01,5,Sarrià-Sant Gervasi,27,el Putxet i el Farró,349,5,8,2
2026-01-01,5,Sarrià-Sant Gervasi,27,el Putxet i el Farró,348,5,9,1
2026-01-01,5,Sarrià-Sant Gervasi,27,el Putxet i el Farró,277,5,9,2
2026-01-01,5,Sarrià-Sant Gervasi,27,el Putxet i el Farró,270,5,10,1
2026-01-01,5,Sarrià-Sant Gervasi,27,el Putxet i el Farró,181,5,10,2
2026-01-01,5,Sarrià-Sant Gervasi,27,el Putxet i el Farró,199,5,11,1
2026-01-01,5,Sarrià-Sant Gervasi,27,el Putxet i el Farró,143,5,11,2
2026-01-01,5,Sarrià-Sant Gervasi,27,el Putxet i el Farró,167,5,12,1
2026-01-01,5,Sarrià-Sant Gervasi,27,el Putxet i el Farró,121,5,12,2
2026-01-01,5,Sarrià-Sant Gervasi,27,el Putxet i el Farró,143,5,13,1
2026-01-01,5,Sarrià-Sant Gervasi,27,el Putxet i el Farró,85,5,13,2
2026-01-01,5,Sarrià-Sant Gervasi,27,el Putxet i el Farró,113,5,14,1
2026-01-01,5,Sarrià-Sant Gervasi,27,el Putxet i el Farró,63,5,14,2
2026-01-01,5,Sarrià-Sant Gervasi,27,el Putxet i el Farró,88,5,15,1
2026-01-01,5,Sarrià-Sant Gervasi,27,el Putxet i el Farró,44,5,15,2
2026-01-01,5,Sarrià-Sant Gervasi,27,el Putxet i el Farró,41,5,16,1
2026-01-01,5,Sarrià-Sant Gervasi,27,el Putxet i el Farró,27,5,16,2
2026-01-01,5,Sarrià-Sant Gervasi,27,el Putxet i el Farró,15,5,17,1
2026-01-01,5,Sarrià-Sant Gervasi,27,el Putxet i el Farró,12,5,17,2
2026-01-01,5,Sarrià-Sant Gervasi,27,el Putxet i el Farró,8,5,18,1
2026-01-01,5,Sarrià-Sant Gervasi,27,el Putxet i el Farró,..,5,18,2
2026-01-01,5,Sarrià-Sant Gervasi,27,el Putxet i el Farró,..,5,19,1
2026-01-01,5,Sarrià-Sant Gervasi,27,el Putxet i el Farró,..,5,19,2
2026-01-01,5,Sarrià-Sant Gervasi,27,el Putxet i el Farró,..,6,1,1
2026-01-01,5,Sarrià-Sant Gervasi,27,el Putxet i el Farró,..,6,2,1
2026-01-01,5,Sarrià-Sant Gervasi,27,el Putxet i el Farró,..,6,2,2
2026-01-01,5,Sarrià-Sant Gervasi,27,el Putxet i el Farró,..,6,5,2
2026-01-01,5,Sarrià-Sant Gervasi,27,el Putxet i el Farró,..,6,8,1
2026-01-01,5,Sarrià-Sant Gervasi,27,el Putxet i el Farró,..,6,9,1
2026-01-01,6,Gràcia,28,Vallcarca i els Penitents,213,1,0,1
2026-01-01,6,Gràcia,28,Vallcarca i els Penitents,241,1,0,2
2026-01-01,6,Gràcia,28,Vallcarca i els Penitents,248,1,1,1
2026-01-01,6,Gràcia,28,Vallcarca i els Penitents,214,1,1,2
2026-01-01,6,Gràcia,28,Vallcarca i els Penitents,291,1,2,1
2026-01-01,6,Gràcia,28,Vallcarca i els Penitents,309,1,2,2
2026-01-01,6,Gràcia,28,Vallcarca i els Penitents,308,1,3,1
2026-01-01,6,Gràcia,28,Vallcarca i els Penitents,333,1,3,2
2026-01-01,6,Gràcia,28,Vallcarca i els Penitents,250,1,4,1
2026-01-01,6,Gràcia,28,Vallcarca i els Penitents,298,1,4,2
2026-01-01,6,Gràcia,28,Vallcarca i els Penitents,202,1,5,1
2026-01-01,6,Gràcia,28,Vallcarca i els Penitents,234,1,5,2
2026-01-01,6,Gràcia,28,Vallcarca i els Penitents,187,1,6,1
2026-01-01,6,Gràcia,28,Vallcarca i els Penitents,203,1,6,2
2026-01-01,6,Gràcia,28,Vallcarca i els Penitents,166,1,7,1
2026-01-01,6,Gràcia,28,Vallcarca i els Penitents,181,1,7,2
2026-01-01,6,Gràcia,28,Vallcarca i els Penitents,224,1,8,1
2026-01-01,6,Gràcia,28,Vallcarca i els Penitents,221,1,8,2
2026-01-01,6,Gràcia,28,Vallcarca i els Penitents,281,1,9,1
2026-01-01,6,Gràcia,28,Vallcarca i els Penitents,292,1,9,2
2026-01-01,6,Gràcia,28,Vallcarca i els Penitents,361,1,10,1
2026-01-01,6,Gràcia,28,Vallcarca i els Penitents,383,1,10,2
2026-01-01,6,Gràcia,28,Vallcarca i els Penitents,308,1,11,1
2026-01-01,6,Gràcia,28,Vallcarca i els Penitents,318,1,11,2
2026-01-01,6,Gràcia,28,Vallcarca i els Penitents,306,1,12,1
2026-01-01,6,Gràcia,28,Vallcarca i els Penitents,277,1,12,2
2026-01-01,6,Gràcia,28,Vallcarca i els Penitents,251,1,13,1
2026-01-01,6,Gràcia,28,Vallcarca i els Penitents,223,1,13,2
2026-01-01,6,Gràcia,28,Vallcarca i els Penitents,192,1,14,1
2026-01-01,6,Gràcia,28,Vallcarca i els Penitents,161,1,14,2
2026-01-01,6,Gràcia,28,Vallcarca i els Penitents,206,1,15,1
2026-01-01,6,Gràcia,28,Vallcarca i els Penitents,157,1,15,2
2026-01-01,6,Gràcia,28,Vallcarca i els Penitents,150,1,16,1
2026-01-01,6,Gràcia,28,Vallcarca i els Penitents,97,1,16,2
2026-01-01,6,Gràcia,28,Vallcarca i els Penitents,106,1,17,1
2026-01-01,6,Gràcia,28,Vallcarca i els Penitents,59,1,17,2
2026-01-01,6,Gràcia,28,Vallcarca i els Penitents,62,1,18,1
2026-01-01,6,Gràcia,28,Vallcarca i els Penitents,28,1,18,2
2026-01-01,6,Gràcia,28,Vallcarca i els Penitents,33,1,19,1
2026-01-01,6,Gràcia,28,Vallcarca i els Penitents,6,1,19,2
2026-01-01,6,Gràcia,28,Vallcarca i els Penitents,8,1,20,1
2026-01-01,6,Gràcia,28,Vallcarca i els Penitents,21,2,0,1
2026-01-01,6,Gràcia,28,Vallcarca i els Penitents,13,2,0,2
2026-01-01,6,Gràcia,28,Vallcarca i els Penitents,10,2,1,1
2026-01-01,6,Gràcia,28,Vallcarca i els Penitents,11,2,1,2
2026-01-01,6,Gràcia,28,Vallcarca i els Penitents,13,2,2,1
2026-01-01,6,Gràcia,28,Vallcarca i els Penitents,10,2,2,2
2026-01-01,6,Gràcia,28,Vallcarca i els Penitents,28,2,3,1
2026-01-01,6,Gràcia,28,Vallcarca i els Penitents,17,2,3,2
2026-01-01,6,Gràcia,28,Vallcarca i els Penitents,24,2,4,1
2026-01-01,6,Gràcia,28,Vallcarca i els Penitents,21,2,4,2
2026-01-01,6,Gràcia,28,Vallcarca i els Penitents,42,2,5,1
2026-01-01,6,Gràcia,28,Vallcarca i els Penitents,39,2,5,2
2026-01-01,6,Gràcia,28,Vallcarca i els Penitents,49,2,6,1
2026-01-01,6,Gràcia,28,Vallcarca i els Penitents,50,2,6,2
2026-01-01,6,Gràcia,28,Vallcarca i els Penitents,37,2,7,1
2026-01-01,6,Gràcia,28,Vallcarca i els Penitents,25,2,7,2
2026-01-01,6,Gràcia,28,Vallcarca i els Penitents,45,2,8,1
2026-01-01,6,Gràcia,28,Vallcarca i els Penitents,42,2,8,2
2026-01-01,6,Gràcia,28,Vallcarca i els Penitents,59,2,9,1
2026-01-01,6,Gràcia,28,Vallcarca i els Penitents,51,2,9,2
2026-01-01,6,Gràcia,28,Vallcarca i els Penitents,57,2,10,1
2026-01-01,6,Gràcia,28,Vallcarca i els Penitents,46,2,10,2
2026-01-01,6,Gràcia,28,Vallcarca i els Penitents,36,2,11,1
2026-01-01,6,Gràcia,28,Vallcarca i els Penitents,31,2,11,2
2026-01-01,6,Gràcia,28,Vallcarca i els Penitents,40,2,12,1
2026-01-01,6,Gràcia,28,Vallcarca i els Penitents,46,2,12,2
2026-01-01,6,Gràcia,28,Vallcarca i els Penitents,40,2,13,1
2026-01-01,6,Gràcia,28,Vallcarca i els Penitents,38,2,13,2
2026-01-01,6,Gràcia,28,Vallcarca i els Penitents,59,2,14,1
2026-01-01,6,Gràcia,28,Vallcarca i els Penitents,41,2,14,2
2026-01-01,6,Gràcia,28,Vallcarca i els Penitents,60,2,15,1
2026-01-01,6,Gràcia,28,Vallcarca i els Penitents,44,2,15,2
2026-01-01,6,Gràcia,28,Vallcarca i els Penitents,49,2,16,1
2026-01-01,6,Gràcia,28,Vallcarca i els Penitents,38,2,16,2
2026-01-01,6,Gràcia,28,Vallcarca i els Penitents,30,2,17,1
2026-01-01,6,Gràcia,28,Vallcarca i els Penitents,17,2,17,2
2026-01-01,6,Gràcia,28,Vallcarca i els Penitents,17,2,18,1
2026-01-01,6,Gràcia,28,Vallcarca i els Penitents,9,2,18,2
2026-01-01,6,Gràcia,28,Vallcarca i els Penitents,13,2,19,1
2026-01-01,6,Gràcia,28,Vallcarca i els Penitents,5,2,19,2
2026-01-01,6,Gràcia,28,Vallcarca i els Penitents,..,2,20,2
2026-01-01,6,Gràcia,28,Vallcarca i els Penitents,..,3,0,1
2026-01-01,6,Gràcia,28,Vallcarca i els Penitents,6,3,1,1
2026-01-01,6,Gràcia,28,Vallcarca i els Penitents,..,3,1,2
2026-01-01,6,Gràcia,28,Vallcarca i els Penitents,..,3,2,1
2026-01-01,6,Gràcia,28,Vallcarca i els Penitents,..,3,2,2
2026-01-01,6,Gràcia,28,Vallcarca i els Penitents,5,3,3,1
2026-01-01,6,Gràcia,28,Vallcarca i els Penitents,..,3,3,2
2026-01-01,6,Gràcia,28,Vallcarca i els Penitents,11,3,4,1
2026-01-01,6,Gràcia,28,Vallcarca i els Penitents,9,3,4,2
2026-01-01,6,Gràcia,28,Vallcarca i els Penitents,40,3,5,1
2026-01-01,6,Gràcia,28,Vallcarca i els Penitents,26,3,5,2
2026-01-01,6,Gràcia,28,Vallcarca i els Penitents,64,3,6,1
2026-01-01,6,Gràcia,28,Vallcarca i els Penitents,36,3,6,2
2026-01-01,6,Gràcia,28,Vallcarca i els Penitents,38,3,7,1
2026-01-01,6,Gràcia,28,Vallcarca i els Penitents,38,3,7,2
2026-01-01,6,Gràcia,28,Vallcarca i els Penitents,45,3,8,1
2026-01-01,6,Gràcia,28,Vallcarca i els Penitents,36,3,8,2
2026-01-01,6,Gràcia,28,Vallcarca i els Penitents,53,3,9,1
2026-01-01,6,Gràcia,28,Vallcarca i els Penitents,49,3,9,2
2026-01-01,6,Gràcia,28,Vallcarca i els Penitents,67,3,10,1
2026-01-01,6,Gràcia,28,Vallcarca i els Penitents,39,3,10,2
2026-01-01,6,Gràcia,28,Vallcarca i els Penitents,55,3,11,1
2026-01-01,6,Gràcia,28,Vallcarca i els Penitents,34,3,11,2
2026-01-01,6,Gràcia,28,Vallcarca i els Penitents,74,3,12,1
2026-01-01,6,Gràcia,28,Vallcarca i els Penitents,50,3,12,2
2026-01-01,6,Gràcia,28,Vallcarca i els Penitents,106,3,13,1
2026-01-01,6,Gràcia,28,Vallcarca i els Penitents,56,3,13,2
2026-01-01,6,Gràcia,28,Vallcarca i els Penitents,116,3,14,1
2026-01-01,6,Gràcia,28,Vallcarca i els Penitents,78,3,14,2
2026-01-01,6,Gràcia,28,Vallcarca i els Penitents,147,3,15,1
2026-01-01,6,Gràcia,28,Vallcarca i els Penitents,95,3,15,2
2026-01-01,6,Gràcia,28,Vallcarca i els Penitents,150,3,16,1
2026-01-01,6,Gràcia,28,Vallcarca i els Penitents,90,3,16,2
2026-01-01,6,Gràcia,28,Vallcarca i els Penitents,119,3,17,1
2026-01-01,6,Gràcia,28,Vallcarca i els Penitents,53,3,17,2
2026-01-01,6,Gràcia,28,Vallcarca i els Penitents,76,3,18,1
2026-01-01,6,Gràcia,28,Vallcarca i els Penitents,42,3,18,2
2026-01-01,6,Gràcia,28,Vallcarca i els Penitents,21,3,19,1
2026-01-01,6,Gràcia,28,Vallcarca i els Penitents,6,3,19,2
2026-01-01,6,Gràcia,28,Vallcarca i els Penitents,5,3,20,1
2026-01-01,6,Gràcia,28,Vallcarca i els Penitents,..,3,20,2
2026-01-01,6,Gràcia,28,Vallcarca i els Penitents,..,4,0,1
2026-01-01,6,Gràcia,28,Vallcarca i els Penitents,..,4,0,2
2026-01-01,6,Gràcia,28,Vallcarca i els Penitents,9,4,1,1
2026-01-01,6,Gràcia,28,Vallcarca i els Penitents,14,4,1,2
2026-01-01,6,Gràcia,28,Vallcarca i els Penitents,11,4,2,1
2026-01-01,6,Gràcia,28,Vallcarca i els Penitents,11,4,2,2
2026-01-01,6,Gràcia,28,Vallcarca i els Penitents,12,4,3,1
2026-01-01,6,Gràcia,28,Vallcarca i els Penitents,8,4,3,2
2026-01-01,6,Gràcia,28,Vallcarca i els Penitents,15,4,4,1
2026-01-01,6,Gràcia,28,Vallcarca i els Penitents,24,4,4,2
2026-01-01,6,Gràcia,28,Vallcarca i els Penitents,52,4,5,1
2026-01-01,6,Gràcia,28,Vallcarca i els Penitents,49,4,5,2
2026-01-01,6,Gràcia,28,Vallcarca i els Penitents,56,4,6,1
2026-01-01,6,Gràcia,28,Vallcarca i els Penitents,60,4,6,2
2026-01-01,6,Gràcia,28,Vallcarca i els Penitents,62,4,7,1
2026-01-01,6,Gràcia,28,Vallcarca i els Penitents,53,4,7,2
2026-01-01,6,Gràcia,28,Vallcarca i els Penitents,60,4,8,1
2026-01-01,6,Gràcia,28,Vallcarca i els Penitents,62,4,8,2
2026-01-01,6,Gràcia,28,Vallcarca i els Penitents,40,4,9,1
2026-01-01,6,Gràcia,28,Vallcarca i els Penitents,37,4,9,2
2026-01-01,6,Gràcia,28,Vallcarca i els Penitents,23,4,10,1
2026-01-01,6,Gràcia,28,Vallcarca i els Penitents,38,4,10,2
2026-01-01,6,Gràcia,28,Vallcarca i els Penitents,27,4,11,1
2026-01-01,6,Gràcia,28,Vallcarca i els Penitents,22,4,11,2
2026-01-01,6,Gràcia,28,Vallcarca i els Penitents,8,4,12,1
2026-01-01,6,Gràcia,28,Vallcarca i els Penitents,14,4,12,2
2026-01-01,6,Gràcia,28,Vallcarca i els Penitents,7,4,13,1
2026-01-01,6,Gràcia,28,Vallcarca i els Penitents,10,4,13,2
2026-01-01,6,Gràcia,28,Vallcarca i els Penitents,..,4,14,1
2026-01-01,6,Gràcia,28,Vallcarca i els Penitents,5,4,14,2
2026-01-01,6,Gràcia,28,Vallcarca i els Penitents,11,4,15,1
2026-01-01,6,Gràcia,28,Vallcarca i els Penitents,..,4,15,2
2026-01-01,6,Gràcia,28,Vallcarca i els Penitents,12,4,16,1
2026-01-01,6,Gràcia,28,Vallcarca i els Penitents,..,4,16,2
2026-01-01,6,Gràcia,28,Vallcarca i els Penitents,8,4,17,1
2026-01-01,6,Gràcia,28,Vallcarca i els Penitents,..,4,17,2
2026-01-01,6,Gràcia,28,Vallcarca i els Penitents,..,4,18,1
2026-01-01,6,Gràcia,28,Vallcarca i els Penitents,..,4,18,2
2026-01-01,6,Gràcia,28,Vallcarca i els Penitents,..,4,19,1
2026-01-01,6,Gràcia,28,Vallcarca i els Penitents,18,5,0,1
2026-01-01,6,Gràcia,28,Vallcarca i els Penitents,28,5,0,2
2026-01-01,6,Gràcia,28,Vallcarca i els Penitents,61,5,1,1
2026-01-01,6,Gràcia,28,Vallcarca i els Penitents,68,5,1,2
2026-01-01,6,Gràcia,28,Vallcarca i els Penitents,50,5,2,1
2026-01-01,6,Gràcia,28,Vallcarca i els Penitents,86,5,2,2
2026-01-01,6,Gràcia,28,Vallcarca i els Penitents,70,5,3,1
2026-01-01,6,Gràcia,28,Vallcarca i els Penitents,64,5,3,2
2026-01-01,6,Gràcia,28,Vallcarca i els Penitents,127,5,4,1
2026-01-01,6,Gràcia,28,Vallcarca i els Penitents,137,5,4,2
2026-01-01,6,Gràcia,28,Vallcarca i els Penitents,231,5,5,1
2026-01-01,6,Gràcia,28,Vallcarca i els Penitents,226,5,5,2
2026-01-01,6,Gràcia,28,Vallcarca i els Penitents,345,5,6,1
2026-01-01,6,Gràcia,28,Vallcarca i els Penitents,261,5,6,2
2026-01-01,6,Gràcia,28,Vallcarca i els Penitents,319,5,7,1
2026-01-01,6,Gràcia,28,Vallcarca i els Penitents,301,5,7,2
2026-01-01,6,Gràcia,28,Vallcarca i els Penitents,251,5,8,1
2026-01-01,6,Gràcia,28,Vallcarca i els Penitents,213,5,8,2
2026-01-01,6,Gràcia,28,Vallcarca i els Penitents,187,5,9,1
2026-01-01,6,Gràcia,28,Vallcarca i els Penitents,172,5,9,2
2026-01-01,6,Gràcia,28,Vallcarca i els Penitents,151,5,10,1
2026-01-01,6,Gràcia,28,Vallcarca i els Penitents,133,5,10,2
2026-01-01,6,Gràcia,28,Vallcarca i els Penitents,134,5,11,1
2026-01-01,6,Gràcia,28,Vallcarca i els Penitents,97,5,11,2
2026-01-01,6,Gràcia,28,Vallcarca i els Penitents,91,5,12,1
2026-01-01,6,Gràcia,28,Vallcarca i els Penitents,69,5,12,2
2026-01-01,6,Gràcia,28,Vallcarca i els Penitents,70,5,13,1
2026-01-01,6,Gràcia,28,Vallcarca i els Penitents,53,5,13,2
2026-01-01,6,Gràcia,28,Vallcarca i els Penitents,50,5,14,1
2026-01-01,6,Gràcia,28,Vallcarca i els Penitents,34,5,14,2
2026-01-01,6,Gràcia,28,Vallcarca i els Penitents,35,5,15,1
2026-01-01,6,Gràcia,28,Vallcarca i els Penitents,17,5,15,2
2026-01-01,6,Gràcia,28,Vallcarca i els Penitents,27,5,16,1
2026-01-01,6,Gràcia,28,Vallcarca i els Penitents,15,5,16,2
2026-01-01,6,Gràcia,28,Vallcarca i els Penitents,10,5,17,1
2026-01-01,6,Gràcia,28,Vallcarca i els Penitents,..,5,17,2
2026-01-01,6,Gràcia,28,Vallcarca i els Penitents,..,5,18,1
2026-01-01,6,Gràcia,28,Vallcarca i els Penitents,..,5,18,2
2026-01-01,6,Gràcia,28,Vallcarca i els Penitents,..,5,19,1
2026-01-01,6,Gràcia,28,Vallcarca i els Penitents,..,6,4,1
2026-01-01,6,Gràcia,28,Vallcarca i els Penitents,..,6,6,2
2026-01-01,6,Gràcia,28,Vallcarca i els Penitents,..,6,7,2
2026-01-01,6,Gràcia,28,Vallcarca i els Penitents,..,6,15,2
2026-01-01,6,Gràcia,29,el Coll,109,1,0,1
2026-01-01,6,Gràcia,29,el Coll,99,1,0,2
2026-01-01,6,Gràcia,29,el Coll,103,1,1,1
2026-01-01,6,Gràcia,29,el Coll,131,1,1,2
2026-01-01,6,Gràcia,29,el Coll,118,1,2,1
2026-01-01,6,Gràcia,29,el Coll,139,1,2,2
2026-01-01,6,Gràcia,29,el Coll,114,1,3,1
2026-01-01,6,Gràcia,29,el Coll,155,1,3,2
2026-01-01,6,Gràcia,29,el Coll,107,1,4,1
2026-01-01,6,Gràcia,29,el Coll,119,1,4,2
2026-01-01,6,Gràcia,29,el Coll,89,1,5,1
2026-01-01,6,Gràcia,29,el Coll,99,1,5,2
2026-01-01,6,Gràcia,29,el Coll,93,1,6,1
2026-01-01,6,Gràcia,29,el Coll,101,1,6,2
2026-01-01,6,Gràcia,29,el Coll,81,1,7,1
2026-01-01,6,Gràcia,29,el Coll,97,1,7,2
2026-01-01,6,Gràcia,29,el Coll,104,1,8,1
2026-01-01,6,Gràcia,29,el Coll,102,1,8,2
2026-01-01,6,Gràcia,29,el Coll,148,1,9,1
2026-01-01,6,Gràcia,29,el Coll,160,1,9,2
2026-01-01,6,Gràcia,29,el Coll,180,1,10,1
2026-01-01,6,Gràcia,29,el Coll,160,1,10,2
2026-01-01,6,Gràcia,29,el Coll,171,1,11,1
2026-01-01,6,Gràcia,29,el Coll,150,1,11,2
2026-01-01,6,Gràcia,29,el Coll,165,1,12,1
2026-01-01,6,Gràcia,29,el Coll,131,1,12,2
2026-01-01,6,Gràcia,29,el Coll,101,1,13,1
2026-01-01,6,Gràcia,29,el Coll,110,1,13,2
2026-01-01,6,Gràcia,29,el Coll,71,1,14,1
2026-01-01,6,Gràcia,29,el Coll,64,1,14,2
2026-01-01,6,Gràcia,29,el Coll,55,1,15,1
2026-01-01,6,Gràcia,29,el Coll,40,1,15,2
2026-01-01,6,Gràcia,29,el Coll,58,1,16,1
2026-01-01,6,Gràcia,29,el Coll,38,1,16,2
2026-01-01,6,Gràcia,29,el Coll,33,1,17,1
2026-01-01,6,Gràcia,29,el Coll,19,1,17,2
2026-01-01,6,Gràcia,29,el Coll,7,1,18,1
2026-01-01,6,Gràcia,29,el Coll,6,1,18,2
2026-01-01,6,Gràcia,29,el Coll,..,1,19,1
2026-01-01,6,Gràcia,29,el Coll,..,1,19,2
2026-01-01,6,Gràcia,29,el Coll,5,2,0,1
2026-01-01,6,Gràcia,29,el Coll,14,2,0,2
2026-01-01,6,Gràcia,29,el Coll,8,2,1,1
2026-01-01,6,Gràcia,29,el Coll,5,2,1,2
2026-01-01,6,Gràcia,29,el Coll,6,2,2,1
2026-01-01,6,Gràcia,29,el Coll,6,2,2,2
2026-01-01,6,Gràcia,29,el Coll,12,2,3,1
2026-01-01,6,Gràcia,29,el Coll,13,2,3,2
2026-01-01,6,Gràcia,29,el Coll,13,2,4,1
2026-01-01,6,Gràcia,29,el Coll,8,2,4,2
2026-01-01,6,Gràcia,29,el Coll,20,2,5,1
2026-01-01,6,Gràcia,29,el Coll,19,2,5,2
2026-01-01,6,Gràcia,29,el Coll,22,2,6,1
2026-01-01,6,Gràcia,29,el Coll,20,2,6,2
2026-01-01,6,Gràcia,29,el Coll,22,2,7,1
2026-01-01,6,Gràcia,29,el Coll,14,2,7,2
2026-01-01,6,Gràcia,29,el Coll,13,2,8,1
2026-01-01,6,Gràcia,29,el Coll,18,2,8,2
2026-01-01,6,Gràcia,29,el Coll,18,2,9,1
2026-01-01,6,Gràcia,29,el Coll,17,2,9,2
2026-01-01,6,Gràcia,29,el Coll,24,2,10,1
2026-01-01,6,Gràcia,29,el Coll,16,2,10,2
2026-01-01,6,Gràcia,29,el Coll,21,2,11,1
2026-01-01,6,Gràcia,29,el Coll,14,2,11,2
2026-01-01,6,Gràcia,29,el Coll,13,2,12,1
2026-01-01,6,Gràcia,29,el Coll,15,2,12,2
2026-01-01,6,Gràcia,29,el Coll,21,2,13,1
2026-01-01,6,Gràcia,29,el Coll,15,2,13,2
2026-01-01,6,Gràcia,29,el Coll,18,2,14,1
2026-01-01,6,Gràcia,29,el Coll,11,2,14,2
2026-01-01,6,Gràcia,29,el Coll,19,2,15,1
2026-01-01,6,Gràcia,29,el Coll,11,2,15,2
2026-01-01,6,Gràcia,29,el Coll,10,2,16,1
2026-01-01,6,Gràcia,29,el Coll,8,2,16,2
2026-01-01,6,Gràcia,29,el Coll,9,2,17,1
2026-01-01,6,Gràcia,29,el Coll,11,2,17,2
2026-01-01,6,Gràcia,29,el Coll,..,2,18,1
2026-01-01,6,Gràcia,29,el Coll,..,2,18,2
2026-01-01,6,Gràcia,29,el Coll,..,3,0,2
2026-01-01,6,Gràcia,29,el Coll,..,3,1,1
2026-01-01,6,Gràcia,29,el Coll,..,3,1,2
2026-01-01,6,Gràcia,29,el Coll,..,3,2,1
2026-01-01,6,Gràcia,29,el Coll,..,3,2,2
2026-01-01,6,Gràcia,29,el Coll,6,3,3,1
2026-01-01,6,Gràcia,29,el Coll,..,3,3,2
2026-01-01,6,Gràcia,29,el Coll,6,3,4,1
2026-01-01,6,Gràcia,29,el Coll,5,3,4,2
2026-01-01,6,Gràcia,29,el Coll,17,3,5,1
2026-01-01,6,Gràcia,29,el Coll,9,3,5,2
2026-01-01,6,Gràcia,29,el Coll,24,3,6,1
2026-01-01,6,Gràcia,29,el Coll,17,3,6,2
2026-01-01,6,Gràcia,29,el Coll,17,3,7,1
2026-01-01,6,Gràcia,29,el Coll,18,3,7,2
2026-01-01,6,Gràcia,29,el Coll,19,3,8,1
2026-01-01,6,Gràcia,29,el Coll,16,3,8,2
2026-01-01,6,Gràcia,29,el Coll,30,3,9,1
2026-01-01,6,Gràcia,29,el Coll,25,3,9,2
2026-01-01,6,Gràcia,29,el Coll,21,3,10,1
2026-01-01,6,Gràcia,29,el Coll,27,3,10,2
2026-01-01,6,Gràcia,29,el Coll,23,3,11,1
2026-01-01,6,Gràcia,29,el Coll,19,3,11,2
2026-01-01,6,Gràcia,29,el Coll,31,3,12,1
2026-01-01,6,Gràcia,29,el Coll,25,3,12,2
2026-01-01,6,Gràcia,29,el Coll,68,3,13,1
2026-01-01,6,Gràcia,29,el Coll,44,3,13,2
2026-01-01,6,Gràcia,29,el Coll,82,3,14,1
2026-01-01,6,Gràcia,29,el Coll,55,3,14,2
2026-01-01,6,Gràcia,29,el Coll,101,3,15,1
2026-01-01,6,Gràcia,29,el Coll,67,3,15,2
2026-01-01,6,Gràcia,29,el Coll,92,3,16,1
2026-01-01,6,Gràcia,29,el Coll,48,3,16,2
2026-01-01,6,Gràcia,29,el Coll,62,3,17,1
2026-01-01,6,Gràcia,29,el Coll,36,3,17,2
2026-01-01,6,Gràcia,29,el Coll,39,3,18,1
2026-01-01,6,Gràcia,29,el Coll,10,3,18,2
2026-01-01,6,Gràcia,29,el Coll,9,3,19,1
2026-01-01,6,Gràcia,29,el Coll,..,3,19,2
2026-01-01,6,Gràcia,29,el Coll,..,3,20,1
2026-01-01,6,Gràcia,29,el Coll,..,4,0,1
2026-01-01,6,Gràcia,29,el Coll,..,4,0,2
2026-01-01,6,Gràcia,29,el Coll,..,4,1,1
2026-01-01,6,Gràcia,29,el Coll,..,4,1,2
2026-01-01,6,Gràcia,29,el Coll,..,4,2,1
2026-01-01,6,Gràcia,29,el Coll,5,4,2,2
2026-01-01,6,Gràcia,29,el Coll,6,4,3,1
2026-01-01,6,Gràcia,29,el Coll,..,4,3,2
2026-01-01,6,Gràcia,29,el Coll,9,4,4,1
2026-01-01,6,Gràcia,29,el Coll,10,4,4,2
2026-01-01,6,Gràcia,29,el Coll,23,4,5,1
2026-01-01,6,Gràcia,29,el Coll,15,4,5,2
2026-01-01,6,Gràcia,29,el Coll,28,4,6,1
2026-01-01,6,Gràcia,29,el Coll,33,4,6,2
2026-01-01,6,Gràcia,29,el Coll,27,4,7,1
2026-01-01,6,Gràcia,29,el Coll,25,4,7,2
2026-01-01,6,Gràcia,29,el Coll,18,4,8,1
2026-01-01,6,Gràcia,29,el Coll,21,4,8,2
2026-01-01,6,Gràcia,29,el Coll,31,4,9,1
2026-01-01,6,Gràcia,29,el Coll,17,4,9,2
2026-01-01,6,Gràcia,29,el Coll,15,4,10,1
2026-01-01,6,Gràcia,29,el Coll,19,4,10,2
2026-01-01,6,Gràcia,29,el Coll,15,4,11,1
2026-01-01,6,Gràcia,29,el Coll,14,4,11,2
2026-01-01,6,Gràcia,29,el Coll,9,4,12,1
2026-01-01,6,Gràcia,29,el Coll,6,4,12,2
2026-01-01,6,Gràcia,29,el Coll,7,4,13,1
2026-01-01,6,Gràcia,29,el Coll,..,4,13,2
2026-01-01,6,Gràcia,29,el Coll,..,4,14,1
2026-01-01,6,Gràcia,29,el Coll,..,4,14,2
2026-01-01,6,Gràcia,29,el Coll,5,4,15,1
2026-01-01,6,Gràcia,29,el Coll,..,4,15,2
2026-01-01,6,Gràcia,29,el Coll,..,4,16,1
2026-01-01,6,Gràcia,29,el Coll,..,4,16,2
2026-01-01,6,Gràcia,29,el Coll,..,4,17,1
2026-01-01,6,Gràcia,29,el Coll,..,4,18,1
2026-01-01,6,Gràcia,29,el Coll,..,4,18,2
2026-01-01,6,Gràcia,29,el Coll,9,5,0,1
2026-01-01,6,Gràcia,29,el Coll,5,5,0,2
2026-01-01,6,Gràcia,29,el Coll,37,5,1,1
2026-01-01,6,Gràcia,29,el Coll,25,5,1,2
2026-01-01,6,Gràcia,29,el Coll,37,5,2,1
2026-01-01,6,Gràcia,29,el Coll,32,5,2,2
2026-01-01,6,Gràcia,29,el Coll,40,5,3,1
2026-01-01,6,Gràcia,29,el Coll,47,5,3,2
2026-01-01,6,Gràcia,29,el Coll,73,5,4,1
2026-01-01,6,Gràcia,29,el Coll,62,5,4,2
2026-01-01,6,Gràcia,29,el Coll,148,5,5,1
2026-01-01,6,Gràcia,29,el Coll,147,5,5,2
2026-01-01,6,Gràcia,29,el Coll,170,5,6,1
2026-01-01,6,Gràcia,29,el Coll,139,5,6,2
2026-01-01,6,Gràcia,29,el Coll,189,5,7,1
2026-01-01,6,Gràcia,29,el Coll,151,5,7,2
2026-01-01,6,Gràcia,29,el Coll,136,5,8,1
2026-01-01,6,Gràcia,29,el Coll,107,5,8,2
2026-01-01,6,Gràcia,29,el Coll,99,5,9,1
2026-01-01,6,Gràcia,29,el Coll,86,5,9,2
2026-01-01,6,Gràcia,29,el Coll,88,5,10,1
2026-01-01,6,Gràcia,29,el Coll,64,5,10,2
2026-01-01,6,Gràcia,29,el Coll,69,5,11,1
2026-01-01,6,Gràcia,29,el Coll,49,5,11,2
2026-01-01,6,Gràcia,29,el Coll,50,5,12,1
2026-01-01,6,Gràcia,29,el Coll,34,5,12,2
2026-01-01,6,Gràcia,29,el Coll,36,5,13,1
2026-01-01,6,Gràcia,29,el Coll,16,5,13,2
2026-01-01,6,Gràcia,29,el Coll,26,5,14,1
2026-01-01,6,Gràcia,29,el Coll,20,5,14,2
2026-01-01,6,Gràcia,29,el Coll,13,5,15,1
2026-01-01,6,Gràcia,29,el Coll,7,5,15,2
2026-01-01,6,Gràcia,29,el Coll,11,5,16,1
2026-01-01,6,Gràcia,29,el Coll,..,5,16,2
2026-01-01,6,Gràcia,29,el Coll,..,5,17,1
2026-01-01,6,Gràcia,29,el Coll,..,5,18,2
2026-01-01,6,Gràcia,29,el Coll,..,5,20,1
2026-01-01,6,Gràcia,29,el Coll,..,6,5,1
2026-01-01,6,Gràcia,30,la Salut,183,1,0,1
2026-01-01,6,Gràcia,30,la Salut,189,1,0,2
2026-01-01,6,Gràcia,30,la Salut,200,1,1,1
2026-01-01,6,Gràcia,30,la Salut,220,1,1,2
2026-01-01,6,Gràcia,30,la Salut,223,1,2,1
2026-01-01,6,Gràcia,30,la Salut,252,1,2,2
2026-01-01,6,Gràcia,30,la Salut,226,1,3,1
2026-01-01,6,Gràcia,30,la Salut,205,1,3,2
2026-01-01,6,Gràcia,30,la Salut,192,1,4,1
2026-01-01,6,Gràcia,30,la Salut,215,1,4,2
2026-01-01,6,Gràcia,30,la Salut,181,1,5,1
2026-01-01,6,Gràcia,30,la Salut,157,1,5,2
2026-01-01,6,Gràcia,30,la Salut,163,1,6,1
2026-01-01,6,Gràcia,30,la Salut,159,1,6,2
2026-01-01,6,Gràcia,30,la Salut,170,1,7,1
2026-01-01,6,Gràcia,30,la Salut,181,1,7,2
2026-01-01,6,Gràcia,30,la Salut,216,1,8,1
2026-01-01,6,Gràcia,30,la Salut,209,1,8,2
2026-01-01,6,Gràcia,30,la Salut,237,1,9,1
2026-01-01,6,Gràcia,30,la Salut,248,1,9,2
2026-01-01,6,Gràcia,30,la Salut,276,1,10,1
2026-01-01,6,Gràcia,30,la Salut,296,1,10,2
2026-01-01,6,Gràcia,30,la Salut,255,1,11,1
2026-01-01,6,Gràcia,30,la Salut,247,1,11,2
2026-01-01,6,Gràcia,30,la Salut,223,1,12,1
2026-01-01,6,Gràcia,30,la Salut,197,1,12,2
2026-01-01,6,Gràcia,30,la Salut,240,1,13,1
2026-01-01,6,Gràcia,30,la Salut,184,1,13,2
2026-01-01,6,Gràcia,30,la Salut,190,1,14,1
2026-01-01,6,Gràcia,30,la Salut,143,1,14,2
2026-01-01,6,Gràcia,30,la Salut,203,1,15,1
2026-01-01,6,Gràcia,30,la Salut,145,1,15,2
2026-01-01,6,Gràcia,30,la Salut,140,1,16,1
2026-01-01,6,Gràcia,30,la Salut,96,1,16,2
2026-01-01,6,Gràcia,30,la Salut,111,1,17,1
2026-01-01,6,Gràcia,30,la Salut,40,1,17,2
2026-01-01,6,Gràcia,30,la Salut,78,1,18,1
2026-01-01,6,Gràcia,30,la Salut,26,1,18,2
2026-01-01,6,Gràcia,30,la Salut,23,1,19,1
2026-01-01,6,Gràcia,30,la Salut,..,1,19,2
2026-01-01,6,Gràcia,30,la Salut,15,2,0,1
2026-01-01,6,Gràcia,30,la Salut,10,2,0,2
2026-01-01,6,Gràcia,30,la Salut,10,2,1,1
2026-01-01,6,Gràcia,30,la Salut,15,2,1,2
2026-01-01,6,Gràcia,30,la Salut,14,2,2,1
2026-01-01,6,Gràcia,30,la Salut,9,2,2,2
2026-01-01,6,Gràcia,30,la Salut,13,2,3,1
2026-01-01,6,Gràcia,30,la Salut,18,2,3,2
2026-01-01,6,Gràcia,30,la Salut,14,2,4,1
2026-01-01,6,Gràcia,30,la Salut,17,2,4,2
2026-01-01,6,Gràcia,30,la Salut,41,2,5,1
2026-01-01,6,Gràcia,30,la Salut,21,2,5,2
2026-01-01,6,Gràcia,30,la Salut,39,2,6,1
2026-01-01,6,Gràcia,30,la Salut,26,2,6,2
2026-01-01,6,Gràcia,30,la Salut,24,2,7,1
2026-01-01,6,Gràcia,30,la Salut,27,2,7,2
2026-01-01,6,Gràcia,30,la Salut,36,2,8,1
2026-01-01,6,Gràcia,30,la Salut,39,2,8,2
2026-01-01,6,Gràcia,30,la Salut,45,2,9,1
2026-01-01,6,Gràcia,30,la Salut,46,2,9,2
2026-01-01,6,Gràcia,30,la Salut,36,2,10,1
2026-01-01,6,Gràcia,30,la Salut,39,2,10,2
2026-01-01,6,Gràcia,30,la Salut,24,2,11,1
2026-01-01,6,Gràcia,30,la Salut,30,2,11,2
2026-01-01,6,Gràcia,30,la Salut,37,2,12,1
2026-01-01,6,Gràcia,30,la Salut,22,2,12,2
2026-01-01,6,Gràcia,30,la Salut,51,2,13,1
2026-01-01,6,Gràcia,30,la Salut,23,2,13,2
2026-01-01,6,Gràcia,30,la Salut,78,2,14,1
2026-01-01,6,Gràcia,30,la Salut,46,2,14,2
2026-01-01,6,Gràcia,30,la Salut,48,2,15,1
2026-01-01,6,Gràcia,30,la Salut,54,2,15,2
2026-01-01,6,Gràcia,30,la Salut,55,2,16,1
2026-01-01,6,Gràcia,30,la Salut,34,2,16,2
2026-01-01,6,Gràcia,30,la Salut,30,2,17,1
2026-01-01,6,Gràcia,30,la Salut,23,2,17,2
2026-01-01,6,Gràcia,30,la Salut,26,2,18,1
2026-01-01,6,Gràcia,30,la Salut,9,2,18,2
2026-01-01,6,Gràcia,30,la Salut,9,2,19,1
2026-01-01,6,Gràcia,30,la Salut,..,2,19,2
2026-01-01,6,Gràcia,30,la Salut,..,3,0,1
2026-01-01,6,Gràcia,30,la Salut,..,3,0,2
2026-01-01,6,Gràcia,30,la Salut,..,3,1,1
2026-01-01,6,Gràcia,30,la Salut,..,3,1,2
2026-01-01,6,Gràcia,30,la Salut,9,3,2,1
2026-01-01,6,Gràcia,30,la Salut,9,3,2,2
2026-01-01,6,Gràcia,30,la Salut,14,3,3,1
2026-01-01,6,Gràcia,30,la Salut,12,3,3,2
2026-01-01,6,Gràcia,30,la Salut,10,3,4,1
2026-01-01,6,Gràcia,30,la Salut,8,3,4,2
2026-01-01,6,Gràcia,30,la Salut,40,3,5,1
2026-01-01,6,Gràcia,30,la Salut,19,3,5,2
2026-01-01,6,Gràcia,30,la Salut,43,3,6,1
2026-01-01,6,Gràcia,30,la Salut,43,3,6,2
2026-01-01,6,Gràcia,30,la Salut,37,3,7,1
2026-01-01,6,Gràcia,30,la Salut,32,3,7,2
2026-01-01,6,Gràcia,30,la Salut,40,3,8,1
2026-01-01,6,Gràcia,30,la Salut,42,3,8,2
2026-01-01,6,Gràcia,30,la Salut,63,3,9,1
2026-01-01,6,Gràcia,30,la Salut,34,3,9,2
2026-01-01,6,Gràcia,30,la Salut,41,3,10,1
2026-01-01,6,Gràcia,30,la Salut,35,3,10,2
2026-01-01,6,Gràcia,30,la Salut,38,3,11,1
2026-01-01,6,Gràcia,30,la Salut,35,3,11,2
2026-01-01,6,Gràcia,30,la Salut,48,3,12,1
2026-01-01,6,Gràcia,30,la Salut,32,3,12,2
2026-01-01,6,Gràcia,30,la Salut,82,3,13,1
2026-01-01,6,Gràcia,30,la Salut,48,3,13,2
2026-01-01,6,Gràcia,30,la Salut,119,3,14,1
2026-01-01,6,Gràcia,30,la Salut,62,3,14,2
2026-01-01,6,Gràcia,30,la Salut,151,3,15,1
2026-01-01,6,Gràcia,30,la Salut,80,3,15,2
2026-01-01,6,Gràcia,30,la Salut,134,3,16,1
2026-01-01,6,Gràcia,30,la Salut,78,3,16,2
2026-01-01,6,Gràcia,30,la Salut,85,3,17,1
2026-01-01,6,Gràcia,30,la Salut,41,3,17,2
2026-01-01,6,Gràcia,30,la Salut,50,3,18,1
2026-01-01,6,Gràcia,30,la Salut,20,3,18,2
2026-01-01,6,Gràcia,30,la Salut,8,3,19,1
2026-01-01,6,Gràcia,30,la Salut,..,3,19,2
2026-01-01,6,Gràcia,30,la Salut,..,3,20,1
2026-01-01,6,Gràcia,30,la Salut,..,3,20,2
2026-01-01,6,Gràcia,30,la Salut,..,4,0,1
2026-01-01,6,Gràcia,30,la Salut,8,4,1,1
2026-01-01,6,Gràcia,30,la Salut,..,4,1,2
2026-01-01,6,Gràcia,30,la Salut,5,4,2,1
2026-01-01,6,Gràcia,30,la Salut,7,4,2,2
2026-01-01,6,Gràcia,30,la Salut,11,4,3,1
2026-01-01,6,Gràcia,30,la Salut,8,4,3,2
2026-01-01,6,Gràcia,30,la Salut,15,4,4,1
2026-01-01,6,Gràcia,30,la Salut,19,4,4,2
2026-01-01,6,Gràcia,30,la Salut,52,4,5,1
2026-01-01,6,Gràcia,30,la Salut,38,4,5,2
2026-01-01,6,Gràcia,30,la Salut,62,4,6,1
2026-01-01,6,Gràcia,30,la Salut,55,4,6,2
2026-01-01,6,Gràcia,30,la Salut,58,4,7,1
2026-01-01,6,Gràcia,30,la Salut,50,4,7,2
2026-01-01,6,Gràcia,30,la Salut,52,4,8,1
2026-01-01,6,Gràcia,30,la Salut,47,4,8,2
2026-01-01,6,Gràcia,30,la Salut,38,4,9,1
2026-01-01,6,Gràcia,30,la Salut,39,4,9,2
2026-01-01,6,Gràcia,30,la Salut,19,4,10,1
2026-01-01,6,Gràcia,30,la Salut,26,4,10,2
2026-01-01,6,Gràcia,30,la Salut,14,4,11,1
2026-01-01,6,Gràcia,30,la Salut,18,4,11,2
2026-01-01,6,Gràcia,30,la Salut,11,4,12,1
2026-01-01,6,Gràcia,30,la Salut,12,4,12,2
2026-01-01,6,Gràcia,30,la Salut,5,4,13,1
2026-01-01,6,Gràcia,30,la Salut,8,4,13,2
2026-01-01,6,Gràcia,30,la Salut,6,4,14,1
2026-01-01,6,Gràcia,30,la Salut,..,4,14,2
2026-01-01,6,Gràcia,30,la Salut,..,4,15,1
2026-01-01,6,Gràcia,30,la Salut,..,4,15,2
2026-01-01,6,Gràcia,30,la Salut,7,4,16,1
2026-01-01,6,Gràcia,30,la Salut,..,4,16,2
2026-01-01,6,Gràcia,30,la Salut,10,4,17,1
2026-01-01,6,Gràcia,30,la Salut,..,4,17,2
2026-01-01,6,Gràcia,30,la Salut,..,4,18,1
2026-01-01,6,Gràcia,30,la Salut,..,4,18,2
2026-01-01,6,Gràcia,30,la Salut,20,5,0,1
2026-01-01,6,Gràcia,30,la Salut,11,5,0,2
2026-01-01,6,Gràcia,30,la Salut,41,5,1,1
2026-01-01,6,Gràcia,30,la Salut,38,5,1,2
2026-01-01,6,Gràcia,30,la Salut,55,5,2,1
2026-01-01,6,Gràcia,30,la Salut,58,5,2,2
2026-01-01,6,Gràcia,30,la Salut,57,5,3,1
2026-01-01,6,Gràcia,30,la Salut,116,5,3,2
2026-01-01,6,Gràcia,30,la Salut,99,5,4,1
2026-01-01,6,Gràcia,30,la Salut,91,5,4,2
2026-01-01,6,Gràcia,30,la Salut,208,5,5,1
2026-01-01,6,Gràcia,30,la Salut,172,5,5,2
2026-01-01,6,Gràcia,30,la Salut,247,5,6,1
2026-01-01,6,Gràcia,30,la Salut,244,5,6,2
2026-01-01,6,Gràcia,30,la Salut,216,5,7,1
2026-01-01,6,Gràcia,30,la Salut,231,5,7,2
2026-01-01,6,Gràcia,30,la Salut,179,5,8,1
2026-01-01,6,Gràcia,30,la Salut,168,5,8,2
2026-01-01,6,Gràcia,30,la Salut,168,5,9,1
2026-01-01,6,Gràcia,30,la Salut,109,5,9,2
2026-01-01,6,Gràcia,30,la Salut,106,5,10,1
2026-01-01,6,Gràcia,30,la Salut,92,5,10,2
2026-01-01,6,Gràcia,30,la Salut,89,5,11,1
2026-01-01,6,Gràcia,30,la Salut,70,5,11,2
2026-01-01,6,Gràcia,30,la Salut,65,5,12,1
2026-01-01,6,Gràcia,30,la Salut,50,5,12,2
2026-01-01,6,Gràcia,30,la Salut,68,5,13,1
2026-01-01,6,Gràcia,30,la Salut,34,5,13,2
2026-01-01,6,Gràcia,30,la Salut,50,5,14,1
2026-01-01,6,Gràcia,30,la Salut,13,5,14,2
2026-01-01,6,Gràcia,30,la Salut,32,5,15,1
2026-01-01,6,Gràcia,30,la Salut,23,5,15,2
2026-01-01,6,Gràcia,30,la Salut,16,5,16,1
2026-01-01,6,Gràcia,30,la Salut,12,5,16,2
2026-01-01,6,Gràcia,30,la Salut,..,5,17,1
2026-01-01,6,Gràcia,30,la Salut,..,5,17,2
2026-01-01,6,Gràcia,30,la Salut,..,5,18,1
2026-01-01,6,Gràcia,30,la Salut,..,5,18,2
2026-01-01,6,Gràcia,30,la Salut,..,5,19,1
2026-01-01,6,Gràcia,30,la Salut,..,5,20,2
2026-01-01,6,Gràcia,30,la Salut,..,6,5,1
2026-01-01,6,Gràcia,30,la Salut,..,6,6,2
2026-01-01,6,Gràcia,30,la Salut,..,6,7,1
2026-01-01,6,Gràcia,30,la Salut,..,6,9,2
2026-01-01,6,Gràcia,31,la Vila de Gràcia,646,1,0,1
2026-01-01,6,Gràcia,31,la Vila de Gràcia,707,1,0,2
2026-01-01,6,Gràcia,31,la Vila de Gràcia,666,1,1,1
2026-01-01,6,Gràcia,31,la Vila de Gràcia,697,1,1,2
2026-01-01,6,Gràcia,31,la Vila de Gràcia,642,1,2,1
2026-01-01,6,Gràcia,31,la Vila de Gràcia,733,1,2,2
2026-01-01,6,Gràcia,31,la Vila de Gràcia,626,1,3,1
2026-01-01,6,Gràcia,31,la Vila de Gràcia,688,1,3,2
2026-01-01,6,Gràcia,31,la Vila de Gràcia,612,1,4,1
2026-01-01,6,Gràcia,31,la Vila de Gràcia,640,1,4,2
2026-01-01,6,Gràcia,31,la Vila de Gràcia,596,1,5,1
2026-01-01,6,Gràcia,31,la Vila de Gràcia,604,1,5,2
2026-01-01,6,Gràcia,31,la Vila de Gràcia,566,1,6,1
2026-01-01,6,Gràcia,31,la Vila de Gràcia,574,1,6,2
2026-01-01,6,Gràcia,31,la Vila de Gràcia,490,1,7,1
2026-01-01,6,Gràcia,31,la Vila de Gràcia,556,1,7,2
2026-01-01,6,Gràcia,31,la Vila de Gràcia,628,1,8,1
2026-01-01,6,Gràcia,31,la Vila de Gràcia,628,1,8,2
2026-01-01,6,Gràcia,31,la Vila de Gràcia,772,1,9,1
2026-01-01,6,Gràcia,31,la Vila de Gràcia,750,1,9,2
2026-01-01,6,Gràcia,31,la Vila de Gràcia,955,1,10,1
2026-01-01,6,Gràcia,31,la Vila de Gràcia,886,1,10,2
2026-01-01,6,Gràcia,31,la Vila de Gràcia,902,1,11,1
2026-01-01,6,Gràcia,31,la Vila de Gràcia,788,1,11,2
2026-01-01,6,Gràcia,31,la Vila de Gràcia,862,1,12,1
2026-01-01,6,Gràcia,31,la Vila de Gràcia,753,1,12,2
2026-01-01,6,Gràcia,31,la Vila de Gràcia,767,1,13,1
2026-01-01,6,Gràcia,31,la Vila de Gràcia,586,1,13,2
2026-01-01,6,Gràcia,31,la Vila de Gràcia,587,1,14,1
2026-01-01,6,Gràcia,31,la Vila de Gràcia,453,1,14,2
2026-01-01,6,Gràcia,31,la Vila de Gràcia,529,1,15,1
2026-01-01,6,Gràcia,31,la Vila de Gràcia,404,1,15,2
2026-01-01,6,Gràcia,31,la Vila de Gràcia,429,1,16,1
2026-01-01,6,Gràcia,31,la Vila de Gràcia,261,1,16,2
2026-01-01,6,Gràcia,31,la Vila de Gràcia,318,1,17,1
2026-01-01,6,Gràcia,31,la Vila de Gràcia,154,1,17,2
2026-01-01,6,Gràcia,31,la Vila de Gràcia,264,1,18,1
2026-01-01,6,Gràcia,31,la Vila de Gràcia,84,1,18,2
2026-01-01,6,Gràcia,31,la Vila de Gràcia,91,1,19,1
2026-01-01,6,Gràcia,31,la Vila de Gràcia,17,1,19,2
2026-01-01,6,Gràcia,31,la Vila de Gràcia,24,1,20,1
2026-01-01,6,Gràcia,31,la Vila de Gràcia,..,1,20,2
2026-01-01,6,Gràcia,31,la Vila de Gràcia,44,2,0,1
2026-01-01,6,Gràcia,31,la Vila de Gràcia,41,2,0,2
2026-01-01,6,Gràcia,31,la Vila de Gràcia,27,2,1,1
2026-01-01,6,Gràcia,31,la Vila de Gràcia,32,2,1,2
2026-01-01,6,Gràcia,31,la Vila de Gràcia,33,2,2,1
2026-01-01,6,Gràcia,31,la Vila de Gràcia,37,2,2,2
2026-01-01,6,Gràcia,31,la Vila de Gràcia,47,2,3,1
2026-01-01,6,Gràcia,31,la Vila de Gràcia,39,2,3,2
2026-01-01,6,Gràcia,31,la Vila de Gràcia,71,2,4,1
2026-01-01,6,Gràcia,31,la Vila de Gràcia,55,2,4,2
2026-01-01,6,Gràcia,31,la Vila de Gràcia,194,2,5,1
2026-01-01,6,Gràcia,31,la Vila de Gràcia,105,2,5,2
2026-01-01,6,Gràcia,31,la Vila de Gràcia,219,2,6,1
2026-01-01,6,Gràcia,31,la Vila de Gràcia,171,2,6,2
2026-01-01,6,Gràcia,31,la Vila de Gràcia,177,2,7,1
2026-01-01,6,Gràcia,31,la Vila de Gràcia,147,2,7,2
2026-01-01,6,Gràcia,31,la Vila de Gràcia,194,2,8,1
2026-01-01,6,Gràcia,31,la Vila de Gràcia,161,2,8,2
2026-01-01,6,Gràcia,31,la Vila de Gràcia,242,2,9,1
2026-01-01,6,Gràcia,31,la Vila de Gràcia,202,2,9,2
2026-01-01,6,Gràcia,31,la Vila de Gràcia,190,2,10,1
2026-01-01,6,Gràcia,31,la Vila de Gràcia,162,2,10,2
2026-01-01,6,Gràcia,31,la Vila de Gràcia,161,2,11,1
2026-01-01,6,Gràcia,31,la Vila de Gràcia,111,2,11,2
2026-01-01,6,Gràcia,31,la Vila de Gràcia,153,2,12,1
2026-01-01,6,Gràcia,31,la Vila de Gràcia,120,2,12,2
2026-01-01,6,Gràcia,31,la Vila de Gràcia,135,2,13,1
2026-01-01,6,Gràcia,31,la Vila de Gràcia,116,2,13,2
2026-01-01,6,Gràcia,31,la Vila de Gràcia,135,2,14,1
2026-01-01,6,Gràcia,31,la Vila de Gràcia,103,2,14,2
2026-01-01,6,Gràcia,31,la Vila de Gràcia,131,2,15,1
2026-01-01,6,Gràcia,31,la Vila de Gràcia,110,2,15,2
2026-01-01,6,Gràcia,31,la Vila de Gràcia,89,2,16,1
2026-01-01,6,Gràcia,31,la Vila de Gràcia,67,2,16,2
2026-01-01,6,Gràcia,31,la Vila de Gràcia,87,2,17,1
2026-01-01,6,Gràcia,31,la Vila de Gràcia,34,2,17,2
2026-01-01,6,Gràcia,31,la Vila de Gràcia,62,2,18,1
2026-01-01,6,Gràcia,31,la Vila de Gràcia,33,2,18,2
2026-01-01,6,Gràcia,31,la Vila de Gràcia,31,2,19,1
2026-01-01,6,Gràcia,31,la Vila de Gràcia,8,2,19,2
2026-01-01,6,Gràcia,31,la Vila de Gràcia,6,2,20,1
2026-01-01,6,Gràcia,31,la Vila de Gràcia,5,2,20,2
2026-01-01,6,Gràcia,31,la Vila de Gràcia,..,3,0,1
2026-01-01,6,Gràcia,31,la Vila de Gràcia,6,3,0,2
2026-01-01,6,Gràcia,31,la Vila de Gràcia,8,3,1,1
2026-01-01,6,Gràcia,31,la Vila de Gràcia,9,3,1,2
2026-01-01,6,Gràcia,31,la Vila de Gràcia,12,3,2,1
2026-01-01,6,Gràcia,31,la Vila de Gràcia,11,3,2,2
2026-01-01,6,Gràcia,31,la Vila de Gràcia,21,3,3,1
2026-01-01,6,Gràcia,31,la Vila de Gràcia,9,3,3,2
2026-01-01,6,Gràcia,31,la Vila de Gràcia,41,3,4,1
2026-01-01,6,Gràcia,31,la Vila de Gràcia,26,3,4,2
2026-01-01,6,Gràcia,31,la Vila de Gràcia,216,3,5,1
2026-01-01,6,Gràcia,31,la Vila de Gràcia,127,3,5,2
2026-01-01,6,Gràcia,31,la Vila de Gràcia,290,3,6,1
2026-01-01,6,Gràcia,31,la Vila de Gràcia,214,3,6,2
2026-01-01,6,Gràcia,31,la Vila de Gràcia,243,3,7,1
2026-01-01,6,Gràcia,31,la Vila de Gràcia,197,3,7,2
2026-01-01,6,Gràcia,31,la Vila de Gràcia,214,3,8,1
2026-01-01,6,Gràcia,31,la Vila de Gràcia,183,3,8,2
2026-01-01,6,Gràcia,31,la Vila de Gràcia,187,3,9,1
2026-01-01,6,Gràcia,31,la Vila de Gràcia,159,3,9,2
2026-01-01,6,Gràcia,31,la Vila de Gràcia,142,3,10,1
2026-01-01,6,Gràcia,31,la Vila de Gràcia,112,3,10,2
2026-01-01,6,Gràcia,31,la Vila de Gràcia,145,3,11,1
2026-01-01,6,Gràcia,31,la Vila de Gràcia,109,3,11,2
2026-01-01,6,Gràcia,31,la Vila de Gràcia,183,3,12,1
2026-01-01,6,Gràcia,31,la Vila de Gràcia,108,3,12,2
2026-01-01,6,Gràcia,31,la Vila de Gràcia,214,3,13,1
2026-01-01,6,Gràcia,31,la Vila de Gràcia,167,3,13,2
2026-01-01,6,Gràcia,31,la Vila de Gràcia,252,3,14,1
2026-01-01,6,Gràcia,31,la Vila de Gràcia,165,3,14,2
2026-01-01,6,Gràcia,31,la Vila de Gràcia,295,3,15,1
2026-01-01,6,Gràcia,31,la Vila de Gràcia,182,3,15,2
2026-01-01,6,Gràcia,31,la Vila de Gràcia,297,3,16,1
2026-01-01,6,Gràcia,31,la Vila de Gràcia,154,3,16,2
2026-01-01,6,Gràcia,31,la Vila de Gràcia,252,3,17,1
2026-01-01,6,Gràcia,31,la Vila de Gràcia,103,3,17,2
2026-01-01,6,Gràcia,31,la Vila de Gràcia,174,3,18,1
2026-01-01,6,Gràcia,31,la Vila de Gràcia,55,3,18,2
2026-01-01,6,Gràcia,31,la Vila de Gràcia,77,3,19,1
2026-01-01,6,Gràcia,31,la Vila de Gràcia,12,3,19,2
2026-01-01,6,Gràcia,31,la Vila de Gràcia,15,3,20,1
2026-01-01,6,Gràcia,31,la Vila de Gràcia,..,3,20,2
2026-01-01,6,Gràcia,31,la Vila de Gràcia,20,4,0,1
2026-01-01,6,Gràcia,31,la Vila de Gràcia,13,4,0,2
2026-01-01,6,Gràcia,31,la Vila de Gràcia,30,4,1,1
2026-01-01,6,Gràcia,31,la Vila de Gràcia,30,4,1,2
2026-01-01,6,Gràcia,31,la Vila de Gràcia,31,4,2,1
2026-01-01,6,Gràcia,31,la Vila de Gràcia,30,4,2,2
2026-01-01,6,Gràcia,31,la Vila de Gràcia,42,4,3,1
2026-01-01,6,Gràcia,31,la Vila de Gràcia,26,4,3,2
2026-01-01,6,Gràcia,31,la Vila de Gràcia,121,4,4,1
2026-01-01,6,Gràcia,31,la Vila de Gràcia,75,4,4,2
2026-01-01,6,Gràcia,31,la Vila de Gràcia,431,4,5,1
2026-01-01,6,Gràcia,31,la Vila de Gràcia,273,4,5,2
2026-01-01,6,Gràcia,31,la Vila de Gràcia,516,4,6,1
2026-01-01,6,Gràcia,31,la Vila de Gràcia,418,4,6,2
2026-01-01,6,Gràcia,31,la Vila de Gràcia,383,4,7,1
2026-01-01,6,Gràcia,31,la Vila de Gràcia,355,4,7,2
2026-01-01,6,Gràcia,31,la Vila de Gràcia,258,4,8,1
2026-01-01,6,Gràcia,31,la Vila de Gràcia,267,4,8,2
2026-01-01,6,Gràcia,31,la Vila de Gràcia,198,4,9,1
2026-01-01,6,Gràcia,31,la Vila de Gràcia,185,4,9,2
2026-01-01,6,Gràcia,31,la Vila de Gràcia,116,4,10,1
2026-01-01,6,Gràcia,31,la Vila de Gràcia,135,4,10,2
2026-01-01,6,Gràcia,31,la Vila de Gràcia,88,4,11,1
2026-01-01,6,Gràcia,31,la Vila de Gràcia,107,4,11,2
2026-01-01,6,Gràcia,31,la Vila de Gràcia,43,4,12,1
2026-01-01,6,Gràcia,31,la Vila de Gràcia,50,4,12,2
2026-01-01,6,Gràcia,31,la Vila de Gràcia,28,4,13,1
2026-01-01,6,Gràcia,31,la Vila de Gràcia,29,4,13,2
2026-01-01,6,Gràcia,31,la Vila de Gràcia,22,4,14,1
2026-01-01,6,Gràcia,31,la Vila de Gràcia,15,4,14,2
2026-01-01,6,Gràcia,31,la Vila de Gràcia,13,4,15,1
2026-01-01,6,Gràcia,31,la Vila de Gràcia,13,4,15,2
2026-01-01,6,Gràcia,31,la Vila de Gràcia,16,4,16,1
2026-01-01,6,Gràcia,31,la Vila de Gràcia,7,4,16,2
2026-01-01,6,Gràcia,31,la Vila de Gràcia,11,4,17,1
2026-01-01,6,Gràcia,31,la Vila de Gràcia,..,4,17,2
2026-01-01,6,Gràcia,31,la Vila de Gràcia,..,4,18,1
2026-01-01,6,Gràcia,31,la Vila de Gràcia,..,4,19,1
2026-01-01,6,Gràcia,31,la Vila de Gràcia,..,4,19,2
2026-01-01,6,Gràcia,31,la Vila de Gràcia,..,4,20,2
2026-01-01,6,Gràcia,31,la Vila de Gràcia,38,5,0,1
2026-01-01,6,Gràcia,31,la Vila de Gràcia,42,5,0,2
2026-01-01,6,Gràcia,31,la Vila de Gràcia,115,5,1,1
2026-01-01,6,Gràcia,31,la Vila de Gràcia,117,5,1,2
2026-01-01,6,Gràcia,31,la Vila de Gràcia,125,5,2,1
2026-01-01,6,Gràcia,31,la Vila de Gràcia,132,5,2,2
2026-01-01,6,Gràcia,31,la Vila de Gràcia,194,5,3,1
2026-01-01,6,Gràcia,31,la Vila de Gràcia,181,5,3,2
2026-01-01,6,Gràcia,31,la Vila de Gràcia,531,5,4,1
2026-01-01,6,Gràcia,31,la Vila de Gràcia,480,5,4,2
2026-01-01,6,Gràcia,31,la Vila de Gràcia,1166,5,5,1
2026-01-01,6,Gràcia,31,la Vila de Gràcia,891,5,5,2
2026-01-01,6,Gràcia,31,la Vila de Gràcia,1442,5,6,1
2026-01-01,6,Gràcia,31,la Vila de Gràcia,1197,5,6,2
2026-01-01,6,Gràcia,31,la Vila de Gràcia,1165,5,7,1
2026-01-01,6,Gràcia,31,la Vila de Gràcia,1037,5,7,2
2026-01-01,6,Gràcia,31,la Vila de Gràcia,787,5,8,1
2026-01-01,6,Gràcia,31,la Vila de Gràcia,765,5,8,2
2026-01-01,6,Gràcia,31,la Vila de Gràcia,639,5,9,1
2026-01-01,6,Gràcia,31,la Vila de Gràcia,549,5,9,2
2026-01-01,6,Gràcia,31,la Vila de Gràcia,443,5,10,1
2026-01-01,6,Gràcia,31,la Vila de Gràcia,405,5,10,2
2026-01-01,6,Gràcia,31,la Vila de Gràcia,311,5,11,1
2026-01-01,6,Gràcia,31,la Vila de Gràcia,279,5,11,2
2026-01-01,6,Gràcia,31,la Vila de Gràcia,247,5,12,1
2026-01-01,6,Gràcia,31,la Vila de Gràcia,204,5,12,2
2026-01-01,6,Gràcia,31,la Vila de Gràcia,224,5,13,1
2026-01-01,6,Gràcia,31,la Vila de Gràcia,142,5,13,2
2026-01-01,6,Gràcia,31,la Vila de Gràcia,163,5,14,1
2026-01-01,6,Gràcia,31,la Vila de Gràcia,112,5,14,2
2026-01-01,6,Gràcia,31,la Vila de Gràcia,93,5,15,1
2026-01-01,6,Gràcia,31,la Vila de Gràcia,67,5,15,2
2026-01-01,6,Gràcia,31,la Vila de Gràcia,41,5,16,1
2026-01-01,6,Gràcia,31,la Vila de Gràcia,29,5,16,2
2026-01-01,6,Gràcia,31,la Vila de Gràcia,31,5,17,1
2026-01-01,6,Gràcia,31,la Vila de Gràcia,14,5,17,2
2026-01-01,6,Gràcia,31,la Vila de Gràcia,9,5,18,1
2026-01-01,6,Gràcia,31,la Vila de Gràcia,..,5,18,2
2026-01-01,6,Gràcia,31,la Vila de Gràcia,..,5,19,1
2026-01-01,6,Gràcia,31,la Vila de Gràcia,..,5,19,2
2026-01-01,6,Gràcia,31,la Vila de Gràcia,..,5,20,2
2026-01-01,6,Gràcia,31,la Vila de Gràcia,..,6,1,1
2026-01-01,6,Gràcia,31,la Vila de Gràcia,..,6,1,2
2026-01-01,6,Gràcia,31,la Vila de Gràcia,..,6,4,1
2026-01-01,6,Gràcia,31,la Vila de Gràcia,..,6,5,1
2026-01-01,6,Gràcia,31,la Vila de Gràcia,..,6,5,2
2026-01-01,6,Gràcia,31,la Vila de Gràcia,..,6,6,1
2026-01-01,6,Gràcia,31,la Vila de Gràcia,..,6,6,2
2026-01-01,6,Gràcia,31,la Vila de Gràcia,5,6,7,1
2026-01-01,6,Gràcia,31,la Vila de Gràcia,..,6,7,2
2026-01-01,6,Gràcia,31,la Vila de Gràcia,..,6,8,1
2026-01-01,6,Gràcia,31,la Vila de Gràcia,..,6,9,1
2026-01-01,6,Gràcia,31,la Vila de Gràcia,..,6,9,2
2026-01-01,6,Gràcia,31,la Vila de Gràcia,..,6,10,1
2026-01-01,6,Gràcia,31,la Vila de Gràcia,..,6,11,2
2026-01-01,6,Gràcia,31,la Vila de Gràcia,..,6,12,1
2026-01-01,6,Gràcia,31,la Vila de Gràcia,..,6,12,2
2026-01-01,6,Gràcia,31,la Vila de Gràcia,..,6,13,1
2026-01-01,6,Gràcia,31,la Vila de Gràcia,..,6,13,2
2026-01-01,6,Gràcia,31,la Vila de Gràcia,..,6,14,1
2026-01-01,6,Gràcia,31,la Vila de Gràcia,..,6,14,2
2026-01-01,6,Gràcia,31,la Vila de Gràcia,..,6,15,2
2026-01-01,6,Gràcia,32,el Camp d'en Grassot i Gràcia Nova,454,1,0,1
2026-01-01,6,Gràcia,32,el Camp d'en Grassot i Gràcia Nova,483,1,0,2
2026-01-01,6,Gràcia,32,el Camp d'en Grassot i Gràcia Nova,505,1,1,1
2026-01-01,6,Gràcia,32,el Camp d'en Grassot i Gràcia Nova,507,1,1,2
2026-01-01,6,Gràcia,32,el Camp d'en Grassot i Gràcia Nova,448,1,2,1
2026-01-01,6,Gràcia,32,el Camp d'en Grassot i Gràcia Nova,502,1,2,2
2026-01-01,6,Gràcia,32,el Camp d'en Grassot i Gràcia Nova,477,1,3,1
2026-01-01,6,Gràcia,32,el Camp d'en Grassot i Gràcia Nova,514,1,3,2
2026-01-01,6,Gràcia,32,el Camp d'en Grassot i Gràcia Nova,496,1,4,1
2026-01-01,6,Gràcia,32,el Camp d'en Grassot i Gràcia Nova,462,1,4,2
2026-01-01,6,Gràcia,32,el Camp d'en Grassot i Gràcia Nova,453,1,5,1
2026-01-01,6,Gràcia,32,el Camp d'en Grassot i Gràcia Nova,433,1,5,2
2026-01-01,6,Gràcia,32,el Camp d'en Grassot i Gràcia Nova,404,1,6,1
2026-01-01,6,Gràcia,32,el Camp d'en Grassot i Gràcia Nova,441,1,6,2
2026-01-01,6,Gràcia,32,el Camp d'en Grassot i Gràcia Nova,410,1,7,1
2026-01-01,6,Gràcia,32,el Camp d'en Grassot i Gràcia Nova,404,1,7,2
2026-01-01,6,Gràcia,32,el Camp d'en Grassot i Gràcia Nova,438,1,8,1
2026-01-01,6,Gràcia,32,el Camp d'en Grassot i Gràcia Nova,479,1,8,2
2026-01-01,6,Gràcia,32,el Camp d'en Grassot i Gràcia Nova,591,1,9,1
2026-01-01,6,Gràcia,32,el Camp d'en Grassot i Gràcia Nova,594,1,9,2
2026-01-01,6,Gràcia,32,el Camp d'en Grassot i Gràcia Nova,669,1,10,1
2026-01-01,6,Gràcia,32,el Camp d'en Grassot i Gràcia Nova,671,1,10,2
2026-01-01,6,Gràcia,32,el Camp d'en Grassot i Gràcia Nova,724,1,11,1
2026-01-01,6,Gràcia,32,el Camp d'en Grassot i Gràcia Nova,615,1,11,2
2026-01-01,6,Gràcia,32,el Camp d'en Grassot i Gràcia Nova,686,1,12,1
2026-01-01,6,Gràcia,32,el Camp d'en Grassot i Gràcia Nova,563,1,12,2
2026-01-01,6,Gràcia,32,el Camp d'en Grassot i Gràcia Nova,654,1,13,1
2026-01-01,6,Gràcia,32,el Camp d'en Grassot i Gràcia Nova,528,1,13,2
2026-01-01,6,Gràcia,32,el Camp d'en Grassot i Gràcia Nova,551,1,14,1
2026-01-01,6,Gràcia,32,el Camp d'en Grassot i Gràcia Nova,391,1,14,2
2026-01-01,6,Gràcia,32,el Camp d'en Grassot i Gràcia Nova,503,1,15,1
2026-01-01,6,Gràcia,32,el Camp d'en Grassot i Gràcia Nova,352,1,15,2
2026-01-01,6,Gràcia,32,el Camp d'en Grassot i Gràcia Nova,413,1,16,1
2026-01-01,6,Gràcia,32,el Camp d'en Grassot i Gràcia Nova,261,1,16,2
2026-01-01,6,Gràcia,32,el Camp d'en Grassot i Gràcia Nova,263,1,17,1
2026-01-01,6,Gràcia,32,el Camp d'en Grassot i Gràcia Nova,155,1,17,2
2026-01-01,6,Gràcia,32,el Camp d'en Grassot i Gràcia Nova,183,1,18,1
2026-01-01,6,Gràcia,32,el Camp d'en Grassot i Gràcia Nova,89,1,18,2
2026-01-01,6,Gràcia,32,el Camp d'en Grassot i Gràcia Nova,56,1,19,1
2026-01-01,6,Gràcia,32,el Camp d'en Grassot i Gràcia Nova,16,1,19,2
2026-01-01,6,Gràcia,32,el Camp d'en Grassot i Gràcia Nova,13,1,20,1
2026-01-01,6,Gràcia,32,el Camp d'en Grassot i Gràcia Nova,..,1,20,2
2026-01-01,6,Gràcia,32,el Camp d'en Grassot i Gràcia Nova,26,2,0,1
2026-01-01,6,Gràcia,32,el Camp d'en Grassot i Gràcia Nova,34,2,0,2
2026-01-01,6,Gràcia,32,el Camp d'en Grassot i Gràcia Nova,24,2,1,1
2026-01-01,6,Gràcia,32,el Camp d'en Grassot i Gràcia Nova,20,2,1,2
2026-01-01,6,Gràcia,32,el Camp d'en Grassot i Gràcia Nova,23,2,2,1
2026-01-01,6,Gràcia,32,el Camp d'en Grassot i Gràcia Nova,24,2,2,2
2026-01-01,6,Gràcia,32,el Camp d'en Grassot i Gràcia Nova,32,2,3,1
2026-01-01,6,Gràcia,32,el Camp d'en Grassot i Gràcia Nova,34,2,3,2
2026-01-01,6,Gràcia,32,el Camp d'en Grassot i Gràcia Nova,48,2,4,1
2026-01-01,6,Gràcia,32,el Camp d'en Grassot i Gràcia Nova,44,2,4,2
2026-01-01,6,Gràcia,32,el Camp d'en Grassot i Gràcia Nova,86,2,5,1
2026-01-01,6,Gràcia,32,el Camp d'en Grassot i Gràcia Nova,49,2,5,2
2026-01-01,6,Gràcia,32,el Camp d'en Grassot i Gràcia Nova,105,2,6,1
2026-01-01,6,Gràcia,32,el Camp d'en Grassot i Gràcia Nova,99,2,6,2
2026-01-01,6,Gràcia,32,el Camp d'en Grassot i Gràcia Nova,94,2,7,1
2026-01-01,6,Gràcia,32,el Camp d'en Grassot i Gràcia Nova,73,2,7,2
2026-01-01,6,Gràcia,32,el Camp d'en Grassot i Gràcia Nova,127,2,8,1
2026-01-01,6,Gràcia,32,el Camp d'en Grassot i Gràcia Nova,90,2,8,2
2026-01-01,6,Gràcia,32,el Camp d'en Grassot i Gràcia Nova,152,2,9,1
2026-01-01,6,Gràcia,32,el Camp d'en Grassot i Gràcia Nova,123,2,9,2
2026-01-01,6,Gràcia,32,el Camp d'en Grassot i Gràcia Nova,109,2,10,1
2026-01-01,6,Gràcia,32,el Camp d'en Grassot i Gràcia Nova,91,2,10,2
2026-01-01,6,Gràcia,32,el Camp d'en Grassot i Gràcia Nova,116,2,11,1
2026-01-01,6,Gràcia,32,el Camp d'en Grassot i Gràcia Nova,79,2,11,2
2026-01-01,6,Gràcia,32,el Camp d'en Grassot i Gràcia Nova,86,2,12,1
2026-01-01,6,Gràcia,32,el Camp d'en Grassot i Gràcia Nova,84,2,12,2
2026-01-01,6,Gràcia,32,el Camp d'en Grassot i Gràcia Nova,113,2,13,1
2026-01-01,6,Gràcia,32,el Camp d'en Grassot i Gràcia Nova,77,2,13,2
2026-01-01,6,Gràcia,32,el Camp d'en Grassot i Gràcia Nova,156,2,14,1
2026-01-01,6,Gràcia,32,el Camp d'en Grassot i Gràcia Nova,114,2,14,2
2026-01-01,6,Gràcia,32,el Camp d'en Grassot i Gràcia Nova,149,2,15,1
2026-01-01,6,Gràcia,32,el Camp d'en Grassot i Gràcia Nova,89,2,15,2
2026-01-01,6,Gràcia,32,el Camp d'en Grassot i Gràcia Nova,97,2,16,1
2026-01-01,6,Gràcia,32,el Camp d'en Grassot i Gràcia Nova,76,2,16,2
2026-01-01,6,Gràcia,32,el Camp d'en Grassot i Gràcia Nova,82,2,17,1
2026-01-01,6,Gràcia,32,el Camp d'en Grassot i Gràcia Nova,65,2,17,2
2026-01-01,6,Gràcia,32,el Camp d'en Grassot i Gràcia Nova,55,2,18,1
2026-01-01,6,Gràcia,32,el Camp d'en Grassot i Gràcia Nova,31,2,18,2
2026-01-01,6,Gràcia,32,el Camp d'en Grassot i Gràcia Nova,20,2,19,1
2026-01-01,6,Gràcia,32,el Camp d'en Grassot i Gràcia Nova,8,2,19,2
2026-01-01,6,Gràcia,32,el Camp d'en Grassot i Gràcia Nova,..,2,20,1
2026-01-01,6,Gràcia,32,el Camp d'en Grassot i Gràcia Nova,..,2,20,2
2026-01-01,6,Gràcia,32,el Camp d'en Grassot i Gràcia Nova,..,3,0,1
2026-01-01,6,Gràcia,32,el Camp d'en Grassot i Gràcia Nova,..,3,0,2
2026-01-01,6,Gràcia,32,el Camp d'en Grassot i Gràcia Nova,11,3,1,1
2026-01-01,6,Gràcia,32,el Camp d'en Grassot i Gràcia Nova,10,3,1,2
2026-01-01,6,Gràcia,32,el Camp d'en Grassot i Gràcia Nova,6,3,2,1
2026-01-01,6,Gràcia,32,el Camp d'en Grassot i Gràcia Nova,9,3,2,2
2026-01-01,6,Gràcia,32,el Camp d'en Grassot i Gràcia Nova,13,3,3,1
2026-01-01,6,Gràcia,32,el Camp d'en Grassot i Gràcia Nova,10,3,3,2
2026-01-01,6,Gràcia,32,el Camp d'en Grassot i Gràcia Nova,22,3,4,1
2026-01-01,6,Gràcia,32,el Camp d'en Grassot i Gràcia Nova,16,3,4,2
2026-01-01,6,Gràcia,32,el Camp d'en Grassot i Gràcia Nova,109,3,5,1
2026-01-01,6,Gràcia,32,el Camp d'en Grassot i Gràcia Nova,67,3,5,2
2026-01-01,6,Gràcia,32,el Camp d'en Grassot i Gràcia Nova,140,3,6,1
2026-01-01,6,Gràcia,32,el Camp d'en Grassot i Gràcia Nova,100,3,6,2
2026-01-01,6,Gràcia,32,el Camp d'en Grassot i Gràcia Nova,123,3,7,1
2026-01-01,6,Gràcia,32,el Camp d'en Grassot i Gràcia Nova,124,3,7,2
2026-01-01,6,Gràcia,32,el Camp d'en Grassot i Gràcia Nova,120,3,8,1
2026-01-01,6,Gràcia,32,el Camp d'en Grassot i Gràcia Nova,96,3,8,2
2026-01-01,6,Gràcia,32,el Camp d'en Grassot i Gràcia Nova,113,3,9,1
2026-01-01,6,Gràcia,32,el Camp d'en Grassot i Gràcia Nova,105,3,9,2
2026-01-01,6,Gràcia,32,el Camp d'en Grassot i Gràcia Nova,89,3,10,1
2026-01-01,6,Gràcia,32,el Camp d'en Grassot i Gràcia Nova,81,3,10,2
2026-01-01,6,Gràcia,32,el Camp d'en Grassot i Gràcia Nova,72,3,11,1
2026-01-01,6,Gràcia,32,el Camp d'en Grassot i Gràcia Nova,82,3,11,2
2026-01-01,6,Gràcia,32,el Camp d'en Grassot i Gràcia Nova,131,3,12,1
2026-01-01,6,Gràcia,32,el Camp d'en Grassot i Gràcia Nova,96,3,12,2
2026-01-01,6,Gràcia,32,el Camp d'en Grassot i Gràcia Nova,213,3,13,1
2026-01-01,6,Gràcia,32,el Camp d'en Grassot i Gràcia Nova,155,3,13,2
2026-01-01,6,Gràcia,32,el Camp d'en Grassot i Gràcia Nova,294,3,14,1
2026-01-01,6,Gràcia,32,el Camp d'en Grassot i Gràcia Nova,191,3,14,2
2026-01-01,6,Gràcia,32,el Camp d'en Grassot i Gràcia Nova,354,3,15,1
2026-01-01,6,Gràcia,32,el Camp d'en Grassot i Gràcia Nova,212,3,15,2
2026-01-01,6,Gràcia,32,el Camp d'en Grassot i Gràcia Nova,276,3,16,1
2026-01-01,6,Gràcia,32,el Camp d'en Grassot i Gràcia Nova,161,3,16,2
2026-01-01,6,Gràcia,32,el Camp d'en Grassot i Gràcia Nova,177,3,17,1
2026-01-01,6,Gràcia,32,el Camp d'en Grassot i Gràcia Nova,95,3,17,2
2026-01-01,6,Gràcia,32,el Camp d'en Grassot i Gràcia Nova,106,3,18,1
2026-01-01,6,Gràcia,32,el Camp d'en Grassot i Gràcia Nova,45,3,18,2
2026-01-01,6,Gràcia,32,el Camp d'en Grassot i Gràcia Nova,54,3,19,1
2026-01-01,6,Gràcia,32,el Camp d'en Grassot i Gràcia Nova,16,3,19,2
2026-01-01,6,Gràcia,32,el Camp d'en Grassot i Gràcia Nova,5,3,20,1
2026-01-01,6,Gràcia,32,el Camp d'en Grassot i Gràcia Nova,5,4,0,1
2026-01-01,6,Gràcia,32,el Camp d'en Grassot i Gràcia Nova,6,4,0,2
2026-01-01,6,Gràcia,32,el Camp d'en Grassot i Gràcia Nova,13,4,1,1
2026-01-01,6,Gràcia,32,el Camp d'en Grassot i Gràcia Nova,14,4,1,2
2026-01-01,6,Gràcia,32,el Camp d'en Grassot i Gràcia Nova,11,4,2,1
2026-01-01,6,Gràcia,32,el Camp d'en Grassot i Gràcia Nova,8,4,2,2
2026-01-01,6,Gràcia,32,el Camp d'en Grassot i Gràcia Nova,9,4,3,1
2026-01-01,6,Gràcia,32,el Camp d'en Grassot i Gràcia Nova,18,4,3,2
2026-01-01,6,Gràcia,32,el Camp d'en Grassot i Gràcia Nova,56,4,4,1
2026-01-01,6,Gràcia,32,el Camp d'en Grassot i Gràcia Nova,33,4,4,2
2026-01-01,6,Gràcia,32,el Camp d'en Grassot i Gràcia Nova,166,4,5,1
2026-01-01,6,Gràcia,32,el Camp d'en Grassot i Gràcia Nova,154,4,5,2
2026-01-01,6,Gràcia,32,el Camp d'en Grassot i Gràcia Nova,207,4,6,1
2026-01-01,6,Gràcia,32,el Camp d'en Grassot i Gràcia Nova,216,4,6,2
2026-01-01,6,Gràcia,32,el Camp d'en Grassot i Gràcia Nova,180,4,7,1
2026-01-01,6,Gràcia,32,el Camp d'en Grassot i Gràcia Nova,181,4,7,2
2026-01-01,6,Gràcia,32,el Camp d'en Grassot i Gràcia Nova,114,4,8,1
2026-01-01,6,Gràcia,32,el Camp d'en Grassot i Gràcia Nova,146,4,8,2
2026-01-01,6,Gràcia,32,el Camp d'en Grassot i Gràcia Nova,79,4,9,1
2026-01-01,6,Gràcia,32,el Camp d'en Grassot i Gràcia Nova,90,4,9,2
2026-01-01,6,Gràcia,32,el Camp d'en Grassot i Gràcia Nova,60,4,10,1
2026-01-01,6,Gràcia,32,el Camp d'en Grassot i Gràcia Nova,49,4,10,2
2026-01-01,6,Gràcia,32,el Camp d'en Grassot i Gràcia Nova,30,4,11,1
2026-01-01,6,Gràcia,32,el Camp d'en Grassot i Gràcia Nova,34,4,11,2
2026-01-01,6,Gràcia,32,el Camp d'en Grassot i Gràcia Nova,36,4,12,1
2026-01-01,6,Gràcia,32,el Camp d'en Grassot i Gràcia Nova,35,4,12,2
2026-01-01,6,Gràcia,32,el Camp d'en Grassot i Gràcia Nova,7,4,13,1
2026-01-01,6,Gràcia,32,el Camp d'en Grassot i Gràcia Nova,12,4,13,2
2026-01-01,6,Gràcia,32,el Camp d'en Grassot i Gràcia Nova,12,4,14,1
2026-01-01,6,Gràcia,32,el Camp d'en Grassot i Gràcia Nova,10,4,14,2
2026-01-01,6,Gràcia,32,el Camp d'en Grassot i Gràcia Nova,14,4,15,1
2026-01-01,6,Gràcia,32,el Camp d'en Grassot i Gràcia Nova,7,4,15,2
2026-01-01,6,Gràcia,32,el Camp d'en Grassot i Gràcia Nova,18,4,16,1
2026-01-01,6,Gràcia,32,el Camp d'en Grassot i Gràcia Nova,5,4,16,2
2026-01-01,6,Gràcia,32,el Camp d'en Grassot i Gràcia Nova,17,4,17,1
2026-01-01,6,Gràcia,32,el Camp d'en Grassot i Gràcia Nova,8,4,17,2
2026-01-01,6,Gràcia,32,el Camp d'en Grassot i Gràcia Nova,..,4,18,1
2026-01-01,6,Gràcia,32,el Camp d'en Grassot i Gràcia Nova,..,4,19,1
2026-01-01,6,Gràcia,32,el Camp d'en Grassot i Gràcia Nova,27,5,0,1
2026-01-01,6,Gràcia,32,el Camp d'en Grassot i Gràcia Nova,30,5,0,2
2026-01-01,6,Gràcia,32,el Camp d'en Grassot i Gràcia Nova,71,5,1,1
2026-01-01,6,Gràcia,32,el Camp d'en Grassot i Gràcia Nova,79,5,1,2
2026-01-01,6,Gràcia,32,el Camp d'en Grassot i Gràcia Nova,95,5,2,1
2026-01-01,6,Gràcia,32,el Camp d'en Grassot i Gràcia Nova,121,5,2,2
2026-01-01,6,Gràcia,32,el Camp d'en Grassot i Gràcia Nova,126,5,3,1
2026-01-01,6,Gràcia,32,el Camp d'en Grassot i Gràcia Nova,107,5,3,2
2026-01-01,6,Gràcia,32,el Camp d'en Grassot i Gràcia Nova,244,5,4,1
2026-01-01,6,Gràcia,32,el Camp d'en Grassot i Gràcia Nova,288,5,4,2
2026-01-01,6,Gràcia,32,el Camp d'en Grassot i Gràcia Nova,687,5,5,1
2026-01-01,6,Gràcia,32,el Camp d'en Grassot i Gràcia Nova,606,5,5,2
2026-01-01,6,Gràcia,32,el Camp d'en Grassot i Gràcia Nova,928,5,6,1
2026-01-01,6,Gràcia,32,el Camp d'en Grassot i Gràcia Nova,818,5,6,2
2026-01-01,6,Gràcia,32,el Camp d'en Grassot i Gràcia Nova,728,5,7,1
2026-01-01,6,Gràcia,32,el Camp d'en Grassot i Gràcia Nova,683,5,7,2
2026-01-01,6,Gràcia,32,el Camp d'en Grassot i Gràcia Nova,489,5,8,1
2026-01-01,6,Gràcia,32,el Camp d'en Grassot i Gràcia Nova,526,5,8,2
2026-01-01,6,Gràcia,32,el Camp d'en Grassot i Gràcia Nova,415,5,9,1
2026-01-01,6,Gràcia,32,el Camp d'en Grassot i Gràcia Nova,358,5,9,2
2026-01-01,6,Gràcia,32,el Camp d'en Grassot i Gràcia Nova,330,5,10,1
2026-01-01,6,Gràcia,32,el Camp d'en Grassot i Gràcia Nova,242,5,10,2
2026-01-01,6,Gràcia,32,el Camp d'en Grassot i Gràcia Nova,222,5,11,1
2026-01-01,6,Gràcia,32,el Camp d'en Grassot i Gràcia Nova,190,5,11,2
2026-01-01,6,Gràcia,32,el Camp d'en Grassot i Gràcia Nova,204,5,12,1
2026-01-01,6,Gràcia,32,el Camp d'en Grassot i Gràcia Nova,122,5,12,2
2026-01-01,6,Gràcia,32,el Camp d'en Grassot i Gràcia Nova,153,5,13,1
2026-01-01,6,Gràcia,32,el Camp d'en Grassot i Gràcia Nova,100,5,13,2
2026-01-01,6,Gràcia,32,el Camp d'en Grassot i Gràcia Nova,99,5,14,1
2026-01-01,6,Gràcia,32,el Camp d'en Grassot i Gràcia Nova,72,5,14,2
2026-01-01,6,Gràcia,32,el Camp d'en Grassot i Gràcia Nova,67,5,15,1
2026-01-01,6,Gràcia,32,el Camp d'en Grassot i Gràcia Nova,51,5,15,2
2026-01-01,6,Gràcia,32,el Camp d'en Grassot i Gràcia Nova,42,5,16,1
2026-01-01,6,Gràcia,32,el Camp d'en Grassot i Gràcia Nova,17,5,16,2
2026-01-01,6,Gràcia,32,el Camp d'en Grassot i Gràcia Nova,23,5,17,1
2026-01-01,6,Gràcia,32,el Camp d'en Grassot i Gràcia Nova,5,5,17,2
2026-01-01,6,Gràcia,32,el Camp d'en Grassot i Gràcia Nova,8,5,18,1
2026-01-01,6,Gràcia,32,el Camp d'en Grassot i Gràcia Nova,..,5,18,2
2026-01-01,6,Gràcia,32,el Camp d'en Grassot i Gràcia Nova,..,5,19,1
2026-01-01,6,Gràcia,32,el Camp d'en Grassot i Gràcia Nova,..,6,0,2
2026-01-01,6,Gràcia,32,el Camp d'en Grassot i Gràcia Nova,..,6,1,1
2026-01-01,6,Gràcia,32,el Camp d'en Grassot i Gràcia Nova,..,6,4,2
2026-01-01,6,Gràcia,32,el Camp d'en Grassot i Gràcia Nova,..,6,6,1
2026-01-01,6,Gràcia,32,el Camp d'en Grassot i Gràcia Nova,..,6,8,1
2026-01-01,6,Gràcia,32,el Camp d'en Grassot i Gràcia Nova,..,6,9,1
2026-01-01,6,Gràcia,32,el Camp d'en Grassot i Gràcia Nova,..,6,10,1
2026-01-01,6,Gràcia,32,el Camp d'en Grassot i Gràcia Nova,..,6,11,1
2026-01-01,7,Horta-Guinardó,33,el Baix Guinardó,332,1,0,1
2026-01-01,7,Horta-Guinardó,33,el Baix Guinardó,356,1,0,2
2026-01-01,7,Horta-Guinardó,33,el Baix Guinardó,334,1,1,1
2026-01-01,7,Horta-Guinardó,33,el Baix Guinardó,388,1,1,2
2026-01-01,7,Horta-Guinardó,33,el Baix Guinardó,359,1,2,1
2026-01-01,7,Horta-Guinardó,33,el Baix Guinardó,363,1,2,2
2026-01-01,7,Horta-Guinardó,33,el Baix Guinardó,353,1,3,1
2026-01-01,7,Horta-Guinardó,33,el Baix Guinardó,393,1,3,2
2026-01-01,7,Horta-Guinardó,33,el Baix Guinardó,308,1,4,1
2026-01-01,7,Horta-Guinardó,33,el Baix Guinardó,378,1,4,2
2026-01-01,7,Horta-Guinardó,33,el Baix Guinardó,289,1,5,1
2026-01-01,7,Horta-Guinardó,33,el Baix Guinardó,345,1,5,2
2026-01-01,7,Horta-Guinardó,33,el Baix Guinardó,278,1,6,1
2026-01-01,7,Horta-Guinardó,33,el Baix Guinardó,312,1,6,2
2026-01-01,7,Horta-Guinardó,33,el Baix Guinardó,286,1,7,1
2026-01-01,7,Horta-Guinardó,33,el Baix Guinardó,328,1,7,2
2026-01-01,7,Horta-Guinardó,33,el Baix Guinardó,316,1,8,1
2026-01-01,7,Horta-Guinardó,33,el Baix Guinardó,329,1,8,2
2026-01-01,7,Horta-Guinardó,33,el Baix Guinardó,413,1,9,1
2026-01-01,7,Horta-Guinardó,33,el Baix Guinardó,414,1,9,2
2026-01-01,7,Horta-Guinardó,33,el Baix Guinardó,507,1,10,1
2026-01-01,7,Horta-Guinardó,33,el Baix Guinardó,492,1,10,2
2026-01-01,7,Horta-Guinardó,33,el Baix Guinardó,511,1,11,1
2026-01-01,7,Horta-Guinardó,33,el Baix Guinardó,506,1,11,2
2026-01-01,7,Horta-Guinardó,33,el Baix Guinardó,530,1,12,1
2026-01-01,7,Horta-Guinardó,33,el Baix Guinardó,443,1,12,2
2026-01-01,7,Horta-Guinardó,33,el Baix Guinardó,421,1,13,1
2026-01-01,7,Horta-Guinardó,33,el Baix Guinardó,395,1,13,2
2026-01-01,7,Horta-Guinardó,33,el Baix Guinardó,340,1,14,1
2026-01-01,7,Horta-Guinardó,33,el Baix Guinardó,268,1,14,2
2026-01-01,7,Horta-Guinardó,33,el Baix Guinardó,271,1,15,1
2026-01-01,7,Horta-Guinardó,33,el Baix Guinardó,232,1,15,2
2026-01-01,7,Horta-Guinardó,33,el Baix Guinardó,243,1,16,1
2026-01-01,7,Horta-Guinardó,33,el Baix Guinardó,166,1,16,2
2026-01-01,7,Horta-Guinardó,33,el Baix Guinardó,208,1,17,1
2026-01-01,7,Horta-Guinardó,33,el Baix Guinardó,89,1,17,2
2026-01-01,7,Horta-Guinardó,33,el Baix Guinardó,143,1,18,1
2026-01-01,7,Horta-Guinardó,33,el Baix Guinardó,45,1,18,2
2026-01-01,7,Horta-Guinardó,33,el Baix Guinardó,52,1,19,1
2026-01-01,7,Horta-Guinardó,33,el Baix Guinardó,17,1,19,2
2026-01-01,7,Horta-Guinardó,33,el Baix Guinardó,11,1,20,1
2026-01-01,7,Horta-Guinardó,33,el Baix Guinardó,5,1,20,2
2026-01-01,7,Horta-Guinardó,33,el Baix Guinardó,17,2,0,1
2026-01-01,7,Horta-Guinardó,33,el Baix Guinardó,11,2,0,2
2026-01-01,7,Horta-Guinardó,33,el Baix Guinardó,23,2,1,1
2026-01-01,7,Horta-Guinardó,33,el Baix Guinardó,12,2,1,2
2026-01-01,7,Horta-Guinardó,33,el Baix Guinardó,13,2,2,1
2026-01-01,7,Horta-Guinardó,33,el Baix Guinardó,16,2,2,2
2026-01-01,7,Horta-Guinardó,33,el Baix Guinardó,24,2,3,1
2026-01-01,7,Horta-Guinardó,33,el Baix Guinardó,27,2,3,2
2026-01-01,7,Horta-Guinardó,33,el Baix Guinardó,37,2,4,1
2026-01-01,7,Horta-Guinardó,33,el Baix Guinardó,20,2,4,2
2026-01-01,7,Horta-Guinardó,33,el Baix Guinardó,79,2,5,1
2026-01-01,7,Horta-Guinardó,33,el Baix Guinardó,51,2,5,2
2026-01-01,7,Horta-Guinardó,33,el Baix Guinardó,60,2,6,1
2026-01-01,7,Horta-Guinardó,33,el Baix Guinardó,65,2,6,2
2026-01-01,7,Horta-Guinardó,33,el Baix Guinardó,56,2,7,1
2026-01-01,7,Horta-Guinardó,33,el Baix Guinardó,45,2,7,2
2026-01-01,7,Horta-Guinardó,33,el Baix Guinardó,75,2,8,1
2026-01-01,7,Horta-Guinardó,33,el Baix Guinardó,67,2,8,2
2026-01-01,7,Horta-Guinardó,33,el Baix Guinardó,84,2,9,1
2026-01-01,7,Horta-Guinardó,33,el Baix Guinardó,71,2,9,2
2026-01-01,7,Horta-Guinardó,33,el Baix Guinardó,52,2,10,1
2026-01-01,7,Horta-Guinardó,33,el Baix Guinardó,68,2,10,2
2026-01-01,7,Horta-Guinardó,33,el Baix Guinardó,50,2,11,1
2026-01-01,7,Horta-Guinardó,33,el Baix Guinardó,42,2,11,2
2026-01-01,7,Horta-Guinardó,33,el Baix Guinardó,58,2,12,1
2026-01-01,7,Horta-Guinardó,33,el Baix Guinardó,49,2,12,2
2026-01-01,7,Horta-Guinardó,33,el Baix Guinardó,79,2,13,1
2026-01-01,7,Horta-Guinardó,33,el Baix Guinardó,58,2,13,2
2026-01-01,7,Horta-Guinardó,33,el Baix Guinardó,85,2,14,1
2026-01-01,7,Horta-Guinardó,33,el Baix Guinardó,59,2,14,2
2026-01-01,7,Horta-Guinardó,33,el Baix Guinardó,76,2,15,1
2026-01-01,7,Horta-Guinardó,33,el Baix Guinardó,55,2,15,2
2026-01-01,7,Horta-Guinardó,33,el Baix Guinardó,86,2,16,1
2026-01-01,7,Horta-Guinardó,33,el Baix Guinardó,42,2,16,2
2026-01-01,7,Horta-Guinardó,33,el Baix Guinardó,57,2,17,1
2026-01-01,7,Horta-Guinardó,33,el Baix Guinardó,31,2,17,2
2026-01-01,7,Horta-Guinardó,33,el Baix Guinardó,61,2,18,1
2026-01-01,7,Horta-Guinardó,33,el Baix Guinardó,21,2,18,2
2026-01-01,7,Horta-Guinardó,33,el Baix Guinardó,20,2,19,1
2026-01-01,7,Horta-Guinardó,33,el Baix Guinardó,8,2,19,2
2026-01-01,7,Horta-Guinardó,33,el Baix Guinardó,..,2,20,1
2026-01-01,7,Horta-Guinardó,33,el Baix Guinardó,..,2,20,2
2026-01-01,7,Horta-Guinardó,33,el Baix Guinardó,..,3,0,1
2026-01-01,7,Horta-Guinardó,33,el Baix Guinardó,..,3,0,2
2026-01-01,7,Horta-Guinardó,33,el Baix Guinardó,..,3,1,1
2026-01-01,7,Horta-Guinardó,33,el Baix Guinardó,7,3,1,2
2026-01-01,7,Horta-Guinardó,33,el Baix Guinardó,8,3,2,1
2026-01-01,7,Horta-Guinardó,33,el Baix Guinardó,11,3,2,2
2026-01-01,7,Horta-Guinardó,33,el Baix Guinardó,8,3,3,1
2026-01-01,7,Horta-Guinardó,33,el Baix Guinardó,..,3,3,2
2026-01-01,7,Horta-Guinardó,33,el Baix Guinardó,5,3,4,1
2026-01-01,7,Horta-Guinardó,33,el Baix Guinardó,9,3,4,2
2026-01-01,7,Horta-Guinardó,33,el Baix Guinardó,55,3,5,1
2026-01-01,7,Horta-Guinardó,33,el Baix Guinardó,42,3,5,2
2026-01-01,7,Horta-Guinardó,33,el Baix Guinardó,67,3,6,1
2026-01-01,7,Horta-Guinardó,33,el Baix Guinardó,73,3,6,2
2026-01-01,7,Horta-Guinardó,33,el Baix Guinardó,90,3,7,1
2026-01-01,7,Horta-Guinardó,33,el Baix Guinardó,61,3,7,2
2026-01-01,7,Horta-Guinardó,33,el Baix Guinardó,62,3,8,1
2026-01-01,7,Horta-Guinardó,33,el Baix Guinardó,52,3,8,2
2026-01-01,7,Horta-Guinardó,33,el Baix Guinardó,78,3,9,1
2026-01-01,7,Horta-Guinardó,33,el Baix Guinardó,74,3,9,2
2026-01-01,7,Horta-Guinardó,33,el Baix Guinardó,67,3,10,1
2026-01-01,7,Horta-Guinardó,33,el Baix Guinardó,59,3,10,2
2026-01-01,7,Horta-Guinardó,33,el Baix Guinardó,71,3,11,1
2026-01-01,7,Horta-Guinardó,33,el Baix Guinardó,66,3,11,2
2026-01-01,7,Horta-Guinardó,33,el Baix Guinardó,119,3,12,1
2026-01-01,7,Horta-Guinardó,33,el Baix Guinardó,93,3,12,2
2026-01-01,7,Horta-Guinardó,33,el Baix Guinardó,219,3,13,1
2026-01-01,7,Horta-Guinardó,33,el Baix Guinardó,125,3,13,2
2026-01-01,7,Horta-Guinardó,33,el Baix Guinardó,253,3,14,1
2026-01-01,7,Horta-Guinardó,33,el Baix Guinardó,149,3,14,2
2026-01-01,7,Horta-Guinardó,33,el Baix Guinardó,265,3,15,1
2026-01-01,7,Horta-Guinardó,33,el Baix Guinardó,143,3,15,2
2026-01-01,7,Horta-Guinardó,33,el Baix Guinardó,280,3,16,1
2026-01-01,7,Horta-Guinardó,33,el Baix Guinardó,167,3,16,2
2026-01-01,7,Horta-Guinardó,33,el Baix Guinardó,179,3,17,1
2026-01-01,7,Horta-Guinardó,33,el Baix Guinardó,97,3,17,2
2026-01-01,7,Horta-Guinardó,33,el Baix Guinardó,162,3,18,1
2026-01-01,7,Horta-Guinardó,33,el Baix Guinardó,52,3,18,2
2026-01-01,7,Horta-Guinardó,33,el Baix Guinardó,70,3,19,1
2026-01-01,7,Horta-Guinardó,33,el Baix Guinardó,14,3,19,2
2026-01-01,7,Horta-Guinardó,33,el Baix Guinardó,14,3,20,1
2026-01-01,7,Horta-Guinardó,33,el Baix Guinardó,..,3,20,2
2026-01-01,7,Horta-Guinardó,33,el Baix Guinardó,5,4,0,1
2026-01-01,7,Horta-Guinardó,33,el Baix Guinardó,..,4,0,2
2026-01-01,7,Horta-Guinardó,33,el Baix Guinardó,9,4,1,1
2026-01-01,7,Horta-Guinardó,33,el Baix Guinardó,11,4,1,2
2026-01-01,7,Horta-Guinardó,33,el Baix Guinardó,11,4,2,1
2026-01-01,7,Horta-Guinardó,33,el Baix Guinardó,6,4,2,2
2026-01-01,7,Horta-Guinardó,33,el Baix Guinardó,..,4,3,1
2026-01-01,7,Horta-Guinardó,33,el Baix Guinardó,6,4,3,2
2026-01-01,7,Horta-Guinardó,33,el Baix Guinardó,36,4,4,1
2026-01-01,7,Horta-Guinardó,33,el Baix Guinardó,27,4,4,2
2026-01-01,7,Horta-Guinardó,33,el Baix Guinardó,89,4,5,1
2026-01-01,7,Horta-Guinardó,33,el Baix Guinardó,49,4,5,2
2026-01-01,7,Horta-Guinardó,33,el Baix Guinardó,107,4,6,1
2026-01-01,7,Horta-Guinardó,33,el Baix Guinardó,93,4,6,2
2026-01-01,7,Horta-Guinardó,33,el Baix Guinardó,87,4,7,1
2026-01-01,7,Horta-Guinardó,33,el Baix Guinardó,101,4,7,2
2026-01-01,7,Horta-Guinardó,33,el Baix Guinardó,76,4,8,1
2026-01-01,7,Horta-Guinardó,33,el Baix Guinardó,79,4,8,2
2026-01-01,7,Horta-Guinardó,33,el Baix Guinardó,45,4,9,1
2026-01-01,7,Horta-Guinardó,33,el Baix Guinardó,59,4,9,2
2026-01-01,7,Horta-Guinardó,33,el Baix Guinardó,21,4,10,1
2026-01-01,7,Horta-Guinardó,33,el Baix Guinardó,38,4,10,2
2026-01-01,7,Horta-Guinardó,33,el Baix Guinardó,21,4,11,1
2026-01-01,7,Horta-Guinardó,33,el Baix Guinardó,27,4,11,2
2026-01-01,7,Horta-Guinardó,33,el Baix Guinardó,12,4,12,1
2026-01-01,7,Horta-Guinardó,33,el Baix Guinardó,15,4,12,2
2026-01-01,7,Horta-Guinardó,33,el Baix Guinardó,7,4,13,1
2026-01-01,7,Horta-Guinardó,33,el Baix Guinardó,6,4,13,2
2026-01-01,7,Horta-Guinardó,33,el Baix Guinardó,..,4,14,1
2026-01-01,7,Horta-Guinardó,33,el Baix Guinardó,8,4,14,2
2026-01-01,7,Horta-Guinardó,33,el Baix Guinardó,14,4,15,1
2026-01-01,7,Horta-Guinardó,33,el Baix Guinardó,..,4,15,2
2026-01-01,7,Horta-Guinardó,33,el Baix Guinardó,9,4,16,1
2026-01-01,7,Horta-Guinardó,33,el Baix Guinardó,..,4,16,2
2026-01-01,7,Horta-Guinardó,33,el Baix Guinardó,..,4,17,1
2026-01-01,7,Horta-Guinardó,33,el Baix Guinardó,..,4,17,2
2026-01-01,7,Horta-Guinardó,33,el Baix Guinardó,5,4,18,1
2026-01-01,7,Horta-Guinardó,33,el Baix Guinardó,..,4,18,2
2026-01-01,7,Horta-Guinardó,33,el Baix Guinardó,..,4,19,1
2026-01-01,7,Horta-Guinardó,33,el Baix Guinardó,..,4,20,1
2026-01-01,7,Horta-Guinardó,33,el Baix Guinardó,18,5,0,1
2026-01-01,7,Horta-Guinardó,33,el Baix Guinardó,26,5,0,2
2026-01-01,7,Horta-Guinardó,33,el Baix Guinardó,72,5,1,1
2026-01-01,7,Horta-Guinardó,33,el Baix Guinardó,53,5,1,2
2026-01-01,7,Horta-Guinardó,33,el Baix Guinardó,76,5,2,1
2026-01-01,7,Horta-Guinardó,33,el Baix Guinardó,74,5,2,2
2026-01-01,7,Horta-Guinardó,33,el Baix Guinardó,95,5,3,1
2026-01-01,7,Horta-Guinardó,33,el Baix Guinardó,115,5,3,2
2026-01-01,7,Horta-Guinardó,33,el Baix Guinardó,213,5,4,1
2026-01-01,7,Horta-Guinardó,33,el Baix Guinardó,205,5,4,2
2026-01-01,7,Horta-Guinardó,33,el Baix Guinardó,455,5,5,1
2026-01-01,7,Horta-Guinardó,33,el Baix Guinardó,381,5,5,2
2026-01-01,7,Horta-Guinardó,33,el Baix Guinardó,574,5,6,1
2026-01-01,7,Horta-Guinardó,33,el Baix Guinardó,556,5,6,2
2026-01-01,7,Horta-Guinardó,33,el Baix Guinardó,499,5,7,1
2026-01-01,7,Horta-Guinardó,33,el Baix Guinardó,492,5,7,2
2026-01-01,7,Horta-Guinardó,33,el Baix Guinardó,411,5,8,1
2026-01-01,7,Horta-Guinardó,33,el Baix Guinardó,372,5,8,2
2026-01-01,7,Horta-Guinardó,33,el Baix Guinardó,340,5,9,1
2026-01-01,7,Horta-Guinardó,33,el Baix Guinardó,263,5,9,2
2026-01-01,7,Horta-Guinardó,33,el Baix Guinardó,282,5,10,1
2026-01-01,7,Horta-Guinardó,33,el Baix Guinardó,222,5,10,2
2026-01-01,7,Horta-Guinardó,33,el Baix Guinardó,230,5,11,1
2026-01-01,7,Horta-Guinardó,33,el Baix Guinardó,173,5,11,2
2026-01-01,7,Horta-Guinardó,33,el Baix Guinardó,203,5,12,1
2026-01-01,7,Horta-Guinardó,33,el Baix Guinardó,119,5,12,2
2026-01-01,7,Horta-Guinardó,33,el Baix Guinardó,138,5,13,1
2026-01-01,7,Horta-Guinardó,33,el Baix Guinardó,84,5,13,2
2026-01-01,7,Horta-Guinardó,33,el Baix Guinardó,108,5,14,1
2026-01-01,7,Horta-Guinardó,33,el Baix Guinardó,62,5,14,2
2026-01-01,7,Horta-Guinardó,33,el Baix Guinardó,65,5,15,1
2026-01-01,7,Horta-Guinardó,33,el Baix Guinardó,39,5,15,2
2026-01-01,7,Horta-Guinardó,33,el Baix Guinardó,28,5,16,1
2026-01-01,7,Horta-Guinardó,33,el Baix Guinardó,20,5,16,2
2026-01-01,7,Horta-Guinardó,33,el Baix Guinardó,17,5,17,1
2026-01-01,7,Horta-Guinardó,33,el Baix Guinardó,9,5,17,2
2026-01-01,7,Horta-Guinardó,33,el Baix Guinardó,10,5,18,1
2026-01-01,7,Horta-Guinardó,33,el Baix Guinardó,..,5,18,2
2026-01-01,7,Horta-Guinardó,33,el Baix Guinardó,..,5,19,1
2026-01-01,7,Horta-Guinardó,33,el Baix Guinardó,..,6,4,1
2026-01-01,7,Horta-Guinardó,33,el Baix Guinardó,..,6,7,1
2026-01-01,7,Horta-Guinardó,33,el Baix Guinardó,..,6,8,1
2026-01-01,7,Horta-Guinardó,33,el Baix Guinardó,..,6,8,2
2026-01-01,7,Horta-Guinardó,33,el Baix Guinardó,..,6,15,1
2026-01-01,7,Horta-Guinardó,34,Can Baró,125,1,0,1
2026-01-01,7,Horta-Guinardó,34,Can Baró,137,1,0,2
2026-01-01,7,Horta-Guinardó,34,Can Baró,140,1,1,1
2026-01-01,7,Horta-Guinardó,34,Can Baró,128,1,1,2
2026-01-01,7,Horta-Guinardó,34,Can Baró,155,1,2,1
2026-01-01,7,Horta-Guinardó,34,Can Baró,133,1,2,2
2026-01-01,7,Horta-Guinardó,34,Can Baró,156,1,3,1
2026-01-01,7,Horta-Guinardó,34,Can Baró,158,1,3,2
2026-01-01,7,Horta-Guinardó,34,Can Baró,141,1,4,1
2026-01-01,7,Horta-Guinardó,34,Can Baró,149,1,4,2
2026-01-01,7,Horta-Guinardó,34,Can Baró,116,1,5,1
2026-01-01,7,Horta-Guinardó,34,Can Baró,144,1,5,2
2026-01-01,7,Horta-Guinardó,34,Can Baró,96,1,6,1
2026-01-01,7,Horta-Guinardó,34,Can Baró,138,1,6,2
2026-01-01,7,Horta-Guinardó,34,Can Baró,122,1,7,1
2026-01-01,7,Horta-Guinardó,34,Can Baró,134,1,7,2
2026-01-01,7,Horta-Guinardó,34,Can Baró,145,1,8,1
2026-01-01,7,Horta-Guinardó,34,Can Baró,158,1,8,2
2026-01-01,7,Horta-Guinardó,34,Can Baró,174,1,9,1
2026-01-01,7,Horta-Guinardó,34,Can Baró,191,1,9,2
2026-01-01,7,Horta-Guinardó,34,Can Baró,188,1,10,1
2026-01-01,7,Horta-Guinardó,34,Can Baró,190,1,10,2
2026-01-01,7,Horta-Guinardó,34,Can Baró,211,1,11,1
2026-01-01,7,Horta-Guinardó,34,Can Baró,196,1,11,2
2026-01-01,7,Horta-Guinardó,34,Can Baró,178,1,12,1
2026-01-01,7,Horta-Guinardó,34,Can Baró,182,1,12,2
2026-01-01,7,Horta-Guinardó,34,Can Baró,154,1,13,1
2026-01-01,7,Horta-Guinardó,34,Can Baró,142,1,13,2
2026-01-01,7,Horta-Guinardó,34,Can Baró,94,1,14,1
2026-01-01,7,Horta-Guinardó,34,Can Baró,84,1,14,2
2026-01-01,7,Horta-Guinardó,34,Can Baró,80,1,15,1
2026-01-01,7,Horta-Guinardó,34,Can Baró,69,1,15,2
2026-01-01,7,Horta-Guinardó,34,Can Baró,68,1,16,1
2026-01-01,7,Horta-Guinardó,34,Can Baró,48,1,16,2
2026-01-01,7,Horta-Guinardó,34,Can Baró,46,1,17,1
2026-01-01,7,Horta-Guinardó,34,Can Baró,21,1,17,2
2026-01-01,7,Horta-Guinardó,34,Can Baró,28,1,18,1
2026-01-01,7,Horta-Guinardó,34,Can Baró,12,1,18,2
2026-01-01,7,Horta-Guinardó,34,Can Baró,8,1,19,1
2026-01-01,7,Horta-Guinardó,34,Can Baró,..,1,19,2
2026-01-01,7,Horta-Guinardó,34,Can Baró,..,1,20,1
2026-01-01,7,Horta-Guinardó,34,Can Baró,7,2,0,1
2026-01-01,7,Horta-Guinardó,34,Can Baró,8,2,0,2
2026-01-01,7,Horta-Guinardó,34,Can Baró,8,2,1,1
2026-01-01,7,Horta-Guinardó,34,Can Baró,10,2,1,2
2026-01-01,7,Horta-Guinardó,34,Can Baró,6,2,2,1
2026-01-01,7,Horta-Guinardó,34,Can Baró,10,2,2,2
2026-01-01,7,Horta-Guinardó,34,Can Baró,15,2,3,1
2026-01-01,7,Horta-Guinardó,34,Can Baró,11,2,3,2
2026-01-01,7,Horta-Guinardó,34,Can Baró,12,2,4,1
2026-01-01,7,Horta-Guinardó,34,Can Baró,14,2,4,2
2026-01-01,7,Horta-Guinardó,34,Can Baró,14,2,5,1
2026-01-01,7,Horta-Guinardó,34,Can Baró,14,2,5,2
2026-01-01,7,Horta-Guinardó,34,Can Baró,25,2,6,1
2026-01-01,7,Horta-Guinardó,34,Can Baró,29,2,6,2
2026-01-01,7,Horta-Guinardó,34,Can Baró,24,2,7,1
2026-01-01,7,Horta-Guinardó,34,Can Baró,22,2,7,2
2026-01-01,7,Horta-Guinardó,34,Can Baró,26,2,8,1
2026-01-01,7,Horta-Guinardó,34,Can Baró,25,2,8,2
2026-01-01,7,Horta-Guinardó,34,Can Baró,19,2,9,1
2026-01-01,7,Horta-Guinardó,34,Can Baró,26,2,9,2
2026-01-01,7,Horta-Guinardó,34,Can Baró,17,2,10,1
2026-01-01,7,Horta-Guinardó,34,Can Baró,19,2,10,2
2026-01-01,7,Horta-Guinardó,34,Can Baró,14,2,11,1
2026-01-01,7,Horta-Guinardó,34,Can Baró,16,2,11,2
2026-01-01,7,Horta-Guinardó,34,Can Baró,16,2,12,1
2026-01-01,7,Horta-Guinardó,34,Can Baró,18,2,12,2
2026-01-01,7,Horta-Guinardó,34,Can Baró,22,2,13,1
2026-01-01,7,Horta-Guinardó,34,Can Baró,14,2,13,2
2026-01-01,7,Horta-Guinardó,34,Can Baró,21,2,14,1
2026-01-01,7,Horta-Guinardó,34,Can Baró,11,2,14,2
2026-01-01,7,Horta-Guinardó,34,Can Baró,15,2,15,1
2026-01-01,7,Horta-Guinardó,34,Can Baró,21,2,15,2
2026-01-01,7,Horta-Guinardó,34,Can Baró,18,2,16,1
2026-01-01,7,Horta-Guinardó,34,Can Baró,7,2,16,2
2026-01-01,7,Horta-Guinardó,34,Can Baró,15,2,17,1
2026-01-01,7,Horta-Guinardó,34,Can Baró,6,2,17,2
2026-01-01,7,Horta-Guinardó,34,Can Baró,5,2,18,1
2026-01-01,7,Horta-Guinardó,34,Can Baró,..,2,18,2
2026-01-01,7,Horta-Guinardó,34,Can Baró,..,2,19,1
2026-01-01,7,Horta-Guinardó,34,Can Baró,..,2,19,2
2026-01-01,7,Horta-Guinardó,34,Can Baró,..,2,20,1
2026-01-01,7,Horta-Guinardó,34,Can Baró,..,3,0,1
2026-01-01,7,Horta-Guinardó,34,Can Baró,..,3,0,2
2026-01-01,7,Horta-Guinardó,34,Can Baró,..,3,1,2
2026-01-01,7,Horta-Guinardó,34,Can Baró,..,3,2,1
2026-01-01,7,Horta-Guinardó,34,Can Baró,..,3,2,2
2026-01-01,7,Horta-Guinardó,34,Can Baró,6,3,3,1
2026-01-01,7,Horta-Guinardó,34,Can Baró,..,3,3,2
2026-01-01,7,Horta-Guinardó,34,Can Baró,6,3,4,1
2026-01-01,7,Horta-Guinardó,34,Can Baró,6,3,4,2
2026-01-01,7,Horta-Guinardó,34,Can Baró,20,3,5,1
2026-01-01,7,Horta-Guinardó,34,Can Baró,17,3,5,2
2026-01-01,7,Horta-Guinardó,34,Can Baró,34,3,6,1
2026-01-01,7,Horta-Guinardó,34,Can Baró,19,3,6,2
2026-01-01,7,Horta-Guinardó,34,Can Baró,26,3,7,1
2026-01-01,7,Horta-Guinardó,34,Can Baró,19,3,7,2
2026-01-01,7,Horta-Guinardó,34,Can Baró,25,3,8,1
2026-01-01,7,Horta-Guinardó,34,Can Baró,20,3,8,2
2026-01-01,7,Horta-Guinardó,34,Can Baró,29,3,9,1
2026-01-01,7,Horta-Guinardó,34,Can Baró,29,3,9,2
2026-01-01,7,Horta-Guinardó,34,Can Baró,26,3,10,1
2026-01-01,7,Horta-Guinardó,34,Can Baró,17,3,10,2
2026-01-01,7,Horta-Guinardó,34,Can Baró,28,3,11,1
2026-01-01,7,Horta-Guinardó,34,Can Baró,20,3,11,2
2026-01-01,7,Horta-Guinardó,34,Can Baró,44,3,12,1
2026-01-01,7,Horta-Guinardó,34,Can Baró,33,3,12,2
2026-01-01,7,Horta-Guinardó,34,Can Baró,67,3,13,1
2026-01-01,7,Horta-Guinardó,34,Can Baró,70,3,13,2
2026-01-01,7,Horta-Guinardó,34,Can Baró,115,3,14,1
2026-01-01,7,Horta-Guinardó,34,Can Baró,55,3,14,2
2026-01-01,7,Horta-Guinardó,34,Can Baró,133,3,15,1
2026-01-01,7,Horta-Guinardó,34,Can Baró,82,3,15,2
2026-01-01,7,Horta-Guinardó,34,Can Baró,99,3,16,1
2026-01-01,7,Horta-Guinardó,34,Can Baró,75,3,16,2
2026-01-01,7,Horta-Guinardó,34,Can Baró,80,3,17,1
2026-01-01,7,Horta-Guinardó,34,Can Baró,39,3,17,2
2026-01-01,7,Horta-Guinardó,34,Can Baró,48,3,18,1
2026-01-01,7,Horta-Guinardó,34,Can Baró,19,3,18,2
2026-01-01,7,Horta-Guinardó,34,Can Baró,16,3,19,1
2026-01-01,7,Horta-Guinardó,34,Can Baró,..,3,19,2
2026-01-01,7,Horta-Guinardó,34,Can Baró,..,3,20,1
2026-01-01,7,Horta-Guinardó,34,Can Baró,..,3,20,2
2026-01-01,7,Horta-Guinardó,34,Can Baró,..,4,0,1
2026-01-01,7,Horta-Guinardó,34,Can Baró,..,4,0,2
2026-01-01,7,Horta-Guinardó,34,Can Baró,..,4,1,1
2026-01-01,7,Horta-Guinardó,34,Can Baró,..,4,1,2
2026-01-01,7,Horta-Guinardó,34,Can Baró,..,4,2,1
2026-01-01,7,Horta-Guinardó,34,Can Baró,..,4,2,2
2026-01-01,7,Horta-Guinardó,34,Can Baró,..,4,3,1
2026-01-01,7,Horta-Guinardó,34,Can Baró,5,4,3,2
2026-01-01,7,Horta-Guinardó,34,Can Baró,8,4,4,1
2026-01-01,7,Horta-Guinardó,34,Can Baró,5,4,4,2
2026-01-01,7,Horta-Guinardó,34,Can Baró,27,4,5,1
2026-01-01,7,Horta-Guinardó,34,Can Baró,14,4,5,2
2026-01-01,7,Horta-Guinardó,34,Can Baró,31,4,6,1
2026-01-01,7,Horta-Guinardó,34,Can Baró,30,4,6,2
2026-01-01,7,Horta-Guinardó,34,Can Baró,31,4,7,1
2026-01-01,7,Horta-Guinardó,34,Can Baró,45,4,7,2
2026-01-01,7,Horta-Guinardó,34,Can Baró,24,4,8,1
2026-01-01,7,Horta-Guinardó,34,Can Baró,26,4,8,2
2026-01-01,7,Horta-Guinardó,34,Can Baró,23,4,9,1
2026-01-01,7,Horta-Guinardó,34,Can Baró,24,4,9,2
2026-01-01,7,Horta-Guinardó,34,Can Baró,10,4,10,1
2026-01-01,7,Horta-Guinardó,34,Can Baró,18,4,10,2
2026-01-01,7,Horta-Guinardó,34,Can Baró,17,4,11,1
2026-01-01,7,Horta-Guinardó,34,Can Baró,11,4,11,2
2026-01-01,7,Horta-Guinardó,34,Can Baró,8,4,12,1
2026-01-01,7,Horta-Guinardó,34,Can Baró,11,4,12,2
2026-01-01,7,Horta-Guinardó,34,Can Baró,7,4,13,1
2026-01-01,7,Horta-Guinardó,34,Can Baró,..,4,13,2
2026-01-01,7,Horta-Guinardó,34,Can Baró,..,4,14,2
2026-01-01,7,Horta-Guinardó,34,Can Baró,..,4,15,1
2026-01-01,7,Horta-Guinardó,34,Can Baró,..,4,15,2
2026-01-01,7,Horta-Guinardó,34,Can Baró,..,4,16,1
2026-01-01,7,Horta-Guinardó,34,Can Baró,5,4,16,2
2026-01-01,7,Horta-Guinardó,34,Can Baró,..,4,17,1
2026-01-01,7,Horta-Guinardó,34,Can Baró,..,4,17,2
2026-01-01,7,Horta-Guinardó,34,Can Baró,..,4,19,2
2026-01-01,7,Horta-Guinardó,34,Can Baró,7,5,0,1
2026-01-01,7,Horta-Guinardó,34,Can Baró,5,5,0,2
2026-01-01,7,Horta-Guinardó,34,Can Baró,15,5,1,1
2026-01-01,7,Horta-Guinardó,34,Can Baró,30,5,1,2
2026-01-01,7,Horta-Guinardó,34,Can Baró,36,5,2,1
2026-01-01,7,Horta-Guinardó,34,Can Baró,45,5,2,2
2026-01-01,7,Horta-Guinardó,34,Can Baró,58,5,3,1
2026-01-01,7,Horta-Guinardó,34,Can Baró,56,5,3,2
2026-01-01,7,Horta-Guinardó,34,Can Baró,78,5,4,1
2026-01-01,7,Horta-Guinardó,34,Can Baró,75,5,4,2
2026-01-01,7,Horta-Guinardó,34,Can Baró,139,5,5,1
2026-01-01,7,Horta-Guinardó,34,Can Baró,113,5,5,2
2026-01-01,7,Horta-Guinardó,34,Can Baró,202,5,6,1
2026-01-01,7,Horta-Guinardó,34,Can Baró,162,5,6,2
2026-01-01,7,Horta-Guinardó,34,Can Baró,189,5,7,1
2026-01-01,7,Horta-Guinardó,34,Can Baró,180,5,7,2
2026-01-01,7,Horta-Guinardó,34,Can Baró,152,5,8,1
2026-01-01,7,Horta-Guinardó,34,Can Baró,136,5,8,2
2026-01-01,7,Horta-Guinardó,34,Can Baró,111,5,9,1
2026-01-01,7,Horta-Guinardó,34,Can Baró,108,5,9,2
2026-01-01,7,Horta-Guinardó,34,Can Baró,94,5,10,1
2026-01-01,7,Horta-Guinardó,34,Can Baró,80,5,10,2
2026-01-01,7,Horta-Guinardó,34,Can Baró,81,5,11,1
2026-01-01,7,Horta-Guinardó,34,Can Baró,59,5,11,2
2026-01-01,7,Horta-Guinardó,34,Can Baró,47,5,12,1
2026-01-01,7,Horta-Guinardó,34,Can Baró,41,5,12,2
2026-01-01,7,Horta-Guinardó,34,Can Baró,54,5,13,1
2026-01-01,7,Horta-Guinardó,34,Can Baró,27,5,13,2
2026-01-01,7,Horta-Guinardó,34,Can Baró,24,5,14,1
2026-01-01,7,Horta-Guinardó,34,Can Baró,16,5,14,2
2026-01-01,7,Horta-Guinardó,34,Can Baró,16,5,15,1
2026-01-01,7,Horta-Guinardó,34,Can Baró,5,5,15,2
2026-01-01,7,Horta-Guinardó,34,Can Baró,9,5,16,1
2026-01-01,7,Horta-Guinardó,34,Can Baró,..,5,16,2
2026-01-01,7,Horta-Guinardó,34,Can Baró,..,5,17,1
2026-01-01,7,Horta-Guinardó,34,Can Baró,..,5,17,2
2026-01-01,7,Horta-Guinardó,34,Can Baró,..,5,18,2
2026-01-01,7,Horta-Guinardó,34,Can Baró,..,5,20,1
2026-01-01,7,Horta-Guinardó,35,el Guinardó,550,1,0,1
2026-01-01,7,Horta-Guinardó,35,el Guinardó,556,1,0,2
2026-01-01,7,Horta-Guinardó,35,el Guinardó,502,1,1,1
2026-01-01,7,Horta-Guinardó,35,el Guinardó,535,1,1,2
2026-01-01,7,Horta-Guinardó,35,el Guinardó,640,1,2,1
2026-01-01,7,Horta-Guinardó,35,el Guinardó,593,1,2,2
2026-01-01,7,Horta-Guinardó,35,el Guinardó,547,1,3,1
2026-01-01,7,Horta-Guinardó,35,el Guinardó,590,1,3,2
2026-01-01,7,Horta-Guinardó,35,el Guinardó,545,1,4,1
2026-01-01,7,Horta-Guinardó,35,el Guinardó,567,1,4,2
2026-01-01,7,Horta-Guinardó,35,el Guinardó,529,1,5,1
2026-01-01,7,Horta-Guinardó,35,el Guinardó,492,1,5,2
2026-01-01,7,Horta-Guinardó,35,el Guinardó,425,1,6,1
2026-01-01,7,Horta-Guinardó,35,el Guinardó,471,1,6,2
2026-01-01,7,Horta-Guinardó,35,el Guinardó,422,1,7,1
2026-01-01,7,Horta-Guinardó,35,el Guinardó,470,1,7,2
2026-01-01,7,Horta-Guinardó,35,el Guinardó,502,1,8,1
2026-01-01,7,Horta-Guinardó,35,el Guinardó,549,1,8,2
2026-01-01,7,Horta-Guinardó,35,el Guinardó,709,1,9,1
2026-01-01,7,Horta-Guinardó,35,el Guinardó,664,1,9,2
2026-01-01,7,Horta-Guinardó,35,el Guinardó,821,1,10,1
2026-01-01,7,Horta-Guinardó,35,el Guinardó,801,1,10,2
2026-01-01,7,Horta-Guinardó,35,el Guinardó,826,1,11,1
2026-01-01,7,Horta-Guinardó,35,el Guinardó,775,1,11,2
2026-01-01,7,Horta-Guinardó,35,el Guinardó,704,1,12,1
2026-01-01,7,Horta-Guinardó,35,el Guinardó,647,1,12,2
2026-01-01,7,Horta-Guinardó,35,el Guinardó,592,1,13,1
2026-01-01,7,Horta-Guinardó,35,el Guinardó,520,1,13,2
2026-01-01,7,Horta-Guinardó,35,el Guinardó,440,1,14,1
2026-01-01,7,Horta-Guinardó,35,el Guinardó,369,1,14,2
2026-01-01,7,Horta-Guinardó,35,el Guinardó,428,1,15,1
2026-01-01,7,Horta-Guinardó,35,el Guinardó,270,1,15,2
2026-01-01,7,Horta-Guinardó,35,el Guinardó,322,1,16,1
2026-01-01,7,Horta-Guinardó,35,el Guinardó,199,1,16,2
2026-01-01,7,Horta-Guinardó,35,el Guinardó,195,1,17,1
2026-01-01,7,Horta-Guinardó,35,el Guinardó,114,1,17,2
2026-01-01,7,Horta-Guinardó,35,el Guinardó,149,1,18,1
2026-01-01,7,Horta-Guinardó,35,el Guinardó,62,1,18,2
2026-01-01,7,Horta-Guinardó,35,el Guinardó,33,1,19,1
2026-01-01,7,Horta-Guinardó,35,el Guinardó,13,1,19,2
2026-01-01,7,Horta-Guinardó,35,el Guinardó,5,1,20,1
2026-01-01,7,Horta-Guinardó,35,el Guinardó,25,2,0,1
2026-01-01,7,Horta-Guinardó,35,el Guinardó,22,2,0,2
2026-01-01,7,Horta-Guinardó,35,el Guinardó,33,2,1,1
2026-01-01,7,Horta-Guinardó,35,el Guinardó,24,2,1,2
2026-01-01,7,Horta-Guinardó,35,el Guinardó,29,2,2,1
2026-01-01,7,Horta-Guinardó,35,el Guinardó,21,2,2,2
2026-01-01,7,Horta-Guinardó,35,el Guinardó,43,2,3,1
2026-01-01,7,Horta-Guinardó,35,el Guinardó,55,2,3,2
2026-01-01,7,Horta-Guinardó,35,el Guinardó,50,2,4,1
2026-01-01,7,Horta-Guinardó,35,el Guinardó,46,2,4,2
2026-01-01,7,Horta-Guinardó,35,el Guinardó,103,2,5,1
2026-01-01,7,Horta-Guinardó,35,el Guinardó,80,2,5,2
2026-01-01,7,Horta-Guinardó,35,el Guinardó,110,2,6,1
2026-01-01,7,Horta-Guinardó,35,el Guinardó,100,2,6,2
2026-01-01,7,Horta-Guinardó,35,el Guinardó,88,2,7,1
2026-01-01,7,Horta-Guinardó,35,el Guinardó,87,2,7,2
2026-01-01,7,Horta-Guinardó,35,el Guinardó,91,2,8,1
2026-01-01,7,Horta-Guinardó,35,el Guinardó,89,2,8,2
2026-01-01,7,Horta-Guinardó,35,el Guinardó,93,2,9,1
2026-01-01,7,Horta-Guinardó,35,el Guinardó,113,2,9,2
2026-01-01,7,Horta-Guinardó,35,el Guinardó,83,2,10,1
2026-01-01,7,Horta-Guinardó,35,el Guinardó,83,2,10,2
2026-01-01,7,Horta-Guinardó,35,el Guinardó,79,2,11,1
2026-01-01,7,Horta-Guinardó,35,el Guinardó,66,2,11,2
2026-01-01,7,Horta-Guinardó,35,el Guinardó,90,2,12,1
2026-01-01,7,Horta-Guinardó,35,el Guinardó,77,2,12,2
2026-01-01,7,Horta-Guinardó,35,el Guinardó,100,2,13,1
2026-01-01,7,Horta-Guinardó,35,el Guinardó,63,2,13,2
2026-01-01,7,Horta-Guinardó,35,el Guinardó,94,2,14,1
2026-01-01,7,Horta-Guinardó,35,el Guinardó,71,2,14,2
2026-01-01,7,Horta-Guinardó,35,el Guinardó,96,2,15,1
2026-01-01,7,Horta-Guinardó,35,el Guinardó,80,2,15,2
2026-01-01,7,Horta-Guinardó,35,el Guinardó,64,2,16,1
2026-01-01,7,Horta-Guinardó,35,el Guinardó,65,2,16,2
2026-01-01,7,Horta-Guinardó,35,el Guinardó,59,2,17,1
2026-01-01,7,Horta-Guinardó,35,el Guinardó,38,2,17,2
2026-01-01,7,Horta-Guinardó,35,el Guinardó,46,2,18,1
2026-01-01,7,Horta-Guinardó,35,el Guinardó,27,2,18,2
2026-01-01,7,Horta-Guinardó,35,el Guinardó,19,2,19,1
2026-01-01,7,Horta-Guinardó,35,el Guinardó,..,2,19,2
2026-01-01,7,Horta-Guinardó,35,el Guinardó,..,2,20,1
2026-01-01,7,Horta-Guinardó,35,el Guinardó,6,3,0,1
2026-01-01,7,Horta-Guinardó,35,el Guinardó,5,3,0,2
2026-01-01,7,Horta-Guinardó,35,el Guinardó,9,3,1,1
2026-01-01,7,Horta-Guinardó,35,el Guinardó,9,3,1,2
2026-01-01,7,Horta-Guinardó,35,el Guinardó,13,3,2,1
2026-01-01,7,Horta-Guinardó,35,el Guinardó,15,3,2,2
2026-01-01,7,Horta-Guinardó,35,el Guinardó,14,3,3,1
2026-01-01,7,Horta-Guinardó,35,el Guinardó,13,3,3,2
2026-01-01,7,Horta-Guinardó,35,el Guinardó,27,3,4,1
2026-01-01,7,Horta-Guinardó,35,el Guinardó,17,3,4,2
2026-01-01,7,Horta-Guinardó,35,el Guinardó,80,3,5,1
2026-01-01,7,Horta-Guinardó,35,el Guinardó,54,3,5,2
2026-01-01,7,Horta-Guinardó,35,el Guinardó,126,3,6,1
2026-01-01,7,Horta-Guinardó,35,el Guinardó,83,3,6,2
2026-01-01,7,Horta-Guinardó,35,el Guinardó,123,3,7,1
2026-01-01,7,Horta-Guinardó,35,el Guinardó,93,3,7,2
2026-01-01,7,Horta-Guinardó,35,el Guinardó,104,3,8,1
2026-01-01,7,Horta-Guinardó,35,el Guinardó,90,3,8,2
2026-01-01,7,Horta-Guinardó,35,el Guinardó,97,3,9,1
2026-01-01,7,Horta-Guinardó,35,el Guinardó,92,3,9,2
2026-01-01,7,Horta-Guinardó,35,el Guinardó,84,3,10,1
2026-01-01,7,Horta-Guinardó,35,el Guinardó,89,3,10,2
2026-01-01,7,Horta-Guinardó,35,el Guinardó,82,3,11,1
2026-01-01,7,Horta-Guinardó,35,el Guinardó,81,3,11,2
2026-01-01,7,Horta-Guinardó,35,el Guinardó,152,3,12,1
2026-01-01,7,Horta-Guinardó,35,el Guinardó,118,3,12,2
2026-01-01,7,Horta-Guinardó,35,el Guinardó,244,3,13,1
2026-01-01,7,Horta-Guinardó,35,el Guinardó,182,3,13,2
2026-01-01,7,Horta-Guinardó,35,el Guinardó,322,3,14,1
2026-01-01,7,Horta-Guinardó,35,el Guinardó,200,3,14,2
2026-01-01,7,Horta-Guinardó,35,el Guinardó,364,3,15,1
2026-01-01,7,Horta-Guinardó,35,el Guinardó,262,3,15,2
2026-01-01,7,Horta-Guinardó,35,el Guinardó,393,3,16,1
2026-01-01,7,Horta-Guinardó,35,el Guinardó,241,3,16,2
2026-01-01,7,Horta-Guinardó,35,el Guinardó,266,3,17,1
2026-01-01,7,Horta-Guinardó,35,el Guinardó,159,3,17,2
2026-01-01,7,Horta-Guinardó,35,el Guinardó,190,3,18,1
2026-01-01,7,Horta-Guinardó,35,el Guinardó,88,3,18,2
2026-01-01,7,Horta-Guinardó,35,el Guinardó,72,3,19,1
2026-01-01,7,Horta-Guinardó,35,el Guinardó,18,3,19,2
2026-01-01,7,Horta-Guinardó,35,el Guinardó,7,3,20,1
2026-01-01,7,Horta-Guinardó,35,el Guinardó,..,3,20,2
2026-01-01,7,Horta-Guinardó,35,el Guinardó,5,4,0,1
2026-01-01,7,Horta-Guinardó,35,el Guinardó,6,4,0,2
2026-01-01,7,Horta-Guinardó,35,el Guinardó,6,4,1,1
2026-01-01,7,Horta-Guinardó,35,el Guinardó,14,4,1,2
2026-01-01,7,Horta-Guinardó,35,el Guinardó,7,4,2,1
2026-01-01,7,Horta-Guinardó,35,el Guinardó,9,4,2,2
2026-01-01,7,Horta-Guinardó,35,el Guinardó,9,4,3,1
2026-01-01,7,Horta-Guinardó,35,el Guinardó,9,4,3,2
2026-01-01,7,Horta-Guinardó,35,el Guinardó,38,4,4,1
2026-01-01,7,Horta-Guinardó,35,el Guinardó,21,4,4,2
2026-01-01,7,Horta-Guinardó,35,el Guinardó,81,4,5,1
2026-01-01,7,Horta-Guinardó,35,el Guinardó,73,4,5,2
2026-01-01,7,Horta-Guinardó,35,el Guinardó,114,4,6,1
2026-01-01,7,Horta-Guinardó,35,el Guinardó,132,4,6,2
2026-01-01,7,Horta-Guinardó,35,el Guinardó,147,4,7,1
2026-01-01,7,Horta-Guinardó,35,el Guinardó,143,4,7,2
2026-01-01,7,Horta-Guinardó,35,el Guinardó,104,4,8,1
2026-01-01,7,Horta-Guinardó,35,el Guinardó,88,4,8,2
2026-01-01,7,Horta-Guinardó,35,el Guinardó,78,4,9,1
2026-01-01,7,Horta-Guinardó,35,el Guinardó,93,4,9,2
2026-01-01,7,Horta-Guinardó,35,el Guinardó,51,4,10,1
2026-01-01,7,Horta-Guinardó,35,el Guinardó,70,4,10,2
2026-01-01,7,Horta-Guinardó,35,el Guinardó,20,4,11,1
2026-01-01,7,Horta-Guinardó,35,el Guinardó,44,4,11,2
2026-01-01,7,Horta-Guinardó,35,el Guinardó,20,4,12,1
2026-01-01,7,Horta-Guinardó,35,el Guinardó,29,4,12,2
2026-01-01,7,Horta-Guinardó,35,el Guinardó,13,4,13,1
2026-01-01,7,Horta-Guinardó,35,el Guinardó,18,4,13,2
2026-01-01,7,Horta-Guinardó,35,el Guinardó,14,4,14,1
2026-01-01,7,Horta-Guinardó,35,el Guinardó,..,4,14,2
2026-01-01,7,Horta-Guinardó,35,el Guinardó,10,4,15,1
2026-01-01,7,Horta-Guinardó,35,el Guinardó,..,4,15,2
2026-01-01,7,Horta-Guinardó,35,el Guinardó,6,4,16,1
2026-01-01,7,Horta-Guinardó,35,el Guinardó,..,4,16,2
2026-01-01,7,Horta-Guinardó,35,el Guinardó,6,4,17,1
2026-01-01,7,Horta-Guinardó,35,el Guinardó,..,4,17,2
2026-01-01,7,Horta-Guinardó,35,el Guinardó,..,4,18,1
2026-01-01,7,Horta-Guinardó,35,el Guinardó,..,4,18,2
2026-01-01,7,Horta-Guinardó,35,el Guinardó,32,5,0,1
2026-01-01,7,Horta-Guinardó,35,el Guinardó,41,5,0,2
2026-01-01,7,Horta-Guinardó,35,el Guinardó,118,5,1,1
2026-01-01,7,Horta-Guinardó,35,el Guinardó,111,5,1,2
2026-01-01,7,Horta-Guinardó,35,el Guinardó,152,5,2,1
2026-01-01,7,Horta-Guinardó,35,el Guinardó,155,5,2,2
2026-01-01,7,Horta-Guinardó,35,el Guinardó,165,5,3,1
2026-01-01,7,Horta-Guinardó,35,el Guinardó,171,5,3,2
2026-01-01,7,Horta-Guinardó,35,el Guinardó,330,5,4,1
2026-01-01,7,Horta-Guinardó,35,el Guinardó,325,5,4,2
2026-01-01,7,Horta-Guinardó,35,el Guinardó,714,5,5,1
2026-01-01,7,Horta-Guinardó,35,el Guinardó,641,5,5,2
2026-01-01,7,Horta-Guinardó,35,el Guinardó,875,5,6,1
2026-01-01,7,Horta-Guinardó,35,el Guinardó,726,5,6,2
2026-01-01,7,Horta-Guinardó,35,el Guinardó,800,5,7,1
2026-01-01,7,Horta-Guinardó,35,el Guinardó,732,5,7,2
2026-01-01,7,Horta-Guinardó,35,el Guinardó,656,5,8,1
2026-01-01,7,Horta-Guinardó,35,el Guinardó,558,5,8,2
2026-01-01,7,Horta-Guinardó,35,el Guinardó,604,5,9,1
2026-01-01,7,Horta-Guinardó,35,el Guinardó,499,5,9,2
2026-01-01,7,Horta-Guinardó,35,el Guinardó,456,5,10,1
2026-01-01,7,Horta-Guinardó,35,el Guinardó,360,5,10,2
2026-01-01,7,Horta-Guinardó,35,el Guinardó,346,5,11,1
2026-01-01,7,Horta-Guinardó,35,el Guinardó,268,5,11,2
2026-01-01,7,Horta-Guinardó,35,el Guinardó,303,5,12,1
2026-01-01,7,Horta-Guinardó,35,el Guinardó,195,5,12,2
2026-01-01,7,Horta-Guinardó,35,el Guinardó,245,5,13,1
2026-01-01,7,Horta-Guinardó,35,el Guinardó,137,5,13,2
2026-01-01,7,Horta-Guinardó,35,el Guinardó,127,5,14,1
2026-01-01,7,Horta-Guinardó,35,el Guinardó,95,5,14,2
2026-01-01,7,Horta-Guinardó,35,el Guinardó,98,5,15,1
2026-01-01,7,Horta-Guinardó,35,el Guinardó,50,5,15,2
2026-01-01,7,Horta-Guinardó,35,el Guinardó,39,5,16,1
2026-01-01,7,Horta-Guinardó,35,el Guinardó,28,5,16,2
2026-01-01,7,Horta-Guinardó,35,el Guinardó,19,5,17,1
2026-01-01,7,Horta-Guinardó,35,el Guinardó,11,5,17,2
2026-01-01,7,Horta-Guinardó,35,el Guinardó,9,5,18,1
2026-01-01,7,Horta-Guinardó,35,el Guinardó,5,5,18,2
2026-01-01,7,Horta-Guinardó,35,el Guinardó,..,5,19,1
2026-01-01,7,Horta-Guinardó,35,el Guinardó,..,5,19,2
2026-01-01,7,Horta-Guinardó,35,el Guinardó,..,5,20,1
2026-01-01,7,Horta-Guinardó,35,el Guinardó,..,6,4,1
2026-01-01,7,Horta-Guinardó,35,el Guinardó,..,6,7,1
2026-01-01,7,Horta-Guinardó,35,el Guinardó,..,6,8,1
2026-01-01,7,Horta-Guinardó,35,el Guinardó,..,6,17,2
2026-01-01,7,Horta-Guinardó,36,la Font d'en Fargues,132,1,0,1
2026-01-01,7,Horta-Guinardó,36,la Font d'en Fargues,157,1,0,2
2026-01-01,7,Horta-Guinardó,36,la Font d'en Fargues,160,1,1,1
2026-01-01,7,Horta-Guinardó,36,la Font d'en Fargues,147,1,1,2
2026-01-01,7,Horta-Guinardó,36,la Font d'en Fargues,166,1,2,1
2026-01-01,7,Horta-Guinardó,36,la Font d'en Fargues,202,1,2,2
2026-01-01,7,Horta-Guinardó,36,la Font d'en Fargues,224,1,3,1
2026-01-01,7,Horta-Guinardó,36,la Font d'en Fargues,230,1,3,2
2026-01-01,7,Horta-Guinardó,36,la Font d'en Fargues,198,1,4,1
2026-01-01,7,Horta-Guinardó,36,la Font d'en Fargues,189,1,4,2
2026-01-01,7,Horta-Guinardó,36,la Font d'en Fargues,138,1,5,1
2026-01-01,7,Horta-Guinardó,36,la Font d'en Fargues,183,1,5,2
2026-01-01,7,Horta-Guinardó,36,la Font d'en Fargues,129,1,6,1
2026-01-01,7,Horta-Guinardó,36,la Font d'en Fargues,150,1,6,2
2026-01-01,7,Horta-Guinardó,36,la Font d'en Fargues,138,1,7,1
2026-01-01,7,Horta-Guinardó,36,la Font d'en Fargues,137,1,7,2
2026-01-01,7,Horta-Guinardó,36,la Font d'en Fargues,176,1,8,1
2026-01-01,7,Horta-Guinardó,36,la Font d'en Fargues,196,1,8,2
2026-01-01,7,Horta-Guinardó,36,la Font d'en Fargues,230,1,9,1
2026-01-01,7,Horta-Guinardó,36,la Font d'en Fargues,239,1,9,2
2026-01-01,7,Horta-Guinardó,36,la Font d'en Fargues,315,1,10,1
2026-01-01,7,Horta-Guinardó,36,la Font d'en Fargues,301,1,10,2
2026-01-01,7,Horta-Guinardó,36,la Font d'en Fargues,254,1,11,1
2026-01-01,7,Horta-Guinardó,36,la Font d'en Fargues,231,1,11,2
2026-01-01,7,Horta-Guinardó,36,la Font d'en Fargues,225,1,12,1
2026-01-01,7,Horta-Guinardó,36,la Font d'en Fargues,208,1,12,2
2026-01-01,7,Horta-Guinardó,36,la Font d'en Fargues,176,1,13,1
2026-01-01,7,Horta-Guinardó,36,la Font d'en Fargues,160,1,13,2
2026-01-01,7,Horta-Guinardó,36,la Font d'en Fargues,142,1,14,1
2026-01-01,7,Horta-Guinardó,36,la Font d'en Fargues,101,1,14,2
2026-01-01,7,Horta-Guinardó,36,la Font d'en Fargues,117,1,15,1
2026-01-01,7,Horta-Guinardó,36,la Font d'en Fargues,110,1,15,2
2026-01-01,7,Horta-Guinardó,36,la Font d'en Fargues,72,1,16,1
2026-01-01,7,Horta-Guinardó,36,la Font d'en Fargues,62,1,16,2
2026-01-01,7,Horta-Guinardó,36,la Font d'en Fargues,61,1,17,1
2026-01-01,7,Horta-Guinardó,36,la Font d'en Fargues,30,1,17,2
2026-01-01,7,Horta-Guinardó,36,la Font d'en Fargues,34,1,18,1
2026-01-01,7,Horta-Guinardó,36,la Font d'en Fargues,16,1,18,2
2026-01-01,7,Horta-Guinardó,36,la Font d'en Fargues,15,1,19,1
2026-01-01,7,Horta-Guinardó,36,la Font d'en Fargues,9,1,19,2
2026-01-01,7,Horta-Guinardó,36,la Font d'en Fargues,..,1,20,1
2026-01-01,7,Horta-Guinardó,36,la Font d'en Fargues,..,1,20,2
2026-01-01,7,Horta-Guinardó,36,la Font d'en Fargues,8,2,0,1
2026-01-01,7,Horta-Guinardó,36,la Font d'en Fargues,10,2,0,2
2026-01-01,7,Horta-Guinardó,36,la Font d'en Fargues,6,2,1,1
2026-01-01,7,Horta-Guinardó,36,la Font d'en Fargues,7,2,1,2
2026-01-01,7,Horta-Guinardó,36,la Font d'en Fargues,9,2,2,1
2026-01-01,7,Horta-Guinardó,36,la Font d'en Fargues,10,2,2,2
2026-01-01,7,Horta-Guinardó,36,la Font d'en Fargues,9,2,3,1
2026-01-01,7,Horta-Guinardó,36,la Font d'en Fargues,10,2,3,2
2026-01-01,7,Horta-Guinardó,36,la Font d'en Fargues,16,2,4,1
2026-01-01,7,Horta-Guinardó,36,la Font d'en Fargues,11,2,4,2
2026-01-01,7,Horta-Guinardó,36,la Font d'en Fargues,16,2,5,1
2026-01-01,7,Horta-Guinardó,36,la Font d'en Fargues,11,2,5,2
2026-01-01,7,Horta-Guinardó,36,la Font d'en Fargues,29,2,6,1
2026-01-01,7,Horta-Guinardó,36,la Font d'en Fargues,20,2,6,2
2026-01-01,7,Horta-Guinardó,36,la Font d'en Fargues,18,2,7,1
2026-01-01,7,Horta-Guinardó,36,la Font d'en Fargues,21,2,7,2
2026-01-01,7,Horta-Guinardó,36,la Font d'en Fargues,16,2,8,1
2026-01-01,7,Horta-Guinardó,36,la Font d'en Fargues,18,2,8,2
2026-01-01,7,Horta-Guinardó,36,la Font d'en Fargues,16,2,9,1
2026-01-01,7,Horta-Guinardó,36,la Font d'en Fargues,33,2,9,2
2026-01-01,7,Horta-Guinardó,36,la Font d'en Fargues,19,2,10,1
2026-01-01,7,Horta-Guinardó,36,la Font d'en Fargues,25,2,10,2
2026-01-01,7,Horta-Guinardó,36,la Font d'en Fargues,21,2,11,1
2026-01-01,7,Horta-Guinardó,36,la Font d'en Fargues,27,2,11,2
2026-01-01,7,Horta-Guinardó,36,la Font d'en Fargues,17,2,12,1
2026-01-01,7,Horta-Guinardó,36,la Font d'en Fargues,16,2,12,2
2026-01-01,7,Horta-Guinardó,36,la Font d'en Fargues,20,2,13,1
2026-01-01,7,Horta-Guinardó,36,la Font d'en Fargues,18,2,13,2
2026-01-01,7,Horta-Guinardó,36,la Font d'en Fargues,30,2,14,1
2026-01-01,7,Horta-Guinardó,36,la Font d'en Fargues,27,2,14,2
2026-01-01,7,Horta-Guinardó,36,la Font d'en Fargues,38,2,15,1
2026-01-01,7,Horta-Guinardó,36,la Font d'en Fargues,27,2,15,2
2026-01-01,7,Horta-Guinardó,36,la Font d'en Fargues,23,2,16,1
2026-01-01,7,Horta-Guinardó,36,la Font d'en Fargues,15,2,16,2
2026-01-01,7,Horta-Guinardó,36,la Font d'en Fargues,24,2,17,1
2026-01-01,7,Horta-Guinardó,36,la Font d'en Fargues,14,2,17,2
2026-01-01,7,Horta-Guinardó,36,la Font d'en Fargues,10,2,18,1
2026-01-01,7,Horta-Guinardó,36,la Font d'en Fargues,..,2,18,2
2026-01-01,7,Horta-Guinardó,36,la Font d'en Fargues,7,2,19,1
2026-01-01,7,Horta-Guinardó,36,la Font d'en Fargues,..,2,20,1
2026-01-01,7,Horta-Guinardó,36,la Font d'en Fargues,..,2,20,2
2026-01-01,7,Horta-Guinardó,36,la Font d'en Fargues,..,3,0,1
2026-01-01,7,Horta-Guinardó,36,la Font d'en Fargues,..,3,0,2
2026-01-01,7,Horta-Guinardó,36,la Font d'en Fargues,..,3,1,1
2026-01-01,7,Horta-Guinardó,36,la Font d'en Fargues,..,3,1,2
2026-01-01,7,Horta-Guinardó,36,la Font d'en Fargues,..,3,2,1
2026-01-01,7,Horta-Guinardó,36,la Font d'en Fargues,..,3,2,2
2026-01-01,7,Horta-Guinardó,36,la Font d'en Fargues,5,3,3,1
2026-01-01,7,Horta-Guinardó,36,la Font d'en Fargues,..,3,3,2
2026-01-01,7,Horta-Guinardó,36,la Font d'en Fargues,..,3,4,1
2026-01-01,7,Horta-Guinardó,36,la Font d'en Fargues,..,3,4,2
2026-01-01,7,Horta-Guinardó,36,la Font d'en Fargues,15,3,5,1
2026-01-01,7,Horta-Guinardó,36,la Font d'en Fargues,7,3,5,2
2026-01-01,7,Horta-Guinardó,36,la Font d'en Fargues,22,3,6,1
2026-01-01,7,Horta-Guinardó,36,la Font d'en Fargues,14,3,6,2
2026-01-01,7,Horta-Guinardó,36,la Font d'en Fargues,15,3,7,1
2026-01-01,7,Horta-Guinardó,36,la Font d'en Fargues,10,3,7,2
2026-01-01,7,Horta-Guinardó,36,la Font d'en Fargues,29,3,8,1
2026-01-01,7,Horta-Guinardó,36,la Font d'en Fargues,20,3,8,2
2026-01-01,7,Horta-Guinardó,36,la Font d'en Fargues,26,3,9,1
2026-01-01,7,Horta-Guinardó,36,la Font d'en Fargues,11,3,9,2
2026-01-01,7,Horta-Guinardó,36,la Font d'en Fargues,26,3,10,1
2026-01-01,7,Horta-Guinardó,36,la Font d'en Fargues,19,3,10,2
2026-01-01,7,Horta-Guinardó,36,la Font d'en Fargues,31,3,11,1
2026-01-01,7,Horta-Guinardó,36,la Font d'en Fargues,17,3,11,2
2026-01-01,7,Horta-Guinardó,36,la Font d'en Fargues,48,3,12,1
2026-01-01,7,Horta-Guinardó,36,la Font d'en Fargues,34,3,12,2
2026-01-01,7,Horta-Guinardó,36,la Font d'en Fargues,72,3,13,1
2026-01-01,7,Horta-Guinardó,36,la Font d'en Fargues,70,3,13,2
2026-01-01,7,Horta-Guinardó,36,la Font d'en Fargues,110,3,14,1
2026-01-01,7,Horta-Guinardó,36,la Font d'en Fargues,63,3,14,2
2026-01-01,7,Horta-Guinardó,36,la Font d'en Fargues,139,3,15,1
2026-01-01,7,Horta-Guinardó,36,la Font d'en Fargues,108,3,15,2
2026-01-01,7,Horta-Guinardó,36,la Font d'en Fargues,106,3,16,1
2026-01-01,7,Horta-Guinardó,36,la Font d'en Fargues,81,3,16,2
2026-01-01,7,Horta-Guinardó,36,la Font d'en Fargues,82,3,17,1
2026-01-01,7,Horta-Guinardó,36,la Font d'en Fargues,42,3,17,2
2026-01-01,7,Horta-Guinardó,36,la Font d'en Fargues,32,3,18,1
2026-01-01,7,Horta-Guinardó,36,la Font d'en Fargues,22,3,18,2
2026-01-01,7,Horta-Guinardó,36,la Font d'en Fargues,14,3,19,1
2026-01-01,7,Horta-Guinardó,36,la Font d'en Fargues,..,3,19,2
2026-01-01,7,Horta-Guinardó,36,la Font d'en Fargues,..,3,20,1
2026-01-01,7,Horta-Guinardó,36,la Font d'en Fargues,..,3,20,2
2026-01-01,7,Horta-Guinardó,36,la Font d'en Fargues,..,4,0,1
2026-01-01,7,Horta-Guinardó,36,la Font d'en Fargues,5,4,1,2
2026-01-01,7,Horta-Guinardó,36,la Font d'en Fargues,..,4,2,1
2026-01-01,7,Horta-Guinardó,36,la Font d'en Fargues,..,4,2,2
2026-01-01,7,Horta-Guinardó,36,la Font d'en Fargues,..,4,3,1
2026-01-01,7,Horta-Guinardó,36,la Font d'en Fargues,..,4,3,2
2026-01-01,7,Horta-Guinardó,36,la Font d'en Fargues,8,4,4,1
2026-01-01,7,Horta-Guinardó,36,la Font d'en Fargues,..,4,4,2
2026-01-01,7,Horta-Guinardó,36,la Font d'en Fargues,6,4,5,1
2026-01-01,7,Horta-Guinardó,36,la Font d'en Fargues,8,4,5,2
2026-01-01,7,Horta-Guinardó,36,la Font d'en Fargues,12,4,6,1
2026-01-01,7,Horta-Guinardó,36,la Font d'en Fargues,20,4,6,2
2026-01-01,7,Horta-Guinardó,36,la Font d'en Fargues,18,4,7,1
2026-01-01,7,Horta-Guinardó,36,la Font d'en Fargues,18,4,7,2
2026-01-01,7,Horta-Guinardó,36,la Font d'en Fargues,26,4,8,1
2026-01-01,7,Horta-Guinardó,36,la Font d'en Fargues,22,4,8,2
2026-01-01,7,Horta-Guinardó,36,la Font d'en Fargues,13,4,9,1
2026-01-01,7,Horta-Guinardó,36,la Font d'en Fargues,14,4,9,2
2026-01-01,7,Horta-Guinardó,36,la Font d'en Fargues,11,4,10,1
2026-01-01,7,Horta-Guinardó,36,la Font d'en Fargues,13,4,10,2
2026-01-01,7,Horta-Guinardó,36,la Font d'en Fargues,6,4,11,1
2026-01-01,7,Horta-Guinardó,36,la Font d'en Fargues,5,4,11,2
2026-01-01,7,Horta-Guinardó,36,la Font d'en Fargues,7,4,12,1
2026-01-01,7,Horta-Guinardó,36,la Font d'en Fargues,12,4,12,2
2026-01-01,7,Horta-Guinardó,36,la Font d'en Fargues,..,4,13,1
2026-01-01,7,Horta-Guinardó,36,la Font d'en Fargues,..,4,13,2
2026-01-01,7,Horta-Guinardó,36,la Font d'en Fargues,..,4,14,1
2026-01-01,7,Horta-Guinardó,36,la Font d'en Fargues,5,4,14,2
2026-01-01,7,Horta-Guinardó,36,la Font d'en Fargues,..,4,15,1
2026-01-01,7,Horta-Guinardó,36,la Font d'en Fargues,..,4,16,1
2026-01-01,7,Horta-Guinardó,36,la Font d'en Fargues,5,4,16,2
2026-01-01,7,Horta-Guinardó,36,la Font d'en Fargues,..,4,17,1
2026-01-01,7,Horta-Guinardó,36,la Font d'en Fargues,..,4,18,2
2026-01-01,7,Horta-Guinardó,36,la Font d'en Fargues,..,4,19,1
2026-01-01,7,Horta-Guinardó,36,la Font d'en Fargues,..,4,19,2
2026-01-01,7,Horta-Guinardó,36,la Font d'en Fargues,..,5,0,1
2026-01-01,7,Horta-Guinardó,36,la Font d'en Fargues,..,5,0,2
2026-01-01,7,Horta-Guinardó,36,la Font d'en Fargues,21,5,1,1
2026-01-01,7,Horta-Guinardó,36,la Font d'en Fargues,24,5,1,2
2026-01-01,7,Horta-Guinardó,36,la Font d'en Fargues,27,5,2,1
2026-01-01,7,Horta-Guinardó,36,la Font d'en Fargues,34,5,2,2
2026-01-01,7,Horta-Guinardó,36,la Font d'en Fargues,28,5,3,1
2026-01-01,7,Horta-Guinardó,36,la Font d'en Fargues,25,5,3,2
2026-01-01,7,Horta-Guinardó,36,la Font d'en Fargues,38,5,4,1
2026-01-01,7,Horta-Guinardó,36,la Font d'en Fargues,44,5,4,2
2026-01-01,7,Horta-Guinardó,36,la Font d'en Fargues,84,5,5,1
2026-01-01,7,Horta-Guinardó,36,la Font d'en Fargues,57,5,5,2
2026-01-01,7,Horta-Guinardó,36,la Font d'en Fargues,94,5,6,1
2026-01-01,7,Horta-Guinardó,36,la Font d'en Fargues,77,5,6,2
2026-01-01,7,Horta-Guinardó,36,la Font d'en Fargues,101,5,7,1
2026-01-01,7,Horta-Guinardó,36,la Font d'en Fargues,89,5,7,2
2026-01-01,7,Horta-Guinardó,36,la Font d'en Fargues,102,5,8,1
2026-01-01,7,Horta-Guinardó,36,la Font d'en Fargues,85,5,8,2
2026-01-01,7,Horta-Guinardó,36,la Font d'en Fargues,77,5,9,1
2026-01-01,7,Horta-Guinardó,36,la Font d'en Fargues,49,5,9,2
2026-01-01,7,Horta-Guinardó,36,la Font d'en Fargues,54,5,10,1
2026-01-01,7,Horta-Guinardó,36,la Font d'en Fargues,42,5,10,2
2026-01-01,7,Horta-Guinardó,36,la Font d'en Fargues,40,5,11,1
2026-01-01,7,Horta-Guinardó,36,la Font d'en Fargues,32,5,11,2
2026-01-01,7,Horta-Guinardó,36,la Font d'en Fargues,37,5,12,1
2026-01-01,7,Horta-Guinardó,36,la Font d'en Fargues,35,5,12,2
2026-01-01,7,Horta-Guinardó,36,la Font d'en Fargues,37,5,13,1
2026-01-01,7,Horta-Guinardó,36,la Font d'en Fargues,24,5,13,2
2026-01-01,7,Horta-Guinardó,36,la Font d'en Fargues,14,5,14,1
2026-01-01,7,Horta-Guinardó,36,la Font d'en Fargues,13,5,14,2
2026-01-01,7,Horta-Guinardó,36,la Font d'en Fargues,9,5,15,1
2026-01-01,7,Horta-Guinardó,36,la Font d'en Fargues,11,5,15,2
2026-01-01,7,Horta-Guinardó,36,la Font d'en Fargues,6,5,16,1
2026-01-01,7,Horta-Guinardó,36,la Font d'en Fargues,..,5,16,2
2026-01-01,7,Horta-Guinardó,36,la Font d'en Fargues,..,5,17,1
2026-01-01,7,Horta-Guinardó,36,la Font d'en Fargues,..,5,17,2
2026-01-01,7,Horta-Guinardó,36,la Font d'en Fargues,..,5,18,1
2026-01-01,7,Horta-Guinardó,36,la Font d'en Fargues,..,5,20,1
2026-01-01,7,Horta-Guinardó,37,el Carmel,461,1,0,1
2026-01-01,7,Horta-Guinardó,37,el Carmel,463,1,0,2
2026-01-01,7,Horta-Guinardó,37,el Carmel,499,1,1,1
2026-01-01,7,Horta-Guinardó,37,el Carmel,457,1,1,2
2026-01-01,7,Horta-Guinardó,37,el Carmel,504,1,2,1
2026-01-01,7,Horta-Guinardó,37,el Carmel,523,1,2,2
2026-01-01,7,Horta-Guinardó,37,el Carmel,559,1,3,1
2026-01-01,7,Horta-Guinardó,37,el Carmel,570,1,3,2
2026-01-01,7,Horta-Guinardó,37,el Carmel,458,1,4,1
2026-01-01,7,Horta-Guinardó,37,el Carmel,510,1,4,2
2026-01-01,7,Horta-Guinardó,37,el Carmel,347,1,5,1
2026-01-01,7,Horta-Guinardó,37,el Carmel,420,1,5,2
2026-01-01,7,Horta-Guinardó,37,el Carmel,352,1,6,1
2026-01-01,7,Horta-Guinardó,37,el Carmel,383,1,6,2
2026-01-01,7,Horta-Guinardó,37,el Carmel,381,1,7,1
2026-01-01,7,Horta-Guinardó,37,el Carmel,414,1,7,2
2026-01-01,7,Horta-Guinardó,37,el Carmel,456,1,8,1
2026-01-01,7,Horta-Guinardó,37,el Carmel,448,1,8,2
2026-01-01,7,Horta-Guinardó,37,el Carmel,637,1,9,1
2026-01-01,7,Horta-Guinardó,37,el Carmel,679,1,9,2
2026-01-01,7,Horta-Guinardó,37,el Carmel,723,1,10,1
2026-01-01,7,Horta-Guinardó,37,el Carmel,772,1,10,2
2026-01-01,7,Horta-Guinardó,37,el Carmel,656,1,11,1
2026-01-01,7,Horta-Guinardó,37,el Carmel,642,1,11,2
2026-01-01,7,Horta-Guinardó,37,el Carmel,512,1,12,1
2026-01-01,7,Horta-Guinardó,37,el Carmel,440,1,12,2
2026-01-01,7,Horta-Guinardó,37,el Carmel,285,1,13,1
2026-01-01,7,Horta-Guinardó,37,el Carmel,242,1,13,2
2026-01-01,7,Horta-Guinardó,37,el Carmel,183,1,14,1
2026-01-01,7,Horta-Guinardó,37,el Carmel,147,1,14,2
2026-01-01,7,Horta-Guinardó,37,el Carmel,101,1,15,1
2026-01-01,7,Horta-Guinardó,37,el Carmel,105,1,15,2
2026-01-01,7,Horta-Guinardó,37,el Carmel,96,1,16,1
2026-01-01,7,Horta-Guinardó,37,el Carmel,49,1,16,2
2026-01-01,7,Horta-Guinardó,37,el Carmel,48,1,17,1
2026-01-01,7,Horta-Guinardó,37,el Carmel,27,1,17,2
2026-01-01,7,Horta-Guinardó,37,el Carmel,32,1,18,1
2026-01-01,7,Horta-Guinardó,37,el Carmel,14,1,18,2
2026-01-01,7,Horta-Guinardó,37,el Carmel,12,1,19,1
2026-01-01,7,Horta-Guinardó,37,el Carmel,..,1,19,2
2026-01-01,7,Horta-Guinardó,37,el Carmel,..,1,20,1
2026-01-01,7,Horta-Guinardó,37,el Carmel,16,2,0,1
2026-01-01,7,Horta-Guinardó,37,el Carmel,40,2,0,2
2026-01-01,7,Horta-Guinardó,37,el Carmel,22,2,1,1
2026-01-01,7,Horta-Guinardó,37,el Carmel,27,2,1,2
2026-01-01,7,Horta-Guinardó,37,el Carmel,32,2,2,1
2026-01-01,7,Horta-Guinardó,37,el Carmel,32,2,2,2
2026-01-01,7,Horta-Guinardó,37,el Carmel,53,2,3,1
2026-01-01,7,Horta-Guinardó,37,el Carmel,42,2,3,2
2026-01-01,7,Horta-Guinardó,37,el Carmel,52,2,4,1
2026-01-01,7,Horta-Guinardó,37,el Carmel,43,2,4,2
2026-01-01,7,Horta-Guinardó,37,el Carmel,54,2,5,1
2026-01-01,7,Horta-Guinardó,37,el Carmel,48,2,5,2
2026-01-01,7,Horta-Guinardó,37,el Carmel,54,2,6,1
2026-01-01,7,Horta-Guinardó,37,el Carmel,55,2,6,2
2026-01-01,7,Horta-Guinardó,37,el Carmel,42,2,7,1
2026-01-01,7,Horta-Guinardó,37,el Carmel,41,2,7,2
2026-01-01,7,Horta-Guinardó,37,el Carmel,51,2,8,1
2026-01-01,7,Horta-Guinardó,37,el Carmel,62,2,8,2
2026-01-01,7,Horta-Guinardó,37,el Carmel,53,2,9,1
2026-01-01,7,Horta-Guinardó,37,el Carmel,61,2,9,2
2026-01-01,7,Horta-Guinardó,37,el Carmel,39,2,10,1
2026-01-01,7,Horta-Guinardó,37,el Carmel,62,2,10,2
2026-01-01,7,Horta-Guinardó,37,el Carmel,32,2,11,1
2026-01-01,7,Horta-Guinardó,37,el Carmel,32,2,11,2
2026-01-01,7,Horta-Guinardó,37,el Carmel,31,2,12,1
2026-01-01,7,Horta-Guinardó,37,el Carmel,47,2,12,2
2026-01-01,7,Horta-Guinardó,37,el Carmel,21,2,13,1
2026-01-01,7,Horta-Guinardó,37,el Carmel,25,2,13,2
2026-01-01,7,Horta-Guinardó,37,el Carmel,22,2,14,1
2026-01-01,7,Horta-Guinardó,37,el Carmel,13,2,14,2
2026-01-01,7,Horta-Guinardó,37,el Carmel,18,2,15,1
2026-01-01,7,Horta-Guinardó,37,el Carmel,17,2,15,2
2026-01-01,7,Horta-Guinardó,37,el Carmel,21,2,16,1
2026-01-01,7,Horta-Guinardó,37,el Carmel,9,2,16,2
2026-01-01,7,Horta-Guinardó,37,el Carmel,14,2,17,1
2026-01-01,7,Horta-Guinardó,37,el Carmel,17,2,17,2
2026-01-01,7,Horta-Guinardó,37,el Carmel,9,2,18,1
2026-01-01,7,Horta-Guinardó,37,el Carmel,6,2,18,2
2026-01-01,7,Horta-Guinardó,37,el Carmel,..,2,19,1
2026-01-01,7,Horta-Guinardó,37,el Carmel,..,2,19,2
2026-01-01,7,Horta-Guinardó,37,el Carmel,..,2,20,1
2026-01-01,7,Horta-Guinardó,37,el Carmel,6,3,0,1
2026-01-01,7,Horta-Guinardó,37,el Carmel,..,3,0,2
2026-01-01,7,Horta-Guinardó,37,el Carmel,10,3,1,1
2026-01-01,7,Horta-Guinardó,37,el Carmel,9,3,1,2
2026-01-01,7,Horta-Guinardó,37,el Carmel,8,3,2,1
2026-01-01,7,Horta-Guinardó,37,el Carmel,13,3,2,2
2026-01-01,7,Horta-Guinardó,37,el Carmel,15,3,3,1
2026-01-01,7,Horta-Guinardó,37,el Carmel,19,3,3,2
2026-01-01,7,Horta-Guinardó,37,el Carmel,23,3,4,1
2026-01-01,7,Horta-Guinardó,37,el Carmel,16,3,4,2
2026-01-01,7,Horta-Guinardó,37,el Carmel,50,3,5,1
2026-01-01,7,Horta-Guinardó,37,el Carmel,43,3,5,2
2026-01-01,7,Horta-Guinardó,37,el Carmel,52,3,6,1
2026-01-01,7,Horta-Guinardó,37,el Carmel,49,3,6,2
2026-01-01,7,Horta-Guinardó,37,el Carmel,61,3,7,1
2026-01-01,7,Horta-Guinardó,37,el Carmel,46,3,7,2
2026-01-01,7,Horta-Guinardó,37,el Carmel,63,3,8,1
2026-01-01,7,Horta-Guinardó,37,el Carmel,59,3,8,2
2026-01-01,7,Horta-Guinardó,37,el Carmel,59,3,9,1
2026-01-01,7,Horta-Guinardó,37,el Carmel,64,3,9,2
2026-01-01,7,Horta-Guinardó,37,el Carmel,79,3,10,1
2026-01-01,7,Horta-Guinardó,37,el Carmel,69,3,10,2
2026-01-01,7,Horta-Guinardó,37,el Carmel,130,3,11,1
2026-01-01,7,Horta-Guinardó,37,el Carmel,93,3,11,2
2026-01-01,7,Horta-Guinardó,37,el Carmel,258,3,12,1
2026-01-01,7,Horta-Guinardó,37,el Carmel,252,3,12,2
2026-01-01,7,Horta-Guinardó,37,el Carmel,363,3,13,1
2026-01-01,7,Horta-Guinardó,37,el Carmel,298,3,13,2
2026-01-01,7,Horta-Guinardó,37,el Carmel,506,3,14,1
2026-01-01,7,Horta-Guinardó,37,el Carmel,365,3,14,2
2026-01-01,7,Horta-Guinardó,37,el Carmel,694,3,15,1
2026-01-01,7,Horta-Guinardó,37,el Carmel,444,3,15,2
2026-01-01,7,Horta-Guinardó,37,el Carmel,620,3,16,1
2026-01-01,7,Horta-Guinardó,37,el Carmel,425,3,16,2
2026-01-01,7,Horta-Guinardó,37,el Carmel,410,3,17,1
2026-01-01,7,Horta-Guinardó,37,el Carmel,253,3,17,2
2026-01-01,7,Horta-Guinardó,37,el Carmel,205,3,18,1
2026-01-01,7,Horta-Guinardó,37,el Carmel,102,3,18,2
2026-01-01,7,Horta-Guinardó,37,el Carmel,65,3,19,1
2026-01-01,7,Horta-Guinardó,37,el Carmel,22,3,19,2
2026-01-01,7,Horta-Guinardó,37,el Carmel,6,3,20,1
2026-01-01,7,Horta-Guinardó,37,el Carmel,..,4,0,1
2026-01-01,7,Horta-Guinardó,37,el Carmel,..,4,0,2
2026-01-01,7,Horta-Guinardó,37,el Carmel,5,4,1,1
2026-01-01,7,Horta-Guinardó,37,el Carmel,9,4,1,2
2026-01-01,7,Horta-Guinardó,37,el Carmel,7,4,2,1
2026-01-01,7,Horta-Guinardó,37,el Carmel,6,4,2,2
2026-01-01,7,Horta-Guinardó,37,el Carmel,5,4,3,1
2026-01-01,7,Horta-Guinardó,37,el Carmel,..,4,3,2
2026-01-01,7,Horta-Guinardó,37,el Carmel,19,4,4,1
2026-01-01,7,Horta-Guinardó,37,el Carmel,11,4,4,2
2026-01-01,7,Horta-Guinardó,37,el Carmel,45,4,5,1
2026-01-01,7,Horta-Guinardó,37,el Carmel,39,4,5,2
2026-01-01,7,Horta-Guinardó,37,el Carmel,77,4,6,1
2026-01-01,7,Horta-Guinardó,37,el Carmel,81,4,6,2
2026-01-01,7,Horta-Guinardó,37,el Carmel,78,4,7,1
2026-01-01,7,Horta-Guinardó,37,el Carmel,75,4,7,2
2026-01-01,7,Horta-Guinardó,37,el Carmel,60,4,8,1
2026-01-01,7,Horta-Guinardó,37,el Carmel,76,4,8,2
2026-01-01,7,Horta-Guinardó,37,el Carmel,43,4,9,1
2026-01-01,7,Horta-Guinardó,37,el Carmel,47,4,9,2
2026-01-01,7,Horta-Guinardó,37,el Carmel,30,4,10,1
2026-01-01,7,Horta-Guinardó,37,el Carmel,45,4,10,2
2026-01-01,7,Horta-Guinardó,37,el Carmel,36,4,11,1
2026-01-01,7,Horta-Guinardó,37,el Carmel,33,4,11,2
2026-01-01,7,Horta-Guinardó,37,el Carmel,22,4,12,1
2026-01-01,7,Horta-Guinardó,37,el Carmel,17,4,12,2
2026-01-01,7,Horta-Guinardó,37,el Carmel,12,4,13,1
2026-01-01,7,Horta-Guinardó,37,el Carmel,11,4,13,2
2026-01-01,7,Horta-Guinardó,37,el Carmel,5,4,14,1
2026-01-01,7,Horta-Guinardó,37,el Carmel,..,4,14,2
2026-01-01,7,Horta-Guinardó,37,el Carmel,5,4,15,1
2026-01-01,7,Horta-Guinardó,37,el Carmel,..,4,15,2
2026-01-01,7,Horta-Guinardó,37,el Carmel,6,4,16,1
2026-01-01,7,Horta-Guinardó,37,el Carmel,..,4,17,1
2026-01-01,7,Horta-Guinardó,37,el Carmel,..,4,18,1
2026-01-01,7,Horta-Guinardó,37,el Carmel,30,5,0,1
2026-01-01,7,Horta-Guinardó,37,el Carmel,30,5,0,2
2026-01-01,7,Horta-Guinardó,37,el Carmel,116,5,1,1
2026-01-01,7,Horta-Guinardó,37,el Carmel,119,5,1,2
2026-01-01,7,Horta-Guinardó,37,el Carmel,190,5,2,1
2026-01-01,7,Horta-Guinardó,37,el Carmel,204,5,2,2
2026-01-01,7,Horta-Guinardó,37,el Carmel,218,5,3,1
2026-01-01,7,Horta-Guinardó,37,el Carmel,216,5,3,2
2026-01-01,7,Horta-Guinardó,37,el Carmel,374,5,4,1
2026-01-01,7,Horta-Guinardó,37,el Carmel,382,5,4,2
2026-01-01,7,Horta-Guinardó,37,el Carmel,605,5,5,1
2026-01-01,7,Horta-Guinardó,37,el Carmel,611,5,5,2
2026-01-01,7,Horta-Guinardó,37,el Carmel,743,5,6,1
2026-01-01,7,Horta-Guinardó,37,el Carmel,731,5,6,2
2026-01-01,7,Horta-Guinardó,37,el Carmel,662,5,7,1
2026-01-01,7,Horta-Guinardó,37,el Carmel,625,5,7,2
2026-01-01,7,Horta-Guinardó,37,el Carmel,601,5,8,1
2026-01-01,7,Horta-Guinardó,37,el Carmel,521,5,8,2
2026-01-01,7,Horta-Guinardó,37,el Carmel,598,5,9,1
2026-01-01,7,Horta-Guinardó,37,el Carmel,474,5,9,2
2026-01-01,7,Horta-Guinardó,37,el Carmel,454,5,10,1
2026-01-01,7,Horta-Guinardó,37,el Carmel,384,5,10,2
2026-01-01,7,Horta-Guinardó,37,el Carmel,369,5,11,1
2026-01-01,7,Horta-Guinardó,37,el Carmel,268,5,11,2
2026-01-01,7,Horta-Guinardó,37,el Carmel,282,5,12,1
2026-01-01,7,Horta-Guinardó,37,el Carmel,188,5,12,2
2026-01-01,7,Horta-Guinardó,37,el Carmel,184,5,13,1
2026-01-01,7,Horta-Guinardó,37,el Carmel,120,5,13,2
2026-01-01,7,Horta-Guinardó,37,el Carmel,98,5,14,1
2026-01-01,7,Horta-Guinardó,37,el Carmel,57,5,14,2
2026-01-01,7,Horta-Guinardó,37,el Carmel,68,5,15,1
2026-01-01,7,Horta-Guinardó,37,el Carmel,30,5,15,2
2026-01-01,7,Horta-Guinardó,37,el Carmel,27,5,16,1
2026-01-01,7,Horta-Guinardó,37,el Carmel,15,5,16,2
2026-01-01,7,Horta-Guinardó,37,el Carmel,6,5,17,1
2026-01-01,7,Horta-Guinardó,37,el Carmel,11,5,17,2
2026-01-01,7,Horta-Guinardó,37,el Carmel,..,5,18,1
2026-01-01,7,Horta-Guinardó,37,el Carmel,..,5,19,2
2026-01-01,7,Horta-Guinardó,37,el Carmel,..,5,20,1
2026-01-01,7,Horta-Guinardó,37,el Carmel,..,6,2,1
2026-01-01,7,Horta-Guinardó,37,el Carmel,..,6,6,1
2026-01-01,7,Horta-Guinardó,37,el Carmel,..,6,8,1
2026-01-01,7,Horta-Guinardó,37,el Carmel,..,6,10,2
2026-01-01,7,Horta-Guinardó,38,la Teixonera,172,1,0,1
2026-01-01,7,Horta-Guinardó,38,la Teixonera,175,1,0,2
2026-01-01,7,Horta-Guinardó,38,la Teixonera,164,1,1,1
2026-01-01,7,Horta-Guinardó,38,la Teixonera,162,1,1,2
2026-01-01,7,Horta-Guinardó,38,la Teixonera,169,1,2,1
2026-01-01,7,Horta-Guinardó,38,la Teixonera,181,1,2,2
2026-01-01,7,Horta-Guinardó,38,la Teixonera,177,1,3,1
2026-01-01,7,Horta-Guinardó,38,la Teixonera,192,1,3,2
2026-01-01,7,Horta-Guinardó,38,la Teixonera,166,1,4,1
2026-01-01,7,Horta-Guinardó,38,la Teixonera,201,1,4,2
2026-01-01,7,Horta-Guinardó,38,la Teixonera,152,1,5,1
2026-01-01,7,Horta-Guinardó,38,la Teixonera,161,1,5,2
2026-01-01,7,Horta-Guinardó,38,la Teixonera,136,1,6,1
2026-01-01,7,Horta-Guinardó,38,la Teixonera,181,1,6,2
2026-01-01,7,Horta-Guinardó,38,la Teixonera,138,1,7,1
2026-01-01,7,Horta-Guinardó,38,la Teixonera,140,1,7,2
2026-01-01,7,Horta-Guinardó,38,la Teixonera,136,1,8,1
2026-01-01,7,Horta-Guinardó,38,la Teixonera,187,1,8,2
2026-01-01,7,Horta-Guinardó,38,la Teixonera,221,1,9,1
2026-01-01,7,Horta-Guinardó,38,la Teixonera,251,1,9,2
2026-01-01,7,Horta-Guinardó,38,la Teixonera,289,1,10,1
2026-01-01,7,Horta-Guinardó,38,la Teixonera,286,1,10,2
2026-01-01,7,Horta-Guinardó,38,la Teixonera,280,1,11,1
2026-01-01,7,Horta-Guinardó,38,la Teixonera,275,1,11,2
2026-01-01,7,Horta-Guinardó,38,la Teixonera,206,1,12,1
2026-01-01,7,Horta-Guinardó,38,la Teixonera,194,1,12,2
2026-01-01,7,Horta-Guinardó,38,la Teixonera,129,1,13,1
2026-01-01,7,Horta-Guinardó,38,la Teixonera,134,1,13,2
2026-01-01,7,Horta-Guinardó,38,la Teixonera,74,1,14,1
2026-01-01,7,Horta-Guinardó,38,la Teixonera,76,1,14,2
2026-01-01,7,Horta-Guinardó,38,la Teixonera,53,1,15,1
2026-01-01,7,Horta-Guinardó,38,la Teixonera,44,1,15,2
2026-01-01,7,Horta-Guinardó,38,la Teixonera,34,1,16,1
2026-01-01,7,Horta-Guinardó,38,la Teixonera,29,1,16,2
2026-01-01,7,Horta-Guinardó,38,la Teixonera,13,1,17,1
2026-01-01,7,Horta-Guinardó,38,la Teixonera,13,1,17,2
2026-01-01,7,Horta-Guinardó,38,la Teixonera,9,1,18,1
2026-01-01,7,Horta-Guinardó,38,la Teixonera,5,1,18,2
2026-01-01,7,Horta-Guinardó,38,la Teixonera,5,1,19,1
2026-01-01,7,Horta-Guinardó,38,la Teixonera,12,2,0,1
2026-01-01,7,Horta-Guinardó,38,la Teixonera,6,2,0,2
2026-01-01,7,Horta-Guinardó,38,la Teixonera,9,2,1,1
2026-01-01,7,Horta-Guinardó,38,la Teixonera,12,2,1,2
2026-01-01,7,Horta-Guinardó,38,la Teixonera,11,2,2,1
2026-01-01,7,Horta-Guinardó,38,la Teixonera,15,2,2,2
2026-01-01,7,Horta-Guinardó,38,la Teixonera,17,2,3,1
2026-01-01,7,Horta-Guinardó,38,la Teixonera,18,2,3,2
2026-01-01,7,Horta-Guinardó,38,la Teixonera,23,2,4,1
2026-01-01,7,Horta-Guinardó,38,la Teixonera,11,2,4,2
2026-01-01,7,Horta-Guinardó,38,la Teixonera,29,2,5,1
2026-01-01,7,Horta-Guinardó,38,la Teixonera,20,2,5,2
2026-01-01,7,Horta-Guinardó,38,la Teixonera,27,2,6,1
2026-01-01,7,Horta-Guinardó,38,la Teixonera,23,2,6,2
2026-01-01,7,Horta-Guinardó,38,la Teixonera,22,2,7,1
2026-01-01,7,Horta-Guinardó,38,la Teixonera,20,2,7,2
2026-01-01,7,Horta-Guinardó,38,la Teixonera,16,2,8,1
2026-01-01,7,Horta-Guinardó,38,la Teixonera,26,2,8,2
2026-01-01,7,Horta-Guinardó,38,la Teixonera,31,2,9,1
2026-01-01,7,Horta-Guinardó,38,la Teixonera,32,2,9,2
2026-01-01,7,Horta-Guinardó,38,la Teixonera,14,2,10,1
2026-01-01,7,Horta-Guinardó,38,la Teixonera,32,2,10,2
2026-01-01,7,Horta-Guinardó,38,la Teixonera,12,2,11,1
2026-01-01,7,Horta-Guinardó,38,la Teixonera,17,2,11,2
2026-01-01,7,Horta-Guinardó,38,la Teixonera,15,2,12,1
2026-01-01,7,Horta-Guinardó,38,la Teixonera,19,2,12,2
2026-01-01,7,Horta-Guinardó,38,la Teixonera,15,2,13,1
2026-01-01,7,Horta-Guinardó,38,la Teixonera,6,2,13,2
2026-01-01,7,Horta-Guinardó,38,la Teixonera,10,2,14,1
2026-01-01,7,Horta-Guinardó,38,la Teixonera,6,2,14,2
2026-01-01,7,Horta-Guinardó,38,la Teixonera,10,2,15,1
2026-01-01,7,Horta-Guinardó,38,la Teixonera,8,2,15,2
2026-01-01,7,Horta-Guinardó,38,la Teixonera,10,2,16,1
2026-01-01,7,Horta-Guinardó,38,la Teixonera,..,2,16,2
2026-01-01,7,Horta-Guinardó,38,la Teixonera,5,2,17,1
2026-01-01,7,Horta-Guinardó,38,la Teixonera,6,2,17,2
2026-01-01,7,Horta-Guinardó,38,la Teixonera,..,2,18,1
2026-01-01,7,Horta-Guinardó,38,la Teixonera,..,2,18,2
2026-01-01,7,Horta-Guinardó,38,la Teixonera,..,2,19,1
2026-01-01,7,Horta-Guinardó,38,la Teixonera,..,2,20,1
2026-01-01,7,Horta-Guinardó,38,la Teixonera,..,3,0,1
2026-01-01,7,Horta-Guinardó,38,la Teixonera,..,3,0,2
2026-01-01,7,Horta-Guinardó,38,la Teixonera,..,3,1,1
2026-01-01,7,Horta-Guinardó,38,la Teixonera,..,3,1,2
2026-01-01,7,Horta-Guinardó,38,la Teixonera,5,3,2,1
2026-01-01,7,Horta-Guinardó,38,la Teixonera,..,3,2,2
2026-01-01,7,Horta-Guinardó,38,la Teixonera,6,3,3,1
2026-01-01,7,Horta-Guinardó,38,la Teixonera,..,3,3,2
2026-01-01,7,Horta-Guinardó,38,la Teixonera,8,3,4,1
2026-01-01,7,Horta-Guinardó,38,la Teixonera,11,3,4,2
2026-01-01,7,Horta-Guinardó,38,la Teixonera,28,3,5,1
2026-01-01,7,Horta-Guinardó,38,la Teixonera,15,3,5,2
2026-01-01,7,Horta-Guinardó,38,la Teixonera,22,3,6,1
2026-01-01,7,Horta-Guinardó,38,la Teixonera,24,3,6,2
2026-01-01,7,Horta-Guinardó,38,la Teixonera,16,3,7,1
2026-01-01,7,Horta-Guinardó,38,la Teixonera,24,3,7,2
2026-01-01,7,Horta-Guinardó,38,la Teixonera,33,3,8,1
2026-01-01,7,Horta-Guinardó,38,la Teixonera,18,3,8,2
2026-01-01,7,Horta-Guinardó,38,la Teixonera,19,3,9,1
2026-01-01,7,Horta-Guinardó,38,la Teixonera,28,3,9,2
2026-01-01,7,Horta-Guinardó,38,la Teixonera,25,3,10,1
2026-01-01,7,Horta-Guinardó,38,la Teixonera,18,3,10,2
2026-01-01,7,Horta-Guinardó,38,la Teixonera,48,3,11,1
2026-01-01,7,Horta-Guinardó,38,la Teixonera,37,3,11,2
2026-01-01,7,Horta-Guinardó,38,la Teixonera,87,3,12,1
2026-01-01,7,Horta-Guinardó,38,la Teixonera,80,3,12,2
2026-01-01,7,Horta-Guinardó,38,la Teixonera,136,3,13,1
2026-01-01,7,Horta-Guinardó,38,la Teixonera,88,3,13,2
2026-01-01,7,Horta-Guinardó,38,la Teixonera,171,3,14,1
2026-01-01,7,Horta-Guinardó,38,la Teixonera,115,3,14,2
2026-01-01,7,Horta-Guinardó,38,la Teixonera,225,3,15,1
2026-01-01,7,Horta-Guinardó,38,la Teixonera,118,3,15,2
2026-01-01,7,Horta-Guinardó,38,la Teixonera,216,3,16,1
2026-01-01,7,Horta-Guinardó,38,la Teixonera,122,3,16,2
2026-01-01,7,Horta-Guinardó,38,la Teixonera,161,3,17,1
2026-01-01,7,Horta-Guinardó,38,la Teixonera,91,3,17,2
2026-01-01,7,Horta-Guinardó,38,la Teixonera,75,3,18,1
2026-01-01,7,Horta-Guinardó,38,la Teixonera,43,3,18,2
2026-01-01,7,Horta-Guinardó,38,la Teixonera,21,3,19,1
2026-01-01,7,Horta-Guinardó,38,la Teixonera,8,3,19,2
2026-01-01,7,Horta-Guinardó,38,la Teixonera,..,3,20,1
2026-01-01,7,Horta-Guinardó,38,la Teixonera,..,3,20,2
2026-01-01,7,Horta-Guinardó,38,la Teixonera,..,4,0,1
2026-01-01,7,Horta-Guinardó,38,la Teixonera,..,4,1,1
2026-01-01,7,Horta-Guinardó,38,la Teixonera,..,4,1,2
2026-01-01,7,Horta-Guinardó,38,la Teixonera,..,4,2,1
2026-01-01,7,Horta-Guinardó,38,la Teixonera,..,4,2,2
2026-01-01,7,Horta-Guinardó,38,la Teixonera,..,4,3,1
2026-01-01,7,Horta-Guinardó,38,la Teixonera,5,4,3,2
2026-01-01,7,Horta-Guinardó,38,la Teixonera,8,4,4,1
2026-01-01,7,Horta-Guinardó,38,la Teixonera,..,4,4,2
2026-01-01,7,Horta-Guinardó,38,la Teixonera,25,4,5,1
2026-01-01,7,Horta-Guinardó,38,la Teixonera,16,4,5,2
2026-01-01,7,Horta-Guinardó,38,la Teixonera,38,4,6,1
2026-01-01,7,Horta-Guinardó,38,la Teixonera,32,4,6,2
2026-01-01,7,Horta-Guinardó,38,la Teixonera,34,4,7,1
2026-01-01,7,Horta-Guinardó,38,la Teixonera,28,4,7,2
2026-01-01,7,Horta-Guinardó,38,la Teixonera,22,4,8,1
2026-01-01,7,Horta-Guinardó,38,la Teixonera,24,4,8,2
2026-01-01,7,Horta-Guinardó,38,la Teixonera,16,4,9,1
2026-01-01,7,Horta-Guinardó,38,la Teixonera,25,4,9,2
2026-01-01,7,Horta-Guinardó,38,la Teixonera,13,4,10,1
2026-01-01,7,Horta-Guinardó,38,la Teixonera,15,4,10,2
2026-01-01,7,Horta-Guinardó,38,la Teixonera,11,4,11,1
2026-01-01,7,Horta-Guinardó,38,la Teixonera,8,4,11,2
2026-01-01,7,Horta-Guinardó,38,la Teixonera,11,4,12,1
2026-01-01,7,Horta-Guinardó,38,la Teixonera,8,4,12,2
2026-01-01,7,Horta-Guinardó,38,la Teixonera,6,4,13,1
2026-01-01,7,Horta-Guinardó,38,la Teixonera,5,4,13,2
2026-01-01,7,Horta-Guinardó,38,la Teixonera,..,4,14,2
2026-01-01,7,Horta-Guinardó,38,la Teixonera,..,4,15,1
2026-01-01,7,Horta-Guinardó,38,la Teixonera,..,4,16,1
2026-01-01,7,Horta-Guinardó,38,la Teixonera,..,4,16,2
2026-01-01,7,Horta-Guinardó,38,la Teixonera,..,4,19,1
2026-01-01,7,Horta-Guinardó,38,la Teixonera,10,5,0,1
2026-01-01,7,Horta-Guinardó,38,la Teixonera,16,5,0,2
2026-01-01,7,Horta-Guinardó,38,la Teixonera,43,5,1,1
2026-01-01,7,Horta-Guinardó,38,la Teixonera,39,5,1,2
2026-01-01,7,Horta-Guinardó,38,la Teixonera,63,5,2,1
2026-01-01,7,Horta-Guinardó,38,la Teixonera,89,5,2,2
2026-01-01,7,Horta-Guinardó,38,la Teixonera,73,5,3,1
2026-01-01,7,Horta-Guinardó,38,la Teixonera,74,5,3,2
2026-01-01,7,Horta-Guinardó,38,la Teixonera,143,5,4,1
2026-01-01,7,Horta-Guinardó,38,la Teixonera,165,5,4,2
2026-01-01,7,Horta-Guinardó,38,la Teixonera,226,5,5,1
2026-01-01,7,Horta-Guinardó,38,la Teixonera,249,5,5,2
2026-01-01,7,Horta-Guinardó,38,la Teixonera,288,5,6,1
2026-01-01,7,Horta-Guinardó,38,la Teixonera,271,5,6,2
2026-01-01,7,Horta-Guinardó,38,la Teixonera,264,5,7,1
2026-01-01,7,Horta-Guinardó,38,la Teixonera,256,5,7,2
2026-01-01,7,Horta-Guinardó,38,la Teixonera,219,5,8,1
2026-01-01,7,Horta-Guinardó,38,la Teixonera,196,5,8,2
2026-01-01,7,Horta-Guinardó,38,la Teixonera,221,5,9,1
2026-01-01,7,Horta-Guinardó,38,la Teixonera,163,5,9,2
2026-01-01,7,Horta-Guinardó,38,la Teixonera,144,5,10,1
2026-01-01,7,Horta-Guinardó,38,la Teixonera,126,5,10,2
2026-01-01,7,Horta-Guinardó,38,la Teixonera,110,5,11,1
2026-01-01,7,Horta-Guinardó,38,la Teixonera,103,5,11,2
2026-01-01,7,Horta-Guinardó,38,la Teixonera,108,5,12,1
2026-01-01,7,Horta-Guinardó,38,la Teixonera,60,5,12,2
2026-01-01,7,Horta-Guinardó,38,la Teixonera,79,5,13,1
2026-01-01,7,Horta-Guinardó,38,la Teixonera,50,5,13,2
2026-01-01,7,Horta-Guinardó,38,la Teixonera,54,5,14,1
2026-01-01,7,Horta-Guinardó,38,la Teixonera,26,5,14,2
2026-01-01,7,Horta-Guinardó,38,la Teixonera,26,5,15,1
2026-01-01,7,Horta-Guinardó,38,la Teixonera,18,5,15,2
2026-01-01,7,Horta-Guinardó,38,la Teixonera,21,5,16,1
2026-01-01,7,Horta-Guinardó,38,la Teixonera,5,5,16,2
2026-01-01,7,Horta-Guinardó,38,la Teixonera,7,5,17,1
2026-01-01,7,Horta-Guinardó,38,la Teixonera,..,5,18,1
2026-01-01,7,Horta-Guinardó,38,la Teixonera,..,5,18,2
2026-01-01,7,Horta-Guinardó,38,la Teixonera,..,5,19,2
2026-01-01,7,Horta-Guinardó,39,Sant Genís dels Agudells,108,1,0,1
2026-01-01,7,Horta-Guinardó,39,Sant Genís dels Agudells,102,1,0,2
2026-01-01,7,Horta-Guinardó,39,Sant Genís dels Agudells,120,1,1,1
2026-01-01,7,Horta-Guinardó,39,Sant Genís dels Agudells,129,1,1,2
2026-01-01,7,Horta-Guinardó,39,Sant Genís dels Agudells,101,1,2,1
2026-01-01,7,Horta-Guinardó,39,Sant Genís dels Agudells,98,1,2,2
2026-01-01,7,Horta-Guinardó,39,Sant Genís dels Agudells,95,1,3,1
2026-01-01,7,Horta-Guinardó,39,Sant Genís dels Agudells,104,1,3,2
2026-01-01,7,Horta-Guinardó,39,Sant Genís dels Agudells,101,1,4,1
2026-01-01,7,Horta-Guinardó,39,Sant Genís dels Agudells,90,1,4,2
2026-01-01,7,Horta-Guinardó,39,Sant Genís dels Agudells,94,1,5,1
2026-01-01,7,Horta-Guinardó,39,Sant Genís dels Agudells,103,1,5,2
2026-01-01,7,Horta-Guinardó,39,Sant Genís dels Agudells,71,1,6,1
2026-01-01,7,Horta-Guinardó,39,Sant Genís dels Agudells,103,1,6,2
2026-01-01,7,Horta-Guinardó,39,Sant Genís dels Agudells,75,1,7,1
2026-01-01,7,Horta-Guinardó,39,Sant Genís dels Agudells,82,1,7,2
2026-01-01,7,Horta-Guinardó,39,Sant Genís dels Agudells,98,1,8,1
2026-01-01,7,Horta-Guinardó,39,Sant Genís dels Agudells,85,1,8,2
2026-01-01,7,Horta-Guinardó,39,Sant Genís dels Agudells,119,1,9,1
2026-01-01,7,Horta-Guinardó,39,Sant Genís dels Agudells,114,1,9,2
2026-01-01,7,Horta-Guinardó,39,Sant Genís dels Agudells,137,1,10,1
2026-01-01,7,Horta-Guinardó,39,Sant Genís dels Agudells,136,1,10,2
2026-01-01,7,Horta-Guinardó,39,Sant Genís dels Agudells,146,1,11,1
2026-01-01,7,Horta-Guinardó,39,Sant Genís dels Agudells,153,1,11,2
2026-01-01,7,Horta-Guinardó,39,Sant Genís dels Agudells,141,1,12,1
2026-01-01,7,Horta-Guinardó,39,Sant Genís dels Agudells,140,1,12,2
2026-01-01,7,Horta-Guinardó,39,Sant Genís dels Agudells,76,1,13,1
2026-01-01,7,Horta-Guinardó,39,Sant Genís dels Agudells,79,1,13,2
2026-01-01,7,Horta-Guinardó,39,Sant Genís dels Agudells,49,1,14,1
2026-01-01,7,Horta-Guinardó,39,Sant Genís dels Agudells,34,1,14,2
2026-01-01,7,Horta-Guinardó,39,Sant Genís dels Agudells,38,1,15,1
2026-01-01,7,Horta-Guinardó,39,Sant Genís dels Agudells,31,1,15,2
2026-01-01,7,Horta-Guinardó,39,Sant Genís dels Agudells,46,1,16,1
2026-01-01,7,Horta-Guinardó,39,Sant Genís dels Agudells,18,1,16,2
2026-01-01,7,Horta-Guinardó,39,Sant Genís dels Agudells,39,1,17,1
2026-01-01,7,Horta-Guinardó,39,Sant Genís dels Agudells,25,1,17,2
2026-01-01,7,Horta-Guinardó,39,Sant Genís dels Agudells,19,1,18,1
2026-01-01,7,Horta-Guinardó,39,Sant Genís dels Agudells,15,1,18,2
2026-01-01,7,Horta-Guinardó,39,Sant Genís dels Agudells,7,1,19,1
2026-01-01,7,Horta-Guinardó,39,Sant Genís dels Agudells,..,1,19,2
2026-01-01,7,Horta-Guinardó,39,Sant Genís dels Agudells,..,1,20,1
2026-01-01,7,Horta-Guinardó,39,Sant Genís dels Agudells,10,2,0,1
2026-01-01,7,Horta-Guinardó,39,Sant Genís dels Agudells,18,2,0,2
2026-01-01,7,Horta-Guinardó,39,Sant Genís dels Agudells,10,2,1,1
2026-01-01,7,Horta-Guinardó,39,Sant Genís dels Agudells,11,2,1,2
2026-01-01,7,Horta-Guinardó,39,Sant Genís dels Agudells,12,2,2,1
2026-01-01,7,Horta-Guinardó,39,Sant Genís dels Agudells,10,2,2,2
2026-01-01,7,Horta-Guinardó,39,Sant Genís dels Agudells,11,2,3,1
2026-01-01,7,Horta-Guinardó,39,Sant Genís dels Agudells,12,2,3,2
2026-01-01,7,Horta-Guinardó,39,Sant Genís dels Agudells,18,2,4,1
2026-01-01,7,Horta-Guinardó,39,Sant Genís dels Agudells,9,2,4,2
2026-01-01,7,Horta-Guinardó,39,Sant Genís dels Agudells,11,2,5,1
2026-01-01,7,Horta-Guinardó,39,Sant Genís dels Agudells,9,2,5,2
2026-01-01,7,Horta-Guinardó,39,Sant Genís dels Agudells,20,2,6,1
2026-01-01,7,Horta-Guinardó,39,Sant Genís dels Agudells,20,2,6,2
2026-01-01,7,Horta-Guinardó,39,Sant Genís dels Agudells,15,2,7,1
2026-01-01,7,Horta-Guinardó,39,Sant Genís dels Agudells,10,2,7,2
2026-01-01,7,Horta-Guinardó,39,Sant Genís dels Agudells,11,2,8,1
2026-01-01,7,Horta-Guinardó,39,Sant Genís dels Agudells,14,2,8,2
2026-01-01,7,Horta-Guinardó,39,Sant Genís dels Agudells,11,2,9,1
2026-01-01,7,Horta-Guinardó,39,Sant Genís dels Agudells,14,2,9,2
2026-01-01,7,Horta-Guinardó,39,Sant Genís dels Agudells,11,2,10,1
2026-01-01,7,Horta-Guinardó,39,Sant Genís dels Agudells,10,2,10,2
2026-01-01,7,Horta-Guinardó,39,Sant Genís dels Agudells,13,2,11,1
2026-01-01,7,Horta-Guinardó,39,Sant Genís dels Agudells,11,2,11,2
2026-01-01,7,Horta-Guinardó,39,Sant Genís dels Agudells,11,2,12,1
2026-01-01,7,Horta-Guinardó,39,Sant Genís dels Agudells,10,2,12,2
2026-01-01,7,Horta-Guinardó,39,Sant Genís dels Agudells,11,2,13,1
2026-01-01,7,Horta-Guinardó,39,Sant Genís dels Agudells,12,2,13,2
2026-01-01,7,Horta-Guinardó,39,Sant Genís dels Agudells,14,2,14,1
2026-01-01,7,Horta-Guinardó,39,Sant Genís dels Agudells,11,2,14,2
2026-01-01,7,Horta-Guinardó,39,Sant Genís dels Agudells,13,2,15,1
2026-01-01,7,Horta-Guinardó,39,Sant Genís dels Agudells,..,2,15,2
2026-01-01,7,Horta-Guinardó,39,Sant Genís dels Agudells,13,2,16,1
2026-01-01,7,Horta-Guinardó,39,Sant Genís dels Agudells,..,2,16,2
2026-01-01,7,Horta-Guinardó,39,Sant Genís dels Agudells,12,2,17,1
2026-01-01,7,Horta-Guinardó,39,Sant Genís dels Agudells,..,2,17,2
2026-01-01,7,Horta-Guinardó,39,Sant Genís dels Agudells,..,2,18,1
2026-01-01,7,Horta-Guinardó,39,Sant Genís dels Agudells,..,2,18,2
2026-01-01,7,Horta-Guinardó,39,Sant Genís dels Agudells,..,2,19,1
2026-01-01,7,Horta-Guinardó,39,Sant Genís dels Agudells,..,2,19,2
2026-01-01,7,Horta-Guinardó,39,Sant Genís dels Agudells,..,2,20,1
2026-01-01,7,Horta-Guinardó,39,Sant Genís dels Agudells,..,3,0,1
2026-01-01,7,Horta-Guinardó,39,Sant Genís dels Agudells,..,3,1,1
2026-01-01,7,Horta-Guinardó,39,Sant Genís dels Agudells,..,3,1,2
2026-01-01,7,Horta-Guinardó,39,Sant Genís dels Agudells,..,3,2,1
2026-01-01,7,Horta-Guinardó,39,Sant Genís dels Agudells,6,3,2,2
2026-01-01,7,Horta-Guinardó,39,Sant Genís dels Agudells,5,3,3,1
2026-01-01,7,Horta-Guinardó,39,Sant Genís dels Agudells,5,3,3,2
2026-01-01,7,Horta-Guinardó,39,Sant Genís dels Agudells,6,3,4,1
2026-01-01,7,Horta-Guinardó,39,Sant Genís dels Agudells,5,3,4,2
2026-01-01,7,Horta-Guinardó,39,Sant Genís dels Agudells,10,3,5,1
2026-01-01,7,Horta-Guinardó,39,Sant Genís dels Agudells,12,3,5,2
2026-01-01,7,Horta-Guinardó,39,Sant Genís dels Agudells,12,3,6,1
2026-01-01,7,Horta-Guinardó,39,Sant Genís dels Agudells,12,3,6,2
2026-01-01,7,Horta-Guinardó,39,Sant Genís dels Agudells,15,3,7,1
2026-01-01,7,Horta-Guinardó,39,Sant Genís dels Agudells,11,3,7,2
2026-01-01,7,Horta-Guinardó,39,Sant Genís dels Agudells,14,3,8,1
2026-01-01,7,Horta-Guinardó,39,Sant Genís dels Agudells,11,3,8,2
2026-01-01,7,Horta-Guinardó,39,Sant Genís dels Agudells,11,3,9,1
2026-01-01,7,Horta-Guinardó,39,Sant Genís dels Agudells,13,3,9,2
2026-01-01,7,Horta-Guinardó,39,Sant Genís dels Agudells,8,3,10,1
2026-01-01,7,Horta-Guinardó,39,Sant Genís dels Agudells,13,3,10,2
2026-01-01,7,Horta-Guinardó,39,Sant Genís dels Agudells,22,3,11,1
2026-01-01,7,Horta-Guinardó,39,Sant Genís dels Agudells,13,3,11,2
2026-01-01,7,Horta-Guinardó,39,Sant Genís dels Agudells,45,3,12,1
2026-01-01,7,Horta-Guinardó,39,Sant Genís dels Agudells,34,3,12,2
2026-01-01,7,Horta-Guinardó,39,Sant Genís dels Agudells,57,3,13,1
2026-01-01,7,Horta-Guinardó,39,Sant Genís dels Agudells,48,3,13,2
2026-01-01,7,Horta-Guinardó,39,Sant Genís dels Agudells,89,3,14,1
2026-01-01,7,Horta-Guinardó,39,Sant Genís dels Agudells,46,3,14,2
2026-01-01,7,Horta-Guinardó,39,Sant Genís dels Agudells,102,3,15,1
2026-01-01,7,Horta-Guinardó,39,Sant Genís dels Agudells,64,3,15,2
2026-01-01,7,Horta-Guinardó,39,Sant Genís dels Agudells,108,3,16,1
2026-01-01,7,Horta-Guinardó,39,Sant Genís dels Agudells,54,3,16,2
2026-01-01,7,Horta-Guinardó,39,Sant Genís dels Agudells,145,3,17,1
2026-01-01,7,Horta-Guinardó,39,Sant Genís dels Agudells,60,3,17,2
2026-01-01,7,Horta-Guinardó,39,Sant Genís dels Agudells,65,3,18,1
2026-01-01,7,Horta-Guinardó,39,Sant Genís dels Agudells,44,3,18,2
2026-01-01,7,Horta-Guinardó,39,Sant Genís dels Agudells,23,3,19,1
2026-01-01,7,Horta-Guinardó,39,Sant Genís dels Agudells,8,3,19,2
2026-01-01,7,Horta-Guinardó,39,Sant Genís dels Agudells,..,3,20,1
2026-01-01,7,Horta-Guinardó,39,Sant Genís dels Agudells,..,3,20,2
2026-01-01,7,Horta-Guinardó,39,Sant Genís dels Agudells,..,4,0,1
2026-01-01,7,Horta-Guinardó,39,Sant Genís dels Agudells,..,4,0,2
2026-01-01,7,Horta-Guinardó,39,Sant Genís dels Agudells,..,4,1,1
2026-01-01,7,Horta-Guinardó,39,Sant Genís dels Agudells,7,4,1,2
2026-01-01,7,Horta-Guinardó,39,Sant Genís dels Agudells,..,4,2,1
2026-01-01,7,Horta-Guinardó,39,Sant Genís dels Agudells,..,4,2,2
2026-01-01,7,Horta-Guinardó,39,Sant Genís dels Agudells,..,4,3,1
2026-01-01,7,Horta-Guinardó,39,Sant Genís dels Agudells,8,4,3,2
2026-01-01,7,Horta-Guinardó,39,Sant Genís dels Agudells,5,4,4,1
2026-01-01,7,Horta-Guinardó,39,Sant Genís dels Agudells,5,4,4,2
2026-01-01,7,Horta-Guinardó,39,Sant Genís dels Agudells,7,4,5,1
2026-01-01,7,Horta-Guinardó,39,Sant Genís dels Agudells,9,4,5,2
2026-01-01,7,Horta-Guinardó,39,Sant Genís dels Agudells,12,4,6,1
2026-01-01,7,Horta-Guinardó,39,Sant Genís dels Agudells,10,4,6,2
2026-01-01,7,Horta-Guinardó,39,Sant Genís dels Agudells,18,4,7,1
2026-01-01,7,Horta-Guinardó,39,Sant Genís dels Agudells,11,4,7,2
2026-01-01,7,Horta-Guinardó,39,Sant Genís dels Agudells,18,4,8,1
2026-01-01,7,Horta-Guinardó,39,Sant Genís dels Agudells,23,4,8,2
2026-01-01,7,Horta-Guinardó,39,Sant Genís dels Agudells,10,4,9,1
2026-01-01,7,Horta-Guinardó,39,Sant Genís dels Agudells,10,4,9,2
2026-01-01,7,Horta-Guinardó,39,Sant Genís dels Agudells,5,4,10,1
2026-01-01,7,Horta-Guinardó,39,Sant Genís dels Agudells,11,4,10,2
2026-01-01,7,Horta-Guinardó,39,Sant Genís dels Agudells,..,4,11,1
2026-01-01,7,Horta-Guinardó,39,Sant Genís dels Agudells,9,4,11,2
2026-01-01,7,Horta-Guinardó,39,Sant Genís dels Agudells,6,4,12,1
2026-01-01,7,Horta-Guinardó,39,Sant Genís dels Agudells,..,4,12,2
2026-01-01,7,Horta-Guinardó,39,Sant Genís dels Agudells,..,4,13,1
2026-01-01,7,Horta-Guinardó,39,Sant Genís dels Agudells,..,4,13,2
2026-01-01,7,Horta-Guinardó,39,Sant Genís dels Agudells,..,4,14,1
2026-01-01,7,Horta-Guinardó,39,Sant Genís dels Agudells,..,4,14,2
2026-01-01,7,Horta-Guinardó,39,Sant Genís dels Agudells,..,4,15,1
2026-01-01,7,Horta-Guinardó,39,Sant Genís dels Agudells,..,4,15,2
2026-01-01,7,Horta-Guinardó,39,Sant Genís dels Agudells,..,4,16,1
2026-01-01,7,Horta-Guinardó,39,Sant Genís dels Agudells,..,4,16,2
2026-01-01,7,Horta-Guinardó,39,Sant Genís dels Agudells,..,4,17,1
2026-01-01,7,Horta-Guinardó,39,Sant Genís dels Agudells,..,4,18,1
2026-01-01,7,Horta-Guinardó,39,Sant Genís dels Agudells,..,4,18,2
2026-01-01,7,Horta-Guinardó,39,Sant Genís dels Agudells,..,4,19,2
2026-01-01,7,Horta-Guinardó,39,Sant Genís dels Agudells,..,4,20,1
2026-01-01,7,Horta-Guinardó,39,Sant Genís dels Agudells,11,5,0,1
2026-01-01,7,Horta-Guinardó,39,Sant Genís dels Agudells,10,5,0,2
2026-01-01,7,Horta-Guinardó,39,Sant Genís dels Agudells,28,5,1,1
2026-01-01,7,Horta-Guinardó,39,Sant Genís dels Agudells,28,5,1,2
2026-01-01,7,Horta-Guinardó,39,Sant Genís dels Agudells,42,5,2,1
2026-01-01,7,Horta-Guinardó,39,Sant Genís dels Agudells,61,5,2,2
2026-01-01,7,Horta-Guinardó,39,Sant Genís dels Agudells,56,5,3,1
2026-01-01,7,Horta-Guinardó,39,Sant Genís dels Agudells,115,5,3,2
2026-01-01,7,Horta-Guinardó,39,Sant Genís dels Agudells,89,5,4,1
2026-01-01,7,Horta-Guinardó,39,Sant Genís dels Agudells,76,5,4,2
2026-01-01,7,Horta-Guinardó,39,Sant Genís dels Agudells,164,5,5,1
2026-01-01,7,Horta-Guinardó,39,Sant Genís dels Agudells,143,5,5,2
2026-01-01,7,Horta-Guinardó,39,Sant Genís dels Agudells,190,5,6,1
2026-01-01,7,Horta-Guinardó,39,Sant Genís dels Agudells,153,5,6,2
2026-01-01,7,Horta-Guinardó,39,Sant Genís dels Agudells,184,5,7,1
2026-01-01,7,Horta-Guinardó,39,Sant Genís dels Agudells,178,5,7,2
2026-01-01,7,Horta-Guinardó,39,Sant Genís dels Agudells,144,5,8,1
2026-01-01,7,Horta-Guinardó,39,Sant Genís dels Agudells,128,5,8,2
2026-01-01,7,Horta-Guinardó,39,Sant Genís dels Agudells,133,5,9,1
2026-01-01,7,Horta-Guinardó,39,Sant Genís dels Agudells,107,5,9,2
2026-01-01,7,Horta-Guinardó,39,Sant Genís dels Agudells,106,5,10,1
2026-01-01,7,Horta-Guinardó,39,Sant Genís dels Agudells,85,5,10,2
2026-01-01,7,Horta-Guinardó,39,Sant Genís dels Agudells,70,5,11,1
2026-01-01,7,Horta-Guinardó,39,Sant Genís dels Agudells,65,5,11,2
2026-01-01,7,Horta-Guinardó,39,Sant Genís dels Agudells,93,5,12,1
2026-01-01,7,Horta-Guinardó,39,Sant Genís dels Agudells,45,5,12,2
2026-01-01,7,Horta-Guinardó,39,Sant Genís dels Agudells,54,5,13,1
2026-01-01,7,Horta-Guinardó,39,Sant Genís dels Agudells,30,5,13,2
2026-01-01,7,Horta-Guinardó,39,Sant Genís dels Agudells,36,5,14,1
2026-01-01,7,Horta-Guinardó,39,Sant Genís dels Agudells,22,5,14,2
2026-01-01,7,Horta-Guinardó,39,Sant Genís dels Agudells,12,5,15,1
2026-01-01,7,Horta-Guinardó,39,Sant Genís dels Agudells,13,5,15,2
2026-01-01,7,Horta-Guinardó,39,Sant Genís dels Agudells,11,5,16,1
2026-01-01,7,Horta-Guinardó,39,Sant Genís dels Agudells,7,5,16,2
2026-01-01,7,Horta-Guinardó,39,Sant Genís dels Agudells,5,5,17,1
2026-01-01,7,Horta-Guinardó,39,Sant Genís dels Agudells,..,5,17,2
2026-01-01,7,Horta-Guinardó,39,Sant Genís dels Agudells,5,5,18,1
2026-01-01,7,Horta-Guinardó,39,Sant Genís dels Agudells,..,5,18,2
2026-01-01,7,Horta-Guinardó,39,Sant Genís dels Agudells,..,5,19,2
2026-01-01,7,Horta-Guinardó,39,Sant Genís dels Agudells,..,6,3,2
2026-01-01,7,Horta-Guinardó,39,Sant Genís dels Agudells,..,6,7,1
2026-01-01,7,Horta-Guinardó,39,Sant Genís dels Agudells,..,6,12,1
2026-01-01,7,Horta-Guinardó,40,Montbau,61,1,0,1
2026-01-01,7,Horta-Guinardó,40,Montbau,74,1,0,2
2026-01-01,7,Horta-Guinardó,40,Montbau,61,1,1,1
2026-01-01,7,Horta-Guinardó,40,Montbau,68,1,1,2
2026-01-01,7,Horta-Guinardó,40,Montbau,53,1,2,1
2026-01-01,7,Horta-Guinardó,40,Montbau,66,1,2,2
2026-01-01,7,Horta-Guinardó,40,Montbau,82,1,3,1
2026-01-01,7,Horta-Guinardó,40,Montbau,74,1,3,2
2026-01-01,7,Horta-Guinardó,40,Montbau,86,1,4,1
2026-01-01,7,Horta-Guinardó,40,Montbau,78,1,4,2
2026-01-01,7,Horta-Guinardó,40,Montbau,82,1,5,1
2026-01-01,7,Horta-Guinardó,40,Montbau,61,1,5,2
2026-01-01,7,Horta-Guinardó,40,Montbau,67,1,6,1
2026-01-01,7,Horta-Guinardó,40,Montbau,65,1,6,2
2026-01-01,7,Horta-Guinardó,40,Montbau,39,1,7,1
2026-01-01,7,Horta-Guinardó,40,Montbau,69,1,7,2
2026-01-01,7,Horta-Guinardó,40,Montbau,52,1,8,1
2026-01-01,7,Horta-Guinardó,40,Montbau,56,1,8,2
2026-01-01,7,Horta-Guinardó,40,Montbau,72,1,9,1
2026-01-01,7,Horta-Guinardó,40,Montbau,79,1,9,2
2026-01-01,7,Horta-Guinardó,40,Montbau,117,1,10,1
2026-01-01,7,Horta-Guinardó,40,Montbau,116,1,10,2
2026-01-01,7,Horta-Guinardó,40,Montbau,148,1,11,1
2026-01-01,7,Horta-Guinardó,40,Montbau,155,1,11,2
2026-01-01,7,Horta-Guinardó,40,Montbau,120,1,12,1
2026-01-01,7,Horta-Guinardó,40,Montbau,126,1,12,2
2026-01-01,7,Horta-Guinardó,40,Montbau,68,1,13,1
2026-01-01,7,Horta-Guinardó,40,Montbau,69,1,13,2
2026-01-01,7,Horta-Guinardó,40,Montbau,41,1,14,1
2026-01-01,7,Horta-Guinardó,40,Montbau,31,1,14,2
2026-01-01,7,Horta-Guinardó,40,Montbau,27,1,15,1
2026-01-01,7,Horta-Guinardó,40,Montbau,21,1,15,2
2026-01-01,7,Horta-Guinardó,40,Montbau,41,1,16,1
2026-01-01,7,Horta-Guinardó,40,Montbau,16,1,16,2
2026-01-01,7,Horta-Guinardó,40,Montbau,46,1,17,1
2026-01-01,7,Horta-Guinardó,40,Montbau,27,1,17,2
2026-01-01,7,Horta-Guinardó,40,Montbau,36,1,18,1
2026-01-01,7,Horta-Guinardó,40,Montbau,21,1,18,2
2026-01-01,7,Horta-Guinardó,40,Montbau,15,1,19,1
2026-01-01,7,Horta-Guinardó,40,Montbau,..,1,19,2
2026-01-01,7,Horta-Guinardó,40,Montbau,..,1,20,1
2026-01-01,7,Horta-Guinardó,40,Montbau,..,2,0,1
2026-01-01,7,Horta-Guinardó,40,Montbau,5,2,0,2
2026-01-01,7,Horta-Guinardó,40,Montbau,..,2,1,1
2026-01-01,7,Horta-Guinardó,40,Montbau,..,2,1,2
2026-01-01,7,Horta-Guinardó,40,Montbau,..,2,2,1
2026-01-01,7,Horta-Guinardó,40,Montbau,6,2,2,2
2026-01-01,7,Horta-Guinardó,40,Montbau,..,2,3,1
2026-01-01,7,Horta-Guinardó,40,Montbau,6,2,3,2
2026-01-01,7,Horta-Guinardó,40,Montbau,10,2,4,1
2026-01-01,7,Horta-Guinardó,40,Montbau,6,2,4,2
2026-01-01,7,Horta-Guinardó,40,Montbau,15,2,5,1
2026-01-01,7,Horta-Guinardó,40,Montbau,17,2,5,2
2026-01-01,7,Horta-Guinardó,40,Montbau,14,2,6,1
2026-01-01,7,Horta-Guinardó,40,Montbau,13,2,6,2
2026-01-01,7,Horta-Guinardó,40,Montbau,11,2,7,1
2026-01-01,7,Horta-Guinardó,40,Montbau,16,2,7,2
2026-01-01,7,Horta-Guinardó,40,Montbau,..,2,8,1
2026-01-01,7,Horta-Guinardó,40,Montbau,15,2,8,2
2026-01-01,7,Horta-Guinardó,40,Montbau,15,2,9,1
2026-01-01,7,Horta-Guinardó,40,Montbau,8,2,9,2
2026-01-01,7,Horta-Guinardó,40,Montbau,6,2,10,1
2026-01-01,7,Horta-Guinardó,40,Montbau,12,2,10,2
2026-01-01,7,Horta-Guinardó,40,Montbau,12,2,11,1
2026-01-01,7,Horta-Guinardó,40,Montbau,7,2,11,2
2026-01-01,7,Horta-Guinardó,40,Montbau,8,2,12,1
2026-01-01,7,Horta-Guinardó,40,Montbau,16,2,12,2
2026-01-01,7,Horta-Guinardó,40,Montbau,5,2,13,1
2026-01-01,7,Horta-Guinardó,40,Montbau,6,2,13,2
2026-01-01,7,Horta-Guinardó,40,Montbau,9,2,14,1
2026-01-01,7,Horta-Guinardó,40,Montbau,5,2,14,2
2026-01-01,7,Horta-Guinardó,40,Montbau,8,2,15,1
2026-01-01,7,Horta-Guinardó,40,Montbau,9,2,15,2
2026-01-01,7,Horta-Guinardó,40,Montbau,12,2,16,1
2026-01-01,7,Horta-Guinardó,40,Montbau,..,2,16,2
2026-01-01,7,Horta-Guinardó,40,Montbau,13,2,17,1
2026-01-01,7,Horta-Guinardó,40,Montbau,..,2,17,2
2026-01-01,7,Horta-Guinardó,40,Montbau,17,2,18,1
2026-01-01,7,Horta-Guinardó,40,Montbau,5,2,18,2
2026-01-01,7,Horta-Guinardó,40,Montbau,8,2,19,1
2026-01-01,7,Horta-Guinardó,40,Montbau,..,2,19,2
2026-01-01,7,Horta-Guinardó,40,Montbau,..,2,20,1
2026-01-01,7,Horta-Guinardó,40,Montbau,..,3,0,2
2026-01-01,7,Horta-Guinardó,40,Montbau,..,3,1,1
2026-01-01,7,Horta-Guinardó,40,Montbau,..,3,1,2
2026-01-01,7,Horta-Guinardó,40,Montbau,..,3,2,1
2026-01-01,7,Horta-Guinardó,40,Montbau,5,3,3,1
2026-01-01,7,Horta-Guinardó,40,Montbau,..,3,3,2
2026-01-01,7,Horta-Guinardó,40,Montbau,7,3,4,1
2026-01-01,7,Horta-Guinardó,40,Montbau,..,3,4,2
2026-01-01,7,Horta-Guinardó,40,Montbau,15,3,5,1
2026-01-01,7,Horta-Guinardó,40,Montbau,16,3,5,2
2026-01-01,7,Horta-Guinardó,40,Montbau,17,3,6,1
2026-01-01,7,Horta-Guinardó,40,Montbau,14,3,6,2
2026-01-01,7,Horta-Guinardó,40,Montbau,11,3,7,1
2026-01-01,7,Horta-Guinardó,40,Montbau,10,3,7,2
2026-01-01,7,Horta-Guinardó,40,Montbau,14,3,8,1
2026-01-01,7,Horta-Guinardó,40,Montbau,11,3,8,2
2026-01-01,7,Horta-Guinardó,40,Montbau,12,3,9,1
2026-01-01,7,Horta-Guinardó,40,Montbau,6,3,9,2
2026-01-01,7,Horta-Guinardó,40,Montbau,13,3,10,1
2026-01-01,7,Horta-Guinardó,40,Montbau,9,3,10,2
2026-01-01,7,Horta-Guinardó,40,Montbau,20,3,11,1
2026-01-01,7,Horta-Guinardó,40,Montbau,15,3,11,2
2026-01-01,7,Horta-Guinardó,40,Montbau,24,3,12,1
2026-01-01,7,Horta-Guinardó,40,Montbau,29,3,12,2
2026-01-01,7,Horta-Guinardó,40,Montbau,19,3,13,1
2026-01-01,7,Horta-Guinardó,40,Montbau,28,3,13,2
2026-01-01,7,Horta-Guinardó,40,Montbau,31,3,14,1
2026-01-01,7,Horta-Guinardó,40,Montbau,21,3,14,2
2026-01-01,7,Horta-Guinardó,40,Montbau,43,3,15,1
2026-01-01,7,Horta-Guinardó,40,Montbau,23,3,15,2
2026-01-01,7,Horta-Guinardó,40,Montbau,72,3,16,1
2026-01-01,7,Horta-Guinardó,40,Montbau,24,3,16,2
2026-01-01,7,Horta-Guinardó,40,Montbau,88,3,17,1
2026-01-01,7,Horta-Guinardó,40,Montbau,39,3,17,2
2026-01-01,7,Horta-Guinardó,40,Montbau,84,3,18,1
2026-01-01,7,Horta-Guinardó,40,Montbau,23,3,18,2
2026-01-01,7,Horta-Guinardó,40,Montbau,15,3,19,1
2026-01-01,7,Horta-Guinardó,40,Montbau,8,3,19,2
2026-01-01,7,Horta-Guinardó,40,Montbau,..,3,20,2
2026-01-01,7,Horta-Guinardó,40,Montbau,..,4,0,1
2026-01-01,7,Horta-Guinardó,40,Montbau,..,4,1,1
2026-01-01,7,Horta-Guinardó,40,Montbau,..,4,1,2
2026-01-01,7,Horta-Guinardó,40,Montbau,..,4,2,1
2026-01-01,7,Horta-Guinardó,40,Montbau,..,4,2,2
2026-01-01,7,Horta-Guinardó,40,Montbau,..,4,3,1
2026-01-01,7,Horta-Guinardó,40,Montbau,..,4,4,1
2026-01-01,7,Horta-Guinardó,40,Montbau,..,4,4,2
2026-01-01,7,Horta-Guinardó,40,Montbau,8,4,5,1
2026-01-01,7,Horta-Guinardó,40,Montbau,..,4,5,2
2026-01-01,7,Horta-Guinardó,40,Montbau,9,4,6,1
2026-01-01,7,Horta-Guinardó,40,Montbau,7,4,6,2
2026-01-01,7,Horta-Guinardó,40,Montbau,6,4,7,1
2026-01-01,7,Horta-Guinardó,40,Montbau,7,4,7,2
2026-01-01,7,Horta-Guinardó,40,Montbau,9,4,8,1
2026-01-01,7,Horta-Guinardó,40,Montbau,5,4,8,2
2026-01-01,7,Horta-Guinardó,40,Montbau,10,4,9,1
2026-01-01,7,Horta-Guinardó,40,Montbau,7,4,9,2
2026-01-01,7,Horta-Guinardó,40,Montbau,..,4,10,1
2026-01-01,7,Horta-Guinardó,40,Montbau,8,4,10,2
2026-01-01,7,Horta-Guinardó,40,Montbau,..,4,11,1
2026-01-01,7,Horta-Guinardó,40,Montbau,..,4,11,2
2026-01-01,7,Horta-Guinardó,40,Montbau,..,4,12,1
2026-01-01,7,Horta-Guinardó,40,Montbau,8,4,12,2
2026-01-01,7,Horta-Guinardó,40,Montbau,..,4,13,1
2026-01-01,7,Horta-Guinardó,40,Montbau,..,4,15,1
2026-01-01,7,Horta-Guinardó,40,Montbau,..,4,15,2
2026-01-01,7,Horta-Guinardó,40,Montbau,..,4,16,2
2026-01-01,7,Horta-Guinardó,40,Montbau,..,4,17,2
2026-01-01,7,Horta-Guinardó,40,Montbau,..,4,18,2
2026-01-01,7,Horta-Guinardó,40,Montbau,..,4,19,1
2026-01-01,7,Horta-Guinardó,40,Montbau,6,5,0,1
2026-01-01,7,Horta-Guinardó,40,Montbau,..,5,0,2
2026-01-01,7,Horta-Guinardó,40,Montbau,17,5,1,1
2026-01-01,7,Horta-Guinardó,40,Montbau,13,5,1,2
2026-01-01,7,Horta-Guinardó,40,Montbau,28,5,2,1
2026-01-01,7,Horta-Guinardó,40,Montbau,33,5,2,2
2026-01-01,7,Horta-Guinardó,40,Montbau,21,5,3,1
2026-01-01,7,Horta-Guinardó,40,Montbau,35,5,3,2
2026-01-01,7,Horta-Guinardó,40,Montbau,57,5,4,1
2026-01-01,7,Horta-Guinardó,40,Montbau,52,5,4,2
2026-01-01,7,Horta-Guinardó,40,Montbau,85,5,5,1
2026-01-01,7,Horta-Guinardó,40,Montbau,74,5,5,2
2026-01-01,7,Horta-Guinardó,40,Montbau,112,5,6,1
2026-01-01,7,Horta-Guinardó,40,Montbau,107,5,6,2
2026-01-01,7,Horta-Guinardó,40,Montbau,127,5,7,1
2026-01-01,7,Horta-Guinardó,40,Montbau,89,5,7,2
2026-01-01,7,Horta-Guinardó,40,Montbau,87,5,8,1
2026-01-01,7,Horta-Guinardó,40,Montbau,77,5,8,2
2026-01-01,7,Horta-Guinardó,40,Montbau,68,5,9,1
2026-01-01,7,Horta-Guinardó,40,Montbau,64,5,9,2
2026-01-01,7,Horta-Guinardó,40,Montbau,64,5,10,1
2026-01-01,7,Horta-Guinardó,40,Montbau,42,5,10,2
2026-01-01,7,Horta-Guinardó,40,Montbau,61,5,11,1
2026-01-01,7,Horta-Guinardó,40,Montbau,36,5,11,2
2026-01-01,7,Horta-Guinardó,40,Montbau,40,5,12,1
2026-01-01,7,Horta-Guinardó,40,Montbau,28,5,12,2
2026-01-01,7,Horta-Guinardó,40,Montbau,20,5,13,1
2026-01-01,7,Horta-Guinardó,40,Montbau,22,5,13,2
2026-01-01,7,Horta-Guinardó,40,Montbau,15,5,14,1
2026-01-01,7,Horta-Guinardó,40,Montbau,11,5,14,2
2026-01-01,7,Horta-Guinardó,40,Montbau,14,5,15,1
2026-01-01,7,Horta-Guinardó,40,Montbau,..,5,15,2
2026-01-01,7,Horta-Guinardó,40,Montbau,..,5,16,1
2026-01-01,7,Horta-Guinardó,40,Montbau,..,5,16,2
2026-01-01,7,Horta-Guinardó,40,Montbau,..,5,17,2
2026-01-01,7,Horta-Guinardó,40,Montbau,..,5,18,1
2026-01-01,7,Horta-Guinardó,40,Montbau,..,5,19,1
2026-01-01,7,Horta-Guinardó,40,Montbau,..,6,5,2
2026-01-01,7,Horta-Guinardó,41,la Vall d'Hebron,61,1,0,1
2026-01-01,7,Horta-Guinardó,41,la Vall d'Hebron,80,1,0,2
2026-01-01,7,Horta-Guinardó,41,la Vall d'Hebron,92,1,1,1
2026-01-01,7,Horta-Guinardó,41,la Vall d'Hebron,85,1,1,2
2026-01-01,7,Horta-Guinardó,41,la Vall d'Hebron,95,1,2,1
2026-01-01,7,Horta-Guinardó,41,la Vall d'Hebron,102,1,2,2
2026-01-01,7,Horta-Guinardó,41,la Vall d'Hebron,90,1,3,1
2026-01-01,7,Horta-Guinardó,41,la Vall d'Hebron,87,1,3,2
2026-01-01,7,Horta-Guinardó,41,la Vall d'Hebron,107,1,4,1
2026-01-01,7,Horta-Guinardó,41,la Vall d'Hebron,83,1,4,2
2026-01-01,7,Horta-Guinardó,41,la Vall d'Hebron,95,1,5,1
2026-01-01,7,Horta-Guinardó,41,la Vall d'Hebron,102,1,5,2
2026-01-01,7,Horta-Guinardó,41,la Vall d'Hebron,66,1,6,1
2026-01-01,7,Horta-Guinardó,41,la Vall d'Hebron,81,1,6,2
2026-01-01,7,Horta-Guinardó,41,la Vall d'Hebron,58,1,7,1
2026-01-01,7,Horta-Guinardó,41,la Vall d'Hebron,58,1,7,2
2026-01-01,7,Horta-Guinardó,41,la Vall d'Hebron,83,1,8,1
2026-01-01,7,Horta-Guinardó,41,la Vall d'Hebron,103,1,8,2
2026-01-01,7,Horta-Guinardó,41,la Vall d'Hebron,113,1,9,1
2026-01-01,7,Horta-Guinardó,41,la Vall d'Hebron,105,1,9,2
2026-01-01,7,Horta-Guinardó,41,la Vall d'Hebron,127,1,10,1
2026-01-01,7,Horta-Guinardó,41,la Vall d'Hebron,141,1,10,2
2026-01-01,7,Horta-Guinardó,41,la Vall d'Hebron,132,1,11,1
2026-01-01,7,Horta-Guinardó,41,la Vall d'Hebron,102,1,11,2
2026-01-01,7,Horta-Guinardó,41,la Vall d'Hebron,134,1,12,1
2026-01-01,7,Horta-Guinardó,41,la Vall d'Hebron,131,1,12,2
2026-01-01,7,Horta-Guinardó,41,la Vall d'Hebron,77,1,13,1
2026-01-01,7,Horta-Guinardó,41,la Vall d'Hebron,82,1,13,2
2026-01-01,7,Horta-Guinardó,41,la Vall d'Hebron,50,1,14,1
2026-01-01,7,Horta-Guinardó,41,la Vall d'Hebron,43,1,14,2
2026-01-01,7,Horta-Guinardó,41,la Vall d'Hebron,65,1,15,1
2026-01-01,7,Horta-Guinardó,41,la Vall d'Hebron,39,1,15,2
2026-01-01,7,Horta-Guinardó,41,la Vall d'Hebron,46,1,16,1
2026-01-01,7,Horta-Guinardó,41,la Vall d'Hebron,36,1,16,2
2026-01-01,7,Horta-Guinardó,41,la Vall d'Hebron,25,1,17,1
2026-01-01,7,Horta-Guinardó,41,la Vall d'Hebron,15,1,17,2
2026-01-01,7,Horta-Guinardó,41,la Vall d'Hebron,22,1,18,1
2026-01-01,7,Horta-Guinardó,41,la Vall d'Hebron,7,1,18,2
2026-01-01,7,Horta-Guinardó,41,la Vall d'Hebron,10,1,19,1
2026-01-01,7,Horta-Guinardó,41,la Vall d'Hebron,..,1,19,2
2026-01-01,7,Horta-Guinardó,41,la Vall d'Hebron,..,1,20,1
2026-01-01,7,Horta-Guinardó,41,la Vall d'Hebron,..,2,0,1
2026-01-01,7,Horta-Guinardó,41,la Vall d'Hebron,5,2,0,2
2026-01-01,7,Horta-Guinardó,41,la Vall d'Hebron,..,2,1,1
2026-01-01,7,Horta-Guinardó,41,la Vall d'Hebron,..,2,1,2
2026-01-01,7,Horta-Guinardó,41,la Vall d'Hebron,..,2,2,1
2026-01-01,7,Horta-Guinardó,41,la Vall d'Hebron,7,2,2,2
2026-01-01,7,Horta-Guinardó,41,la Vall d'Hebron,6,2,3,1
2026-01-01,7,Horta-Guinardó,41,la Vall d'Hebron,6,2,3,2
2026-01-01,7,Horta-Guinardó,41,la Vall d'Hebron,8,2,4,1
2026-01-01,7,Horta-Guinardó,41,la Vall d'Hebron,8,2,4,2
2026-01-01,7,Horta-Guinardó,41,la Vall d'Hebron,9,2,5,1
2026-01-01,7,Horta-Guinardó,41,la Vall d'Hebron,5,2,5,2
2026-01-01,7,Horta-Guinardó,41,la Vall d'Hebron,9,2,6,1
2026-01-01,7,Horta-Guinardó,41,la Vall d'Hebron,11,2,6,2
2026-01-01,7,Horta-Guinardó,41,la Vall d'Hebron,6,2,7,1
2026-01-01,7,Horta-Guinardó,41,la Vall d'Hebron,7,2,7,2
2026-01-01,7,Horta-Guinardó,41,la Vall d'Hebron,15,2,8,1
2026-01-01,7,Horta-Guinardó,41,la Vall d'Hebron,18,2,8,2
2026-01-01,7,Horta-Guinardó,41,la Vall d'Hebron,11,2,9,1
2026-01-01,7,Horta-Guinardó,41,la Vall d'Hebron,12,2,9,2
2026-01-01,7,Horta-Guinardó,41,la Vall d'Hebron,12,2,10,1
2026-01-01,7,Horta-Guinardó,41,la Vall d'Hebron,14,2,10,2
2026-01-01,7,Horta-Guinardó,41,la Vall d'Hebron,21,2,11,1
2026-01-01,7,Horta-Guinardó,41,la Vall d'Hebron,13,2,11,2
2026-01-01,7,Horta-Guinardó,41,la Vall d'Hebron,22,2,12,1
2026-01-01,7,Horta-Guinardó,41,la Vall d'Hebron,17,2,12,2
2026-01-01,7,Horta-Guinardó,41,la Vall d'Hebron,16,2,13,1
2026-01-01,7,Horta-Guinardó,41,la Vall d'Hebron,22,2,13,2
2026-01-01,7,Horta-Guinardó,41,la Vall d'Hebron,17,2,14,1
2026-01-01,7,Horta-Guinardó,41,la Vall d'Hebron,8,2,14,2
2026-01-01,7,Horta-Guinardó,41,la Vall d'Hebron,23,2,15,1
2026-01-01,7,Horta-Guinardó,41,la Vall d'Hebron,15,2,15,2
2026-01-01,7,Horta-Guinardó,41,la Vall d'Hebron,9,2,16,1
2026-01-01,7,Horta-Guinardó,41,la Vall d'Hebron,10,2,16,2
2026-01-01,7,Horta-Guinardó,41,la Vall d'Hebron,10,2,17,1
2026-01-01,7,Horta-Guinardó,41,la Vall d'Hebron,11,2,17,2
2026-01-01,7,Horta-Guinardó,41,la Vall d'Hebron,7,2,18,1
2026-01-01,7,Horta-Guinardó,41,la Vall d'Hebron,..,2,18,2
2026-01-01,7,Horta-Guinardó,41,la Vall d'Hebron,..,2,19,1
2026-01-01,7,Horta-Guinardó,41,la Vall d'Hebron,..,2,19,2
2026-01-01,7,Horta-Guinardó,41,la Vall d'Hebron,..,2,20,1
2026-01-01,7,Horta-Guinardó,41,la Vall d'Hebron,..,3,0,1
2026-01-01,7,Horta-Guinardó,41,la Vall d'Hebron,..,3,1,1
2026-01-01,7,Horta-Guinardó,41,la Vall d'Hebron,..,3,2,1
2026-01-01,7,Horta-Guinardó,41,la Vall d'Hebron,..,3,2,2
2026-01-01,7,Horta-Guinardó,41,la Vall d'Hebron,..,3,3,1
2026-01-01,7,Horta-Guinardó,41,la Vall d'Hebron,..,3,3,2
2026-01-01,7,Horta-Guinardó,41,la Vall d'Hebron,..,3,4,1
2026-01-01,7,Horta-Guinardó,41,la Vall d'Hebron,..,3,4,2
2026-01-01,7,Horta-Guinardó,41,la Vall d'Hebron,8,3,5,1
2026-01-01,7,Horta-Guinardó,41,la Vall d'Hebron,9,3,5,2
2026-01-01,7,Horta-Guinardó,41,la Vall d'Hebron,9,3,6,1
2026-01-01,7,Horta-Guinardó,41,la Vall d'Hebron,8,3,6,2
2026-01-01,7,Horta-Guinardó,41,la Vall d'Hebron,15,3,7,1
2026-01-01,7,Horta-Guinardó,41,la Vall d'Hebron,13,3,7,2
2026-01-01,7,Horta-Guinardó,41,la Vall d'Hebron,9,3,8,1
2026-01-01,7,Horta-Guinardó,41,la Vall d'Hebron,13,3,8,2
2026-01-01,7,Horta-Guinardó,41,la Vall d'Hebron,22,3,9,1
2026-01-01,7,Horta-Guinardó,41,la Vall d'Hebron,20,3,9,2
2026-01-01,7,Horta-Guinardó,41,la Vall d'Hebron,17,3,10,1
2026-01-01,7,Horta-Guinardó,41,la Vall d'Hebron,18,3,10,2
2026-01-01,7,Horta-Guinardó,41,la Vall d'Hebron,20,3,11,1
2026-01-01,7,Horta-Guinardó,41,la Vall d'Hebron,23,3,11,2
2026-01-01,7,Horta-Guinardó,41,la Vall d'Hebron,54,3,12,1
2026-01-01,7,Horta-Guinardó,41,la Vall d'Hebron,43,3,12,2
2026-01-01,7,Horta-Guinardó,41,la Vall d'Hebron,78,3,13,1
2026-01-01,7,Horta-Guinardó,41,la Vall d'Hebron,61,3,13,2
2026-01-01,7,Horta-Guinardó,41,la Vall d'Hebron,84,3,14,1
2026-01-01,7,Horta-Guinardó,41,la Vall d'Hebron,56,3,14,2
2026-01-01,7,Horta-Guinardó,41,la Vall d'Hebron,108,3,15,1
2026-01-01,7,Horta-Guinardó,41,la Vall d'Hebron,69,3,15,2
2026-01-01,7,Horta-Guinardó,41,la Vall d'Hebron,127,3,16,1
2026-01-01,7,Horta-Guinardó,41,la Vall d'Hebron,97,3,16,2
2026-01-01,7,Horta-Guinardó,41,la Vall d'Hebron,89,3,17,1
2026-01-01,7,Horta-Guinardó,41,la Vall d'Hebron,61,3,17,2
2026-01-01,7,Horta-Guinardó,41,la Vall d'Hebron,44,3,18,1
2026-01-01,7,Horta-Guinardó,41,la Vall d'Hebron,32,3,18,2
2026-01-01,7,Horta-Guinardó,41,la Vall d'Hebron,23,3,19,1
2026-01-01,7,Horta-Guinardó,41,la Vall d'Hebron,8,3,19,2
2026-01-01,7,Horta-Guinardó,41,la Vall d'Hebron,10,3,20,1
2026-01-01,7,Horta-Guinardó,41,la Vall d'Hebron,..,3,20,2
2026-01-01,7,Horta-Guinardó,41,la Vall d'Hebron,..,4,0,1
2026-01-01,7,Horta-Guinardó,41,la Vall d'Hebron,..,4,0,2
2026-01-01,7,Horta-Guinardó,41,la Vall d'Hebron,..,4,1,1
2026-01-01,7,Horta-Guinardó,41,la Vall d'Hebron,..,4,1,2
2026-01-01,7,Horta-Guinardó,41,la Vall d'Hebron,..,4,2,1
2026-01-01,7,Horta-Guinardó,41,la Vall d'Hebron,..,4,3,1
2026-01-01,7,Horta-Guinardó,41,la Vall d'Hebron,..,4,4,1
2026-01-01,7,Horta-Guinardó,41,la Vall d'Hebron,..,4,4,2
2026-01-01,7,Horta-Guinardó,41,la Vall d'Hebron,8,4,5,1
2026-01-01,7,Horta-Guinardó,41,la Vall d'Hebron,7,4,5,2
2026-01-01,7,Horta-Guinardó,41,la Vall d'Hebron,11,4,6,1
2026-01-01,7,Horta-Guinardó,41,la Vall d'Hebron,5,4,6,2
2026-01-01,7,Horta-Guinardó,41,la Vall d'Hebron,6,4,7,1
2026-01-01,7,Horta-Guinardó,41,la Vall d'Hebron,..,4,7,2
2026-01-01,7,Horta-Guinardó,41,la Vall d'Hebron,8,4,8,1
2026-01-01,7,Horta-Guinardó,41,la Vall d'Hebron,7,4,8,2
2026-01-01,7,Horta-Guinardó,41,la Vall d'Hebron,8,4,9,1
2026-01-01,7,Horta-Guinardó,41,la Vall d'Hebron,10,4,9,2
2026-01-01,7,Horta-Guinardó,41,la Vall d'Hebron,..,4,10,1
2026-01-01,7,Horta-Guinardó,41,la Vall d'Hebron,11,4,10,2
2026-01-01,7,Horta-Guinardó,41,la Vall d'Hebron,9,4,11,1
2026-01-01,7,Horta-Guinardó,41,la Vall d'Hebron,11,4,11,2
2026-01-01,7,Horta-Guinardó,41,la Vall d'Hebron,..,4,12,1
2026-01-01,7,Horta-Guinardó,41,la Vall d'Hebron,..,4,12,2
2026-01-01,7,Horta-Guinardó,41,la Vall d'Hebron,..,4,13,1
2026-01-01,7,Horta-Guinardó,41,la Vall d'Hebron,..,4,13,2
2026-01-01,7,Horta-Guinardó,41,la Vall d'Hebron,..,4,15,1
2026-01-01,7,Horta-Guinardó,41,la Vall d'Hebron,..,4,15,2
2026-01-01,7,Horta-Guinardó,41,la Vall d'Hebron,6,4,16,1
2026-01-01,7,Horta-Guinardó,41,la Vall d'Hebron,..,4,17,1
2026-01-01,7,Horta-Guinardó,41,la Vall d'Hebron,..,5,0,1
2026-01-01,7,Horta-Guinardó,41,la Vall d'Hebron,..,5,0,2
2026-01-01,7,Horta-Guinardó,41,la Vall d'Hebron,12,5,1,1
2026-01-01,7,Horta-Guinardó,41,la Vall d'Hebron,12,5,1,2
2026-01-01,7,Horta-Guinardó,41,la Vall d'Hebron,28,5,2,1
2026-01-01,7,Horta-Guinardó,41,la Vall d'Hebron,22,5,2,2
2026-01-01,7,Horta-Guinardó,41,la Vall d'Hebron,16,5,3,1
2026-01-01,7,Horta-Guinardó,41,la Vall d'Hebron,36,5,3,2
2026-01-01,7,Horta-Guinardó,41,la Vall d'Hebron,28,5,4,1
2026-01-01,7,Horta-Guinardó,41,la Vall d'Hebron,44,5,4,2
2026-01-01,7,Horta-Guinardó,41,la Vall d'Hebron,68,5,5,1
2026-01-01,7,Horta-Guinardó,41,la Vall d'Hebron,66,5,5,2
2026-01-01,7,Horta-Guinardó,41,la Vall d'Hebron,90,5,6,1
2026-01-01,7,Horta-Guinardó,41,la Vall d'Hebron,79,5,6,2
2026-01-01,7,Horta-Guinardó,41,la Vall d'Hebron,67,5,7,1
2026-01-01,7,Horta-Guinardó,41,la Vall d'Hebron,78,5,7,2
2026-01-01,7,Horta-Guinardó,41,la Vall d'Hebron,67,5,8,1
2026-01-01,7,Horta-Guinardó,41,la Vall d'Hebron,54,5,8,2
2026-01-01,7,Horta-Guinardó,41,la Vall d'Hebron,65,5,9,1
2026-01-01,7,Horta-Guinardó,41,la Vall d'Hebron,50,5,9,2
2026-01-01,7,Horta-Guinardó,41,la Vall d'Hebron,51,5,10,1
2026-01-01,7,Horta-Guinardó,41,la Vall d'Hebron,41,5,10,2
2026-01-01,7,Horta-Guinardó,41,la Vall d'Hebron,50,5,11,1
2026-01-01,7,Horta-Guinardó,41,la Vall d'Hebron,24,5,11,2
2026-01-01,7,Horta-Guinardó,41,la Vall d'Hebron,29,5,12,1
2026-01-01,7,Horta-Guinardó,41,la Vall d'Hebron,23,5,12,2
2026-01-01,7,Horta-Guinardó,41,la Vall d'Hebron,25,5,13,1
2026-01-01,7,Horta-Guinardó,41,la Vall d'Hebron,21,5,13,2
2026-01-01,7,Horta-Guinardó,41,la Vall d'Hebron,23,5,14,1
2026-01-01,7,Horta-Guinardó,41,la Vall d'Hebron,11,5,14,2
2026-01-01,7,Horta-Guinardó,41,la Vall d'Hebron,19,5,15,1
2026-01-01,7,Horta-Guinardó,41,la Vall d'Hebron,6,5,15,2
2026-01-01,7,Horta-Guinardó,41,la Vall d'Hebron,9,5,16,1
2026-01-01,7,Horta-Guinardó,41,la Vall d'Hebron,..,5,16,2
2026-01-01,7,Horta-Guinardó,41,la Vall d'Hebron,5,5,17,1
2026-01-01,7,Horta-Guinardó,41,la Vall d'Hebron,5,5,17,2
2026-01-01,7,Horta-Guinardó,41,la Vall d'Hebron,..,5,18,1
2026-01-01,7,Horta-Guinardó,41,la Vall d'Hebron,..,5,19,1
2026-01-01,7,Horta-Guinardó,42,la Clota,27,1,0,1
2026-01-01,7,Horta-Guinardó,42,la Clota,25,1,0,2
2026-01-01,7,Horta-Guinardó,42,la Clota,26,1,1,1
2026-01-01,7,Horta-Guinardó,42,la Clota,28,1,1,2
2026-01-01,7,Horta-Guinardó,42,la Clota,18,1,2,1
2026-01-01,7,Horta-Guinardó,42,la Clota,39,1,2,2
2026-01-01,7,Horta-Guinardó,42,la Clota,17,1,3,1
2026-01-01,7,Horta-Guinardó,42,la Clota,16,1,3,2
2026-01-01,7,Horta-Guinardó,42,la Clota,7,1,4,1
2026-01-01,7,Horta-Guinardó,42,la Clota,12,1,4,2
2026-01-01,7,Horta-Guinardó,42,la Clota,15,1,5,1
2026-01-01,7,Horta-Guinardó,42,la Clota,16,1,5,2
2026-01-01,7,Horta-Guinardó,42,la Clota,25,1,6,1
2026-01-01,7,Horta-Guinardó,42,la Clota,17,1,6,2
2026-01-01,7,Horta-Guinardó,42,la Clota,40,1,7,1
2026-01-01,7,Horta-Guinardó,42,la Clota,23,1,7,2
2026-01-01,7,Horta-Guinardó,42,la Clota,34,1,8,1
2026-01-01,7,Horta-Guinardó,42,la Clota,40,1,8,2
2026-01-01,7,Horta-Guinardó,42,la Clota,32,1,9,1
2026-01-01,7,Horta-Guinardó,42,la Clota,33,1,9,2
2026-01-01,7,Horta-Guinardó,42,la Clota,30,1,10,1
2026-01-01,7,Horta-Guinardó,42,la Clota,30,1,10,2
2026-01-01,7,Horta-Guinardó,42,la Clota,29,1,11,1
2026-01-01,7,Horta-Guinardó,42,la Clota,26,1,11,2
2026-01-01,7,Horta-Guinardó,42,la Clota,18,1,12,1
2026-01-01,7,Horta-Guinardó,42,la Clota,15,1,12,2
2026-01-01,7,Horta-Guinardó,42,la Clota,8,1,13,1
2026-01-01,7,Horta-Guinardó,42,la Clota,8,1,13,2
2026-01-01,7,Horta-Guinardó,42,la Clota,..,1,14,1
2026-01-01,7,Horta-Guinardó,42,la Clota,5,1,14,2
2026-01-01,7,Horta-Guinardó,42,la Clota,..,1,15,1
2026-01-01,7,Horta-Guinardó,42,la Clota,..,1,16,1
2026-01-01,7,Horta-Guinardó,42,la Clota,..,1,16,2
2026-01-01,7,Horta-Guinardó,42,la Clota,..,1,17,1
2026-01-01,7,Horta-Guinardó,42,la Clota,..,1,18,1
2026-01-01,7,Horta-Guinardó,42,la Clota,..,1,19,1
2026-01-01,7,Horta-Guinardó,42,la Clota,..,2,0,1
2026-01-01,7,Horta-Guinardó,42,la Clota,..,2,0,2
2026-01-01,7,Horta-Guinardó,42,la Clota,..,2,1,1
2026-01-01,7,Horta-Guinardó,42,la Clota,..,2,1,2
2026-01-01,7,Horta-Guinardó,42,la Clota,..,2,2,1
2026-01-01,7,Horta-Guinardó,42,la Clota,..,2,2,2
2026-01-01,7,Horta-Guinardó,42,la Clota,..,2,3,1
2026-01-01,7,Horta-Guinardó,42,la Clota,..,2,4,1
2026-01-01,7,Horta-Guinardó,42,la Clota,..,2,4,2
2026-01-01,7,Horta-Guinardó,42,la Clota,..,2,5,1
2026-01-01,7,Horta-Guinardó,42,la Clota,..,2,5,2
2026-01-01,7,Horta-Guinardó,42,la Clota,..,2,6,1
2026-01-01,7,Horta-Guinardó,42,la Clota,..,2,6,2
2026-01-01,7,Horta-Guinardó,42,la Clota,6,2,7,1
2026-01-01,7,Horta-Guinardó,42,la Clota,..,2,7,2
2026-01-01,7,Horta-Guinardó,42,la Clota,5,2,8,1
2026-01-01,7,Horta-Guinardó,42,la Clota,7,2,8,2
2026-01-01,7,Horta-Guinardó,42,la Clota,..,2,9,1
2026-01-01,7,Horta-Guinardó,42,la Clota,7,2,9,2
2026-01-01,7,Horta-Guinardó,42,la Clota,..,2,10,1
2026-01-01,7,Horta-Guinardó,42,la Clota,..,2,10,2
2026-01-01,7,Horta-Guinardó,42,la Clota,..,2,11,1
2026-01-01,7,Horta-Guinardó,42,la Clota,..,2,11,2
2026-01-01,7,Horta-Guinardó,42,la Clota,..,2,12,2
2026-01-01,7,Horta-Guinardó,42,la Clota,..,2,13,1
2026-01-01,7,Horta-Guinardó,42,la Clota,..,2,13,2
2026-01-01,7,Horta-Guinardó,42,la Clota,..,2,15,1
2026-01-01,7,Horta-Guinardó,42,la Clota,..,2,17,1
2026-01-01,7,Horta-Guinardó,42,la Clota,..,3,1,1
2026-01-01,7,Horta-Guinardó,42,la Clota,..,3,1,2
2026-01-01,7,Horta-Guinardó,42,la Clota,..,3,2,1
2026-01-01,7,Horta-Guinardó,42,la Clota,..,3,6,1
2026-01-01,7,Horta-Guinardó,42,la Clota,..,3,6,2
2026-01-01,7,Horta-Guinardó,42,la Clota,6,3,7,1
2026-01-01,7,Horta-Guinardó,42,la Clota,..,3,7,2
2026-01-01,7,Horta-Guinardó,42,la Clota,..,3,8,1
2026-01-01,7,Horta-Guinardó,42,la Clota,9,3,8,2
2026-01-01,7,Horta-Guinardó,42,la Clota,7,3,9,1
2026-01-01,7,Horta-Guinardó,42,la Clota,..,3,9,2
2026-01-01,7,Horta-Guinardó,42,la Clota,..,3,10,1
2026-01-01,7,Horta-Guinardó,42,la Clota,5,3,10,2
2026-01-01,7,Horta-Guinardó,42,la Clota,5,3,11,1
2026-01-01,7,Horta-Guinardó,42,la Clota,..,3,11,2
2026-01-01,7,Horta-Guinardó,42,la Clota,6,3,12,1
2026-01-01,7,Horta-Guinardó,42,la Clota,5,3,12,2
2026-01-01,7,Horta-Guinardó,42,la Clota,..,3,13,1
2026-01-01,7,Horta-Guinardó,42,la Clota,5,3,13,2
2026-01-01,7,Horta-Guinardó,42,la Clota,..,3,14,1
2026-01-01,7,Horta-Guinardó,42,la Clota,6,3,14,2
2026-01-01,7,Horta-Guinardó,42,la Clota,..,3,15,1
2026-01-01,7,Horta-Guinardó,42,la Clota,5,3,15,2
2026-01-01,7,Horta-Guinardó,42,la Clota,8,3,16,1
2026-01-01,7,Horta-Guinardó,42,la Clota,..,3,16,2
2026-01-01,7,Horta-Guinardó,42,la Clota,6,3,17,1
2026-01-01,7,Horta-Guinardó,42,la Clota,..,3,17,2
2026-01-01,7,Horta-Guinardó,42,la Clota,..,3,18,1
2026-01-01,7,Horta-Guinardó,42,la Clota,..,3,18,2
2026-01-01,7,Horta-Guinardó,42,la Clota,..,4,0,2
2026-01-01,7,Horta-Guinardó,42,la Clota,..,4,1,1
2026-01-01,7,Horta-Guinardó,42,la Clota,..,4,3,1
2026-01-01,7,Horta-Guinardó,42,la Clota,5,4,5,1
2026-01-01,7,Horta-Guinardó,42,la Clota,..,4,5,2
2026-01-01,7,Horta-Guinardó,42,la Clota,5,4,6,2
2026-01-01,7,Horta-Guinardó,42,la Clota,..,4,7,1
2026-01-01,7,Horta-Guinardó,42,la Clota,..,4,7,2
2026-01-01,7,Horta-Guinardó,42,la Clota,..,4,8,1
2026-01-01,7,Horta-Guinardó,42,la Clota,..,4,8,2
2026-01-01,7,Horta-Guinardó,42,la Clota,..,4,9,1
2026-01-01,7,Horta-Guinardó,42,la Clota,..,4,9,2
2026-01-01,7,Horta-Guinardó,42,la Clota,..,4,10,1
2026-01-01,7,Horta-Guinardó,42,la Clota,..,5,0,1
2026-01-01,7,Horta-Guinardó,42,la Clota,..,5,0,2
2026-01-01,7,Horta-Guinardó,42,la Clota,..,5,1,1
2026-01-01,7,Horta-Guinardó,42,la Clota,..,5,1,2
2026-01-01,7,Horta-Guinardó,42,la Clota,6,5,2,1
2026-01-01,7,Horta-Guinardó,42,la Clota,..,5,2,2
2026-01-01,7,Horta-Guinardó,42,la Clota,..,5,3,1
2026-01-01,7,Horta-Guinardó,42,la Clota,..,5,3,2
2026-01-01,7,Horta-Guinardó,42,la Clota,5,5,4,1
2026-01-01,7,Horta-Guinardó,42,la Clota,10,5,4,2
2026-01-01,7,Horta-Guinardó,42,la Clota,12,5,5,1
2026-01-01,7,Horta-Guinardó,42,la Clota,17,5,5,2
2026-01-01,7,Horta-Guinardó,42,la Clota,16,5,6,1
2026-01-01,7,Horta-Guinardó,42,la Clota,19,5,6,2
2026-01-01,7,Horta-Guinardó,42,la Clota,13,5,7,1
2026-01-01,7,Horta-Guinardó,42,la Clota,21,5,7,2
2026-01-01,7,Horta-Guinardó,42,la Clota,13,5,8,1
2026-01-01,7,Horta-Guinardó,42,la Clota,9,5,8,2
2026-01-01,7,Horta-Guinardó,42,la Clota,8,5,9,1
2026-01-01,7,Horta-Guinardó,42,la Clota,8,5,9,2
2026-01-01,7,Horta-Guinardó,42,la Clota,11,5,10,1
2026-01-01,7,Horta-Guinardó,42,la Clota,10,5,10,2
2026-01-01,7,Horta-Guinardó,42,la Clota,9,5,11,1
2026-01-01,7,Horta-Guinardó,42,la Clota,..,5,11,2
2026-01-01,7,Horta-Guinardó,42,la Clota,7,5,12,1
2026-01-01,7,Horta-Guinardó,42,la Clota,..,5,12,2
2026-01-01,7,Horta-Guinardó,42,la Clota,..,5,13,1
2026-01-01,7,Horta-Guinardó,42,la Clota,..,5,13,2
2026-01-01,7,Horta-Guinardó,42,la Clota,..,5,14,1
2026-01-01,7,Horta-Guinardó,42,la Clota,..,5,14,2
2026-01-01,7,Horta-Guinardó,42,la Clota,..,5,16,1
2026-01-01,7,Horta-Guinardó,42,la Clota,..,5,16,2
2026-01-01,7,Horta-Guinardó,43,Horta,425,1,0,1
2026-01-01,7,Horta-Guinardó,43,Horta,398,1,0,2
2026-01-01,7,Horta-Guinardó,43,Horta,399,1,1,1
2026-01-01,7,Horta-Guinardó,43,Horta,382,1,1,2
2026-01-01,7,Horta-Guinardó,43,Horta,460,1,2,1
2026-01-01,7,Horta-Guinardó,43,Horta,461,1,2,2
2026-01-01,7,Horta-Guinardó,43,Horta,453,1,3,1
2026-01-01,7,Horta-Guinardó,43,Horta,522,1,3,2
2026-01-01,7,Horta-Guinardó,43,Horta,463,1,4,1
2026-01-01,7,Horta-Guinardó,43,Horta,512,1,4,2
2026-01-01,7,Horta-Guinardó,43,Horta,365,1,5,1
2026-01-01,7,Horta-Guinardó,43,Horta,359,1,5,2
2026-01-01,7,Horta-Guinardó,43,Horta,336,1,6,1
2026-01-01,7,Horta-Guinardó,43,Horta,400,1,6,2
2026-01-01,7,Horta-Guinardó,43,Horta,351,1,7,1
2026-01-01,7,Horta-Guinardó,43,Horta,388,1,7,2
2026-01-01,7,Horta-Guinardó,43,Horta,427,1,8,1
2026-01-01,7,Horta-Guinardó,43,Horta,402,1,8,2
2026-01-01,7,Horta-Guinardó,43,Horta,571,1,9,1
2026-01-01,7,Horta-Guinardó,43,Horta,582,1,9,2
2026-01-01,7,Horta-Guinardó,43,Horta,762,1,10,1
2026-01-01,7,Horta-Guinardó,43,Horta,733,1,10,2
2026-01-01,7,Horta-Guinardó,43,Horta,715,1,11,1
2026-01-01,7,Horta-Guinardó,43,Horta,650,1,11,2
2026-01-01,7,Horta-Guinardó,43,Horta,616,1,12,1
2026-01-01,7,Horta-Guinardó,43,Horta,585,1,12,2
2026-01-01,7,Horta-Guinardó,43,Horta,443,1,13,1
2026-01-01,7,Horta-Guinardó,43,Horta,416,1,13,2
2026-01-01,7,Horta-Guinardó,43,Horta,302,1,14,1
2026-01-01,7,Horta-Guinardó,43,Horta,233,1,14,2
2026-01-01,7,Horta-Guinardó,43,Horta,289,1,15,1
2026-01-01,7,Horta-Guinardó,43,Horta,207,1,15,2
2026-01-01,7,Horta-Guinardó,43,Horta,191,1,16,1
2026-01-01,7,Horta-Guinardó,43,Horta,134,1,16,2
2026-01-01,7,Horta-Guinardó,43,Horta,140,1,17,1
2026-01-01,7,Horta-Guinardó,43,Horta,81,1,17,2
2026-01-01,7,Horta-Guinardó,43,Horta,116,1,18,1
2026-01-01,7,Horta-Guinardó,43,Horta,43,1,18,2
2026-01-01,7,Horta-Guinardó,43,Horta,34,1,19,1
2026-01-01,7,Horta-Guinardó,43,Horta,7,1,19,2
2026-01-01,7,Horta-Guinardó,43,Horta,..,1,20,1
2026-01-01,7,Horta-Guinardó,43,Horta,..,1,20,2
2026-01-01,7,Horta-Guinardó,43,Horta,31,2,0,1
2026-01-01,7,Horta-Guinardó,43,Horta,28,2,0,2
2026-01-01,7,Horta-Guinardó,43,Horta,32,2,1,1
2026-01-01,7,Horta-Guinardó,43,Horta,23,2,1,2
2026-01-01,7,Horta-Guinardó,43,Horta,34,2,2,1
2026-01-01,7,Horta-Guinardó,43,Horta,32,2,2,2
2026-01-01,7,Horta-Guinardó,43,Horta,43,2,3,1
2026-01-01,7,Horta-Guinardó,43,Horta,44,2,3,2
2026-01-01,7,Horta-Guinardó,43,Horta,36,2,4,1
2026-01-01,7,Horta-Guinardó,43,Horta,48,2,4,2
2026-01-01,7,Horta-Guinardó,43,Horta,53,2,5,1
2026-01-01,7,Horta-Guinardó,43,Horta,36,2,5,2
2026-01-01,7,Horta-Guinardó,43,Horta,83,2,6,1
2026-01-01,7,Horta-Guinardó,43,Horta,56,2,6,2
2026-01-01,7,Horta-Guinardó,43,Horta,59,2,7,1
2026-01-01,7,Horta-Guinardó,43,Horta,51,2,7,2
2026-01-01,7,Horta-Guinardó,43,Horta,54,2,8,1
2026-01-01,7,Horta-Guinardó,43,Horta,58,2,8,2
2026-01-01,7,Horta-Guinardó,43,Horta,68,2,9,1
2026-01-01,7,Horta-Guinardó,43,Horta,71,2,9,2
2026-01-01,7,Horta-Guinardó,43,Horta,62,2,10,1
2026-01-01,7,Horta-Guinardó,43,Horta,49,2,10,2
2026-01-01,7,Horta-Guinardó,43,Horta,58,2,11,1
2026-01-01,7,Horta-Guinardó,43,Horta,59,2,11,2
2026-01-01,7,Horta-Guinardó,43,Horta,48,2,12,1
2026-01-01,7,Horta-Guinardó,43,Horta,53,2,12,2
2026-01-01,7,Horta-Guinardó,43,Horta,41,2,13,1
2026-01-01,7,Horta-Guinardó,43,Horta,46,2,13,2
2026-01-01,7,Horta-Guinardó,43,Horta,42,2,14,1
2026-01-01,7,Horta-Guinardó,43,Horta,49,2,14,2
2026-01-01,7,Horta-Guinardó,43,Horta,66,2,15,1
2026-01-01,7,Horta-Guinardó,43,Horta,39,2,15,2
2026-01-01,7,Horta-Guinardó,43,Horta,55,2,16,1
2026-01-01,7,Horta-Guinardó,43,Horta,34,2,16,2
2026-01-01,7,Horta-Guinardó,43,Horta,33,2,17,1
2026-01-01,7,Horta-Guinardó,43,Horta,25,2,17,2
2026-01-01,7,Horta-Guinardó,43,Horta,22,2,18,1
2026-01-01,7,Horta-Guinardó,43,Horta,14,2,18,2
2026-01-01,7,Horta-Guinardó,43,Horta,13,2,19,1
2026-01-01,7,Horta-Guinardó,43,Horta,..,2,19,2
2026-01-01,7,Horta-Guinardó,43,Horta,..,2,20,1
2026-01-01,7,Horta-Guinardó,43,Horta,5,3,0,1
2026-01-01,7,Horta-Guinardó,43,Horta,..,3,0,2
2026-01-01,7,Horta-Guinardó,43,Horta,6,3,1,1
2026-01-01,7,Horta-Guinardó,43,Horta,..,3,1,2
2026-01-01,7,Horta-Guinardó,43,Horta,7,3,2,1
2026-01-01,7,Horta-Guinardó,43,Horta,11,3,2,2
2026-01-01,7,Horta-Guinardó,43,Horta,13,3,3,1
2026-01-01,7,Horta-Guinardó,43,Horta,13,3,3,2
2026-01-01,7,Horta-Guinardó,43,Horta,28,3,4,1
2026-01-01,7,Horta-Guinardó,43,Horta,18,3,4,2
2026-01-01,7,Horta-Guinardó,43,Horta,41,3,5,1
2026-01-01,7,Horta-Guinardó,43,Horta,29,3,5,2
2026-01-01,7,Horta-Guinardó,43,Horta,61,3,6,1
2026-01-01,7,Horta-Guinardó,43,Horta,52,3,6,2
2026-01-01,7,Horta-Guinardó,43,Horta,57,3,7,1
2026-01-01,7,Horta-Guinardó,43,Horta,37,3,7,2
2026-01-01,7,Horta-Guinardó,43,Horta,57,3,8,1
2026-01-01,7,Horta-Guinardó,43,Horta,54,3,8,2
2026-01-01,7,Horta-Guinardó,43,Horta,57,3,9,1
2026-01-01,7,Horta-Guinardó,43,Horta,63,3,9,2
2026-01-01,7,Horta-Guinardó,43,Horta,65,3,10,1
2026-01-01,7,Horta-Guinardó,43,Horta,58,3,10,2
2026-01-01,7,Horta-Guinardó,43,Horta,68,3,11,1
2026-01-01,7,Horta-Guinardó,43,Horta,76,3,11,2
2026-01-01,7,Horta-Guinardó,43,Horta,141,3,12,1
2026-01-01,7,Horta-Guinardó,43,Horta,117,3,12,2
2026-01-01,7,Horta-Guinardó,43,Horta,251,3,13,1
2026-01-01,7,Horta-Guinardó,43,Horta,169,3,13,2
2026-01-01,7,Horta-Guinardó,43,Horta,317,3,14,1
2026-01-01,7,Horta-Guinardó,43,Horta,245,3,14,2
2026-01-01,7,Horta-Guinardó,43,Horta,402,3,15,1
2026-01-01,7,Horta-Guinardó,43,Horta,263,3,15,2
2026-01-01,7,Horta-Guinardó,43,Horta,411,3,16,1
2026-01-01,7,Horta-Guinardó,43,Horta,268,3,16,2
2026-01-01,7,Horta-Guinardó,43,Horta,330,3,17,1
2026-01-01,7,Horta-Guinardó,43,Horta,186,3,17,2
2026-01-01,7,Horta-Guinardó,43,Horta,191,3,18,1
2026-01-01,7,Horta-Guinardó,43,Horta,89,3,18,2
2026-01-01,7,Horta-Guinardó,43,Horta,58,3,19,1
2026-01-01,7,Horta-Guinardó,43,Horta,17,3,19,2
2026-01-01,7,Horta-Guinardó,43,Horta,14,3,20,1
2026-01-01,7,Horta-Guinardó,43,Horta,..,3,20,2
2026-01-01,7,Horta-Guinardó,43,Horta,..,4,0,1
2026-01-01,7,Horta-Guinardó,43,Horta,..,4,0,2
2026-01-01,7,Horta-Guinardó,43,Horta,6,4,1,1
2026-01-01,7,Horta-Guinardó,43,Horta,6,4,1,2
2026-01-01,7,Horta-Guinardó,43,Horta,10,4,2,1
2026-01-01,7,Horta-Guinardó,43,Horta,9,4,2,2
2026-01-01,7,Horta-Guinardó,43,Horta,8,4,3,1
2026-01-01,7,Horta-Guinardó,43,Horta,8,4,3,2
2026-01-01,7,Horta-Guinardó,43,Horta,12,4,4,1
2026-01-01,7,Horta-Guinardó,43,Horta,16,4,4,2
2026-01-01,7,Horta-Guinardó,43,Horta,26,4,5,1
2026-01-01,7,Horta-Guinardó,43,Horta,24,4,5,2
2026-01-01,7,Horta-Guinardó,43,Horta,35,4,6,1
2026-01-01,7,Horta-Guinardó,43,Horta,28,4,6,2
2026-01-01,7,Horta-Guinardó,43,Horta,51,4,7,1
2026-01-01,7,Horta-Guinardó,43,Horta,30,4,7,2
2026-01-01,7,Horta-Guinardó,43,Horta,49,4,8,1
2026-01-01,7,Horta-Guinardó,43,Horta,47,4,8,2
2026-01-01,7,Horta-Guinardó,43,Horta,38,4,9,1
2026-01-01,7,Horta-Guinardó,43,Horta,40,4,9,2
2026-01-01,7,Horta-Guinardó,43,Horta,25,4,10,1
2026-01-01,7,Horta-Guinardó,43,Horta,36,4,10,2
2026-01-01,7,Horta-Guinardó,43,Horta,18,4,11,1
2026-01-01,7,Horta-Guinardó,43,Horta,24,4,11,2
2026-01-01,7,Horta-Guinardó,43,Horta,16,4,12,1
2026-01-01,7,Horta-Guinardó,43,Horta,29,4,12,2
2026-01-01,7,Horta-Guinardó,43,Horta,8,4,13,1
2026-01-01,7,Horta-Guinardó,43,Horta,5,4,13,2
2026-01-01,7,Horta-Guinardó,43,Horta,5,4,14,1
2026-01-01,7,Horta-Guinardó,43,Horta,6,4,14,2
2026-01-01,7,Horta-Guinardó,43,Horta,10,4,15,1
2026-01-01,7,Horta-Guinardó,43,Horta,8,4,16,1
2026-01-01,7,Horta-Guinardó,43,Horta,..,4,16,2
2026-01-01,7,Horta-Guinardó,43,Horta,5,4,17,1
2026-01-01,7,Horta-Guinardó,43,Horta,..,4,18,1
2026-01-01,7,Horta-Guinardó,43,Horta,..,4,18,2
2026-01-01,7,Horta-Guinardó,43,Horta,..,4,19,1
2026-01-01,7,Horta-Guinardó,43,Horta,..,4,19,2
2026-01-01,7,Horta-Guinardó,43,Horta,21,5,0,1
2026-01-01,7,Horta-Guinardó,43,Horta,37,5,0,2
2026-01-01,7,Horta-Guinardó,43,Horta,100,5,1,1
2026-01-01,7,Horta-Guinardó,43,Horta,126,5,1,2
2026-01-01,7,Horta-Guinardó,43,Horta,170,5,2,1
2026-01-01,7,Horta-Guinardó,43,Horta,155,5,2,2
2026-01-01,7,Horta-Guinardó,43,Horta,170,5,3,1
2026-01-01,7,Horta-Guinardó,43,Horta,194,5,3,2
2026-01-01,7,Horta-Guinardó,43,Horta,374,5,4,1
2026-01-01,7,Horta-Guinardó,43,Horta,389,5,4,2
2026-01-01,7,Horta-Guinardó,43,Horta,527,5,5,1
2026-01-01,7,Horta-Guinardó,43,Horta,623,5,5,2
2026-01-01,7,Horta-Guinardó,43,Horta,576,5,6,1
2026-01-01,7,Horta-Guinardó,43,Horta,705,5,6,2
2026-01-01,7,Horta-Guinardó,43,Horta,507,5,7,1
2026-01-01,7,Horta-Guinardó,43,Horta,616,5,7,2
2026-01-01,7,Horta-Guinardó,43,Horta,537,5,8,1
2026-01-01,7,Horta-Guinardó,43,Horta,474,5,8,2
2026-01-01,7,Horta-Guinardó,43,Horta,415,5,9,1
2026-01-01,7,Horta-Guinardó,43,Horta,369,5,9,2
2026-01-01,7,Horta-Guinardó,43,Horta,348,5,10,1
2026-01-01,7,Horta-Guinardó,43,Horta,251,5,10,2
2026-01-01,7,Horta-Guinardó,43,Horta,253,5,11,1
2026-01-01,7,Horta-Guinardó,43,Horta,187,5,11,2
2026-01-01,7,Horta-Guinardó,43,Horta,213,5,12,1
2026-01-01,7,Horta-Guinardó,43,Horta,146,5,12,2
2026-01-01,7,Horta-Guinardó,43,Horta,151,5,13,1
2026-01-01,7,Horta-Guinardó,43,Horta,88,5,13,2
2026-01-01,7,Horta-Guinardó,43,Horta,95,5,14,1
2026-01-01,7,Horta-Guinardó,43,Horta,56,5,14,2
2026-01-01,7,Horta-Guinardó,43,Horta,50,5,15,1
2026-01-01,7,Horta-Guinardó,43,Horta,26,5,15,2
2026-01-01,7,Horta-Guinardó,43,Horta,24,5,16,1
2026-01-01,7,Horta-Guinardó,43,Horta,6,5,16,2
2026-01-01,7,Horta-Guinardó,43,Horta,6,5,17,1
2026-01-01,7,Horta-Guinardó,43,Horta,9,5,17,2
2026-01-01,7,Horta-Guinardó,43,Horta,..,5,18,1
2026-01-01,7,Horta-Guinardó,43,Horta,..,5,18,2
2026-01-01,7,Horta-Guinardó,43,Horta,..,5,20,1
2026-01-01,7,Horta-Guinardó,43,Horta,..,5,20,2
2026-01-01,8,Nou Barris,44,Vilapicina i la Torre Llobeta,320,1,0,1
2026-01-01,8,Nou Barris,44,Vilapicina i la Torre Llobeta,345,1,0,2
2026-01-01,8,Nou Barris,44,Vilapicina i la Torre Llobeta,357,1,1,1
2026-01-01,8,Nou Barris,44,Vilapicina i la Torre Llobeta,334,1,1,2
2026-01-01,8,Nou Barris,44,Vilapicina i la Torre Llobeta,350,1,2,1
2026-01-01,8,Nou Barris,44,Vilapicina i la Torre Llobeta,412,1,2,2
2026-01-01,8,Nou Barris,44,Vilapicina i la Torre Llobeta,397,1,3,1
2026-01-01,8,Nou Barris,44,Vilapicina i la Torre Llobeta,411,1,3,2
2026-01-01,8,Nou Barris,44,Vilapicina i la Torre Llobeta,395,1,4,1
2026-01-01,8,Nou Barris,44,Vilapicina i la Torre Llobeta,393,1,4,2
2026-01-01,8,Nou Barris,44,Vilapicina i la Torre Llobeta,320,1,5,1
2026-01-01,8,Nou Barris,44,Vilapicina i la Torre Llobeta,336,1,5,2
2026-01-01,8,Nou Barris,44,Vilapicina i la Torre Llobeta,282,1,6,1
2026-01-01,8,Nou Barris,44,Vilapicina i la Torre Llobeta,300,1,6,2
2026-01-01,8,Nou Barris,44,Vilapicina i la Torre Llobeta,282,1,7,1
2026-01-01,8,Nou Barris,44,Vilapicina i la Torre Llobeta,290,1,7,2
2026-01-01,8,Nou Barris,44,Vilapicina i la Torre Llobeta,334,1,8,1
2026-01-01,8,Nou Barris,44,Vilapicina i la Torre Llobeta,381,1,8,2
2026-01-01,8,Nou Barris,44,Vilapicina i la Torre Llobeta,445,1,9,1
2026-01-01,8,Nou Barris,44,Vilapicina i la Torre Llobeta,481,1,9,2
2026-01-01,8,Nou Barris,44,Vilapicina i la Torre Llobeta,626,1,10,1
2026-01-01,8,Nou Barris,44,Vilapicina i la Torre Llobeta,522,1,10,2
2026-01-01,8,Nou Barris,44,Vilapicina i la Torre Llobeta,548,1,11,1
2026-01-01,8,Nou Barris,44,Vilapicina i la Torre Llobeta,532,1,11,2
2026-01-01,8,Nou Barris,44,Vilapicina i la Torre Llobeta,525,1,12,1
2026-01-01,8,Nou Barris,44,Vilapicina i la Torre Llobeta,461,1,12,2
2026-01-01,8,Nou Barris,44,Vilapicina i la Torre Llobeta,416,1,13,1
2026-01-01,8,Nou Barris,44,Vilapicina i la Torre Llobeta,354,1,13,2
2026-01-01,8,Nou Barris,44,Vilapicina i la Torre Llobeta,302,1,14,1
2026-01-01,8,Nou Barris,44,Vilapicina i la Torre Llobeta,186,1,14,2
2026-01-01,8,Nou Barris,44,Vilapicina i la Torre Llobeta,225,1,15,1
2026-01-01,8,Nou Barris,44,Vilapicina i la Torre Llobeta,145,1,15,2
2026-01-01,8,Nou Barris,44,Vilapicina i la Torre Llobeta,149,1,16,1
2026-01-01,8,Nou Barris,44,Vilapicina i la Torre Llobeta,94,1,16,2
2026-01-01,8,Nou Barris,44,Vilapicina i la Torre Llobeta,101,1,17,1
2026-01-01,8,Nou Barris,44,Vilapicina i la Torre Llobeta,57,1,17,2
2026-01-01,8,Nou Barris,44,Vilapicina i la Torre Llobeta,106,1,18,1
2026-01-01,8,Nou Barris,44,Vilapicina i la Torre Llobeta,45,1,18,2
2026-01-01,8,Nou Barris,44,Vilapicina i la Torre Llobeta,25,1,19,1
2026-01-01,8,Nou Barris,44,Vilapicina i la Torre Llobeta,11,1,19,2
2026-01-01,8,Nou Barris,44,Vilapicina i la Torre Llobeta,5,1,20,1
2026-01-01,8,Nou Barris,44,Vilapicina i la Torre Llobeta,20,2,0,1
2026-01-01,8,Nou Barris,44,Vilapicina i la Torre Llobeta,21,2,0,2
2026-01-01,8,Nou Barris,44,Vilapicina i la Torre Llobeta,22,2,1,1
2026-01-01,8,Nou Barris,44,Vilapicina i la Torre Llobeta,17,2,1,2
2026-01-01,8,Nou Barris,44,Vilapicina i la Torre Llobeta,29,2,2,1
2026-01-01,8,Nou Barris,44,Vilapicina i la Torre Llobeta,22,2,2,2
2026-01-01,8,Nou Barris,44,Vilapicina i la Torre Llobeta,43,2,3,1
2026-01-01,8,Nou Barris,44,Vilapicina i la Torre Llobeta,40,2,3,2
2026-01-01,8,Nou Barris,44,Vilapicina i la Torre Llobeta,33,2,4,1
2026-01-01,8,Nou Barris,44,Vilapicina i la Torre Llobeta,38,2,4,2
2026-01-01,8,Nou Barris,44,Vilapicina i la Torre Llobeta,61,2,5,1
2026-01-01,8,Nou Barris,44,Vilapicina i la Torre Llobeta,40,2,5,2
2026-01-01,8,Nou Barris,44,Vilapicina i la Torre Llobeta,55,2,6,1
2026-01-01,8,Nou Barris,44,Vilapicina i la Torre Llobeta,49,2,6,2
2026-01-01,8,Nou Barris,44,Vilapicina i la Torre Llobeta,36,2,7,1
2026-01-01,8,Nou Barris,44,Vilapicina i la Torre Llobeta,49,2,7,2
2026-01-01,8,Nou Barris,44,Vilapicina i la Torre Llobeta,44,2,8,1
2026-01-01,8,Nou Barris,44,Vilapicina i la Torre Llobeta,50,2,8,2
2026-01-01,8,Nou Barris,44,Vilapicina i la Torre Llobeta,57,2,9,1
2026-01-01,8,Nou Barris,44,Vilapicina i la Torre Llobeta,48,2,9,2
2026-01-01,8,Nou Barris,44,Vilapicina i la Torre Llobeta,41,2,10,1
2026-01-01,8,Nou Barris,44,Vilapicina i la Torre Llobeta,53,2,10,2
2026-01-01,8,Nou Barris,44,Vilapicina i la Torre Llobeta,38,2,11,1
2026-01-01,8,Nou Barris,44,Vilapicina i la Torre Llobeta,57,2,11,2
2026-01-01,8,Nou Barris,44,Vilapicina i la Torre Llobeta,47,2,12,1
2026-01-01,8,Nou Barris,44,Vilapicina i la Torre Llobeta,31,2,12,2
2026-01-01,8,Nou Barris,44,Vilapicina i la Torre Llobeta,61,2,13,1
2026-01-01,8,Nou Barris,44,Vilapicina i la Torre Llobeta,48,2,13,2
2026-01-01,8,Nou Barris,44,Vilapicina i la Torre Llobeta,59,2,14,1
2026-01-01,8,Nou Barris,44,Vilapicina i la Torre Llobeta,40,2,14,2
2026-01-01,8,Nou Barris,44,Vilapicina i la Torre Llobeta,59,2,15,1
2026-01-01,8,Nou Barris,44,Vilapicina i la Torre Llobeta,46,2,15,2
2026-01-01,8,Nou Barris,44,Vilapicina i la Torre Llobeta,54,2,16,1
2026-01-01,8,Nou Barris,44,Vilapicina i la Torre Llobeta,39,2,16,2
2026-01-01,8,Nou Barris,44,Vilapicina i la Torre Llobeta,47,2,17,1
2026-01-01,8,Nou Barris,44,Vilapicina i la Torre Llobeta,18,2,17,2
2026-01-01,8,Nou Barris,44,Vilapicina i la Torre Llobeta,36,2,18,1
2026-01-01,8,Nou Barris,44,Vilapicina i la Torre Llobeta,14,2,18,2
2026-01-01,8,Nou Barris,44,Vilapicina i la Torre Llobeta,7,2,19,1
2026-01-01,8,Nou Barris,44,Vilapicina i la Torre Llobeta,..,2,19,2
2026-01-01,8,Nou Barris,44,Vilapicina i la Torre Llobeta,..,2,20,1
2026-01-01,8,Nou Barris,44,Vilapicina i la Torre Llobeta,..,2,20,2
2026-01-01,8,Nou Barris,44,Vilapicina i la Torre Llobeta,..,3,0,1
2026-01-01,8,Nou Barris,44,Vilapicina i la Torre Llobeta,..,3,0,2
2026-01-01,8,Nou Barris,44,Vilapicina i la Torre Llobeta,..,3,1,1
2026-01-01,8,Nou Barris,44,Vilapicina i la Torre Llobeta,5,3,1,2
2026-01-01,8,Nou Barris,44,Vilapicina i la Torre Llobeta,8,3,2,1
2026-01-01,8,Nou Barris,44,Vilapicina i la Torre Llobeta,6,3,2,2
2026-01-01,8,Nou Barris,44,Vilapicina i la Torre Llobeta,16,3,3,1
2026-01-01,8,Nou Barris,44,Vilapicina i la Torre Llobeta,16,3,3,2
2026-01-01,8,Nou Barris,44,Vilapicina i la Torre Llobeta,17,3,4,1
2026-01-01,8,Nou Barris,44,Vilapicina i la Torre Llobeta,15,3,4,2
2026-01-01,8,Nou Barris,44,Vilapicina i la Torre Llobeta,46,3,5,1
2026-01-01,8,Nou Barris,44,Vilapicina i la Torre Llobeta,19,3,5,2
2026-01-01,8,Nou Barris,44,Vilapicina i la Torre Llobeta,65,3,6,1
2026-01-01,8,Nou Barris,44,Vilapicina i la Torre Llobeta,42,3,6,2
2026-01-01,8,Nou Barris,44,Vilapicina i la Torre Llobeta,47,3,7,1
2026-01-01,8,Nou Barris,44,Vilapicina i la Torre Llobeta,45,3,7,2
2026-01-01,8,Nou Barris,44,Vilapicina i la Torre Llobeta,59,3,8,1
2026-01-01,8,Nou Barris,44,Vilapicina i la Torre Llobeta,51,3,8,2
2026-01-01,8,Nou Barris,44,Vilapicina i la Torre Llobeta,39,3,9,1
2026-01-01,8,Nou Barris,44,Vilapicina i la Torre Llobeta,59,3,9,2
2026-01-01,8,Nou Barris,44,Vilapicina i la Torre Llobeta,48,3,10,1
2026-01-01,8,Nou Barris,44,Vilapicina i la Torre Llobeta,50,3,10,2
2026-01-01,8,Nou Barris,44,Vilapicina i la Torre Llobeta,71,3,11,1
2026-01-01,8,Nou Barris,44,Vilapicina i la Torre Llobeta,83,3,11,2
2026-01-01,8,Nou Barris,44,Vilapicina i la Torre Llobeta,130,3,12,1
2026-01-01,8,Nou Barris,44,Vilapicina i la Torre Llobeta,142,3,12,2
2026-01-01,8,Nou Barris,44,Vilapicina i la Torre Llobeta,250,3,13,1
2026-01-01,8,Nou Barris,44,Vilapicina i la Torre Llobeta,176,3,13,2
2026-01-01,8,Nou Barris,44,Vilapicina i la Torre Llobeta,342,3,14,1
2026-01-01,8,Nou Barris,44,Vilapicina i la Torre Llobeta,255,3,14,2
2026-01-01,8,Nou Barris,44,Vilapicina i la Torre Llobeta,458,3,15,1
2026-01-01,8,Nou Barris,44,Vilapicina i la Torre Llobeta,271,3,15,2
2026-01-01,8,Nou Barris,44,Vilapicina i la Torre Llobeta,399,3,16,1
2026-01-01,8,Nou Barris,44,Vilapicina i la Torre Llobeta,243,3,16,2
2026-01-01,8,Nou Barris,44,Vilapicina i la Torre Llobeta,282,3,17,1
2026-01-01,8,Nou Barris,44,Vilapicina i la Torre Llobeta,155,3,17,2
2026-01-01,8,Nou Barris,44,Vilapicina i la Torre Llobeta,203,3,18,1
2026-01-01,8,Nou Barris,44,Vilapicina i la Torre Llobeta,68,3,18,2
2026-01-01,8,Nou Barris,44,Vilapicina i la Torre Llobeta,56,3,19,1
2026-01-01,8,Nou Barris,44,Vilapicina i la Torre Llobeta,15,3,19,2
2026-01-01,8,Nou Barris,44,Vilapicina i la Torre Llobeta,10,3,20,1
2026-01-01,8,Nou Barris,44,Vilapicina i la Torre Llobeta,..,4,0,1
2026-01-01,8,Nou Barris,44,Vilapicina i la Torre Llobeta,..,4,0,2
2026-01-01,8,Nou Barris,44,Vilapicina i la Torre Llobeta,5,4,1,1
2026-01-01,8,Nou Barris,44,Vilapicina i la Torre Llobeta,6,4,1,2
2026-01-01,8,Nou Barris,44,Vilapicina i la Torre Llobeta,6,4,2,1
2026-01-01,8,Nou Barris,44,Vilapicina i la Torre Llobeta,..,4,2,2
2026-01-01,8,Nou Barris,44,Vilapicina i la Torre Llobeta,6,4,3,1
2026-01-01,8,Nou Barris,44,Vilapicina i la Torre Llobeta,..,4,3,2
2026-01-01,8,Nou Barris,44,Vilapicina i la Torre Llobeta,21,4,4,1
2026-01-01,8,Nou Barris,44,Vilapicina i la Torre Llobeta,9,4,4,2
2026-01-01,8,Nou Barris,44,Vilapicina i la Torre Llobeta,31,4,5,1
2026-01-01,8,Nou Barris,44,Vilapicina i la Torre Llobeta,27,4,5,2
2026-01-01,8,Nou Barris,44,Vilapicina i la Torre Llobeta,40,4,6,1
2026-01-01,8,Nou Barris,44,Vilapicina i la Torre Llobeta,43,4,6,2
2026-01-01,8,Nou Barris,44,Vilapicina i la Torre Llobeta,46,4,7,1
2026-01-01,8,Nou Barris,44,Vilapicina i la Torre Llobeta,33,4,7,2
2026-01-01,8,Nou Barris,44,Vilapicina i la Torre Llobeta,31,4,8,1
2026-01-01,8,Nou Barris,44,Vilapicina i la Torre Llobeta,28,4,8,2
2026-01-01,8,Nou Barris,44,Vilapicina i la Torre Llobeta,27,4,9,1
2026-01-01,8,Nou Barris,44,Vilapicina i la Torre Llobeta,33,4,9,2
2026-01-01,8,Nou Barris,44,Vilapicina i la Torre Llobeta,25,4,10,1
2026-01-01,8,Nou Barris,44,Vilapicina i la Torre Llobeta,21,4,10,2
2026-01-01,8,Nou Barris,44,Vilapicina i la Torre Llobeta,21,4,11,1
2026-01-01,8,Nou Barris,44,Vilapicina i la Torre Llobeta,20,4,11,2
2026-01-01,8,Nou Barris,44,Vilapicina i la Torre Llobeta,24,4,12,1
2026-01-01,8,Nou Barris,44,Vilapicina i la Torre Llobeta,11,4,12,2
2026-01-01,8,Nou Barris,44,Vilapicina i la Torre Llobeta,10,4,13,1
2026-01-01,8,Nou Barris,44,Vilapicina i la Torre Llobeta,6,4,13,2
2026-01-01,8,Nou Barris,44,Vilapicina i la Torre Llobeta,..,4,14,1
2026-01-01,8,Nou Barris,44,Vilapicina i la Torre Llobeta,..,4,14,2
2026-01-01,8,Nou Barris,44,Vilapicina i la Torre Llobeta,7,4,15,1
2026-01-01,8,Nou Barris,44,Vilapicina i la Torre Llobeta,..,4,15,2
2026-01-01,8,Nou Barris,44,Vilapicina i la Torre Llobeta,7,4,16,1
2026-01-01,8,Nou Barris,44,Vilapicina i la Torre Llobeta,..,4,16,2
2026-01-01,8,Nou Barris,44,Vilapicina i la Torre Llobeta,5,4,17,1
2026-01-01,8,Nou Barris,44,Vilapicina i la Torre Llobeta,..,4,18,1
2026-01-01,8,Nou Barris,44,Vilapicina i la Torre Llobeta,..,4,19,1
2026-01-01,8,Nou Barris,44,Vilapicina i la Torre Llobeta,18,5,0,1
2026-01-01,8,Nou Barris,44,Vilapicina i la Torre Llobeta,16,5,0,2
2026-01-01,8,Nou Barris,44,Vilapicina i la Torre Llobeta,73,5,1,1
2026-01-01,8,Nou Barris,44,Vilapicina i la Torre Llobeta,67,5,1,2
2026-01-01,8,Nou Barris,44,Vilapicina i la Torre Llobeta,107,5,2,1
2026-01-01,8,Nou Barris,44,Vilapicina i la Torre Llobeta,118,5,2,2
2026-01-01,8,Nou Barris,44,Vilapicina i la Torre Llobeta,107,5,3,1
2026-01-01,8,Nou Barris,44,Vilapicina i la Torre Llobeta,124,5,3,2
2026-01-01,8,Nou Barris,44,Vilapicina i la Torre Llobeta,242,5,4,1
2026-01-01,8,Nou Barris,44,Vilapicina i la Torre Llobeta,271,5,4,2
2026-01-01,8,Nou Barris,44,Vilapicina i la Torre Llobeta,420,5,5,1
2026-01-01,8,Nou Barris,44,Vilapicina i la Torre Llobeta,404,5,5,2
2026-01-01,8,Nou Barris,44,Vilapicina i la Torre Llobeta,501,5,6,1
2026-01-01,8,Nou Barris,44,Vilapicina i la Torre Llobeta,485,5,6,2
2026-01-01,8,Nou Barris,44,Vilapicina i la Torre Llobeta,477,5,7,1
2026-01-01,8,Nou Barris,44,Vilapicina i la Torre Llobeta,398,5,7,2
2026-01-01,8,Nou Barris,44,Vilapicina i la Torre Llobeta,401,5,8,1
2026-01-01,8,Nou Barris,44,Vilapicina i la Torre Llobeta,337,5,8,2
2026-01-01,8,Nou Barris,44,Vilapicina i la Torre Llobeta,400,5,9,1
2026-01-01,8,Nou Barris,44,Vilapicina i la Torre Llobeta,319,5,9,2
2026-01-01,8,Nou Barris,44,Vilapicina i la Torre Llobeta,367,5,10,1
2026-01-01,8,Nou Barris,44,Vilapicina i la Torre Llobeta,295,5,10,2
2026-01-01,8,Nou Barris,44,Vilapicina i la Torre Llobeta,310,5,11,1
2026-01-01,8,Nou Barris,44,Vilapicina i la Torre Llobeta,198,5,11,2
2026-01-01,8,Nou Barris,44,Vilapicina i la Torre Llobeta,215,5,12,1
2026-01-01,8,Nou Barris,44,Vilapicina i la Torre Llobeta,137,5,12,2
2026-01-01,8,Nou Barris,44,Vilapicina i la Torre Llobeta,180,5,13,1
2026-01-01,8,Nou Barris,44,Vilapicina i la Torre Llobeta,97,5,13,2
2026-01-01,8,Nou Barris,44,Vilapicina i la Torre Llobeta,119,5,14,1
2026-01-01,8,Nou Barris,44,Vilapicina i la Torre Llobeta,72,5,14,2
2026-01-01,8,Nou Barris,44,Vilapicina i la Torre Llobeta,75,5,15,1
2026-01-01,8,Nou Barris,44,Vilapicina i la Torre Llobeta,31,5,15,2
2026-01-01,8,Nou Barris,44,Vilapicina i la Torre Llobeta,22,5,16,1
2026-01-01,8,Nou Barris,44,Vilapicina i la Torre Llobeta,16,5,16,2
2026-01-01,8,Nou Barris,44,Vilapicina i la Torre Llobeta,23,5,17,1
2026-01-01,8,Nou Barris,44,Vilapicina i la Torre Llobeta,8,5,17,2
2026-01-01,8,Nou Barris,44,Vilapicina i la Torre Llobeta,..,5,18,1
2026-01-01,8,Nou Barris,44,Vilapicina i la Torre Llobeta,..,5,18,2
2026-01-01,8,Nou Barris,44,Vilapicina i la Torre Llobeta,..,5,19,1
2026-01-01,8,Nou Barris,44,Vilapicina i la Torre Llobeta,..,6,6,1
2026-01-01,8,Nou Barris,44,Vilapicina i la Torre Llobeta,..,6,15,2
2026-01-01,8,Nou Barris,45,Porta,372,1,0,1
2026-01-01,8,Nou Barris,45,Porta,366,1,0,2
2026-01-01,8,Nou Barris,45,Porta,412,1,1,1
2026-01-01,8,Nou Barris,45,Porta,381,1,1,2
2026-01-01,8,Nou Barris,45,Porta,416,1,2,1
2026-01-01,8,Nou Barris,45,Porta,446,1,2,2
2026-01-01,8,Nou Barris,45,Porta,432,1,3,1
2026-01-01,8,Nou Barris,45,Porta,434,1,3,2
2026-01-01,8,Nou Barris,45,Porta,346,1,4,1
2026-01-01,8,Nou Barris,45,Porta,351,1,4,2
2026-01-01,8,Nou Barris,45,Porta,285,1,5,1
2026-01-01,8,Nou Barris,45,Porta,316,1,5,2
2026-01-01,8,Nou Barris,45,Porta,269,1,6,1
2026-01-01,8,Nou Barris,45,Porta,271,1,6,2
2026-01-01,8,Nou Barris,45,Porta,259,1,7,1
2026-01-01,8,Nou Barris,45,Porta,293,1,7,2
2026-01-01,8,Nou Barris,45,Porta,299,1,8,1
2026-01-01,8,Nou Barris,45,Porta,334,1,8,2
2026-01-01,8,Nou Barris,45,Porta,508,1,9,1
2026-01-01,8,Nou Barris,45,Porta,476,1,9,2
2026-01-01,8,Nou Barris,45,Porta,591,1,10,1
2026-01-01,8,Nou Barris,45,Porta,606,1,10,2
2026-01-01,8,Nou Barris,45,Porta,529,1,11,1
2026-01-01,8,Nou Barris,45,Porta,551,1,11,2
2026-01-01,8,Nou Barris,45,Porta,485,1,12,1
2026-01-01,8,Nou Barris,45,Porta,393,1,12,2
2026-01-01,8,Nou Barris,45,Porta,261,1,13,1
2026-01-01,8,Nou Barris,45,Porta,247,1,13,2
2026-01-01,8,Nou Barris,45,Porta,190,1,14,1
2026-01-01,8,Nou Barris,45,Porta,132,1,14,2
2026-01-01,8,Nou Barris,45,Porta,171,1,15,1
2026-01-01,8,Nou Barris,45,Porta,128,1,15,2
2026-01-01,8,Nou Barris,45,Porta,118,1,16,1
2026-01-01,8,Nou Barris,45,Porta,79,1,16,2
2026-01-01,8,Nou Barris,45,Porta,111,1,17,1
2026-01-01,8,Nou Barris,45,Porta,50,1,17,2
2026-01-01,8,Nou Barris,45,Porta,65,1,18,1
2026-01-01,8,Nou Barris,45,Porta,26,1,18,2
2026-01-01,8,Nou Barris,45,Porta,15,1,19,1
2026-01-01,8,Nou Barris,45,Porta,8,1,19,2
2026-01-01,8,Nou Barris,45,Porta,..,1,20,1
2026-01-01,8,Nou Barris,45,Porta,24,2,0,1
2026-01-01,8,Nou Barris,45,Porta,28,2,0,2
2026-01-01,8,Nou Barris,45,Porta,29,2,1,1
2026-01-01,8,Nou Barris,45,Porta,18,2,1,2
2026-01-01,8,Nou Barris,45,Porta,31,2,2,1
2026-01-01,8,Nou Barris,45,Porta,29,2,2,2
2026-01-01,8,Nou Barris,45,Porta,40,2,3,1
2026-01-01,8,Nou Barris,45,Porta,45,2,3,2
2026-01-01,8,Nou Barris,45,Porta,44,2,4,1
2026-01-01,8,Nou Barris,45,Porta,39,2,4,2
2026-01-01,8,Nou Barris,45,Porta,50,2,5,1
2026-01-01,8,Nou Barris,45,Porta,38,2,5,2
2026-01-01,8,Nou Barris,45,Porta,46,2,6,1
2026-01-01,8,Nou Barris,45,Porta,53,2,6,2
2026-01-01,8,Nou Barris,45,Porta,47,2,7,1
2026-01-01,8,Nou Barris,45,Porta,42,2,7,2
2026-01-01,8,Nou Barris,45,Porta,40,2,8,1
2026-01-01,8,Nou Barris,45,Porta,44,2,8,2
2026-01-01,8,Nou Barris,45,Porta,53,2,9,1
2026-01-01,8,Nou Barris,45,Porta,61,2,9,2
2026-01-01,8,Nou Barris,45,Porta,43,2,10,1
2026-01-01,8,Nou Barris,45,Porta,64,2,10,2
2026-01-01,8,Nou Barris,45,Porta,40,2,11,1
2026-01-01,8,Nou Barris,45,Porta,47,2,11,2
2026-01-01,8,Nou Barris,45,Porta,44,2,12,1
2026-01-01,8,Nou Barris,45,Porta,43,2,12,2
2026-01-01,8,Nou Barris,45,Porta,43,2,13,1
2026-01-01,8,Nou Barris,45,Porta,42,2,13,2
2026-01-01,8,Nou Barris,45,Porta,43,2,14,1
2026-01-01,8,Nou Barris,45,Porta,20,2,14,2
2026-01-01,8,Nou Barris,45,Porta,31,2,15,1
2026-01-01,8,Nou Barris,45,Porta,31,2,15,2
2026-01-01,8,Nou Barris,45,Porta,39,2,16,1
2026-01-01,8,Nou Barris,45,Porta,29,2,16,2
2026-01-01,8,Nou Barris,45,Porta,27,2,17,1
2026-01-01,8,Nou Barris,45,Porta,14,2,17,2
2026-01-01,8,Nou Barris,45,Porta,23,2,18,1
2026-01-01,8,Nou Barris,45,Porta,9,2,18,2
2026-01-01,8,Nou Barris,45,Porta,8,2,19,1
2026-01-01,8,Nou Barris,45,Porta,..,2,19,2
2026-01-01,8,Nou Barris,45,Porta,7,3,0,1
2026-01-01,8,Nou Barris,45,Porta,7,3,0,2
2026-01-01,8,Nou Barris,45,Porta,10,3,1,1
2026-01-01,8,Nou Barris,45,Porta,..,3,1,2
2026-01-01,8,Nou Barris,45,Porta,9,3,2,1
2026-01-01,8,Nou Barris,45,Porta,7,3,2,2
2026-01-01,8,Nou Barris,45,Porta,12,3,3,1
2026-01-01,8,Nou Barris,45,Porta,20,3,3,2
2026-01-01,8,Nou Barris,45,Porta,18,3,4,1
2026-01-01,8,Nou Barris,45,Porta,19,3,4,2
2026-01-01,8,Nou Barris,45,Porta,36,3,5,1
2026-01-01,8,Nou Barris,45,Porta,27,3,5,2
2026-01-01,8,Nou Barris,45,Porta,46,3,6,1
2026-01-01,8,Nou Barris,45,Porta,43,3,6,2
2026-01-01,8,Nou Barris,45,Porta,45,3,7,1
2026-01-01,8,Nou Barris,45,Porta,50,3,7,2
2026-01-01,8,Nou Barris,45,Porta,53,3,8,1
2026-01-01,8,Nou Barris,45,Porta,39,3,8,2
2026-01-01,8,Nou Barris,45,Porta,49,3,9,1
2026-01-01,8,Nou Barris,45,Porta,75,3,9,2
2026-01-01,8,Nou Barris,45,Porta,69,3,10,1
2026-01-01,8,Nou Barris,45,Porta,72,3,10,2
2026-01-01,8,Nou Barris,45,Porta,91,3,11,1
2026-01-01,8,Nou Barris,45,Porta,80,3,11,2
2026-01-01,8,Nou Barris,45,Porta,178,3,12,1
2026-01-01,8,Nou Barris,45,Porta,156,3,12,2
2026-01-01,8,Nou Barris,45,Porta,217,3,13,1
2026-01-01,8,Nou Barris,45,Porta,208,3,13,2
2026-01-01,8,Nou Barris,45,Porta,335,3,14,1
2026-01-01,8,Nou Barris,45,Porta,237,3,14,2
2026-01-01,8,Nou Barris,45,Porta,441,3,15,1
2026-01-01,8,Nou Barris,45,Porta,279,3,15,2
2026-01-01,8,Nou Barris,45,Porta,461,3,16,1
2026-01-01,8,Nou Barris,45,Porta,273,3,16,2
2026-01-01,8,Nou Barris,45,Porta,321,3,17,1
2026-01-01,8,Nou Barris,45,Porta,204,3,17,2
2026-01-01,8,Nou Barris,45,Porta,205,3,18,1
2026-01-01,8,Nou Barris,45,Porta,98,3,18,2
2026-01-01,8,Nou Barris,45,Porta,47,3,19,1
2026-01-01,8,Nou Barris,45,Porta,25,3,19,2
2026-01-01,8,Nou Barris,45,Porta,8,3,20,1
2026-01-01,8,Nou Barris,45,Porta,..,3,20,2
2026-01-01,8,Nou Barris,45,Porta,6,4,0,2
2026-01-01,8,Nou Barris,45,Porta,..,4,1,1
2026-01-01,8,Nou Barris,45,Porta,..,4,1,2
2026-01-01,8,Nou Barris,45,Porta,..,4,2,1
2026-01-01,8,Nou Barris,45,Porta,..,4,2,2
2026-01-01,8,Nou Barris,45,Porta,..,4,3,1
2026-01-01,8,Nou Barris,45,Porta,..,4,3,2
2026-01-01,8,Nou Barris,45,Porta,11,4,4,1
2026-01-01,8,Nou Barris,45,Porta,12,4,4,2
2026-01-01,8,Nou Barris,45,Porta,27,4,5,1
2026-01-01,8,Nou Barris,45,Porta,20,4,5,2
2026-01-01,8,Nou Barris,45,Porta,37,4,6,1
2026-01-01,8,Nou Barris,45,Porta,39,4,6,2
2026-01-01,8,Nou Barris,45,Porta,40,4,7,1
2026-01-01,8,Nou Barris,45,Porta,36,4,7,2
2026-01-01,8,Nou Barris,45,Porta,27,4,8,1
2026-01-01,8,Nou Barris,45,Porta,34,4,8,2
2026-01-01,8,Nou Barris,45,Porta,28,4,9,1
2026-01-01,8,Nou Barris,45,Porta,31,4,9,2
2026-01-01,8,Nou Barris,45,Porta,20,4,10,1
2026-01-01,8,Nou Barris,45,Porta,24,4,10,2
2026-01-01,8,Nou Barris,45,Porta,26,4,11,1
2026-01-01,8,Nou Barris,45,Porta,32,4,11,2
2026-01-01,8,Nou Barris,45,Porta,13,4,12,1
2026-01-01,8,Nou Barris,45,Porta,25,4,12,2
2026-01-01,8,Nou Barris,45,Porta,8,4,13,1
2026-01-01,8,Nou Barris,45,Porta,10,4,13,2
2026-01-01,8,Nou Barris,45,Porta,..,4,14,1
2026-01-01,8,Nou Barris,45,Porta,5,4,14,2
2026-01-01,8,Nou Barris,45,Porta,..,4,15,1
2026-01-01,8,Nou Barris,45,Porta,..,4,15,2
2026-01-01,8,Nou Barris,45,Porta,..,4,16,1
2026-01-01,8,Nou Barris,45,Porta,..,4,16,2
2026-01-01,8,Nou Barris,45,Porta,..,4,17,1
2026-01-01,8,Nou Barris,45,Porta,..,4,17,2
2026-01-01,8,Nou Barris,45,Porta,..,4,18,1
2026-01-01,8,Nou Barris,45,Porta,..,4,18,2
2026-01-01,8,Nou Barris,45,Porta,..,4,19,1
2026-01-01,8,Nou Barris,45,Porta,27,5,0,1
2026-01-01,8,Nou Barris,45,Porta,28,5,0,2
2026-01-01,8,Nou Barris,45,Porta,130,5,1,1
2026-01-01,8,Nou Barris,45,Porta,155,5,1,2
2026-01-01,8,Nou Barris,45,Porta,191,5,2,1
2026-01-01,8,Nou Barris,45,Porta,213,5,2,2
2026-01-01,8,Nou Barris,45,Porta,231,5,3,1
2026-01-01,8,Nou Barris,45,Porta,229,5,3,2
2026-01-01,8,Nou Barris,45,Porta,414,5,4,1
2026-01-01,8,Nou Barris,45,Porta,498,5,4,2
2026-01-01,8,Nou Barris,45,Porta,684,5,5,1
2026-01-01,8,Nou Barris,45,Porta,884,5,5,2
2026-01-01,8,Nou Barris,45,Porta,814,5,6,1
2026-01-01,8,Nou Barris,45,Porta,960,5,6,2
2026-01-01,8,Nou Barris,45,Porta,705,5,7,1
2026-01-01,8,Nou Barris,45,Porta,776,5,7,2
2026-01-01,8,Nou Barris,45,Porta,731,5,8,1
2026-01-01,8,Nou Barris,45,Porta,697,5,8,2
2026-01-01,8,Nou Barris,45,Porta,686,5,9,1
2026-01-01,8,Nou Barris,45,Porta,615,5,9,2
2026-01-01,8,Nou Barris,45,Porta,493,5,10,1
2026-01-01,8,Nou Barris,45,Porta,428,5,10,2
2026-01-01,8,Nou Barris,45,Porta,391,5,11,1
2026-01-01,8,Nou Barris,45,Porta,295,5,11,2
2026-01-01,8,Nou Barris,45,Porta,328,5,12,1
2026-01-01,8,Nou Barris,45,Porta,231,5,12,2
2026-01-01,8,Nou Barris,45,Porta,232,5,13,1
2026-01-01,8,Nou Barris,45,Porta,132,5,13,2
2026-01-01,8,Nou Barris,45,Porta,141,5,14,1
2026-01-01,8,Nou Barris,45,Porta,80,5,14,2
2026-01-01,8,Nou Barris,45,Porta,65,5,15,1
2026-01-01,8,Nou Barris,45,Porta,39,5,15,2
2026-01-01,8,Nou Barris,45,Porta,28,5,16,1
2026-01-01,8,Nou Barris,45,Porta,22,5,16,2
2026-01-01,8,Nou Barris,45,Porta,17,5,17,1
2026-01-01,8,Nou Barris,45,Porta,7,5,17,2
2026-01-01,8,Nou Barris,45,Porta,5,5,18,1
2026-01-01,8,Nou Barris,45,Porta,..,5,18,2
2026-01-01,8,Nou Barris,45,Porta,..,5,19,2
2026-01-01,8,Nou Barris,46,el Turó de la Peira,284,1,0,1
2026-01-01,8,Nou Barris,46,el Turó de la Peira,318,1,0,2
2026-01-01,8,Nou Barris,46,el Turó de la Peira,261,1,1,1
2026-01-01,8,Nou Barris,46,el Turó de la Peira,289,1,1,2
2026-01-01,8,Nou Barris,46,el Turó de la Peira,274,1,2,1
2026-01-01,8,Nou Barris,46,el Turó de la Peira,300,1,2,2
2026-01-01,8,Nou Barris,46,el Turó de la Peira,250,1,3,1
2026-01-01,8,Nou Barris,46,el Turó de la Peira,261,1,3,2
2026-01-01,8,Nou Barris,46,el Turó de la Peira,216,1,4,1
2026-01-01,8,Nou Barris,46,el Turó de la Peira,221,1,4,2
2026-01-01,8,Nou Barris,46,el Turó de la Peira,169,1,5,1
2026-01-01,8,Nou Barris,46,el Turó de la Peira,165,1,5,2
2026-01-01,8,Nou Barris,46,el Turó de la Peira,177,1,6,1
2026-01-01,8,Nou Barris,46,el Turó de la Peira,184,1,6,2
2026-01-01,8,Nou Barris,46,el Turó de la Peira,143,1,7,1
2026-01-01,8,Nou Barris,46,el Turó de la Peira,173,1,7,2
2026-01-01,8,Nou Barris,46,el Turó de la Peira,153,1,8,1
2026-01-01,8,Nou Barris,46,el Turó de la Peira,145,1,8,2
2026-01-01,8,Nou Barris,46,el Turó de la Peira,202,1,9,1
2026-01-01,8,Nou Barris,46,el Turó de la Peira,203,1,9,2
2026-01-01,8,Nou Barris,46,el Turó de la Peira,243,1,10,1
2026-01-01,8,Nou Barris,46,el Turó de la Peira,243,1,10,2
2026-01-01,8,Nou Barris,46,el Turó de la Peira,236,1,11,1
2026-01-01,8,Nou Barris,46,el Turó de la Peira,282,1,11,2
2026-01-01,8,Nou Barris,46,el Turó de la Peira,291,1,12,1
2026-01-01,8,Nou Barris,46,el Turó de la Peira,287,1,12,2
2026-01-01,8,Nou Barris,46,el Turó de la Peira,209,1,13,1
2026-01-01,8,Nou Barris,46,el Turó de la Peira,207,1,13,2
2026-01-01,8,Nou Barris,46,el Turó de la Peira,107,1,14,1
2026-01-01,8,Nou Barris,46,el Turó de la Peira,90,1,14,2
2026-01-01,8,Nou Barris,46,el Turó de la Peira,59,1,15,1
2026-01-01,8,Nou Barris,46,el Turó de la Peira,55,1,15,2
2026-01-01,8,Nou Barris,46,el Turó de la Peira,54,1,16,1
2026-01-01,8,Nou Barris,46,el Turó de la Peira,29,1,16,2
2026-01-01,8,Nou Barris,46,el Turó de la Peira,74,1,17,1
2026-01-01,8,Nou Barris,46,el Turó de la Peira,38,1,17,2
2026-01-01,8,Nou Barris,46,el Turó de la Peira,54,1,18,1
2026-01-01,8,Nou Barris,46,el Turó de la Peira,21,1,18,2
2026-01-01,8,Nou Barris,46,el Turó de la Peira,19,1,19,1
2026-01-01,8,Nou Barris,46,el Turó de la Peira,..,1,19,2
2026-01-01,8,Nou Barris,46,el Turó de la Peira,..,1,20,1
2026-01-01,8,Nou Barris,46,el Turó de la Peira,..,1,20,2
2026-01-01,8,Nou Barris,46,el Turó de la Peira,25,2,0,1
2026-01-01,8,Nou Barris,46,el Turó de la Peira,15,2,0,2
2026-01-01,8,Nou Barris,46,el Turó de la Peira,22,2,1,1
2026-01-01,8,Nou Barris,46,el Turó de la Peira,19,2,1,2
2026-01-01,8,Nou Barris,46,el Turó de la Peira,22,2,2,1
2026-01-01,8,Nou Barris,46,el Turó de la Peira,20,2,2,2
2026-01-01,8,Nou Barris,46,el Turó de la Peira,23,2,3,1
2026-01-01,8,Nou Barris,46,el Turó de la Peira,26,2,3,2
2026-01-01,8,Nou Barris,46,el Turó de la Peira,27,2,4,1
2026-01-01,8,Nou Barris,46,el Turó de la Peira,20,2,4,2
2026-01-01,8,Nou Barris,46,el Turó de la Peira,38,2,5,1
2026-01-01,8,Nou Barris,46,el Turó de la Peira,15,2,5,2
2026-01-01,8,Nou Barris,46,el Turó de la Peira,32,2,6,1
2026-01-01,8,Nou Barris,46,el Turó de la Peira,29,2,6,2
2026-01-01,8,Nou Barris,46,el Turó de la Peira,26,2,7,1
2026-01-01,8,Nou Barris,46,el Turó de la Peira,24,2,7,2
2026-01-01,8,Nou Barris,46,el Turó de la Peira,19,2,8,1
2026-01-01,8,Nou Barris,46,el Turó de la Peira,19,2,8,2
2026-01-01,8,Nou Barris,46,el Turó de la Peira,15,2,9,1
2026-01-01,8,Nou Barris,46,el Turó de la Peira,30,2,9,2
2026-01-01,8,Nou Barris,46,el Turó de la Peira,22,2,10,1
2026-01-01,8,Nou Barris,46,el Turó de la Peira,20,2,10,2
2026-01-01,8,Nou Barris,46,el Turó de la Peira,23,2,11,1
2026-01-01,8,Nou Barris,46,el Turó de la Peira,18,2,11,2
2026-01-01,8,Nou Barris,46,el Turó de la Peira,20,2,12,1
2026-01-01,8,Nou Barris,46,el Turó de la Peira,22,2,12,2
2026-01-01,8,Nou Barris,46,el Turó de la Peira,13,2,13,1
2026-01-01,8,Nou Barris,46,el Turó de la Peira,18,2,13,2
2026-01-01,8,Nou Barris,46,el Turó de la Peira,21,2,14,1
2026-01-01,8,Nou Barris,46,el Turó de la Peira,15,2,14,2
2026-01-01,8,Nou Barris,46,el Turó de la Peira,11,2,15,1
2026-01-01,8,Nou Barris,46,el Turó de la Peira,10,2,15,2
2026-01-01,8,Nou Barris,46,el Turó de la Peira,19,2,16,1
2026-01-01,8,Nou Barris,46,el Turó de la Peira,5,2,16,2
2026-01-01,8,Nou Barris,46,el Turó de la Peira,16,2,17,1
2026-01-01,8,Nou Barris,46,el Turó de la Peira,11,2,17,2
2026-01-01,8,Nou Barris,46,el Turó de la Peira,27,2,18,1
2026-01-01,8,Nou Barris,46,el Turó de la Peira,..,2,18,2
2026-01-01,8,Nou Barris,46,el Turó de la Peira,7,2,19,1
2026-01-01,8,Nou Barris,46,el Turó de la Peira,..,2,19,2
2026-01-01,8,Nou Barris,46,el Turó de la Peira,..,2,20,1
2026-01-01,8,Nou Barris,46,el Turó de la Peira,7,3,0,1
2026-01-01,8,Nou Barris,46,el Turó de la Peira,..,3,0,2
2026-01-01,8,Nou Barris,46,el Turó de la Peira,..,3,1,1
2026-01-01,8,Nou Barris,46,el Turó de la Peira,..,3,1,2
2026-01-01,8,Nou Barris,46,el Turó de la Peira,7,3,2,1
2026-01-01,8,Nou Barris,46,el Turó de la Peira,5,3,2,2
2026-01-01,8,Nou Barris,46,el Turó de la Peira,7,3,3,1
2026-01-01,8,Nou Barris,46,el Turó de la Peira,14,3,3,2
2026-01-01,8,Nou Barris,46,el Turó de la Peira,11,3,4,1
2026-01-01,8,Nou Barris,46,el Turó de la Peira,12,3,4,2
2026-01-01,8,Nou Barris,46,el Turó de la Peira,24,3,5,1
2026-01-01,8,Nou Barris,46,el Turó de la Peira,22,3,5,2
2026-01-01,8,Nou Barris,46,el Turó de la Peira,36,3,6,1
2026-01-01,8,Nou Barris,46,el Turó de la Peira,28,3,6,2
2026-01-01,8,Nou Barris,46,el Turó de la Peira,30,3,7,1
2026-01-01,8,Nou Barris,46,el Turó de la Peira,35,3,7,2
2026-01-01,8,Nou Barris,46,el Turó de la Peira,17,3,8,1
2026-01-01,8,Nou Barris,46,el Turó de la Peira,26,3,8,2
2026-01-01,8,Nou Barris,46,el Turó de la Peira,28,3,9,1
2026-01-01,8,Nou Barris,46,el Turó de la Peira,15,3,9,2
2026-01-01,8,Nou Barris,46,el Turó de la Peira,20,3,10,1
2026-01-01,8,Nou Barris,46,el Turó de la Peira,25,3,10,2
2026-01-01,8,Nou Barris,46,el Turó de la Peira,45,3,11,1
2026-01-01,8,Nou Barris,46,el Turó de la Peira,32,3,11,2
2026-01-01,8,Nou Barris,46,el Turó de la Peira,70,3,12,1
2026-01-01,8,Nou Barris,46,el Turó de la Peira,49,3,12,2
2026-01-01,8,Nou Barris,46,el Turó de la Peira,91,3,13,1
2026-01-01,8,Nou Barris,46,el Turó de la Peira,80,3,13,2
2026-01-01,8,Nou Barris,46,el Turó de la Peira,115,3,14,1
2026-01-01,8,Nou Barris,46,el Turó de la Peira,83,3,14,2
2026-01-01,8,Nou Barris,46,el Turó de la Peira,126,3,15,1
2026-01-01,8,Nou Barris,46,el Turó de la Peira,83,3,15,2
2026-01-01,8,Nou Barris,46,el Turó de la Peira,163,3,16,1
2026-01-01,8,Nou Barris,46,el Turó de la Peira,74,3,16,2
2026-01-01,8,Nou Barris,46,el Turó de la Peira,162,3,17,1
2026-01-01,8,Nou Barris,46,el Turó de la Peira,89,3,17,2
2026-01-01,8,Nou Barris,46,el Turó de la Peira,154,3,18,1
2026-01-01,8,Nou Barris,46,el Turó de la Peira,42,3,18,2
2026-01-01,8,Nou Barris,46,el Turó de la Peira,54,3,19,1
2026-01-01,8,Nou Barris,46,el Turó de la Peira,19,3,19,2
2026-01-01,8,Nou Barris,46,el Turó de la Peira,..,3,20,1
2026-01-01,8,Nou Barris,46,el Turó de la Peira,..,3,20,2
2026-01-01,8,Nou Barris,46,el Turó de la Peira,..,4,0,1
2026-01-01,8,Nou Barris,46,el Turó de la Peira,..,4,0,2
2026-01-01,8,Nou Barris,46,el Turó de la Peira,..,4,1,1
2026-01-01,8,Nou Barris,46,el Turó de la Peira,..,4,2,1
2026-01-01,8,Nou Barris,46,el Turó de la Peira,..,4,3,1
2026-01-01,8,Nou Barris,46,el Turó de la Peira,..,4,3,2
2026-01-01,8,Nou Barris,46,el Turó de la Peira,10,4,4,1
2026-01-01,8,Nou Barris,46,el Turó de la Peira,..,4,4,2
2026-01-01,8,Nou Barris,46,el Turó de la Peira,18,4,5,1
2026-01-01,8,Nou Barris,46,el Turó de la Peira,14,4,5,2
2026-01-01,8,Nou Barris,46,el Turó de la Peira,22,4,6,1
2026-01-01,8,Nou Barris,46,el Turó de la Peira,22,4,6,2
2026-01-01,8,Nou Barris,46,el Turó de la Peira,21,4,7,1
2026-01-01,8,Nou Barris,46,el Turó de la Peira,22,4,7,2
2026-01-01,8,Nou Barris,46,el Turó de la Peira,16,4,8,1
2026-01-01,8,Nou Barris,46,el Turó de la Peira,10,4,8,2
2026-01-01,8,Nou Barris,46,el Turó de la Peira,14,4,9,1
2026-01-01,8,Nou Barris,46,el Turó de la Peira,17,4,9,2
2026-01-01,8,Nou Barris,46,el Turó de la Peira,8,4,10,1
2026-01-01,8,Nou Barris,46,el Turó de la Peira,11,4,10,2
2026-01-01,8,Nou Barris,46,el Turó de la Peira,10,4,11,1
2026-01-01,8,Nou Barris,46,el Turó de la Peira,6,4,11,2
2026-01-01,8,Nou Barris,46,el Turó de la Peira,12,4,12,1
2026-01-01,8,Nou Barris,46,el Turó de la Peira,15,4,12,2
2026-01-01,8,Nou Barris,46,el Turó de la Peira,7,4,13,1
2026-01-01,8,Nou Barris,46,el Turó de la Peira,5,4,13,2
2026-01-01,8,Nou Barris,46,el Turó de la Peira,..,4,14,1
2026-01-01,8,Nou Barris,46,el Turó de la Peira,..,4,14,2
2026-01-01,8,Nou Barris,46,el Turó de la Peira,..,4,15,1
2026-01-01,8,Nou Barris,46,el Turó de la Peira,..,4,15,2
2026-01-01,8,Nou Barris,46,el Turó de la Peira,..,4,16,2
2026-01-01,8,Nou Barris,46,el Turó de la Peira,..,4,17,1
2026-01-01,8,Nou Barris,46,el Turó de la Peira,..,4,18,2
2026-01-01,8,Nou Barris,46,el Turó de la Peira,21,5,0,1
2026-01-01,8,Nou Barris,46,el Turó de la Peira,23,5,0,2
2026-01-01,8,Nou Barris,46,el Turó de la Peira,80,5,1,1
2026-01-01,8,Nou Barris,46,el Turó de la Peira,73,5,1,2
2026-01-01,8,Nou Barris,46,el Turó de la Peira,118,5,2,1
2026-01-01,8,Nou Barris,46,el Turó de la Peira,129,5,2,2
2026-01-01,8,Nou Barris,46,el Turó de la Peira,124,5,3,1
2026-01-01,8,Nou Barris,46,el Turó de la Peira,139,5,3,2
2026-01-01,8,Nou Barris,46,el Turó de la Peira,247,5,4,1
2026-01-01,8,Nou Barris,46,el Turó de la Peira,275,5,4,2
2026-01-01,8,Nou Barris,46,el Turó de la Peira,424,5,5,1
2026-01-01,8,Nou Barris,46,el Turó de la Peira,400,5,5,2
2026-01-01,8,Nou Barris,46,el Turó de la Peira,456,5,6,1
2026-01-01,8,Nou Barris,46,el Turó de la Peira,453,5,6,2
2026-01-01,8,Nou Barris,46,el Turó de la Peira,453,5,7,1
2026-01-01,8,Nou Barris,46,el Turó de la Peira,398,5,7,2
2026-01-01,8,Nou Barris,46,el Turó de la Peira,446,5,8,1
2026-01-01,8,Nou Barris,46,el Turó de la Peira,380,5,8,2
2026-01-01,8,Nou Barris,46,el Turó de la Peira,439,5,9,1
2026-01-01,8,Nou Barris,46,el Turó de la Peira,339,5,9,2
2026-01-01,8,Nou Barris,46,el Turó de la Peira,368,5,10,1
2026-01-01,8,Nou Barris,46,el Turó de la Peira,252,5,10,2
2026-01-01,8,Nou Barris,46,el Turó de la Peira,285,5,11,1
2026-01-01,8,Nou Barris,46,el Turó de la Peira,240,5,11,2
2026-01-01,8,Nou Barris,46,el Turó de la Peira,214,5,12,1
2026-01-01,8,Nou Barris,46,el Turó de la Peira,156,5,12,2
2026-01-01,8,Nou Barris,46,el Turó de la Peira,130,5,13,1
2026-01-01,8,Nou Barris,46,el Turó de la Peira,108,5,13,2
2026-01-01,8,Nou Barris,46,el Turó de la Peira,78,5,14,1
2026-01-01,8,Nou Barris,46,el Turó de la Peira,40,5,14,2
2026-01-01,8,Nou Barris,46,el Turó de la Peira,44,5,15,1
2026-01-01,8,Nou Barris,46,el Turó de la Peira,19,5,15,2
2026-01-01,8,Nou Barris,46,el Turó de la Peira,18,5,16,1
2026-01-01,8,Nou Barris,46,el Turó de la Peira,9,5,16,2
2026-01-01,8,Nou Barris,46,el Turó de la Peira,12,5,17,1
2026-01-01,8,Nou Barris,46,el Turó de la Peira,8,5,17,2
2026-01-01,8,Nou Barris,46,el Turó de la Peira,9,5,18,1
2026-01-01,8,Nou Barris,46,el Turó de la Peira,..,5,18,2
2026-01-01,8,Nou Barris,46,el Turó de la Peira,..,5,19,1
2026-01-01,8,Nou Barris,46,el Turó de la Peira,..,6,6,1
2026-01-01,8,Nou Barris,46,el Turó de la Peira,..,6,6,2
2026-01-01,8,Nou Barris,46,el Turó de la Peira,..,6,7,1
2026-01-01,8,Nou Barris,46,el Turó de la Peira,..,6,8,2
2026-01-01,8,Nou Barris,46,el Turó de la Peira,..,6,9,2
2026-01-01,8,Nou Barris,47,Can Peguera,23,1,0,1
2026-01-01,8,Nou Barris,47,Can Peguera,29,1,0,2
2026-01-01,8,Nou Barris,47,Can Peguera,29,1,1,1
2026-01-01,8,Nou Barris,47,Can Peguera,30,1,1,2
2026-01-01,8,Nou Barris,47,Can Peguera,47,1,2,1
2026-01-01,8,Nou Barris,47,Can Peguera,43,1,2,2
2026-01-01,8,Nou Barris,47,Can Peguera,51,1,3,1
2026-01-01,8,Nou Barris,47,Can Peguera,69,1,3,2
2026-01-01,8,Nou Barris,47,Can Peguera,33,1,4,1
2026-01-01,8,Nou Barris,47,Can Peguera,42,1,4,2
2026-01-01,8,Nou Barris,47,Can Peguera,29,1,5,1
2026-01-01,8,Nou Barris,47,Can Peguera,40,1,5,2
2026-01-01,8,Nou Barris,47,Can Peguera,30,1,6,1
2026-01-01,8,Nou Barris,47,Can Peguera,43,1,6,2
2026-01-01,8,Nou Barris,47,Can Peguera,42,1,7,1
2026-01-01,8,Nou Barris,47,Can Peguera,42,1,7,2
2026-01-01,8,Nou Barris,47,Can Peguera,34,1,8,1
2026-01-01,8,Nou Barris,47,Can Peguera,37,1,8,2
2026-01-01,8,Nou Barris,47,Can Peguera,43,1,9,1
2026-01-01,8,Nou Barris,47,Can Peguera,66,1,9,2
2026-01-01,8,Nou Barris,47,Can Peguera,48,1,10,1
2026-01-01,8,Nou Barris,47,Can Peguera,49,1,10,2
2026-01-01,8,Nou Barris,47,Can Peguera,51,1,11,1
2026-01-01,8,Nou Barris,47,Can Peguera,53,1,11,2
2026-01-01,8,Nou Barris,47,Can Peguera,60,1,12,1
2026-01-01,8,Nou Barris,47,Can Peguera,57,1,12,2
2026-01-01,8,Nou Barris,47,Can Peguera,44,1,13,1
2026-01-01,8,Nou Barris,47,Can Peguera,37,1,13,2
2026-01-01,8,Nou Barris,47,Can Peguera,27,1,14,1
2026-01-01,8,Nou Barris,47,Can Peguera,18,1,14,2
2026-01-01,8,Nou Barris,47,Can Peguera,24,1,15,1
2026-01-01,8,Nou Barris,47,Can Peguera,17,1,15,2
2026-01-01,8,Nou Barris,47,Can Peguera,14,1,16,1
2026-01-01,8,Nou Barris,47,Can Peguera,9,1,16,2
2026-01-01,8,Nou Barris,47,Can Peguera,21,1,17,1
2026-01-01,8,Nou Barris,47,Can Peguera,7,1,17,2
2026-01-01,8,Nou Barris,47,Can Peguera,16,1,18,1
2026-01-01,8,Nou Barris,47,Can Peguera,..,1,18,2
2026-01-01,8,Nou Barris,47,Can Peguera,6,1,19,1
2026-01-01,8,Nou Barris,47,Can Peguera,..,1,20,1
2026-01-01,8,Nou Barris,47,Can Peguera,..,2,0,1
2026-01-01,8,Nou Barris,47,Can Peguera,6,2,0,2
2026-01-01,8,Nou Barris,47,Can Peguera,..,2,1,2
2026-01-01,8,Nou Barris,47,Can Peguera,..,2,2,1
2026-01-01,8,Nou Barris,47,Can Peguera,..,2,2,2
2026-01-01,8,Nou Barris,47,Can Peguera,5,2,3,1
2026-01-01,8,Nou Barris,47,Can Peguera,..,2,3,2
2026-01-01,8,Nou Barris,47,Can Peguera,..,2,4,1
2026-01-01,8,Nou Barris,47,Can Peguera,5,2,4,2
2026-01-01,8,Nou Barris,47,Can Peguera,..,2,5,1
2026-01-01,8,Nou Barris,47,Can Peguera,..,2,5,2
2026-01-01,8,Nou Barris,47,Can Peguera,..,2,6,1
2026-01-01,8,Nou Barris,47,Can Peguera,5,2,6,2
2026-01-01,8,Nou Barris,47,Can Peguera,..,2,7,1
2026-01-01,8,Nou Barris,47,Can Peguera,..,2,7,2
2026-01-01,8,Nou Barris,47,Can Peguera,..,2,8,1
2026-01-01,8,Nou Barris,47,Can Peguera,5,2,8,2
2026-01-01,8,Nou Barris,47,Can Peguera,..,2,9,1
2026-01-01,8,Nou Barris,47,Can Peguera,5,2,9,2
2026-01-01,8,Nou Barris,47,Can Peguera,..,2,10,1
2026-01-01,8,Nou Barris,47,Can Peguera,5,2,10,2
2026-01-01,8,Nou Barris,47,Can Peguera,5,2,11,1
2026-01-01,8,Nou Barris,47,Can Peguera,..,2,11,2
2026-01-01,8,Nou Barris,47,Can Peguera,..,2,12,1
2026-01-01,8,Nou Barris,47,Can Peguera,..,2,12,2
2026-01-01,8,Nou Barris,47,Can Peguera,..,2,13,1
2026-01-01,8,Nou Barris,47,Can Peguera,..,2,13,2
2026-01-01,8,Nou Barris,47,Can Peguera,..,2,14,1
2026-01-01,8,Nou Barris,47,Can Peguera,..,2,14,2
2026-01-01,8,Nou Barris,47,Can Peguera,..,2,15,1
2026-01-01,8,Nou Barris,47,Can Peguera,..,2,15,2
2026-01-01,8,Nou Barris,47,Can Peguera,..,2,17,1
2026-01-01,8,Nou Barris,47,Can Peguera,..,2,17,2
2026-01-01,8,Nou Barris,47,Can Peguera,..,2,18,1
2026-01-01,8,Nou Barris,47,Can Peguera,..,3,3,1
2026-01-01,8,Nou Barris,47,Can Peguera,..,3,4,1
2026-01-01,8,Nou Barris,47,Can Peguera,..,3,5,1
2026-01-01,8,Nou Barris,47,Can Peguera,..,3,5,2
2026-01-01,8,Nou Barris,47,Can Peguera,..,3,6,1
2026-01-01,8,Nou Barris,47,Can Peguera,..,3,6,2
2026-01-01,8,Nou Barris,47,Can Peguera,..,3,7,1
2026-01-01,8,Nou Barris,47,Can Peguera,..,3,7,2
2026-01-01,8,Nou Barris,47,Can Peguera,..,3,8,2
2026-01-01,8,Nou Barris,47,Can Peguera,..,3,9,1
2026-01-01,8,Nou Barris,47,Can Peguera,..,3,9,2
2026-01-01,8,Nou Barris,47,Can Peguera,..,3,10,1
2026-01-01,8,Nou Barris,47,Can Peguera,..,3,10,2
2026-01-01,8,Nou Barris,47,Can Peguera,9,3,11,1
2026-01-01,8,Nou Barris,47,Can Peguera,14,3,11,2
2026-01-01,8,Nou Barris,47,Can Peguera,16,3,12,1
2026-01-01,8,Nou Barris,47,Can Peguera,7,3,12,2
2026-01-01,8,Nou Barris,47,Can Peguera,24,3,13,1
2026-01-01,8,Nou Barris,47,Can Peguera,16,3,13,2
2026-01-01,8,Nou Barris,47,Can Peguera,21,3,14,1
2026-01-01,8,Nou Barris,47,Can Peguera,9,3,14,2
2026-01-01,8,Nou Barris,47,Can Peguera,18,3,15,1
2026-01-01,8,Nou Barris,47,Can Peguera,8,3,15,2
2026-01-01,8,Nou Barris,47,Can Peguera,21,3,16,1
2026-01-01,8,Nou Barris,47,Can Peguera,11,3,16,2
2026-01-01,8,Nou Barris,47,Can Peguera,21,3,17,1
2026-01-01,8,Nou Barris,47,Can Peguera,11,3,17,2
2026-01-01,8,Nou Barris,47,Can Peguera,13,3,18,1
2026-01-01,8,Nou Barris,47,Can Peguera,..,3,18,2
2026-01-01,8,Nou Barris,47,Can Peguera,5,3,19,1
2026-01-01,8,Nou Barris,47,Can Peguera,..,3,19,2
2026-01-01,8,Nou Barris,47,Can Peguera,..,3,20,1
2026-01-01,8,Nou Barris,47,Can Peguera,..,4,0,2
2026-01-01,8,Nou Barris,47,Can Peguera,..,4,2,1
2026-01-01,8,Nou Barris,47,Can Peguera,..,4,3,2
2026-01-01,8,Nou Barris,47,Can Peguera,..,4,5,2
2026-01-01,8,Nou Barris,47,Can Peguera,..,4,6,1
2026-01-01,8,Nou Barris,47,Can Peguera,..,4,7,1
2026-01-01,8,Nou Barris,47,Can Peguera,5,4,7,2
2026-01-01,8,Nou Barris,47,Can Peguera,..,4,8,1
2026-01-01,8,Nou Barris,47,Can Peguera,..,4,8,2
2026-01-01,8,Nou Barris,47,Can Peguera,..,4,9,1
2026-01-01,8,Nou Barris,47,Can Peguera,..,4,10,1
2026-01-01,8,Nou Barris,47,Can Peguera,..,4,10,2
2026-01-01,8,Nou Barris,47,Can Peguera,..,4,11,1
2026-01-01,8,Nou Barris,47,Can Peguera,..,4,11,2
2026-01-01,8,Nou Barris,47,Can Peguera,..,4,12,1
2026-01-01,8,Nou Barris,47,Can Peguera,..,4,14,2
2026-01-01,8,Nou Barris,47,Can Peguera,..,4,17,1
2026-01-01,8,Nou Barris,47,Can Peguera,..,4,18,1
2026-01-01,8,Nou Barris,47,Can Peguera,..,4,20,1
2026-01-01,8,Nou Barris,47,Can Peguera,..,5,1,1
2026-01-01,8,Nou Barris,47,Can Peguera,..,5,1,2
2026-01-01,8,Nou Barris,47,Can Peguera,..,5,2,1
2026-01-01,8,Nou Barris,47,Can Peguera,..,5,2,2
2026-01-01,8,Nou Barris,47,Can Peguera,..,5,3,1
2026-01-01,8,Nou Barris,47,Can Peguera,11,5,3,2
2026-01-01,8,Nou Barris,47,Can Peguera,10,5,4,1
2026-01-01,8,Nou Barris,47,Can Peguera,10,5,4,2
2026-01-01,8,Nou Barris,47,Can Peguera,12,5,5,1
2026-01-01,8,Nou Barris,47,Can Peguera,15,5,5,2
2026-01-01,8,Nou Barris,47,Can Peguera,16,5,6,1
2026-01-01,8,Nou Barris,47,Can Peguera,12,5,6,2
2026-01-01,8,Nou Barris,47,Can Peguera,24,5,7,1
2026-01-01,8,Nou Barris,47,Can Peguera,11,5,7,2
2026-01-01,8,Nou Barris,47,Can Peguera,27,5,8,1
2026-01-01,8,Nou Barris,47,Can Peguera,17,5,8,2
2026-01-01,8,Nou Barris,47,Can Peguera,30,5,9,1
2026-01-01,8,Nou Barris,47,Can Peguera,7,5,9,2
2026-01-01,8,Nou Barris,47,Can Peguera,23,5,10,1
2026-01-01,8,Nou Barris,47,Can Peguera,13,5,10,2
2026-01-01,8,Nou Barris,47,Can Peguera,19,5,11,1
2026-01-01,8,Nou Barris,47,Can Peguera,18,5,11,2
2026-01-01,8,Nou Barris,47,Can Peguera,13,5,12,1
2026-01-01,8,Nou Barris,47,Can Peguera,15,5,12,2
2026-01-01,8,Nou Barris,47,Can Peguera,11,5,13,1
2026-01-01,8,Nou Barris,47,Can Peguera,8,5,13,2
2026-01-01,8,Nou Barris,47,Can Peguera,8,5,14,1
2026-01-01,8,Nou Barris,47,Can Peguera,..,5,14,2
2026-01-01,8,Nou Barris,47,Can Peguera,7,5,15,1
2026-01-01,8,Nou Barris,47,Can Peguera,..,5,15,2
2026-01-01,8,Nou Barris,47,Can Peguera,5,5,16,1
2026-01-01,8,Nou Barris,47,Can Peguera,..,5,16,2
2026-01-01,8,Nou Barris,47,Can Peguera,..,5,17,1
2026-01-01,8,Nou Barris,47,Can Peguera,..,5,17,2
2026-01-01,8,Nou Barris,48,la Guineueta,181,1,0,1
2026-01-01,8,Nou Barris,48,la Guineueta,195,1,0,2
2026-01-01,8,Nou Barris,48,la Guineueta,202,1,1,1
2026-01-01,8,Nou Barris,48,la Guineueta,221,1,1,2
2026-01-01,8,Nou Barris,48,la Guineueta,260,1,2,1
2026-01-01,8,Nou Barris,48,la Guineueta,285,1,2,2
2026-01-01,8,Nou Barris,48,la Guineueta,298,1,3,1
2026-01-01,8,Nou Barris,48,la Guineueta,287,1,3,2
2026-01-01,8,Nou Barris,48,la Guineueta,246,1,4,1
2026-01-01,8,Nou Barris,48,la Guineueta,273,1,4,2
2026-01-01,8,Nou Barris,48,la Guineueta,182,1,5,1
2026-01-01,8,Nou Barris,48,la Guineueta,237,1,5,2
2026-01-01,8,Nou Barris,48,la Guineueta,166,1,6,1
2026-01-01,8,Nou Barris,48,la Guineueta,189,1,6,2
2026-01-01,8,Nou Barris,48,la Guineueta,182,1,7,1
2026-01-01,8,Nou Barris,48,la Guineueta,210,1,7,2
2026-01-01,8,Nou Barris,48,la Guineueta,241,1,8,1
2026-01-01,8,Nou Barris,48,la Guineueta,224,1,8,2
2026-01-01,8,Nou Barris,48,la Guineueta,375,1,9,1
2026-01-01,8,Nou Barris,48,la Guineueta,328,1,9,2
2026-01-01,8,Nou Barris,48,la Guineueta,386,1,10,1
2026-01-01,8,Nou Barris,48,la Guineueta,407,1,10,2
2026-01-01,8,Nou Barris,48,la Guineueta,381,1,11,1
2026-01-01,8,Nou Barris,48,la Guineueta,349,1,11,2
2026-01-01,8,Nou Barris,48,la Guineueta,362,1,12,1
2026-01-01,8,Nou Barris,48,la Guineueta,322,1,12,2
2026-01-01,8,Nou Barris,48,la Guineueta,174,1,13,1
2026-01-01,8,Nou Barris,48,la Guineueta,171,1,13,2
2026-01-01,8,Nou Barris,48,la Guineueta,141,1,14,1
2026-01-01,8,Nou Barris,48,la Guineueta,98,1,14,2
2026-01-01,8,Nou Barris,48,la Guineueta,134,1,15,1
2026-01-01,8,Nou Barris,48,la Guineueta,92,1,15,2
2026-01-01,8,Nou Barris,48,la Guineueta,101,1,16,1
2026-01-01,8,Nou Barris,48,la Guineueta,78,1,16,2
2026-01-01,8,Nou Barris,48,la Guineueta,78,1,17,1
2026-01-01,8,Nou Barris,48,la Guineueta,33,1,17,2
2026-01-01,8,Nou Barris,48,la Guineueta,50,1,18,1
2026-01-01,8,Nou Barris,48,la Guineueta,24,1,18,2
2026-01-01,8,Nou Barris,48,la Guineueta,8,1,19,1
2026-01-01,8,Nou Barris,48,la Guineueta,6,1,19,2
2026-01-01,8,Nou Barris,48,la Guineueta,..,1,20,1
2026-01-01,8,Nou Barris,48,la Guineueta,8,2,0,1
2026-01-01,8,Nou Barris,48,la Guineueta,18,2,0,2
2026-01-01,8,Nou Barris,48,la Guineueta,7,2,1,1
2026-01-01,8,Nou Barris,48,la Guineueta,15,2,1,2
2026-01-01,8,Nou Barris,48,la Guineueta,20,2,2,1
2026-01-01,8,Nou Barris,48,la Guineueta,22,2,2,2
2026-01-01,8,Nou Barris,48,la Guineueta,26,2,3,1
2026-01-01,8,Nou Barris,48,la Guineueta,23,2,3,2
2026-01-01,8,Nou Barris,48,la Guineueta,26,2,4,1
2026-01-01,8,Nou Barris,48,la Guineueta,21,2,4,2
2026-01-01,8,Nou Barris,48,la Guineueta,24,2,5,1
2026-01-01,8,Nou Barris,48,la Guineueta,13,2,5,2
2026-01-01,8,Nou Barris,48,la Guineueta,20,2,6,1
2026-01-01,8,Nou Barris,48,la Guineueta,27,2,6,2
2026-01-01,8,Nou Barris,48,la Guineueta,20,2,7,1
2026-01-01,8,Nou Barris,48,la Guineueta,19,2,7,2
2026-01-01,8,Nou Barris,48,la Guineueta,19,2,8,1
2026-01-01,8,Nou Barris,48,la Guineueta,30,2,8,2
2026-01-01,8,Nou Barris,48,la Guineueta,27,2,9,1
2026-01-01,8,Nou Barris,48,la Guineueta,41,2,9,2
2026-01-01,8,Nou Barris,48,la Guineueta,17,2,10,1
2026-01-01,8,Nou Barris,48,la Guineueta,32,2,10,2
2026-01-01,8,Nou Barris,48,la Guineueta,17,2,11,1
2026-01-01,8,Nou Barris,48,la Guineueta,34,2,11,2
2026-01-01,8,Nou Barris,48,la Guineueta,31,2,12,1
2026-01-01,8,Nou Barris,48,la Guineueta,34,2,12,2
2026-01-01,8,Nou Barris,48,la Guineueta,26,2,13,1
2026-01-01,8,Nou Barris,48,la Guineueta,21,2,13,2
2026-01-01,8,Nou Barris,48,la Guineueta,32,2,14,1
2026-01-01,8,Nou Barris,48,la Guineueta,20,2,14,2
2026-01-01,8,Nou Barris,48,la Guineueta,36,2,15,1
2026-01-01,8,Nou Barris,48,la Guineueta,24,2,15,2
2026-01-01,8,Nou Barris,48,la Guineueta,35,2,16,1
2026-01-01,8,Nou Barris,48,la Guineueta,14,2,16,2
2026-01-01,8,Nou Barris,48,la Guineueta,35,2,17,1
2026-01-01,8,Nou Barris,48,la Guineueta,20,2,17,2
2026-01-01,8,Nou Barris,48,la Guineueta,15,2,18,1
2026-01-01,8,Nou Barris,48,la Guineueta,9,2,18,2
2026-01-01,8,Nou Barris,48,la Guineueta,..,2,19,1
2026-01-01,8,Nou Barris,48,la Guineueta,..,2,19,2
2026-01-01,8,Nou Barris,48,la Guineueta,..,2,20,1
2026-01-01,8,Nou Barris,48,la Guineueta,..,3,0,1
2026-01-01,8,Nou Barris,48,la Guineueta,..,3,0,2
2026-01-01,8,Nou Barris,48,la Guineueta,..,3,1,1
2026-01-01,8,Nou Barris,48,la Guineueta,..,3,1,2
2026-01-01,8,Nou Barris,48,la Guineueta,..,3,2,1
2026-01-01,8,Nou Barris,48,la Guineueta,..,3,2,2
2026-01-01,8,Nou Barris,48,la Guineueta,..,3,3,1
2026-01-01,8,Nou Barris,48,la Guineueta,6,3,3,2
2026-01-01,8,Nou Barris,48,la Guineueta,8,3,4,1
2026-01-01,8,Nou Barris,48,la Guineueta,6,3,4,2
2026-01-01,8,Nou Barris,48,la Guineueta,18,3,5,1
2026-01-01,8,Nou Barris,48,la Guineueta,16,3,5,2
2026-01-01,8,Nou Barris,48,la Guineueta,20,3,6,1
2026-01-01,8,Nou Barris,48,la Guineueta,13,3,6,2
2026-01-01,8,Nou Barris,48,la Guineueta,24,3,7,1
2026-01-01,8,Nou Barris,48,la Guineueta,23,3,7,2
2026-01-01,8,Nou Barris,48,la Guineueta,24,3,8,1
2026-01-01,8,Nou Barris,48,la Guineueta,32,3,8,2
2026-01-01,8,Nou Barris,48,la Guineueta,24,3,9,1
2026-01-01,8,Nou Barris,48,la Guineueta,32,3,9,2
2026-01-01,8,Nou Barris,48,la Guineueta,37,3,10,1
2026-01-01,8,Nou Barris,48,la Guineueta,24,3,10,2
2026-01-01,8,Nou Barris,48,la Guineueta,70,3,11,1
2026-01-01,8,Nou Barris,48,la Guineueta,52,3,11,2
2026-01-01,8,Nou Barris,48,la Guineueta,101,3,12,1
2026-01-01,8,Nou Barris,48,la Guineueta,82,3,12,2
2026-01-01,8,Nou Barris,48,la Guineueta,158,3,13,1
2026-01-01,8,Nou Barris,48,la Guineueta,134,3,13,2
2026-01-01,8,Nou Barris,48,la Guineueta,216,3,14,1
2026-01-01,8,Nou Barris,48,la Guineueta,131,3,14,2
2026-01-01,8,Nou Barris,48,la Guineueta,321,3,15,1
2026-01-01,8,Nou Barris,48,la Guineueta,210,3,15,2
2026-01-01,8,Nou Barris,48,la Guineueta,351,3,16,1
2026-01-01,8,Nou Barris,48,la Guineueta,200,3,16,2
2026-01-01,8,Nou Barris,48,la Guineueta,221,3,17,1
2026-01-01,8,Nou Barris,48,la Guineueta,133,3,17,2
2026-01-01,8,Nou Barris,48,la Guineueta,130,3,18,1
2026-01-01,8,Nou Barris,48,la Guineueta,84,3,18,2
2026-01-01,8,Nou Barris,48,la Guineueta,39,3,19,1
2026-01-01,8,Nou Barris,48,la Guineueta,15,3,19,2
2026-01-01,8,Nou Barris,48,la Guineueta,..,3,20,1
2026-01-01,8,Nou Barris,48,la Guineueta,..,4,0,1
2026-01-01,8,Nou Barris,48,la Guineueta,..,4,0,2
2026-01-01,8,Nou Barris,48,la Guineueta,..,4,1,1
2026-01-01,8,Nou Barris,48,la Guineueta,..,4,1,2
2026-01-01,8,Nou Barris,48,la Guineueta,..,4,2,2
2026-01-01,8,Nou Barris,48,la Guineueta,..,4,3,1
2026-01-01,8,Nou Barris,48,la Guineueta,..,4,3,2
2026-01-01,8,Nou Barris,48,la Guineueta,..,4,4,1
2026-01-01,8,Nou Barris,48,la Guineueta,..,4,4,2
2026-01-01,8,Nou Barris,48,la Guineueta,15,4,5,1
2026-01-01,8,Nou Barris,48,la Guineueta,9,4,5,2
2026-01-01,8,Nou Barris,48,la Guineueta,11,4,6,1
2026-01-01,8,Nou Barris,48,la Guineueta,15,4,6,2
2026-01-01,8,Nou Barris,48,la Guineueta,11,4,7,1
2026-01-01,8,Nou Barris,48,la Guineueta,10,4,7,2
2026-01-01,8,Nou Barris,48,la Guineueta,12,4,8,1
2026-01-01,8,Nou Barris,48,la Guineueta,14,4,8,2
2026-01-01,8,Nou Barris,48,la Guineueta,11,4,9,1
2026-01-01,8,Nou Barris,48,la Guineueta,12,4,9,2
2026-01-01,8,Nou Barris,48,la Guineueta,8,4,10,1
2026-01-01,8,Nou Barris,48,la Guineueta,8,4,10,2
2026-01-01,8,Nou Barris,48,la Guineueta,8,4,11,1
2026-01-01,8,Nou Barris,48,la Guineueta,11,4,11,2
2026-01-01,8,Nou Barris,48,la Guineueta,15,4,12,1
2026-01-01,8,Nou Barris,48,la Guineueta,6,4,12,2
2026-01-01,8,Nou Barris,48,la Guineueta,..,4,13,1
2026-01-01,8,Nou Barris,48,la Guineueta,..,4,13,2
2026-01-01,8,Nou Barris,48,la Guineueta,5,4,14,1
2026-01-01,8,Nou Barris,48,la Guineueta,..,4,14,2
2026-01-01,8,Nou Barris,48,la Guineueta,5,4,15,1
2026-01-01,8,Nou Barris,48,la Guineueta,..,4,15,2
2026-01-01,8,Nou Barris,48,la Guineueta,..,4,16,1
2026-01-01,8,Nou Barris,48,la Guineueta,..,4,16,2
2026-01-01,8,Nou Barris,48,la Guineueta,..,4,17,1
2026-01-01,8,Nou Barris,48,la Guineueta,..,4,17,2
2026-01-01,8,Nou Barris,48,la Guineueta,..,4,18,1
2026-01-01,8,Nou Barris,48,la Guineueta,..,4,18,2
2026-01-01,8,Nou Barris,48,la Guineueta,..,4,19,2
2026-01-01,8,Nou Barris,48,la Guineueta,11,5,0,1
2026-01-01,8,Nou Barris,48,la Guineueta,6,5,0,2
2026-01-01,8,Nou Barris,48,la Guineueta,44,5,1,1
2026-01-01,8,Nou Barris,48,la Guineueta,44,5,1,2
2026-01-01,8,Nou Barris,48,la Guineueta,43,5,2,1
2026-01-01,8,Nou Barris,48,la Guineueta,57,5,2,2
2026-01-01,8,Nou Barris,48,la Guineueta,58,5,3,1
2026-01-01,8,Nou Barris,48,la Guineueta,69,5,3,2
2026-01-01,8,Nou Barris,48,la Guineueta,134,5,4,1
2026-01-01,8,Nou Barris,48,la Guineueta,102,5,4,2
2026-01-01,8,Nou Barris,48,la Guineueta,209,5,5,1
2026-01-01,8,Nou Barris,48,la Guineueta,177,5,5,2
2026-01-01,8,Nou Barris,48,la Guineueta,228,5,6,1
2026-01-01,8,Nou Barris,48,la Guineueta,174,5,6,2
2026-01-01,8,Nou Barris,48,la Guineueta,209,5,7,1
2026-01-01,8,Nou Barris,48,la Guineueta,177,5,7,2
2026-01-01,8,Nou Barris,48,la Guineueta,189,5,8,1
2026-01-01,8,Nou Barris,48,la Guineueta,152,5,8,2
2026-01-01,8,Nou Barris,48,la Guineueta,196,5,9,1
2026-01-01,8,Nou Barris,48,la Guineueta,127,5,9,2
2026-01-01,8,Nou Barris,48,la Guineueta,149,5,10,1
2026-01-01,8,Nou Barris,48,la Guineueta,99,5,10,2
2026-01-01,8,Nou Barris,48,la Guineueta,155,5,11,1
2026-01-01,8,Nou Barris,48,la Guineueta,91,5,11,2
2026-01-01,8,Nou Barris,48,la Guineueta,95,5,12,1
2026-01-01,8,Nou Barris,48,la Guineueta,70,5,12,2
2026-01-01,8,Nou Barris,48,la Guineueta,66,5,13,1
2026-01-01,8,Nou Barris,48,la Guineueta,41,5,13,2
2026-01-01,8,Nou Barris,48,la Guineueta,51,5,14,1
2026-01-01,8,Nou Barris,48,la Guineueta,24,5,14,2
2026-01-01,8,Nou Barris,48,la Guineueta,34,5,15,1
2026-01-01,8,Nou Barris,48,la Guineueta,24,5,15,2
2026-01-01,8,Nou Barris,48,la Guineueta,24,5,16,1
2026-01-01,8,Nou Barris,48,la Guineueta,8,5,16,2
2026-01-01,8,Nou Barris,48,la Guineueta,5,5,17,1
2026-01-01,8,Nou Barris,48,la Guineueta,5,5,17,2
2026-01-01,8,Nou Barris,48,la Guineueta,6,5,18,1
2026-01-01,8,Nou Barris,48,la Guineueta,..,5,18,2
2026-01-01,8,Nou Barris,48,la Guineueta,..,5,19,1
2026-01-01,8,Nou Barris,48,la Guineueta,..,6,8,1
2026-01-01,8,Nou Barris,49,Canyelles,78,1,0,1
2026-01-01,8,Nou Barris,49,Canyelles,74,1,0,2
2026-01-01,8,Nou Barris,49,Canyelles,78,1,1,1
2026-01-01,8,Nou Barris,49,Canyelles,96,1,1,2
2026-01-01,8,Nou Barris,49,Canyelles,107,1,2,1
2026-01-01,8,Nou Barris,49,Canyelles,127,1,2,2
2026-01-01,8,Nou Barris,49,Canyelles,124,1,3,1
2026-01-01,8,Nou Barris,49,Canyelles,123,1,3,2
2026-01-01,8,Nou Barris,49,Canyelles,108,1,4,1
2026-01-01,8,Nou Barris,49,Canyelles,131,1,4,2
2026-01-01,8,Nou Barris,49,Canyelles,106,1,5,1
2026-01-01,8,Nou Barris,49,Canyelles,116,1,5,2
2026-01-01,8,Nou Barris,49,Canyelles,94,1,6,1
2026-01-01,8,Nou Barris,49,Canyelles,94,1,6,2
2026-01-01,8,Nou Barris,49,Canyelles,100,1,7,1
2026-01-01,8,Nou Barris,49,Canyelles,107,1,7,2
2026-01-01,8,Nou Barris,49,Canyelles,99,1,8,1
2026-01-01,8,Nou Barris,49,Canyelles,112,1,8,2
2026-01-01,8,Nou Barris,49,Canyelles,167,1,9,1
2026-01-01,8,Nou Barris,49,Canyelles,165,1,9,2
2026-01-01,8,Nou Barris,49,Canyelles,184,1,10,1
2026-01-01,8,Nou Barris,49,Canyelles,189,1,10,2
2026-01-01,8,Nou Barris,49,Canyelles,181,1,11,1
2026-01-01,8,Nou Barris,49,Canyelles,166,1,11,2
2026-01-01,8,Nou Barris,49,Canyelles,128,1,12,1
2026-01-01,8,Nou Barris,49,Canyelles,111,1,12,2
2026-01-01,8,Nou Barris,49,Canyelles,139,1,13,1
2026-01-01,8,Nou Barris,49,Canyelles,105,1,13,2
2026-01-01,8,Nou Barris,49,Canyelles,99,1,14,1
2026-01-01,8,Nou Barris,49,Canyelles,104,1,14,2
2026-01-01,8,Nou Barris,49,Canyelles,57,1,15,1
2026-01-01,8,Nou Barris,49,Canyelles,43,1,15,2
2026-01-01,8,Nou Barris,49,Canyelles,35,1,16,1
2026-01-01,8,Nou Barris,49,Canyelles,23,1,16,2
2026-01-01,8,Nou Barris,49,Canyelles,21,1,17,1
2026-01-01,8,Nou Barris,49,Canyelles,9,1,17,2
2026-01-01,8,Nou Barris,49,Canyelles,8,1,18,1
2026-01-01,8,Nou Barris,49,Canyelles,6,1,18,2
2026-01-01,8,Nou Barris,49,Canyelles,..,1,19,2
2026-01-01,8,Nou Barris,49,Canyelles,6,2,0,1
2026-01-01,8,Nou Barris,49,Canyelles,5,2,0,2
2026-01-01,8,Nou Barris,49,Canyelles,..,2,1,1
2026-01-01,8,Nou Barris,49,Canyelles,5,2,1,2
2026-01-01,8,Nou Barris,49,Canyelles,5,2,2,1
2026-01-01,8,Nou Barris,49,Canyelles,8,2,2,2
2026-01-01,8,Nou Barris,49,Canyelles,8,2,3,1
2026-01-01,8,Nou Barris,49,Canyelles,9,2,3,2
2026-01-01,8,Nou Barris,49,Canyelles,11,2,4,1
2026-01-01,8,Nou Barris,49,Canyelles,8,2,4,2
2026-01-01,8,Nou Barris,49,Canyelles,13,2,5,1
2026-01-01,8,Nou Barris,49,Canyelles,12,2,5,2
2026-01-01,8,Nou Barris,49,Canyelles,13,2,6,1
2026-01-01,8,Nou Barris,49,Canyelles,18,2,6,2
2026-01-01,8,Nou Barris,49,Canyelles,13,2,7,1
2026-01-01,8,Nou Barris,49,Canyelles,10,2,7,2
2026-01-01,8,Nou Barris,49,Canyelles,8,2,8,1
2026-01-01,8,Nou Barris,49,Canyelles,13,2,8,2
2026-01-01,8,Nou Barris,49,Canyelles,14,2,9,1
2026-01-01,8,Nou Barris,49,Canyelles,16,2,9,2
2026-01-01,8,Nou Barris,49,Canyelles,20,2,10,1
2026-01-01,8,Nou Barris,49,Canyelles,13,2,10,2
2026-01-01,8,Nou Barris,49,Canyelles,13,2,11,1
2026-01-01,8,Nou Barris,49,Canyelles,14,2,11,2
2026-01-01,8,Nou Barris,49,Canyelles,11,2,12,1
2026-01-01,8,Nou Barris,49,Canyelles,10,2,12,2
2026-01-01,8,Nou Barris,49,Canyelles,14,2,13,1
2026-01-01,8,Nou Barris,49,Canyelles,8,2,13,2
2026-01-01,8,Nou Barris,49,Canyelles,13,2,14,1
2026-01-01,8,Nou Barris,49,Canyelles,15,2,14,2
2026-01-01,8,Nou Barris,49,Canyelles,11,2,15,1
2026-01-01,8,Nou Barris,49,Canyelles,5,2,15,2
2026-01-01,8,Nou Barris,49,Canyelles,..,2,16,1
2026-01-01,8,Nou Barris,49,Canyelles,..,2,16,2
2026-01-01,8,Nou Barris,49,Canyelles,..,2,17,1
2026-01-01,8,Nou Barris,49,Canyelles,..,2,17,2
2026-01-01,8,Nou Barris,49,Canyelles,..,2,18,1
2026-01-01,8,Nou Barris,49,Canyelles,..,2,18,2
2026-01-01,8,Nou Barris,49,Canyelles,..,3,0,1
2026-01-01,8,Nou Barris,49,Canyelles,..,3,0,2
2026-01-01,8,Nou Barris,49,Canyelles,..,3,1,2
2026-01-01,8,Nou Barris,49,Canyelles,..,3,2,1
2026-01-01,8,Nou Barris,49,Canyelles,..,3,2,2
2026-01-01,8,Nou Barris,49,Canyelles,..,3,3,1
2026-01-01,8,Nou Barris,49,Canyelles,..,3,3,2
2026-01-01,8,Nou Barris,49,Canyelles,..,3,4,1
2026-01-01,8,Nou Barris,49,Canyelles,..,3,4,2
2026-01-01,8,Nou Barris,49,Canyelles,10,3,5,1
2026-01-01,8,Nou Barris,49,Canyelles,5,3,5,2
2026-01-01,8,Nou Barris,49,Canyelles,10,3,6,1
2026-01-01,8,Nou Barris,49,Canyelles,5,3,6,2
2026-01-01,8,Nou Barris,49,Canyelles,10,3,7,1
2026-01-01,8,Nou Barris,49,Canyelles,16,3,7,2
2026-01-01,8,Nou Barris,49,Canyelles,7,3,8,1
2026-01-01,8,Nou Barris,49,Canyelles,16,3,8,2
2026-01-01,8,Nou Barris,49,Canyelles,8,3,9,1
2026-01-01,8,Nou Barris,49,Canyelles,17,3,9,2
2026-01-01,8,Nou Barris,49,Canyelles,13,3,10,1
2026-01-01,8,Nou Barris,49,Canyelles,19,3,10,2
2026-01-01,8,Nou Barris,49,Canyelles,33,3,11,1
2026-01-01,8,Nou Barris,49,Canyelles,23,3,11,2
2026-01-01,8,Nou Barris,49,Canyelles,47,3,12,1
2026-01-01,8,Nou Barris,49,Canyelles,54,3,12,2
2026-01-01,8,Nou Barris,49,Canyelles,145,3,13,1
2026-01-01,8,Nou Barris,49,Canyelles,65,3,13,2
2026-01-01,8,Nou Barris,49,Canyelles,154,3,14,1
2026-01-01,8,Nou Barris,49,Canyelles,137,3,14,2
2026-01-01,8,Nou Barris,49,Canyelles,188,3,15,1
2026-01-01,8,Nou Barris,49,Canyelles,134,3,15,2
2026-01-01,8,Nou Barris,49,Canyelles,144,3,16,1
2026-01-01,8,Nou Barris,49,Canyelles,111,3,16,2
2026-01-01,8,Nou Barris,49,Canyelles,93,3,17,1
2026-01-01,8,Nou Barris,49,Canyelles,57,3,17,2
2026-01-01,8,Nou Barris,49,Canyelles,50,3,18,1
2026-01-01,8,Nou Barris,49,Canyelles,26,3,18,2
2026-01-01,8,Nou Barris,49,Canyelles,14,3,19,1
2026-01-01,8,Nou Barris,49,Canyelles,5,3,19,2
2026-01-01,8,Nou Barris,49,Canyelles,..,4,0,1
2026-01-01,8,Nou Barris,49,Canyelles,..,4,2,1
2026-01-01,8,Nou Barris,49,Canyelles,..,4,2,2
2026-01-01,8,Nou Barris,49,Canyelles,..,4,3,2
2026-01-01,8,Nou Barris,49,Canyelles,..,4,4,1
2026-01-01,8,Nou Barris,49,Canyelles,..,4,4,2
2026-01-01,8,Nou Barris,49,Canyelles,..,4,5,1
2026-01-01,8,Nou Barris,49,Canyelles,..,4,5,2
2026-01-01,8,Nou Barris,49,Canyelles,..,4,6,1
2026-01-01,8,Nou Barris,49,Canyelles,5,4,6,2
2026-01-01,8,Nou Barris,49,Canyelles,..,4,7,1
2026-01-01,8,Nou Barris,49,Canyelles,5,4,7,2
2026-01-01,8,Nou Barris,49,Canyelles,..,4,8,1
2026-01-01,8,Nou Barris,49,Canyelles,..,4,8,2
2026-01-01,8,Nou Barris,49,Canyelles,..,4,9,1
2026-01-01,8,Nou Barris,49,Canyelles,..,4,9,2
2026-01-01,8,Nou Barris,49,Canyelles,7,4,10,1
2026-01-01,8,Nou Barris,49,Canyelles,..,4,10,2
2026-01-01,8,Nou Barris,49,Canyelles,6,4,11,1
2026-01-01,8,Nou Barris,49,Canyelles,..,4,11,2
2026-01-01,8,Nou Barris,49,Canyelles,5,4,12,1
2026-01-01,8,Nou Barris,49,Canyelles,..,4,12,2
2026-01-01,8,Nou Barris,49,Canyelles,..,4,13,1
2026-01-01,8,Nou Barris,49,Canyelles,..,4,13,2
2026-01-01,8,Nou Barris,49,Canyelles,..,4,14,1
2026-01-01,8,Nou Barris,49,Canyelles,..,4,15,1
2026-01-01,8,Nou Barris,49,Canyelles,..,4,16,2
2026-01-01,8,Nou Barris,49,Canyelles,..,4,18,2
2026-01-01,8,Nou Barris,49,Canyelles,..,4,19,2
2026-01-01,8,Nou Barris,49,Canyelles,..,5,0,1
2026-01-01,8,Nou Barris,49,Canyelles,7,5,1,1
2026-01-01,8,Nou Barris,49,Canyelles,..,5,1,2
2026-01-01,8,Nou Barris,49,Canyelles,13,5,2,1
2026-01-01,8,Nou Barris,49,Canyelles,14,5,2,2
2026-01-01,8,Nou Barris,49,Canyelles,16,5,3,1
2026-01-01,8,Nou Barris,49,Canyelles,21,5,3,2
2026-01-01,8,Nou Barris,49,Canyelles,37,5,4,1
2026-01-01,8,Nou Barris,49,Canyelles,45,5,4,2
2026-01-01,8,Nou Barris,49,Canyelles,53,5,5,1
2026-01-01,8,Nou Barris,49,Canyelles,58,5,5,2
2026-01-01,8,Nou Barris,49,Canyelles,69,5,6,1
2026-01-01,8,Nou Barris,49,Canyelles,45,5,6,2
2026-01-01,8,Nou Barris,49,Canyelles,61,5,7,1
2026-01-01,8,Nou Barris,49,Canyelles,59,5,7,2
2026-01-01,8,Nou Barris,49,Canyelles,49,5,8,1
2026-01-01,8,Nou Barris,49,Canyelles,49,5,8,2
2026-01-01,8,Nou Barris,49,Canyelles,74,5,9,1
2026-01-01,8,Nou Barris,49,Canyelles,38,5,9,2
2026-01-01,8,Nou Barris,49,Canyelles,49,5,10,1
2026-01-01,8,Nou Barris,49,Canyelles,36,5,10,2
2026-01-01,8,Nou Barris,49,Canyelles,56,5,11,1
2026-01-01,8,Nou Barris,49,Canyelles,31,5,11,2
2026-01-01,8,Nou Barris,49,Canyelles,29,5,12,1
2026-01-01,8,Nou Barris,49,Canyelles,18,5,12,2
2026-01-01,8,Nou Barris,49,Canyelles,19,5,13,1
2026-01-01,8,Nou Barris,49,Canyelles,12,5,13,2
2026-01-01,8,Nou Barris,49,Canyelles,22,5,14,1
2026-01-01,8,Nou Barris,49,Canyelles,7,5,14,2
2026-01-01,8,Nou Barris,49,Canyelles,6,5,15,1
2026-01-01,8,Nou Barris,49,Canyelles,7,5,15,2
2026-01-01,8,Nou Barris,49,Canyelles,..,5,16,1
2026-01-01,8,Nou Barris,49,Canyelles,8,5,16,2
2026-01-01,8,Nou Barris,49,Canyelles,..,5,17,1
2026-01-01,8,Nou Barris,49,Canyelles,..,5,18,1
2026-01-01,8,Nou Barris,49,Canyelles,..,5,18,2
2026-01-01,8,Nou Barris,50,les Roquetes,274,1,0,1
2026-01-01,8,Nou Barris,50,les Roquetes,305,1,0,2
2026-01-01,8,Nou Barris,50,les Roquetes,297,1,1,1
2026-01-01,8,Nou Barris,50,les Roquetes,311,1,1,2
2026-01-01,8,Nou Barris,50,les Roquetes,319,1,2,1
2026-01-01,8,Nou Barris,50,les Roquetes,267,1,2,2
2026-01-01,8,Nou Barris,50,les Roquetes,273,1,3,1
2026-01-01,8,Nou Barris,50,les Roquetes,302,1,3,2
2026-01-01,8,Nou Barris,50,les Roquetes,216,1,4,1
2026-01-01,8,Nou Barris,50,les Roquetes,262,1,4,2
2026-01-01,8,Nou Barris,50,les Roquetes,172,1,5,1
2026-01-01,8,Nou Barris,50,les Roquetes,182,1,5,2
2026-01-01,8,Nou Barris,50,les Roquetes,148,1,6,1
2026-01-01,8,Nou Barris,50,les Roquetes,185,1,6,2
2026-01-01,8,Nou Barris,50,les Roquetes,179,1,7,1
2026-01-01,8,Nou Barris,50,les Roquetes,180,1,7,2
2026-01-01,8,Nou Barris,50,les Roquetes,196,1,8,1
2026-01-01,8,Nou Barris,50,les Roquetes,208,1,8,2
2026-01-01,8,Nou Barris,50,les Roquetes,248,1,9,1
2026-01-01,8,Nou Barris,50,les Roquetes,289,1,9,2
2026-01-01,8,Nou Barris,50,les Roquetes,294,1,10,1
2026-01-01,8,Nou Barris,50,les Roquetes,282,1,10,2
2026-01-01,8,Nou Barris,50,les Roquetes,290,1,11,1
2026-01-01,8,Nou Barris,50,les Roquetes,288,1,11,2
2026-01-01,8,Nou Barris,50,les Roquetes,231,1,12,1
2026-01-01,8,Nou Barris,50,les Roquetes,188,1,12,2
2026-01-01,8,Nou Barris,50,les Roquetes,163,1,13,1
2026-01-01,8,Nou Barris,50,les Roquetes,127,1,13,2
2026-01-01,8,Nou Barris,50,les Roquetes,78,1,14,1
2026-01-01,8,Nou Barris,50,les Roquetes,66,1,14,2
2026-01-01,8,Nou Barris,50,les Roquetes,45,1,15,1
2026-01-01,8,Nou Barris,50,les Roquetes,46,1,15,2
2026-01-01,8,Nou Barris,50,les Roquetes,31,1,16,1
2026-01-01,8,Nou Barris,50,les Roquetes,24,1,16,2
2026-01-01,8,Nou Barris,50,les Roquetes,16,1,17,1
2026-01-01,8,Nou Barris,50,les Roquetes,8,1,17,2
2026-01-01,8,Nou Barris,50,les Roquetes,10,1,18,1
2026-01-01,8,Nou Barris,50,les Roquetes,..,1,18,2
2026-01-01,8,Nou Barris,50,les Roquetes,..,1,19,1
2026-01-01,8,Nou Barris,50,les Roquetes,..,1,20,1
2026-01-01,8,Nou Barris,50,les Roquetes,27,2,0,1
2026-01-01,8,Nou Barris,50,les Roquetes,32,2,0,2
2026-01-01,8,Nou Barris,50,les Roquetes,14,2,1,1
2026-01-01,8,Nou Barris,50,les Roquetes,18,2,1,2
2026-01-01,8,Nou Barris,50,les Roquetes,29,2,2,1
2026-01-01,8,Nou Barris,50,les Roquetes,29,2,2,2
2026-01-01,8,Nou Barris,50,les Roquetes,33,2,3,1
2026-01-01,8,Nou Barris,50,les Roquetes,32,2,3,2
2026-01-01,8,Nou Barris,50,les Roquetes,31,2,4,1
2026-01-01,8,Nou Barris,50,les Roquetes,27,2,4,2
2026-01-01,8,Nou Barris,50,les Roquetes,20,2,5,1
2026-01-01,8,Nou Barris,50,les Roquetes,18,2,5,2
2026-01-01,8,Nou Barris,50,les Roquetes,28,2,6,1
2026-01-01,8,Nou Barris,50,les Roquetes,27,2,6,2
2026-01-01,8,Nou Barris,50,les Roquetes,19,2,7,1
2026-01-01,8,Nou Barris,50,les Roquetes,17,2,7,2
2026-01-01,8,Nou Barris,50,les Roquetes,15,2,8,1
2026-01-01,8,Nou Barris,50,les Roquetes,26,2,8,2
2026-01-01,8,Nou Barris,50,les Roquetes,18,2,9,1
2026-01-01,8,Nou Barris,50,les Roquetes,27,2,9,2
2026-01-01,8,Nou Barris,50,les Roquetes,14,2,10,1
2026-01-01,8,Nou Barris,50,les Roquetes,32,2,10,2
2026-01-01,8,Nou Barris,50,les Roquetes,22,2,11,1
2026-01-01,8,Nou Barris,50,les Roquetes,26,2,11,2
2026-01-01,8,Nou Barris,50,les Roquetes,21,2,12,1
2026-01-01,8,Nou Barris,50,les Roquetes,13,2,12,2
2026-01-01,8,Nou Barris,50,les Roquetes,18,2,13,1
2026-01-01,8,Nou Barris,50,les Roquetes,8,2,13,2
2026-01-01,8,Nou Barris,50,les Roquetes,14,2,14,1
2026-01-01,8,Nou Barris,50,les Roquetes,11,2,14,2
2026-01-01,8,Nou Barris,50,les Roquetes,..,2,15,1
2026-01-01,8,Nou Barris,50,les Roquetes,7,2,15,2
2026-01-01,8,Nou Barris,50,les Roquetes,5,2,16,1
2026-01-01,8,Nou Barris,50,les Roquetes,..,2,16,2
2026-01-01,8,Nou Barris,50,les Roquetes,6,2,17,1
2026-01-01,8,Nou Barris,50,les Roquetes,..,2,17,2
2026-01-01,8,Nou Barris,50,les Roquetes,..,2,18,1
2026-01-01,8,Nou Barris,50,les Roquetes,..,2,19,1
2026-01-01,8,Nou Barris,50,les Roquetes,..,2,19,2
2026-01-01,8,Nou Barris,50,les Roquetes,..,3,0,1
2026-01-01,8,Nou Barris,50,les Roquetes,..,3,0,2
2026-01-01,8,Nou Barris,50,les Roquetes,..,3,1,1
2026-01-01,8,Nou Barris,50,les Roquetes,..,3,1,2
2026-01-01,8,Nou Barris,50,les Roquetes,5,3,2,1
2026-01-01,8,Nou Barris,50,les Roquetes,7,3,2,2
2026-01-01,8,Nou Barris,50,les Roquetes,8,3,3,1
2026-01-01,8,Nou Barris,50,les Roquetes,8,3,3,2
2026-01-01,8,Nou Barris,50,les Roquetes,9,3,4,1
2026-01-01,8,Nou Barris,50,les Roquetes,14,3,4,2
2026-01-01,8,Nou Barris,50,les Roquetes,16,3,5,1
2026-01-01,8,Nou Barris,50,les Roquetes,12,3,5,2
2026-01-01,8,Nou Barris,50,les Roquetes,29,3,6,1
2026-01-01,8,Nou Barris,50,les Roquetes,14,3,6,2
2026-01-01,8,Nou Barris,50,les Roquetes,18,3,7,1
2026-01-01,8,Nou Barris,50,les Roquetes,16,3,7,2
2026-01-01,8,Nou Barris,50,les Roquetes,21,3,8,1
2026-01-01,8,Nou Barris,50,les Roquetes,22,3,8,2
2026-01-01,8,Nou Barris,50,les Roquetes,19,3,9,1
2026-01-01,8,Nou Barris,50,les Roquetes,18,3,9,2
2026-01-01,8,Nou Barris,50,les Roquetes,38,3,10,1
2026-01-01,8,Nou Barris,50,les Roquetes,28,3,10,2
2026-01-01,8,Nou Barris,50,les Roquetes,53,3,11,1
2026-01-01,8,Nou Barris,50,les Roquetes,66,3,11,2
2026-01-01,8,Nou Barris,50,les Roquetes,92,3,12,1
2026-01-01,8,Nou Barris,50,les Roquetes,102,3,12,2
2026-01-01,8,Nou Barris,50,les Roquetes,156,3,13,1
2026-01-01,8,Nou Barris,50,les Roquetes,125,3,13,2
2026-01-01,8,Nou Barris,50,les Roquetes,179,3,14,1
2026-01-01,8,Nou Barris,50,les Roquetes,143,3,14,2
2026-01-01,8,Nou Barris,50,les Roquetes,279,3,15,1
2026-01-01,8,Nou Barris,50,les Roquetes,178,3,15,2
2026-01-01,8,Nou Barris,50,les Roquetes,223,3,16,1
2026-01-01,8,Nou Barris,50,les Roquetes,172,3,16,2
2026-01-01,8,Nou Barris,50,les Roquetes,161,3,17,1
2026-01-01,8,Nou Barris,50,les Roquetes,88,3,17,2
2026-01-01,8,Nou Barris,50,les Roquetes,86,3,18,1
2026-01-01,8,Nou Barris,50,les Roquetes,54,3,18,2
2026-01-01,8,Nou Barris,50,les Roquetes,21,3,19,1
2026-01-01,8,Nou Barris,50,les Roquetes,5,3,19,2
2026-01-01,8,Nou Barris,50,les Roquetes,5,3,20,1
2026-01-01,8,Nou Barris,50,les Roquetes,..,3,20,2
2026-01-01,8,Nou Barris,50,les Roquetes,..,4,0,1
2026-01-01,8,Nou Barris,50,les Roquetes,..,4,0,2
2026-01-01,8,Nou Barris,50,les Roquetes,..,4,1,1
2026-01-01,8,Nou Barris,50,les Roquetes,..,4,1,2
2026-01-01,8,Nou Barris,50,les Roquetes,6,4,2,1
2026-01-01,8,Nou Barris,50,les Roquetes,..,4,2,2
2026-01-01,8,Nou Barris,50,les Roquetes,6,4,3,1
2026-01-01,8,Nou Barris,50,les Roquetes,..,4,3,2
2026-01-01,8,Nou Barris,50,les Roquetes,9,4,4,1
2026-01-01,8,Nou Barris,50,les Roquetes,8,4,4,2
2026-01-01,8,Nou Barris,50,les Roquetes,19,4,5,1
2026-01-01,8,Nou Barris,50,les Roquetes,13,4,5,2
2026-01-01,8,Nou Barris,50,les Roquetes,23,4,6,1
2026-01-01,8,Nou Barris,50,les Roquetes,18,4,6,2
2026-01-01,8,Nou Barris,50,les Roquetes,19,4,7,1
2026-01-01,8,Nou Barris,50,les Roquetes,24,4,7,2
2026-01-01,8,Nou Barris,50,les Roquetes,29,4,8,1
2026-01-01,8,Nou Barris,50,les Roquetes,19,4,8,2
2026-01-01,8,Nou Barris,50,les Roquetes,18,4,9,1
2026-01-01,8,Nou Barris,50,les Roquetes,31,4,9,2
2026-01-01,8,Nou Barris,50,les Roquetes,13,4,10,1
2026-01-01,8,Nou Barris,50,les Roquetes,12,4,10,2
2026-01-01,8,Nou Barris,50,les Roquetes,7,4,11,1
2026-01-01,8,Nou Barris,50,les Roquetes,13,4,11,2
2026-01-01,8,Nou Barris,50,les Roquetes,6,4,12,1
2026-01-01,8,Nou Barris,50,les Roquetes,7,4,12,2
2026-01-01,8,Nou Barris,50,les Roquetes,..,4,13,1
2026-01-01,8,Nou Barris,50,les Roquetes,5,4,13,2
2026-01-01,8,Nou Barris,50,les Roquetes,..,4,14,1
2026-01-01,8,Nou Barris,50,les Roquetes,..,4,14,2
2026-01-01,8,Nou Barris,50,les Roquetes,..,4,16,1
2026-01-01,8,Nou Barris,50,les Roquetes,..,4,16,2
2026-01-01,8,Nou Barris,50,les Roquetes,..,4,17,2
2026-01-01,8,Nou Barris,50,les Roquetes,20,5,0,1
2026-01-01,8,Nou Barris,50,les Roquetes,26,5,0,2
2026-01-01,8,Nou Barris,50,les Roquetes,84,5,1,1
2026-01-01,8,Nou Barris,50,les Roquetes,92,5,1,2
2026-01-01,8,Nou Barris,50,les Roquetes,158,5,2,1
2026-01-01,8,Nou Barris,50,les Roquetes,138,5,2,2
2026-01-01,8,Nou Barris,50,les Roquetes,131,5,3,1
2026-01-01,8,Nou Barris,50,les Roquetes,159,5,3,2
2026-01-01,8,Nou Barris,50,les Roquetes,271,5,4,1
2026-01-01,8,Nou Barris,50,les Roquetes,297,5,4,2
2026-01-01,8,Nou Barris,50,les Roquetes,408,5,5,1
2026-01-01,8,Nou Barris,50,les Roquetes,432,5,5,2
2026-01-01,8,Nou Barris,50,les Roquetes,488,5,6,1
2026-01-01,8,Nou Barris,50,les Roquetes,488,5,6,2
2026-01-01,8,Nou Barris,50,les Roquetes,391,5,7,1
2026-01-01,8,Nou Barris,50,les Roquetes,407,5,7,2
2026-01-01,8,Nou Barris,50,les Roquetes,411,5,8,1
2026-01-01,8,Nou Barris,50,les Roquetes,351,5,8,2
2026-01-01,8,Nou Barris,50,les Roquetes,385,5,9,1
2026-01-01,8,Nou Barris,50,les Roquetes,362,5,9,2
2026-01-01,8,Nou Barris,50,les Roquetes,287,5,10,1
2026-01-01,8,Nou Barris,50,les Roquetes,241,5,10,2
2026-01-01,8,Nou Barris,50,les Roquetes,214,5,11,1
2026-01-01,8,Nou Barris,50,les Roquetes,183,5,11,2
2026-01-01,8,Nou Barris,50,les Roquetes,164,5,12,1
2026-01-01,8,Nou Barris,50,les Roquetes,106,5,12,2
2026-01-01,8,Nou Barris,50,les Roquetes,116,5,13,1
2026-01-01,8,Nou Barris,50,les Roquetes,85,5,13,2
2026-01-01,8,Nou Barris,50,les Roquetes,69,5,14,1
2026-01-01,8,Nou Barris,50,les Roquetes,26,5,14,2
2026-01-01,8,Nou Barris,50,les Roquetes,24,5,15,1
2026-01-01,8,Nou Barris,50,les Roquetes,16,5,15,2
2026-01-01,8,Nou Barris,50,les Roquetes,12,5,16,1
2026-01-01,8,Nou Barris,50,les Roquetes,7,5,16,2
2026-01-01,8,Nou Barris,50,les Roquetes,..,5,17,1
2026-01-01,8,Nou Barris,50,les Roquetes,..,5,17,2
2026-01-01,8,Nou Barris,50,les Roquetes,..,5,18,1
2026-01-01,8,Nou Barris,50,les Roquetes,..,5,19,1
2026-01-01,8,Nou Barris,50,les Roquetes,..,6,8,1
2026-01-01,8,Nou Barris,50,les Roquetes,..,6,8,2
2026-01-01,8,Nou Barris,51,Verdun,181,1,0,1
2026-01-01,8,Nou Barris,51,Verdun,177,1,0,2
2026-01-01,8,Nou Barris,51,Verdun,180,1,1,1
2026-01-01,8,Nou Barris,51,Verdun,231,1,1,2
2026-01-01,8,Nou Barris,51,Verdun,211,1,2,1
2026-01-01,8,Nou Barris,51,Verdun,196,1,2,2
2026-01-01,8,Nou Barris,51,Verdun,209,1,3,1
2026-01-01,8,Nou Barris,51,Verdun,213,1,3,2
2026-01-01,8,Nou Barris,51,Verdun,173,1,4,1
2026-01-01,8,Nou Barris,51,Verdun,162,1,4,2
2026-01-01,8,Nou Barris,51,Verdun,126,1,5,1
2026-01-01,8,Nou Barris,51,Verdun,136,1,5,2
2026-01-01,8,Nou Barris,51,Verdun,117,1,6,1
2026-01-01,8,Nou Barris,51,Verdun,126,1,6,2
2026-01-01,8,Nou Barris,51,Verdun,129,1,7,1
2026-01-01,8,Nou Barris,51,Verdun,144,1,7,2
2026-01-01,8,Nou Barris,51,Verdun,163,1,8,1
2026-01-01,8,Nou Barris,51,Verdun,139,1,8,2
2026-01-01,8,Nou Barris,51,Verdun,218,1,9,1
2026-01-01,8,Nou Barris,51,Verdun,189,1,9,2
2026-01-01,8,Nou Barris,51,Verdun,293,1,10,1
2026-01-01,8,Nou Barris,51,Verdun,256,1,10,2
2026-01-01,8,Nou Barris,51,Verdun,254,1,11,1
2026-01-01,8,Nou Barris,51,Verdun,241,1,11,2
2026-01-01,8,Nou Barris,51,Verdun,191,1,12,1
2026-01-01,8,Nou Barris,51,Verdun,168,1,12,2
2026-01-01,8,Nou Barris,51,Verdun,134,1,13,1
2026-01-01,8,Nou Barris,51,Verdun,114,1,13,2
2026-01-01,8,Nou Barris,51,Verdun,71,1,14,1
2026-01-01,8,Nou Barris,51,Verdun,59,1,14,2
2026-01-01,8,Nou Barris,51,Verdun,55,1,15,1
2026-01-01,8,Nou Barris,51,Verdun,35,1,15,2
2026-01-01,8,Nou Barris,51,Verdun,42,1,16,1
2026-01-01,8,Nou Barris,51,Verdun,30,1,16,2
2026-01-01,8,Nou Barris,51,Verdun,25,1,17,1
2026-01-01,8,Nou Barris,51,Verdun,17,1,17,2
2026-01-01,8,Nou Barris,51,Verdun,14,1,18,1
2026-01-01,8,Nou Barris,51,Verdun,..,1,18,2
2026-01-01,8,Nou Barris,51,Verdun,..,1,19,1
2026-01-01,8,Nou Barris,51,Verdun,8,2,0,1
2026-01-01,8,Nou Barris,51,Verdun,18,2,0,2
2026-01-01,8,Nou Barris,51,Verdun,12,2,1,1
2026-01-01,8,Nou Barris,51,Verdun,15,2,1,2
2026-01-01,8,Nou Barris,51,Verdun,14,2,2,1
2026-01-01,8,Nou Barris,51,Verdun,12,2,2,2
2026-01-01,8,Nou Barris,51,Verdun,26,2,3,1
2026-01-01,8,Nou Barris,51,Verdun,34,2,3,2
2026-01-01,8,Nou Barris,51,Verdun,20,2,4,1
2026-01-01,8,Nou Barris,51,Verdun,28,2,4,2
2026-01-01,8,Nou Barris,51,Verdun,22,2,5,1
2026-01-01,8,Nou Barris,51,Verdun,17,2,5,2
2026-01-01,8,Nou Barris,51,Verdun,18,2,6,1
2026-01-01,8,Nou Barris,51,Verdun,18,2,6,2
2026-01-01,8,Nou Barris,51,Verdun,18,2,7,1
2026-01-01,8,Nou Barris,51,Verdun,18,2,7,2
2026-01-01,8,Nou Barris,51,Verdun,16,2,8,1
2026-01-01,8,Nou Barris,51,Verdun,18,2,8,2
2026-01-01,8,Nou Barris,51,Verdun,22,2,9,1
2026-01-01,8,Nou Barris,51,Verdun,31,2,9,2
2026-01-01,8,Nou Barris,51,Verdun,17,2,10,1
2026-01-01,8,Nou Barris,51,Verdun,18,2,10,2
2026-01-01,8,Nou Barris,51,Verdun,13,2,11,1
2026-01-01,8,Nou Barris,51,Verdun,22,2,11,2
2026-01-01,8,Nou Barris,51,Verdun,16,2,12,1
2026-01-01,8,Nou Barris,51,Verdun,14,2,12,2
2026-01-01,8,Nou Barris,51,Verdun,18,2,13,1
2026-01-01,8,Nou Barris,51,Verdun,14,2,13,2
2026-01-01,8,Nou Barris,51,Verdun,10,2,14,1
2026-01-01,8,Nou Barris,51,Verdun,9,2,14,2
2026-01-01,8,Nou Barris,51,Verdun,..,2,15,1
2026-01-01,8,Nou Barris,51,Verdun,6,2,15,2
2026-01-01,8,Nou Barris,51,Verdun,8,2,16,1
2026-01-01,8,Nou Barris,51,Verdun,6,2,16,2
2026-01-01,8,Nou Barris,51,Verdun,8,2,17,1
2026-01-01,8,Nou Barris,51,Verdun,..,2,17,2
2026-01-01,8,Nou Barris,51,Verdun,10,2,18,1
2026-01-01,8,Nou Barris,51,Verdun,5,2,18,2
2026-01-01,8,Nou Barris,51,Verdun,..,2,19,1
2026-01-01,8,Nou Barris,51,Verdun,..,3,0,2
2026-01-01,8,Nou Barris,51,Verdun,..,3,1,1
2026-01-01,8,Nou Barris,51,Verdun,..,3,1,2
2026-01-01,8,Nou Barris,51,Verdun,6,3,2,1
2026-01-01,8,Nou Barris,51,Verdun,..,3,2,2
2026-01-01,8,Nou Barris,51,Verdun,8,3,3,1
2026-01-01,8,Nou Barris,51,Verdun,9,3,3,2
2026-01-01,8,Nou Barris,51,Verdun,14,3,4,1
2026-01-01,8,Nou Barris,51,Verdun,9,3,4,2
2026-01-01,8,Nou Barris,51,Verdun,19,3,5,1
2026-01-01,8,Nou Barris,51,Verdun,12,3,5,2
2026-01-01,8,Nou Barris,51,Verdun,18,3,6,1
2026-01-01,8,Nou Barris,51,Verdun,16,3,6,2
2026-01-01,8,Nou Barris,51,Verdun,22,3,7,1
2026-01-01,8,Nou Barris,51,Verdun,19,3,7,2
2026-01-01,8,Nou Barris,51,Verdun,23,3,8,1
2026-01-01,8,Nou Barris,51,Verdun,14,3,8,2
2026-01-01,8,Nou Barris,51,Verdun,15,3,9,1
2026-01-01,8,Nou Barris,51,Verdun,27,3,9,2
2026-01-01,8,Nou Barris,51,Verdun,22,3,10,1
2026-01-01,8,Nou Barris,51,Verdun,21,3,10,2
2026-01-01,8,Nou Barris,51,Verdun,47,3,11,1
2026-01-01,8,Nou Barris,51,Verdun,41,3,11,2
2026-01-01,8,Nou Barris,51,Verdun,82,3,12,1
2026-01-01,8,Nou Barris,51,Verdun,68,3,12,2
2026-01-01,8,Nou Barris,51,Verdun,126,3,13,1
2026-01-01,8,Nou Barris,51,Verdun,83,3,13,2
2026-01-01,8,Nou Barris,51,Verdun,162,3,14,1
2026-01-01,8,Nou Barris,51,Verdun,114,3,14,2
2026-01-01,8,Nou Barris,51,Verdun,203,3,15,1
2026-01-01,8,Nou Barris,51,Verdun,136,3,15,2
2026-01-01,8,Nou Barris,51,Verdun,215,3,16,1
2026-01-01,8,Nou Barris,51,Verdun,123,3,16,2
2026-01-01,8,Nou Barris,51,Verdun,171,3,17,1
2026-01-01,8,Nou Barris,51,Verdun,95,3,17,2
2026-01-01,8,Nou Barris,51,Verdun,84,3,18,1
2026-01-01,8,Nou Barris,51,Verdun,34,3,18,2
2026-01-01,8,Nou Barris,51,Verdun,25,3,19,1
2026-01-01,8,Nou Barris,51,Verdun,..,3,19,2
2026-01-01,8,Nou Barris,51,Verdun,..,3,20,1
2026-01-01,8,Nou Barris,51,Verdun,..,3,20,2
2026-01-01,8,Nou Barris,51,Verdun,..,4,0,2
2026-01-01,8,Nou Barris,51,Verdun,..,4,1,1
2026-01-01,8,Nou Barris,51,Verdun,..,4,1,2
2026-01-01,8,Nou Barris,51,Verdun,..,4,2,1
2026-01-01,8,Nou Barris,51,Verdun,..,4,2,2
2026-01-01,8,Nou Barris,51,Verdun,..,4,3,1
2026-01-01,8,Nou Barris,51,Verdun,..,4,3,2
2026-01-01,8,Nou Barris,51,Verdun,..,4,4,1
2026-01-01,8,Nou Barris,51,Verdun,8,4,4,2
2026-01-01,8,Nou Barris,51,Verdun,15,4,5,1
2026-01-01,8,Nou Barris,51,Verdun,14,4,5,2
2026-01-01,8,Nou Barris,51,Verdun,24,4,6,1
2026-01-01,8,Nou Barris,51,Verdun,14,4,6,2
2026-01-01,8,Nou Barris,51,Verdun,23,4,7,1
2026-01-01,8,Nou Barris,51,Verdun,18,4,7,2
2026-01-01,8,Nou Barris,51,Verdun,23,4,8,1
2026-01-01,8,Nou Barris,51,Verdun,12,4,8,2
2026-01-01,8,Nou Barris,51,Verdun,10,4,9,1
2026-01-01,8,Nou Barris,51,Verdun,15,4,9,2
2026-01-01,8,Nou Barris,51,Verdun,10,4,10,1
2026-01-01,8,Nou Barris,51,Verdun,7,4,10,2
2026-01-01,8,Nou Barris,51,Verdun,8,4,11,1
2026-01-01,8,Nou Barris,51,Verdun,10,4,11,2
2026-01-01,8,Nou Barris,51,Verdun,6,4,12,1
2026-01-01,8,Nou Barris,51,Verdun,6,4,12,2
2026-01-01,8,Nou Barris,51,Verdun,7,4,13,1
2026-01-01,8,Nou Barris,51,Verdun,5,4,13,2
2026-01-01,8,Nou Barris,51,Verdun,..,4,14,1
2026-01-01,8,Nou Barris,51,Verdun,..,4,15,1
2026-01-01,8,Nou Barris,51,Verdun,..,4,15,2
2026-01-01,8,Nou Barris,51,Verdun,..,4,16,1
2026-01-01,8,Nou Barris,51,Verdun,..,4,16,2
2026-01-01,8,Nou Barris,51,Verdun,..,4,17,2
2026-01-01,8,Nou Barris,51,Verdun,..,4,20,1
2026-01-01,8,Nou Barris,51,Verdun,12,5,0,1
2026-01-01,8,Nou Barris,51,Verdun,10,5,0,2
2026-01-01,8,Nou Barris,51,Verdun,45,5,1,1
2026-01-01,8,Nou Barris,51,Verdun,46,5,1,2
2026-01-01,8,Nou Barris,51,Verdun,85,5,2,1
2026-01-01,8,Nou Barris,51,Verdun,96,5,2,2
2026-01-01,8,Nou Barris,51,Verdun,101,5,3,1
2026-01-01,8,Nou Barris,51,Verdun,120,5,3,2
2026-01-01,8,Nou Barris,51,Verdun,168,5,4,1
2026-01-01,8,Nou Barris,51,Verdun,192,5,4,2
2026-01-01,8,Nou Barris,51,Verdun,281,5,5,1
2026-01-01,8,Nou Barris,51,Verdun,304,5,5,2
2026-01-01,8,Nou Barris,51,Verdun,348,5,6,1
2026-01-01,8,Nou Barris,51,Verdun,298,5,6,2
2026-01-01,8,Nou Barris,51,Verdun,322,5,7,1
2026-01-01,8,Nou Barris,51,Verdun,282,5,7,2
2026-01-01,8,Nou Barris,51,Verdun,308,5,8,1
2026-01-01,8,Nou Barris,51,Verdun,264,5,8,2
2026-01-01,8,Nou Barris,51,Verdun,294,5,9,1
2026-01-01,8,Nou Barris,51,Verdun,246,5,9,2
2026-01-01,8,Nou Barris,51,Verdun,218,5,10,1
2026-01-01,8,Nou Barris,51,Verdun,201,5,10,2
2026-01-01,8,Nou Barris,51,Verdun,202,5,11,1
2026-01-01,8,Nou Barris,51,Verdun,131,5,11,2
2026-01-01,8,Nou Barris,51,Verdun,139,5,12,1
2026-01-01,8,Nou Barris,51,Verdun,98,5,12,2
2026-01-01,8,Nou Barris,51,Verdun,100,5,13,1
2026-01-01,8,Nou Barris,51,Verdun,62,5,13,2
2026-01-01,8,Nou Barris,51,Verdun,46,5,14,1
2026-01-01,8,Nou Barris,51,Verdun,36,5,14,2
2026-01-01,8,Nou Barris,51,Verdun,28,5,15,1
2026-01-01,8,Nou Barris,51,Verdun,12,5,15,2
2026-01-01,8,Nou Barris,51,Verdun,12,5,16,1
2026-01-01,8,Nou Barris,51,Verdun,5,5,16,2
2026-01-01,8,Nou Barris,51,Verdun,8,5,17,1
2026-01-01,8,Nou Barris,51,Verdun,..,5,17,2
2026-01-01,8,Nou Barris,51,Verdun,..,5,18,1
2026-01-01,8,Nou Barris,51,Verdun,..,5,18,2
2026-01-01,8,Nou Barris,51,Verdun,..,6,12,1
2026-01-01,8,Nou Barris,52,la Prosperitat,363,1,0,1
2026-01-01,8,Nou Barris,52,la Prosperitat,354,1,0,2
2026-01-01,8,Nou Barris,52,la Prosperitat,377,1,1,1
2026-01-01,8,Nou Barris,52,la Prosperitat,389,1,1,2
2026-01-01,8,Nou Barris,52,la Prosperitat,399,1,2,1
2026-01-01,8,Nou Barris,52,la Prosperitat,415,1,2,2
2026-01-01,8,Nou Barris,52,la Prosperitat,453,1,3,1
2026-01-01,8,Nou Barris,52,la Prosperitat,464,1,3,2
2026-01-01,8,Nou Barris,52,la Prosperitat,377,1,4,1
2026-01-01,8,Nou Barris,52,la Prosperitat,405,1,4,2
2026-01-01,8,Nou Barris,52,la Prosperitat,349,1,5,1
2026-01-01,8,Nou Barris,52,la Prosperitat,366,1,5,2
2026-01-01,8,Nou Barris,52,la Prosperitat,320,1,6,1
2026-01-01,8,Nou Barris,52,la Prosperitat,274,1,6,2
2026-01-01,8,Nou Barris,52,la Prosperitat,281,1,7,1
2026-01-01,8,Nou Barris,52,la Prosperitat,304,1,7,2
2026-01-01,8,Nou Barris,52,la Prosperitat,329,1,8,1
2026-01-01,8,Nou Barris,52,la Prosperitat,363,1,8,2
2026-01-01,8,Nou Barris,52,la Prosperitat,474,1,9,1
2026-01-01,8,Nou Barris,52,la Prosperitat,528,1,9,2
2026-01-01,8,Nou Barris,52,la Prosperitat,601,1,10,1
2026-01-01,8,Nou Barris,52,la Prosperitat,563,1,10,2
2026-01-01,8,Nou Barris,52,la Prosperitat,566,1,11,1
2026-01-01,8,Nou Barris,52,la Prosperitat,540,1,11,2
2026-01-01,8,Nou Barris,52,la Prosperitat,405,1,12,1
2026-01-01,8,Nou Barris,52,la Prosperitat,385,1,12,2
2026-01-01,8,Nou Barris,52,la Prosperitat,271,1,13,1
2026-01-01,8,Nou Barris,52,la Prosperitat,227,1,13,2
2026-01-01,8,Nou Barris,52,la Prosperitat,167,1,14,1
2026-01-01,8,Nou Barris,52,la Prosperitat,149,1,14,2
2026-01-01,8,Nou Barris,52,la Prosperitat,145,1,15,1
2026-01-01,8,Nou Barris,52,la Prosperitat,107,1,15,2
2026-01-01,8,Nou Barris,52,la Prosperitat,101,1,16,1
2026-01-01,8,Nou Barris,52,la Prosperitat,65,1,16,2
2026-01-01,8,Nou Barris,52,la Prosperitat,78,1,17,1
2026-01-01,8,Nou Barris,52,la Prosperitat,35,1,17,2
2026-01-01,8,Nou Barris,52,la Prosperitat,34,1,18,1
2026-01-01,8,Nou Barris,52,la Prosperitat,16,1,18,2
2026-01-01,8,Nou Barris,52,la Prosperitat,16,1,19,1
2026-01-01,8,Nou Barris,52,la Prosperitat,..,1,19,2
2026-01-01,8,Nou Barris,52,la Prosperitat,..,1,20,1
2026-01-01,8,Nou Barris,52,la Prosperitat,..,1,20,2
2026-01-01,8,Nou Barris,52,la Prosperitat,18,2,0,1
2026-01-01,8,Nou Barris,52,la Prosperitat,20,2,0,2
2026-01-01,8,Nou Barris,52,la Prosperitat,32,2,1,1
2026-01-01,8,Nou Barris,52,la Prosperitat,26,2,1,2
2026-01-01,8,Nou Barris,52,la Prosperitat,26,2,2,1
2026-01-01,8,Nou Barris,52,la Prosperitat,26,2,2,2
2026-01-01,8,Nou Barris,52,la Prosperitat,36,2,3,1
2026-01-01,8,Nou Barris,52,la Prosperitat,38,2,3,2
2026-01-01,8,Nou Barris,52,la Prosperitat,44,2,4,1
2026-01-01,8,Nou Barris,52,la Prosperitat,38,2,4,2
2026-01-01,8,Nou Barris,52,la Prosperitat,48,2,5,1
2026-01-01,8,Nou Barris,52,la Prosperitat,34,2,5,2
2026-01-01,8,Nou Barris,52,la Prosperitat,38,2,6,1
2026-01-01,8,Nou Barris,52,la Prosperitat,44,2,6,2
2026-01-01,8,Nou Barris,52,la Prosperitat,40,2,7,1
2026-01-01,8,Nou Barris,52,la Prosperitat,42,2,7,2
2026-01-01,8,Nou Barris,52,la Prosperitat,47,2,8,1
2026-01-01,8,Nou Barris,52,la Prosperitat,46,2,8,2
2026-01-01,8,Nou Barris,52,la Prosperitat,47,2,9,1
2026-01-01,8,Nou Barris,52,la Prosperitat,59,2,9,2
2026-01-01,8,Nou Barris,52,la Prosperitat,46,2,10,1
2026-01-01,8,Nou Barris,52,la Prosperitat,62,2,10,2
2026-01-01,8,Nou Barris,52,la Prosperitat,36,2,11,1
2026-01-01,8,Nou Barris,52,la Prosperitat,51,2,11,2
2026-01-01,8,Nou Barris,52,la Prosperitat,50,2,12,1
2026-01-01,8,Nou Barris,52,la Prosperitat,44,2,12,2
2026-01-01,8,Nou Barris,52,la Prosperitat,19,2,13,1
2026-01-01,8,Nou Barris,52,la Prosperitat,36,2,13,2
2026-01-01,8,Nou Barris,52,la Prosperitat,30,2,14,1
2026-01-01,8,Nou Barris,52,la Prosperitat,22,2,14,2
2026-01-01,8,Nou Barris,52,la Prosperitat,37,2,15,1
2026-01-01,8,Nou Barris,52,la Prosperitat,27,2,15,2
2026-01-01,8,Nou Barris,52,la Prosperitat,22,2,16,1
2026-01-01,8,Nou Barris,52,la Prosperitat,16,2,16,2
2026-01-01,8,Nou Barris,52,la Prosperitat,24,2,17,1
2026-01-01,8,Nou Barris,52,la Prosperitat,16,2,17,2
2026-01-01,8,Nou Barris,52,la Prosperitat,8,2,18,1
2026-01-01,8,Nou Barris,52,la Prosperitat,..,2,18,2
2026-01-01,8,Nou Barris,52,la Prosperitat,6,2,19,1
2026-01-01,8,Nou Barris,52,la Prosperitat,..,2,19,2
2026-01-01,8,Nou Barris,52,la Prosperitat,..,2,20,1
2026-01-01,8,Nou Barris,52,la Prosperitat,..,3,0,1
2026-01-01,8,Nou Barris,52,la Prosperitat,..,3,0,2
2026-01-01,8,Nou Barris,52,la Prosperitat,6,3,1,1
2026-01-01,8,Nou Barris,52,la Prosperitat,5,3,1,2
2026-01-01,8,Nou Barris,52,la Prosperitat,14,3,2,1
2026-01-01,8,Nou Barris,52,la Prosperitat,8,3,2,2
2026-01-01,8,Nou Barris,52,la Prosperitat,17,3,3,1
2026-01-01,8,Nou Barris,52,la Prosperitat,12,3,3,2
2026-01-01,8,Nou Barris,52,la Prosperitat,15,3,4,1
2026-01-01,8,Nou Barris,52,la Prosperitat,19,3,4,2
2026-01-01,8,Nou Barris,52,la Prosperitat,32,3,5,1
2026-01-01,8,Nou Barris,52,la Prosperitat,24,3,5,2
2026-01-01,8,Nou Barris,52,la Prosperitat,48,3,6,1
2026-01-01,8,Nou Barris,52,la Prosperitat,32,3,6,2
2026-01-01,8,Nou Barris,52,la Prosperitat,32,3,7,1
2026-01-01,8,Nou Barris,52,la Prosperitat,30,3,7,2
2026-01-01,8,Nou Barris,52,la Prosperitat,44,3,8,1
2026-01-01,8,Nou Barris,52,la Prosperitat,39,3,8,2
2026-01-01,8,Nou Barris,52,la Prosperitat,39,3,9,1
2026-01-01,8,Nou Barris,52,la Prosperitat,49,3,9,2
2026-01-01,8,Nou Barris,52,la Prosperitat,59,3,10,1
2026-01-01,8,Nou Barris,52,la Prosperitat,61,3,10,2
2026-01-01,8,Nou Barris,52,la Prosperitat,103,3,11,1
2026-01-01,8,Nou Barris,52,la Prosperitat,100,3,11,2
2026-01-01,8,Nou Barris,52,la Prosperitat,189,3,12,1
2026-01-01,8,Nou Barris,52,la Prosperitat,156,3,12,2
2026-01-01,8,Nou Barris,52,la Prosperitat,295,3,13,1
2026-01-01,8,Nou Barris,52,la Prosperitat,231,3,13,2
2026-01-01,8,Nou Barris,52,la Prosperitat,373,3,14,1
2026-01-01,8,Nou Barris,52,la Prosperitat,271,3,14,2
2026-01-01,8,Nou Barris,52,la Prosperitat,553,3,15,1
2026-01-01,8,Nou Barris,52,la Prosperitat,338,3,15,2
2026-01-01,8,Nou Barris,52,la Prosperitat,599,3,16,1
2026-01-01,8,Nou Barris,52,la Prosperitat,391,3,16,2
2026-01-01,8,Nou Barris,52,la Prosperitat,417,3,17,1
2026-01-01,8,Nou Barris,52,la Prosperitat,272,3,17,2
2026-01-01,8,Nou Barris,52,la Prosperitat,230,3,18,1
2026-01-01,8,Nou Barris,52,la Prosperitat,121,3,18,2
2026-01-01,8,Nou Barris,52,la Prosperitat,45,3,19,1
2026-01-01,8,Nou Barris,52,la Prosperitat,19,3,19,2
2026-01-01,8,Nou Barris,52,la Prosperitat,8,3,20,1
2026-01-01,8,Nou Barris,52,la Prosperitat,..,3,20,2
2026-01-01,8,Nou Barris,52,la Prosperitat,..,4,0,1
2026-01-01,8,Nou Barris,52,la Prosperitat,..,4,0,2
2026-01-01,8,Nou Barris,52,la Prosperitat,..,4,1,1
2026-01-01,8,Nou Barris,52,la Prosperitat,..,4,1,2
2026-01-01,8,Nou Barris,52,la Prosperitat,..,4,2,1
2026-01-01,8,Nou Barris,52,la Prosperitat,9,4,2,2
2026-01-01,8,Nou Barris,52,la Prosperitat,5,4,3,1
2026-01-01,8,Nou Barris,52,la Prosperitat,7,4,3,2
2026-01-01,8,Nou Barris,52,la Prosperitat,14,4,4,1
2026-01-01,8,Nou Barris,52,la Prosperitat,6,4,4,2
2026-01-01,8,Nou Barris,52,la Prosperitat,28,4,5,1
2026-01-01,8,Nou Barris,52,la Prosperitat,24,4,5,2
2026-01-01,8,Nou Barris,52,la Prosperitat,44,4,6,1
2026-01-01,8,Nou Barris,52,la Prosperitat,38,4,6,2
2026-01-01,8,Nou Barris,52,la Prosperitat,36,4,7,1
2026-01-01,8,Nou Barris,52,la Prosperitat,37,4,7,2
2026-01-01,8,Nou Barris,52,la Prosperitat,27,4,8,1
2026-01-01,8,Nou Barris,52,la Prosperitat,24,4,8,2
2026-01-01,8,Nou Barris,52,la Prosperitat,22,4,9,1
2026-01-01,8,Nou Barris,52,la Prosperitat,33,4,9,2
2026-01-01,8,Nou Barris,52,la Prosperitat,17,4,10,1
2026-01-01,8,Nou Barris,52,la Prosperitat,27,4,10,2
2026-01-01,8,Nou Barris,52,la Prosperitat,24,4,11,1
2026-01-01,8,Nou Barris,52,la Prosperitat,20,4,11,2
2026-01-01,8,Nou Barris,52,la Prosperitat,21,4,12,1
2026-01-01,8,Nou Barris,52,la Prosperitat,26,4,12,2
2026-01-01,8,Nou Barris,52,la Prosperitat,8,4,13,1
2026-01-01,8,Nou Barris,52,la Prosperitat,9,4,13,2
2026-01-01,8,Nou Barris,52,la Prosperitat,7,4,14,1
2026-01-01,8,Nou Barris,52,la Prosperitat,..,4,14,2
2026-01-01,8,Nou Barris,52,la Prosperitat,5,4,15,1
2026-01-01,8,Nou Barris,52,la Prosperitat,..,4,15,2
2026-01-01,8,Nou Barris,52,la Prosperitat,..,4,16,1
2026-01-01,8,Nou Barris,52,la Prosperitat,..,4,16,2
2026-01-01,8,Nou Barris,52,la Prosperitat,..,4,17,1
2026-01-01,8,Nou Barris,52,la Prosperitat,..,4,17,2
2026-01-01,8,Nou Barris,52,la Prosperitat,..,4,18,1
2026-01-01,8,Nou Barris,52,la Prosperitat,..,4,18,2
2026-01-01,8,Nou Barris,52,la Prosperitat,..,4,19,1
2026-01-01,8,Nou Barris,52,la Prosperitat,35,5,0,1
2026-01-01,8,Nou Barris,52,la Prosperitat,21,5,0,2
2026-01-01,8,Nou Barris,52,la Prosperitat,93,5,1,1
2026-01-01,8,Nou Barris,52,la Prosperitat,94,5,1,2
2026-01-01,8,Nou Barris,52,la Prosperitat,148,5,2,1
2026-01-01,8,Nou Barris,52,la Prosperitat,163,5,2,2
2026-01-01,8,Nou Barris,52,la Prosperitat,153,5,3,1
2026-01-01,8,Nou Barris,52,la Prosperitat,173,5,3,2
2026-01-01,8,Nou Barris,52,la Prosperitat,308,5,4,1
2026-01-01,8,Nou Barris,52,la Prosperitat,379,5,4,2
2026-01-01,8,Nou Barris,52,la Prosperitat,500,5,5,1
2026-01-01,8,Nou Barris,52,la Prosperitat,515,5,5,2
2026-01-01,8,Nou Barris,52,la Prosperitat,581,5,6,1
2026-01-01,8,Nou Barris,52,la Prosperitat,551,5,6,2
2026-01-01,8,Nou Barris,52,la Prosperitat,559,5,7,1
2026-01-01,8,Nou Barris,52,la Prosperitat,499,5,7,2
2026-01-01,8,Nou Barris,52,la Prosperitat,539,5,8,1
2026-01-01,8,Nou Barris,52,la Prosperitat,428,5,8,2
2026-01-01,8,Nou Barris,52,la Prosperitat,526,5,9,1
2026-01-01,8,Nou Barris,52,la Prosperitat,438,5,9,2
2026-01-01,8,Nou Barris,52,la Prosperitat,404,5,10,1
2026-01-01,8,Nou Barris,52,la Prosperitat,334,5,10,2
2026-01-01,8,Nou Barris,52,la Prosperitat,314,5,11,1
2026-01-01,8,Nou Barris,52,la Prosperitat,219,5,11,2
2026-01-01,8,Nou Barris,52,la Prosperitat,242,5,12,1
2026-01-01,8,Nou Barris,52,la Prosperitat,140,5,12,2
2026-01-01,8,Nou Barris,52,la Prosperitat,170,5,13,1
2026-01-01,8,Nou Barris,52,la Prosperitat,102,5,13,2
2026-01-01,8,Nou Barris,52,la Prosperitat,108,5,14,1
2026-01-01,8,Nou Barris,52,la Prosperitat,51,5,14,2
2026-01-01,8,Nou Barris,52,la Prosperitat,56,5,15,1
2026-01-01,8,Nou Barris,52,la Prosperitat,34,5,15,2
2026-01-01,8,Nou Barris,52,la Prosperitat,32,5,16,1
2026-01-01,8,Nou Barris,52,la Prosperitat,19,5,16,2
2026-01-01,8,Nou Barris,52,la Prosperitat,15,5,17,1
2026-01-01,8,Nou Barris,52,la Prosperitat,8,5,17,2
2026-01-01,8,Nou Barris,52,la Prosperitat,..,5,18,1
2026-01-01,8,Nou Barris,52,la Prosperitat,..,5,18,2
2026-01-01,8,Nou Barris,52,la Prosperitat,..,6,5,2
2026-01-01,8,Nou Barris,52,la Prosperitat,..,6,8,1
2026-01-01,8,Nou Barris,52,la Prosperitat,..,6,12,2
2026-01-01,8,Nou Barris,53,la Trinitat Nova,128,1,0,1
2026-01-01,8,Nou Barris,53,la Trinitat Nova,148,1,0,2
2026-01-01,8,Nou Barris,53,la Trinitat Nova,120,1,1,1
2026-01-01,8,Nou Barris,53,la Trinitat Nova,115,1,1,2
2026-01-01,8,Nou Barris,53,la Trinitat Nova,132,1,2,1
2026-01-01,8,Nou Barris,53,la Trinitat Nova,128,1,2,2
2026-01-01,8,Nou Barris,53,la Trinitat Nova,120,1,3,1
2026-01-01,8,Nou Barris,53,la Trinitat Nova,137,1,3,2
2026-01-01,8,Nou Barris,53,la Trinitat Nova,117,1,4,1
2026-01-01,8,Nou Barris,53,la Trinitat Nova,124,1,4,2
2026-01-01,8,Nou Barris,53,la Trinitat Nova,86,1,5,1
2026-01-01,8,Nou Barris,53,la Trinitat Nova,85,1,5,2
2026-01-01,8,Nou Barris,53,la Trinitat Nova,72,1,6,1
2026-01-01,8,Nou Barris,53,la Trinitat Nova,83,1,6,2
2026-01-01,8,Nou Barris,53,la Trinitat Nova,87,1,7,1
2026-01-01,8,Nou Barris,53,la Trinitat Nova,103,1,7,2
2026-01-01,8,Nou Barris,53,la Trinitat Nova,77,1,8,1
2026-01-01,8,Nou Barris,53,la Trinitat Nova,105,1,8,2
2026-01-01,8,Nou Barris,53,la Trinitat Nova,122,1,9,1
2026-01-01,8,Nou Barris,53,la Trinitat Nova,127,1,9,2
2026-01-01,8,Nou Barris,53,la Trinitat Nova,143,1,10,1
2026-01-01,8,Nou Barris,53,la Trinitat Nova,141,1,10,2
2026-01-01,8,Nou Barris,53,la Trinitat Nova,155,1,11,1
2026-01-01,8,Nou Barris,53,la Trinitat Nova,137,1,11,2
2026-01-01,8,Nou Barris,53,la Trinitat Nova,141,1,12,1
2026-01-01,8,Nou Barris,53,la Trinitat Nova,163,1,12,2
2026-01-01,8,Nou Barris,53,la Trinitat Nova,133,1,13,1
2026-01-01,8,Nou Barris,53,la Trinitat Nova,106,1,13,2
2026-01-01,8,Nou Barris,53,la Trinitat Nova,86,1,14,1
2026-01-01,8,Nou Barris,53,la Trinitat Nova,81,1,14,2
2026-01-01,8,Nou Barris,53,la Trinitat Nova,52,1,15,1
2026-01-01,8,Nou Barris,53,la Trinitat Nova,33,1,15,2
2026-01-01,8,Nou Barris,53,la Trinitat Nova,30,1,16,1
2026-01-01,8,Nou Barris,53,la Trinitat Nova,18,1,16,2
2026-01-01,8,Nou Barris,53,la Trinitat Nova,19,1,17,1
2026-01-01,8,Nou Barris,53,la Trinitat Nova,6,1,17,2
2026-01-01,8,Nou Barris,53,la Trinitat Nova,7,1,18,1
2026-01-01,8,Nou Barris,53,la Trinitat Nova,..,1,18,2
2026-01-01,8,Nou Barris,53,la Trinitat Nova,..,1,19,1
2026-01-01,8,Nou Barris,53,la Trinitat Nova,..,1,20,1
2026-01-01,8,Nou Barris,53,la Trinitat Nova,8,2,0,1
2026-01-01,8,Nou Barris,53,la Trinitat Nova,10,2,0,2
2026-01-01,8,Nou Barris,53,la Trinitat Nova,13,2,1,1
2026-01-01,8,Nou Barris,53,la Trinitat Nova,12,2,1,2
2026-01-01,8,Nou Barris,53,la Trinitat Nova,13,2,2,1
2026-01-01,8,Nou Barris,53,la Trinitat Nova,12,2,2,2
2026-01-01,8,Nou Barris,53,la Trinitat Nova,24,2,3,1
2026-01-01,8,Nou Barris,53,la Trinitat Nova,14,2,3,2
2026-01-01,8,Nou Barris,53,la Trinitat Nova,15,2,4,1
2026-01-01,8,Nou Barris,53,la Trinitat Nova,10,2,4,2
2026-01-01,8,Nou Barris,53,la Trinitat Nova,11,2,5,1
2026-01-01,8,Nou Barris,53,la Trinitat Nova,5,2,5,2
2026-01-01,8,Nou Barris,53,la Trinitat Nova,17,2,6,1
2026-01-01,8,Nou Barris,53,la Trinitat Nova,20,2,6,2
2026-01-01,8,Nou Barris,53,la Trinitat Nova,14,2,7,1
2026-01-01,8,Nou Barris,53,la Trinitat Nova,10,2,7,2
2026-01-01,8,Nou Barris,53,la Trinitat Nova,11,2,8,1
2026-01-01,8,Nou Barris,53,la Trinitat Nova,12,2,8,2
2026-01-01,8,Nou Barris,53,la Trinitat Nova,16,2,9,1
2026-01-01,8,Nou Barris,53,la Trinitat Nova,14,2,9,2
2026-01-01,8,Nou Barris,53,la Trinitat Nova,20,2,10,1
2026-01-01,8,Nou Barris,53,la Trinitat Nova,19,2,10,2
2026-01-01,8,Nou Barris,53,la Trinitat Nova,10,2,11,1
2026-01-01,8,Nou Barris,53,la Trinitat Nova,14,2,11,2
2026-01-01,8,Nou Barris,53,la Trinitat Nova,13,2,12,1
2026-01-01,8,Nou Barris,53,la Trinitat Nova,10,2,12,2
2026-01-01,8,Nou Barris,53,la Trinitat Nova,6,2,13,1
2026-01-01,8,Nou Barris,53,la Trinitat Nova,7,2,13,2
2026-01-01,8,Nou Barris,53,la Trinitat Nova,7,2,14,1
2026-01-01,8,Nou Barris,53,la Trinitat Nova,..,2,14,2
2026-01-01,8,Nou Barris,53,la Trinitat Nova,5,2,15,1
2026-01-01,8,Nou Barris,53,la Trinitat Nova,..,2,15,2
2026-01-01,8,Nou Barris,53,la Trinitat Nova,..,2,16,1
2026-01-01,8,Nou Barris,53,la Trinitat Nova,..,2,16,2
2026-01-01,8,Nou Barris,53,la Trinitat Nova,..,2,17,1
2026-01-01,8,Nou Barris,53,la Trinitat Nova,..,2,17,2
2026-01-01,8,Nou Barris,53,la Trinitat Nova,..,2,18,1
2026-01-01,8,Nou Barris,53,la Trinitat Nova,..,2,19,1
2026-01-01,8,Nou Barris,53,la Trinitat Nova,..,3,0,1
2026-01-01,8,Nou Barris,53,la Trinitat Nova,..,3,0,2
2026-01-01,8,Nou Barris,53,la Trinitat Nova,..,3,1,1
2026-01-01,8,Nou Barris,53,la Trinitat Nova,..,3,1,2
2026-01-01,8,Nou Barris,53,la Trinitat Nova,5,3,2,2
2026-01-01,8,Nou Barris,53,la Trinitat Nova,..,3,3,1
2026-01-01,8,Nou Barris,53,la Trinitat Nova,6,3,3,2
2026-01-01,8,Nou Barris,53,la Trinitat Nova,5,3,4,1
2026-01-01,8,Nou Barris,53,la Trinitat Nova,..,3,4,2
2026-01-01,8,Nou Barris,53,la Trinitat Nova,5,3,5,1
2026-01-01,8,Nou Barris,53,la Trinitat Nova,..,3,5,2
2026-01-01,8,Nou Barris,53,la Trinitat Nova,7,3,6,1
2026-01-01,8,Nou Barris,53,la Trinitat Nova,11,3,6,2
2026-01-01,8,Nou Barris,53,la Trinitat Nova,12,3,7,1
2026-01-01,8,Nou Barris,53,la Trinitat Nova,13,3,7,2
2026-01-01,8,Nou Barris,53,la Trinitat Nova,12,3,8,1
2026-01-01,8,Nou Barris,53,la Trinitat Nova,6,3,8,2
2026-01-01,8,Nou Barris,53,la Trinitat Nova,14,3,9,1
2026-01-01,8,Nou Barris,53,la Trinitat Nova,13,3,9,2
2026-01-01,8,Nou Barris,53,la Trinitat Nova,13,3,10,1
2026-01-01,8,Nou Barris,53,la Trinitat Nova,12,3,10,2
2026-01-01,8,Nou Barris,53,la Trinitat Nova,18,3,11,1
2026-01-01,8,Nou Barris,53,la Trinitat Nova,19,3,11,2
2026-01-01,8,Nou Barris,53,la Trinitat Nova,32,3,12,1
2026-01-01,8,Nou Barris,53,la Trinitat Nova,29,3,12,2
2026-01-01,8,Nou Barris,53,la Trinitat Nova,48,3,13,1
2026-01-01,8,Nou Barris,53,la Trinitat Nova,33,3,13,2
2026-01-01,8,Nou Barris,53,la Trinitat Nova,58,3,14,1
2026-01-01,8,Nou Barris,53,la Trinitat Nova,40,3,14,2
2026-01-01,8,Nou Barris,53,la Trinitat Nova,40,3,15,1
2026-01-01,8,Nou Barris,53,la Trinitat Nova,54,3,15,2
2026-01-01,8,Nou Barris,53,la Trinitat Nova,65,3,16,1
2026-01-01,8,Nou Barris,53,la Trinitat Nova,34,3,16,2
2026-01-01,8,Nou Barris,53,la Trinitat Nova,51,3,17,1
2026-01-01,8,Nou Barris,53,la Trinitat Nova,20,3,17,2
2026-01-01,8,Nou Barris,53,la Trinitat Nova,56,3,18,1
2026-01-01,8,Nou Barris,53,la Trinitat Nova,17,3,18,2
2026-01-01,8,Nou Barris,53,la Trinitat Nova,21,3,19,1
2026-01-01,8,Nou Barris,53,la Trinitat Nova,..,3,19,2
2026-01-01,8,Nou Barris,53,la Trinitat Nova,..,3,20,1
2026-01-01,8,Nou Barris,53,la Trinitat Nova,..,4,0,1
2026-01-01,8,Nou Barris,53,la Trinitat Nova,..,4,0,2
2026-01-01,8,Nou Barris,53,la Trinitat Nova,..,4,1,1
2026-01-01,8,Nou Barris,53,la Trinitat Nova,..,4,1,2
2026-01-01,8,Nou Barris,53,la Trinitat Nova,..,4,2,2
2026-01-01,8,Nou Barris,53,la Trinitat Nova,..,4,3,1
2026-01-01,8,Nou Barris,53,la Trinitat Nova,..,4,3,2
2026-01-01,8,Nou Barris,53,la Trinitat Nova,..,4,4,1
2026-01-01,8,Nou Barris,53,la Trinitat Nova,..,4,4,2
2026-01-01,8,Nou Barris,53,la Trinitat Nova,6,4,5,1
2026-01-01,8,Nou Barris,53,la Trinitat Nova,..,4,5,2
2026-01-01,8,Nou Barris,53,la Trinitat Nova,12,4,6,1
2026-01-01,8,Nou Barris,53,la Trinitat Nova,5,4,6,2
2026-01-01,8,Nou Barris,53,la Trinitat Nova,6,4,7,1
2026-01-01,8,Nou Barris,53,la Trinitat Nova,14,4,7,2
2026-01-01,8,Nou Barris,53,la Trinitat Nova,..,4,8,1
2026-01-01,8,Nou Barris,53,la Trinitat Nova,..,4,8,2
2026-01-01,8,Nou Barris,53,la Trinitat Nova,12,4,9,1
2026-01-01,8,Nou Barris,53,la Trinitat Nova,8,4,9,2
2026-01-01,8,Nou Barris,53,la Trinitat Nova,..,4,10,2
2026-01-01,8,Nou Barris,53,la Trinitat Nova,..,4,11,1
2026-01-01,8,Nou Barris,53,la Trinitat Nova,8,4,11,2
2026-01-01,8,Nou Barris,53,la Trinitat Nova,6,4,12,1
2026-01-01,8,Nou Barris,53,la Trinitat Nova,6,4,12,2
2026-01-01,8,Nou Barris,53,la Trinitat Nova,..,4,13,1
2026-01-01,8,Nou Barris,53,la Trinitat Nova,..,4,13,2
2026-01-01,8,Nou Barris,53,la Trinitat Nova,..,4,15,1
2026-01-01,8,Nou Barris,53,la Trinitat Nova,..,4,16,1
2026-01-01,8,Nou Barris,53,la Trinitat Nova,..,4,18,1
2026-01-01,8,Nou Barris,53,la Trinitat Nova,..,4,19,1
2026-01-01,8,Nou Barris,53,la Trinitat Nova,6,5,0,1
2026-01-01,8,Nou Barris,53,la Trinitat Nova,8,5,0,2
2026-01-01,8,Nou Barris,53,la Trinitat Nova,33,5,1,1
2026-01-01,8,Nou Barris,53,la Trinitat Nova,27,5,1,2
2026-01-01,8,Nou Barris,53,la Trinitat Nova,58,5,2,1
2026-01-01,8,Nou Barris,53,la Trinitat Nova,63,5,2,2
2026-01-01,8,Nou Barris,53,la Trinitat Nova,51,5,3,1
2026-01-01,8,Nou Barris,53,la Trinitat Nova,64,5,3,2
2026-01-01,8,Nou Barris,53,la Trinitat Nova,111,5,4,1
2026-01-01,8,Nou Barris,53,la Trinitat Nova,134,5,4,2
2026-01-01,8,Nou Barris,53,la Trinitat Nova,155,5,5,1
2026-01-01,8,Nou Barris,53,la Trinitat Nova,195,5,5,2
2026-01-01,8,Nou Barris,53,la Trinitat Nova,172,5,6,1
2026-01-01,8,Nou Barris,53,la Trinitat Nova,210,5,6,2
2026-01-01,8,Nou Barris,53,la Trinitat Nova,205,5,7,1
2026-01-01,8,Nou Barris,53,la Trinitat Nova,184,5,7,2
2026-01-01,8,Nou Barris,53,la Trinitat Nova,186,5,8,1
2026-01-01,8,Nou Barris,53,la Trinitat Nova,164,5,8,2
2026-01-01,8,Nou Barris,53,la Trinitat Nova,170,5,9,1
2026-01-01,8,Nou Barris,53,la Trinitat Nova,154,5,9,2
2026-01-01,8,Nou Barris,53,la Trinitat Nova,137,5,10,1
2026-01-01,8,Nou Barris,53,la Trinitat Nova,104,5,10,2
2026-01-01,8,Nou Barris,53,la Trinitat Nova,113,5,11,1
2026-01-01,8,Nou Barris,53,la Trinitat Nova,92,5,11,2
2026-01-01,8,Nou Barris,53,la Trinitat Nova,77,5,12,1
2026-01-01,8,Nou Barris,53,la Trinitat Nova,65,5,12,2
2026-01-01,8,Nou Barris,53,la Trinitat Nova,66,5,13,1
2026-01-01,8,Nou Barris,53,la Trinitat Nova,45,5,13,2
2026-01-01,8,Nou Barris,53,la Trinitat Nova,31,5,14,1
2026-01-01,8,Nou Barris,53,la Trinitat Nova,20,5,14,2
2026-01-01,8,Nou Barris,53,la Trinitat Nova,17,5,15,1
2026-01-01,8,Nou Barris,53,la Trinitat Nova,9,5,15,2
2026-01-01,8,Nou Barris,53,la Trinitat Nova,7,5,16,1
2026-01-01,8,Nou Barris,53,la Trinitat Nova,8,5,17,1
2026-01-01,8,Nou Barris,53,la Trinitat Nova,..,5,17,2
2026-01-01,8,Nou Barris,53,la Trinitat Nova,..,5,18,1
2026-01-01,8,Nou Barris,53,la Trinitat Nova,..,5,18,2
2026-01-01,8,Nou Barris,54,Torre Baró,58,1,0,1
2026-01-01,8,Nou Barris,54,Torre Baró,52,1,0,2
2026-01-01,8,Nou Barris,54,Torre Baró,60,1,1,1
2026-01-01,8,Nou Barris,54,Torre Baró,68,1,1,2
2026-01-01,8,Nou Barris,54,Torre Baró,77,1,2,1
2026-01-01,8,Nou Barris,54,Torre Baró,77,1,2,2
2026-01-01,8,Nou Barris,54,Torre Baró,84,1,3,1
2026-01-01,8,Nou Barris,54,Torre Baró,79,1,3,2
2026-01-01,8,Nou Barris,54,Torre Baró,60,1,4,1
2026-01-01,8,Nou Barris,54,Torre Baró,66,1,4,2
2026-01-01,8,Nou Barris,54,Torre Baró,32,1,5,1
2026-01-01,8,Nou Barris,54,Torre Baró,43,1,5,2
2026-01-01,8,Nou Barris,54,Torre Baró,35,1,6,1
2026-01-01,8,Nou Barris,54,Torre Baró,27,1,6,2
2026-01-01,8,Nou Barris,54,Torre Baró,36,1,7,1
2026-01-01,8,Nou Barris,54,Torre Baró,52,1,7,2
2026-01-01,8,Nou Barris,54,Torre Baró,46,1,8,1
2026-01-01,8,Nou Barris,54,Torre Baró,43,1,8,2
2026-01-01,8,Nou Barris,54,Torre Baró,45,1,9,1
2026-01-01,8,Nou Barris,54,Torre Baró,52,1,9,2
2026-01-01,8,Nou Barris,54,Torre Baró,61,1,10,1
2026-01-01,8,Nou Barris,54,Torre Baró,58,1,10,2
2026-01-01,8,Nou Barris,54,Torre Baró,57,1,11,1
2026-01-01,8,Nou Barris,54,Torre Baró,65,1,11,2
2026-01-01,8,Nou Barris,54,Torre Baró,40,1,12,1
2026-01-01,8,Nou Barris,54,Torre Baró,37,1,12,2
2026-01-01,8,Nou Barris,54,Torre Baró,22,1,13,1
2026-01-01,8,Nou Barris,54,Torre Baró,17,1,13,2
2026-01-01,8,Nou Barris,54,Torre Baró,13,1,14,1
2026-01-01,8,Nou Barris,54,Torre Baró,8,1,14,2
2026-01-01,8,Nou Barris,54,Torre Baró,7,1,15,1
2026-01-01,8,Nou Barris,54,Torre Baró,6,1,15,2
2026-01-01,8,Nou Barris,54,Torre Baró,..,1,16,1
2026-01-01,8,Nou Barris,54,Torre Baró,..,1,16,2
2026-01-01,8,Nou Barris,54,Torre Baró,..,1,17,1
2026-01-01,8,Nou Barris,54,Torre Baró,..,1,17,2
2026-01-01,8,Nou Barris,54,Torre Baró,..,1,18,2
2026-01-01,8,Nou Barris,54,Torre Baró,..,1,20,1
2026-01-01,8,Nou Barris,54,Torre Baró,7,2,0,1
2026-01-01,8,Nou Barris,54,Torre Baró,6,2,0,2
2026-01-01,8,Nou Barris,54,Torre Baró,6,2,1,1
2026-01-01,8,Nou Barris,54,Torre Baró,8,2,1,2
2026-01-01,8,Nou Barris,54,Torre Baró,8,2,2,1
2026-01-01,8,Nou Barris,54,Torre Baró,7,2,2,2
2026-01-01,8,Nou Barris,54,Torre Baró,11,2,3,1
2026-01-01,8,Nou Barris,54,Torre Baró,13,2,3,2
2026-01-01,8,Nou Barris,54,Torre Baró,7,2,4,1
2026-01-01,8,Nou Barris,54,Torre Baró,12,2,4,2
2026-01-01,8,Nou Barris,54,Torre Baró,..,2,5,1
2026-01-01,8,Nou Barris,54,Torre Baró,6,2,5,2
2026-01-01,8,Nou Barris,54,Torre Baró,6,2,6,1
2026-01-01,8,Nou Barris,54,Torre Baró,..,2,6,2
2026-01-01,8,Nou Barris,54,Torre Baró,7,2,7,1
2026-01-01,8,Nou Barris,54,Torre Baró,5,2,7,2
2026-01-01,8,Nou Barris,54,Torre Baró,..,2,8,1
2026-01-01,8,Nou Barris,54,Torre Baró,..,2,8,2
2026-01-01,8,Nou Barris,54,Torre Baró,7,2,9,1
2026-01-01,8,Nou Barris,54,Torre Baró,7,2,9,2
2026-01-01,8,Nou Barris,54,Torre Baró,..,2,10,1
2026-01-01,8,Nou Barris,54,Torre Baró,6,2,10,2
2026-01-01,8,Nou Barris,54,Torre Baró,..,2,11,1
2026-01-01,8,Nou Barris,54,Torre Baró,10,2,11,2
2026-01-01,8,Nou Barris,54,Torre Baró,6,2,12,1
2026-01-01,8,Nou Barris,54,Torre Baró,..,2,12,2
2026-01-01,8,Nou Barris,54,Torre Baró,..,2,13,1
2026-01-01,8,Nou Barris,54,Torre Baró,..,2,13,2
2026-01-01,8,Nou Barris,54,Torre Baró,..,2,14,1
2026-01-01,8,Nou Barris,54,Torre Baró,..,2,14,2
2026-01-01,8,Nou Barris,54,Torre Baró,..,2,15,1
2026-01-01,8,Nou Barris,54,Torre Baró,..,2,15,2
2026-01-01,8,Nou Barris,54,Torre Baró,..,2,16,1
2026-01-01,8,Nou Barris,54,Torre Baró,..,3,1,1
2026-01-01,8,Nou Barris,54,Torre Baró,..,3,2,2
2026-01-01,8,Nou Barris,54,Torre Baró,..,3,3,1
2026-01-01,8,Nou Barris,54,Torre Baró,..,3,3,2
2026-01-01,8,Nou Barris,54,Torre Baró,..,3,4,2
2026-01-01,8,Nou Barris,54,Torre Baró,..,3,5,1
2026-01-01,8,Nou Barris,54,Torre Baró,5,3,5,2
2026-01-01,8,Nou Barris,54,Torre Baró,..,3,6,1
2026-01-01,8,Nou Barris,54,Torre Baró,7,3,6,2
2026-01-01,8,Nou Barris,54,Torre Baró,5,3,7,1
2026-01-01,8,Nou Barris,54,Torre Baró,..,3,7,2
2026-01-01,8,Nou Barris,54,Torre Baró,5,3,8,1
2026-01-01,8,Nou Barris,54,Torre Baró,..,3,8,2
2026-01-01,8,Nou Barris,54,Torre Baró,7,3,9,1
2026-01-01,8,Nou Barris,54,Torre Baró,7,3,9,2
2026-01-01,8,Nou Barris,54,Torre Baró,8,3,10,1
2026-01-01,8,Nou Barris,54,Torre Baró,..,3,10,2
2026-01-01,8,Nou Barris,54,Torre Baró,11,3,11,1
2026-01-01,8,Nou Barris,54,Torre Baró,18,3,11,2
2026-01-01,8,Nou Barris,54,Torre Baró,17,3,12,1
2026-01-01,8,Nou Barris,54,Torre Baró,22,3,12,2
2026-01-01,8,Nou Barris,54,Torre Baró,25,3,13,1
2026-01-01,8,Nou Barris,54,Torre Baró,35,3,13,2
2026-01-01,8,Nou Barris,54,Torre Baró,26,3,14,1
2026-01-01,8,Nou Barris,54,Torre Baró,30,3,14,2
2026-01-01,8,Nou Barris,54,Torre Baró,22,3,15,1
2026-01-01,8,Nou Barris,54,Torre Baró,19,3,15,2
2026-01-01,8,Nou Barris,54,Torre Baró,30,3,16,1
2026-01-01,8,Nou Barris,54,Torre Baró,20,3,16,2
2026-01-01,8,Nou Barris,54,Torre Baró,24,3,17,1
2026-01-01,8,Nou Barris,54,Torre Baró,13,3,17,2
2026-01-01,8,Nou Barris,54,Torre Baró,7,3,18,1
2026-01-01,8,Nou Barris,54,Torre Baró,..,3,18,2
2026-01-01,8,Nou Barris,54,Torre Baró,..,3,19,1
2026-01-01,8,Nou Barris,54,Torre Baró,..,3,19,2
2026-01-01,8,Nou Barris,54,Torre Baró,..,4,0,2
2026-01-01,8,Nou Barris,54,Torre Baró,..,4,1,1
2026-01-01,8,Nou Barris,54,Torre Baró,..,4,2,1
2026-01-01,8,Nou Barris,54,Torre Baró,..,4,2,2
2026-01-01,8,Nou Barris,54,Torre Baró,..,4,3,1
2026-01-01,8,Nou Barris,54,Torre Baró,..,4,3,2
2026-01-01,8,Nou Barris,54,Torre Baró,..,4,4,1
2026-01-01,8,Nou Barris,54,Torre Baró,..,4,5,1
2026-01-01,8,Nou Barris,54,Torre Baró,..,4,5,2
2026-01-01,8,Nou Barris,54,Torre Baró,..,4,6,1
2026-01-01,8,Nou Barris,54,Torre Baró,7,4,6,2
2026-01-01,8,Nou Barris,54,Torre Baró,..,4,7,1
2026-01-01,8,Nou Barris,54,Torre Baró,..,4,7,2
2026-01-01,8,Nou Barris,54,Torre Baró,7,4,8,1
2026-01-01,8,Nou Barris,54,Torre Baró,..,4,8,2
2026-01-01,8,Nou Barris,54,Torre Baró,..,4,9,1
2026-01-01,8,Nou Barris,54,Torre Baró,6,4,9,2
2026-01-01,8,Nou Barris,54,Torre Baró,5,4,10,1
2026-01-01,8,Nou Barris,54,Torre Baró,..,4,10,2
2026-01-01,8,Nou Barris,54,Torre Baró,6,4,11,1
2026-01-01,8,Nou Barris,54,Torre Baró,..,4,11,2
2026-01-01,8,Nou Barris,54,Torre Baró,..,4,12,1
2026-01-01,8,Nou Barris,54,Torre Baró,..,4,12,2
2026-01-01,8,Nou Barris,54,Torre Baró,..,4,13,1
2026-01-01,8,Nou Barris,54,Torre Baró,..,4,13,2
2026-01-01,8,Nou Barris,54,Torre Baró,..,4,14,1
2026-01-01,8,Nou Barris,54,Torre Baró,..,4,14,2
2026-01-01,8,Nou Barris,54,Torre Baró,..,4,15,1
2026-01-01,8,Nou Barris,54,Torre Baró,..,4,16,1
2026-01-01,8,Nou Barris,54,Torre Baró,..,4,18,1
2026-01-01,8,Nou Barris,54,Torre Baró,..,5,0,2
2026-01-01,8,Nou Barris,54,Torre Baró,8,5,1,1
2026-01-01,8,Nou Barris,54,Torre Baró,..,5,1,2
2026-01-01,8,Nou Barris,54,Torre Baró,10,5,2,1
2026-01-01,8,Nou Barris,54,Torre Baró,19,5,2,2
2026-01-01,8,Nou Barris,54,Torre Baró,25,5,3,1
2026-01-01,8,Nou Barris,54,Torre Baró,22,5,3,2
2026-01-01,8,Nou Barris,54,Torre Baró,28,5,4,1
2026-01-01,8,Nou Barris,54,Torre Baró,34,5,4,2
2026-01-01,8,Nou Barris,54,Torre Baró,56,5,5,1
2026-01-01,8,Nou Barris,54,Torre Baró,61,5,5,2
2026-01-01,8,Nou Barris,54,Torre Baró,51,5,6,1
2026-01-01,8,Nou Barris,54,Torre Baró,58,5,6,2
2026-01-01,8,Nou Barris,54,Torre Baró,62,5,7,1
2026-01-01,8,Nou Barris,54,Torre Baró,56,5,7,2
2026-01-01,8,Nou Barris,54,Torre Baró,67,5,8,1
2026-01-01,8,Nou Barris,54,Torre Baró,48,5,8,2
2026-01-01,8,Nou Barris,54,Torre Baró,69,5,9,1
2026-01-01,8,Nou Barris,54,Torre Baró,54,5,9,2
2026-01-01,8,Nou Barris,54,Torre Baró,61,5,10,1
2026-01-01,8,Nou Barris,54,Torre Baró,52,5,10,2
2026-01-01,8,Nou Barris,54,Torre Baró,42,5,11,1
2026-01-01,8,Nou Barris,54,Torre Baró,32,5,11,2
2026-01-01,8,Nou Barris,54,Torre Baró,31,5,12,1
2026-01-01,8,Nou Barris,54,Torre Baró,37,5,12,2
2026-01-01,8,Nou Barris,54,Torre Baró,28,5,13,1
2026-01-01,8,Nou Barris,54,Torre Baró,21,5,13,2
2026-01-01,8,Nou Barris,54,Torre Baró,21,5,14,1
2026-01-01,8,Nou Barris,54,Torre Baró,11,5,14,2
2026-01-01,8,Nou Barris,54,Torre Baró,10,5,15,1
2026-01-01,8,Nou Barris,54,Torre Baró,5,5,15,2
2026-01-01,8,Nou Barris,54,Torre Baró,..,5,16,1
2026-01-01,8,Nou Barris,54,Torre Baró,..,5,16,2
2026-01-01,8,Nou Barris,54,Torre Baró,..,5,17,1
2026-01-01,8,Nou Barris,54,Torre Baró,..,5,17,2
2026-01-01,8,Nou Barris,55,Ciutat Meridiana,217,1,0,1
2026-01-01,8,Nou Barris,55,Ciutat Meridiana,232,1,0,2
2026-01-01,8,Nou Barris,55,Ciutat Meridiana,245,1,1,1
2026-01-01,8,Nou Barris,55,Ciutat Meridiana,240,1,1,2
2026-01-01,8,Nou Barris,55,Ciutat Meridiana,188,1,2,1
2026-01-01,8,Nou Barris,55,Ciutat Meridiana,230,1,2,2
2026-01-01,8,Nou Barris,55,Ciutat Meridiana,193,1,3,1
2026-01-01,8,Nou Barris,55,Ciutat Meridiana,198,1,3,2
2026-01-01,8,Nou Barris,55,Ciutat Meridiana,139,1,4,1
2026-01-01,8,Nou Barris,55,Ciutat Meridiana,144,1,4,2
2026-01-01,8,Nou Barris,55,Ciutat Meridiana,91,1,5,1
2026-01-01,8,Nou Barris,55,Ciutat Meridiana,92,1,5,2
2026-01-01,8,Nou Barris,55,Ciutat Meridiana,62,1,6,1
2026-01-01,8,Nou Barris,55,Ciutat Meridiana,69,1,6,2
2026-01-01,8,Nou Barris,55,Ciutat Meridiana,70,1,7,1
2026-01-01,8,Nou Barris,55,Ciutat Meridiana,81,1,7,2
2026-01-01,8,Nou Barris,55,Ciutat Meridiana,71,1,8,1
2026-01-01,8,Nou Barris,55,Ciutat Meridiana,77,1,8,2
2026-01-01,8,Nou Barris,55,Ciutat Meridiana,110,1,9,1
2026-01-01,8,Nou Barris,55,Ciutat Meridiana,123,1,9,2
2026-01-01,8,Nou Barris,55,Ciutat Meridiana,146,1,10,1
2026-01-01,8,Nou Barris,55,Ciutat Meridiana,138,1,10,2
2026-01-01,8,Nou Barris,55,Ciutat Meridiana,138,1,11,1
2026-01-01,8,Nou Barris,55,Ciutat Meridiana,135,1,11,2
2026-01-01,8,Nou Barris,55,Ciutat Meridiana,92,1,12,1
2026-01-01,8,Nou Barris,55,Ciutat Meridiana,98,1,12,2
2026-01-01,8,Nou Barris,55,Ciutat Meridiana,46,1,13,1
2026-01-01,8,Nou Barris,55,Ciutat Meridiana,50,1,13,2
2026-01-01,8,Nou Barris,55,Ciutat Meridiana,37,1,14,1
2026-01-01,8,Nou Barris,55,Ciutat Meridiana,20,1,14,2
2026-01-01,8,Nou Barris,55,Ciutat Meridiana,40,1,15,1
2026-01-01,8,Nou Barris,55,Ciutat Meridiana,22,1,15,2
2026-01-01,8,Nou Barris,55,Ciutat Meridiana,17,1,16,1
2026-01-01,8,Nou Barris,55,Ciutat Meridiana,18,1,16,2
2026-01-01,8,Nou Barris,55,Ciutat Meridiana,9,1,17,1
2026-01-01,8,Nou Barris,55,Ciutat Meridiana,8,1,17,2
2026-01-01,8,Nou Barris,55,Ciutat Meridiana,..,1,18,1
2026-01-01,8,Nou Barris,55,Ciutat Meridiana,..,1,18,2
2026-01-01,8,Nou Barris,55,Ciutat Meridiana,..,1,19,2
2026-01-01,8,Nou Barris,55,Ciutat Meridiana,19,2,0,1
2026-01-01,8,Nou Barris,55,Ciutat Meridiana,16,2,0,2
2026-01-01,8,Nou Barris,55,Ciutat Meridiana,18,2,1,1
2026-01-01,8,Nou Barris,55,Ciutat Meridiana,25,2,1,2
2026-01-01,8,Nou Barris,55,Ciutat Meridiana,27,2,2,1
2026-01-01,8,Nou Barris,55,Ciutat Meridiana,26,2,2,2
2026-01-01,8,Nou Barris,55,Ciutat Meridiana,38,2,3,1
2026-01-01,8,Nou Barris,55,Ciutat Meridiana,31,2,3,2
2026-01-01,8,Nou Barris,55,Ciutat Meridiana,18,2,4,1
2026-01-01,8,Nou Barris,55,Ciutat Meridiana,15,2,4,2
2026-01-01,8,Nou Barris,55,Ciutat Meridiana,20,2,5,1
2026-01-01,8,Nou Barris,55,Ciutat Meridiana,16,2,5,2
2026-01-01,8,Nou Barris,55,Ciutat Meridiana,5,2,6,1
2026-01-01,8,Nou Barris,55,Ciutat Meridiana,9,2,6,2
2026-01-01,8,Nou Barris,55,Ciutat Meridiana,6,2,7,1
2026-01-01,8,Nou Barris,55,Ciutat Meridiana,12,2,7,2
2026-01-01,8,Nou Barris,55,Ciutat Meridiana,10,2,8,1
2026-01-01,8,Nou Barris,55,Ciutat Meridiana,..,2,8,2
2026-01-01,8,Nou Barris,55,Ciutat Meridiana,9,2,9,1
2026-01-01,8,Nou Barris,55,Ciutat Meridiana,12,2,9,2
2026-01-01,8,Nou Barris,55,Ciutat Meridiana,..,2,10,1
2026-01-01,8,Nou Barris,55,Ciutat Meridiana,14,2,10,2
2026-01-01,8,Nou Barris,55,Ciutat Meridiana,7,2,11,1
2026-01-01,8,Nou Barris,55,Ciutat Meridiana,8,2,11,2
2026-01-01,8,Nou Barris,55,Ciutat Meridiana,15,2,12,1
2026-01-01,8,Nou Barris,55,Ciutat Meridiana,9,2,12,2
2026-01-01,8,Nou Barris,55,Ciutat Meridiana,8,2,13,1
2026-01-01,8,Nou Barris,55,Ciutat Meridiana,9,2,13,2
2026-01-01,8,Nou Barris,55,Ciutat Meridiana,9,2,14,1
2026-01-01,8,Nou Barris,55,Ciutat Meridiana,..,2,14,2
2026-01-01,8,Nou Barris,55,Ciutat Meridiana,5,2,15,1
2026-01-01,8,Nou Barris,55,Ciutat Meridiana,..,2,15,2
2026-01-01,8,Nou Barris,55,Ciutat Meridiana,..,2,16,1
2026-01-01,8,Nou Barris,55,Ciutat Meridiana,6,2,16,2
2026-01-01,8,Nou Barris,55,Ciutat Meridiana,..,2,17,1
2026-01-01,8,Nou Barris,55,Ciutat Meridiana,..,2,17,2
2026-01-01,8,Nou Barris,55,Ciutat Meridiana,..,2,18,1
2026-01-01,8,Nou Barris,55,Ciutat Meridiana,..,3,0,1
2026-01-01,8,Nou Barris,55,Ciutat Meridiana,..,3,0,2
2026-01-01,8,Nou Barris,55,Ciutat Meridiana,..,3,1,1
2026-01-01,8,Nou Barris,55,Ciutat Meridiana,..,3,1,2
2026-01-01,8,Nou Barris,55,Ciutat Meridiana,7,3,2,1
2026-01-01,8,Nou Barris,55,Ciutat Meridiana,8,3,2,2
2026-01-01,8,Nou Barris,55,Ciutat Meridiana,13,3,3,1
2026-01-01,8,Nou Barris,55,Ciutat Meridiana,5,3,3,2
2026-01-01,8,Nou Barris,55,Ciutat Meridiana,8,3,4,1
2026-01-01,8,Nou Barris,55,Ciutat Meridiana,12,3,4,2
2026-01-01,8,Nou Barris,55,Ciutat Meridiana,5,3,5,1
2026-01-01,8,Nou Barris,55,Ciutat Meridiana,..,3,5,2
2026-01-01,8,Nou Barris,55,Ciutat Meridiana,9,3,6,1
2026-01-01,8,Nou Barris,55,Ciutat Meridiana,7,3,6,2
2026-01-01,8,Nou Barris,55,Ciutat Meridiana,9,3,7,1
2026-01-01,8,Nou Barris,55,Ciutat Meridiana,..,3,7,2
2026-01-01,8,Nou Barris,55,Ciutat Meridiana,..,3,8,1
2026-01-01,8,Nou Barris,55,Ciutat Meridiana,12,3,8,2
2026-01-01,8,Nou Barris,55,Ciutat Meridiana,..,3,9,1
2026-01-01,8,Nou Barris,55,Ciutat Meridiana,7,3,9,2
2026-01-01,8,Nou Barris,55,Ciutat Meridiana,13,3,10,1
2026-01-01,8,Nou Barris,55,Ciutat Meridiana,20,3,10,2
2026-01-01,8,Nou Barris,55,Ciutat Meridiana,28,3,11,1
2026-01-01,8,Nou Barris,55,Ciutat Meridiana,19,3,11,2
2026-01-01,8,Nou Barris,55,Ciutat Meridiana,68,3,12,1
2026-01-01,8,Nou Barris,55,Ciutat Meridiana,67,3,12,2
2026-01-01,8,Nou Barris,55,Ciutat Meridiana,82,3,13,1
2026-01-01,8,Nou Barris,55,Ciutat Meridiana,73,3,13,2
2026-01-01,8,Nou Barris,55,Ciutat Meridiana,109,3,14,1
2026-01-01,8,Nou Barris,55,Ciutat Meridiana,64,3,14,2
2026-01-01,8,Nou Barris,55,Ciutat Meridiana,170,3,15,1
2026-01-01,8,Nou Barris,55,Ciutat Meridiana,111,3,15,2
2026-01-01,8,Nou Barris,55,Ciutat Meridiana,171,3,16,1
2026-01-01,8,Nou Barris,55,Ciutat Meridiana,103,3,16,2
2026-01-01,8,Nou Barris,55,Ciutat Meridiana,109,3,17,1
2026-01-01,8,Nou Barris,55,Ciutat Meridiana,64,3,17,2
2026-01-01,8,Nou Barris,55,Ciutat Meridiana,46,3,18,1
2026-01-01,8,Nou Barris,55,Ciutat Meridiana,29,3,18,2
2026-01-01,8,Nou Barris,55,Ciutat Meridiana,11,3,19,1
2026-01-01,8,Nou Barris,55,Ciutat Meridiana,..,3,19,2
2026-01-01,8,Nou Barris,55,Ciutat Meridiana,..,3,20,1
2026-01-01,8,Nou Barris,55,Ciutat Meridiana,..,4,0,1
2026-01-01,8,Nou Barris,55,Ciutat Meridiana,..,4,1,1
2026-01-01,8,Nou Barris,55,Ciutat Meridiana,..,4,2,1
2026-01-01,8,Nou Barris,55,Ciutat Meridiana,..,4,2,2
2026-01-01,8,Nou Barris,55,Ciutat Meridiana,..,4,3,1
2026-01-01,8,Nou Barris,55,Ciutat Meridiana,..,4,3,2
2026-01-01,8,Nou Barris,55,Ciutat Meridiana,7,4,4,1
2026-01-01,8,Nou Barris,55,Ciutat Meridiana,..,4,4,2
2026-01-01,8,Nou Barris,55,Ciutat Meridiana,..,4,5,1
2026-01-01,8,Nou Barris,55,Ciutat Meridiana,7,4,5,2
2026-01-01,8,Nou Barris,55,Ciutat Meridiana,..,4,6,1
2026-01-01,8,Nou Barris,55,Ciutat Meridiana,..,4,6,2
2026-01-01,8,Nou Barris,55,Ciutat Meridiana,..,4,7,1
2026-01-01,8,Nou Barris,55,Ciutat Meridiana,5,4,7,2
2026-01-01,8,Nou Barris,55,Ciutat Meridiana,10,4,8,1
2026-01-01,8,Nou Barris,55,Ciutat Meridiana,7,4,8,2
2026-01-01,8,Nou Barris,55,Ciutat Meridiana,8,4,9,1
2026-01-01,8,Nou Barris,55,Ciutat Meridiana,5,4,9,2
2026-01-01,8,Nou Barris,55,Ciutat Meridiana,5,4,10,1
2026-01-01,8,Nou Barris,55,Ciutat Meridiana,7,4,10,2
2026-01-01,8,Nou Barris,55,Ciutat Meridiana,10,4,11,1
2026-01-01,8,Nou Barris,55,Ciutat Meridiana,..,4,11,2
2026-01-01,8,Nou Barris,55,Ciutat Meridiana,..,4,12,1
2026-01-01,8,Nou Barris,55,Ciutat Meridiana,6,4,12,2
2026-01-01,8,Nou Barris,55,Ciutat Meridiana,..,4,13,1
2026-01-01,8,Nou Barris,55,Ciutat Meridiana,..,4,13,2
2026-01-01,8,Nou Barris,55,Ciutat Meridiana,..,4,14,1
2026-01-01,8,Nou Barris,55,Ciutat Meridiana,..,4,14,2
2026-01-01,8,Nou Barris,55,Ciutat Meridiana,..,4,15,1
2026-01-01,8,Nou Barris,55,Ciutat Meridiana,..,4,15,2
2026-01-01,8,Nou Barris,55,Ciutat Meridiana,..,4,16,2
2026-01-01,8,Nou Barris,55,Ciutat Meridiana,..,4,17,1
2026-01-01,8,Nou Barris,55,Ciutat Meridiana,..,4,17,2
2026-01-01,8,Nou Barris,55,Ciutat Meridiana,..,4,18,2
2026-01-01,8,Nou Barris,55,Ciutat Meridiana,13,5,0,1
2026-01-01,8,Nou Barris,55,Ciutat Meridiana,10,5,0,2
2026-01-01,8,Nou Barris,55,Ciutat Meridiana,55,5,1,1
2026-01-01,8,Nou Barris,55,Ciutat Meridiana,68,5,1,2
2026-01-01,8,Nou Barris,55,Ciutat Meridiana,102,5,2,1
2026-01-01,8,Nou Barris,55,Ciutat Meridiana,108,5,2,2
2026-01-01,8,Nou Barris,55,Ciutat Meridiana,127,5,3,1
2026-01-01,8,Nou Barris,55,Ciutat Meridiana,140,5,3,2
2026-01-01,8,Nou Barris,55,Ciutat Meridiana,176,5,4,1
2026-01-01,8,Nou Barris,55,Ciutat Meridiana,242,5,4,2
2026-01-01,8,Nou Barris,55,Ciutat Meridiana,272,5,5,1
2026-01-01,8,Nou Barris,55,Ciutat Meridiana,331,5,5,2
2026-01-01,8,Nou Barris,55,Ciutat Meridiana,319,5,6,1
2026-01-01,8,Nou Barris,55,Ciutat Meridiana,353,5,6,2
2026-01-01,8,Nou Barris,55,Ciutat Meridiana,301,5,7,1
2026-01-01,8,Nou Barris,55,Ciutat Meridiana,310,5,7,2
2026-01-01,8,Nou Barris,55,Ciutat Meridiana,340,5,8,1
2026-01-01,8,Nou Barris,55,Ciutat Meridiana,290,5,8,2
2026-01-01,8,Nou Barris,55,Ciutat Meridiana,304,5,9,1
2026-01-01,8,Nou Barris,55,Ciutat Meridiana,302,5,9,2
2026-01-01,8,Nou Barris,55,Ciutat Meridiana,251,5,10,1
2026-01-01,8,Nou Barris,55,Ciutat Meridiana,266,5,10,2
2026-01-01,8,Nou Barris,55,Ciutat Meridiana,165,5,11,1
2026-01-01,8,Nou Barris,55,Ciutat Meridiana,163,5,11,2
2026-01-01,8,Nou Barris,55,Ciutat Meridiana,128,5,12,1
2026-01-01,8,Nou Barris,55,Ciutat Meridiana,110,5,12,2
2026-01-01,8,Nou Barris,55,Ciutat Meridiana,89,5,13,1
2026-01-01,8,Nou Barris,55,Ciutat Meridiana,48,5,13,2
2026-01-01,8,Nou Barris,55,Ciutat Meridiana,52,5,14,1
2026-01-01,8,Nou Barris,55,Ciutat Meridiana,25,5,14,2
2026-01-01,8,Nou Barris,55,Ciutat Meridiana,26,5,15,1
2026-01-01,8,Nou Barris,55,Ciutat Meridiana,17,5,15,2
2026-01-01,8,Nou Barris,55,Ciutat Meridiana,13,5,16,1
2026-01-01,8,Nou Barris,55,Ciutat Meridiana,10,5,16,2
2026-01-01,8,Nou Barris,55,Ciutat Meridiana,5,5,17,1
2026-01-01,8,Nou Barris,55,Ciutat Meridiana,..,5,17,2
2026-01-01,8,Nou Barris,55,Ciutat Meridiana,..,5,18,1
2026-01-01,8,Nou Barris,55,Ciutat Meridiana,..,5,18,2
2026-01-01,8,Nou Barris,56,Vallbona,26,1,0,1
2026-01-01,8,Nou Barris,56,Vallbona,14,1,0,2
2026-01-01,8,Nou Barris,56,Vallbona,24,1,1,1
2026-01-01,8,Nou Barris,56,Vallbona,16,1,1,2
2026-01-01,8,Nou Barris,56,Vallbona,35,1,2,1
2026-01-01,8,Nou Barris,56,Vallbona,33,1,2,2
2026-01-01,8,Nou Barris,56,Vallbona,33,1,3,1
2026-01-01,8,Nou Barris,56,Vallbona,51,1,3,2
2026-01-01,8,Nou Barris,56,Vallbona,19,1,4,1
2026-01-01,8,Nou Barris,56,Vallbona,19,1,4,2
2026-01-01,8,Nou Barris,56,Vallbona,7,1,5,1
2026-01-01,8,Nou Barris,56,Vallbona,13,1,5,2
2026-01-01,8,Nou Barris,56,Vallbona,12,1,6,1
2026-01-01,8,Nou Barris,56,Vallbona,19,1,6,2
2026-01-01,8,Nou Barris,56,Vallbona,9,1,7,1
2026-01-01,8,Nou Barris,56,Vallbona,16,1,7,2
2026-01-01,8,Nou Barris,56,Vallbona,12,1,8,1
2026-01-01,8,Nou Barris,56,Vallbona,22,1,8,2
2026-01-01,8,Nou Barris,56,Vallbona,44,1,9,1
2026-01-01,8,Nou Barris,56,Vallbona,37,1,9,2
2026-01-01,8,Nou Barris,56,Vallbona,20,1,10,1
2026-01-01,8,Nou Barris,56,Vallbona,43,1,10,2
2026-01-01,8,Nou Barris,56,Vallbona,13,1,11,1
2026-01-01,8,Nou Barris,56,Vallbona,26,1,11,2
2026-01-01,8,Nou Barris,56,Vallbona,14,1,12,1
2026-01-01,8,Nou Barris,56,Vallbona,21,1,12,2
2026-01-01,8,Nou Barris,56,Vallbona,20,1,13,1
2026-01-01,8,Nou Barris,56,Vallbona,14,1,13,2
2026-01-01,8,Nou Barris,56,Vallbona,12,1,14,1
2026-01-01,8,Nou Barris,56,Vallbona,7,1,14,2
2026-01-01,8,Nou Barris,56,Vallbona,7,1,15,1
2026-01-01,8,Nou Barris,56,Vallbona,..,1,15,2
2026-01-01,8,Nou Barris,56,Vallbona,7,1,16,1
2026-01-01,8,Nou Barris,56,Vallbona,..,1,16,2
2026-01-01,8,Nou Barris,56,Vallbona,..,1,17,1
2026-01-01,8,Nou Barris,56,Vallbona,..,1,18,1
2026-01-01,8,Nou Barris,56,Vallbona,..,1,18,2
2026-01-01,8,Nou Barris,56,Vallbona,..,1,19,1
2026-01-01,8,Nou Barris,56,Vallbona,5,2,0,1
2026-01-01,8,Nou Barris,56,Vallbona,6,2,0,2
2026-01-01,8,Nou Barris,56,Vallbona,..,2,1,1
2026-01-01,8,Nou Barris,56,Vallbona,..,2,1,2
2026-01-01,8,Nou Barris,56,Vallbona,..,2,2,1
2026-01-01,8,Nou Barris,56,Vallbona,9,2,2,2
2026-01-01,8,Nou Barris,56,Vallbona,7,2,3,1
2026-01-01,8,Nou Barris,56,Vallbona,..,2,3,2
2026-01-01,8,Nou Barris,56,Vallbona,6,2,4,1
2026-01-01,8,Nou Barris,56,Vallbona,6,2,4,2
2026-01-01,8,Nou Barris,56,Vallbona,..,2,5,1
2026-01-01,8,Nou Barris,56,Vallbona,..,2,5,2
2026-01-01,8,Nou Barris,56,Vallbona,..,2,6,1
2026-01-01,8,Nou Barris,56,Vallbona,..,2,6,2
2026-01-01,8,Nou Barris,56,Vallbona,..,2,7,1
2026-01-01,8,Nou Barris,56,Vallbona,..,2,8,1
2026-01-01,8,Nou Barris,56,Vallbona,..,2,8,2
2026-01-01,8,Nou Barris,56,Vallbona,7,2,9,1
2026-01-01,8,Nou Barris,56,Vallbona,10,2,9,2
2026-01-01,8,Nou Barris,56,Vallbona,6,2,10,1
2026-01-01,8,Nou Barris,56,Vallbona,..,2,10,2
2026-01-01,8,Nou Barris,56,Vallbona,..,2,11,1
2026-01-01,8,Nou Barris,56,Vallbona,..,2,11,2
2026-01-01,8,Nou Barris,56,Vallbona,..,2,12,1
2026-01-01,8,Nou Barris,56,Vallbona,..,2,12,2
2026-01-01,8,Nou Barris,56,Vallbona,..,2,13,1
2026-01-01,8,Nou Barris,56,Vallbona,..,2,13,2
2026-01-01,8,Nou Barris,56,Vallbona,..,2,14,2
2026-01-01,8,Nou Barris,56,Vallbona,..,2,15,1
2026-01-01,8,Nou Barris,56,Vallbona,..,2,16,1
2026-01-01,8,Nou Barris,56,Vallbona,..,2,17,1
2026-01-01,8,Nou Barris,56,Vallbona,..,2,17,2
2026-01-01,8,Nou Barris,56,Vallbona,..,2,18,1
2026-01-01,8,Nou Barris,56,Vallbona,..,2,19,1
2026-01-01,8,Nou Barris,56,Vallbona,..,3,1,2
2026-01-01,8,Nou Barris,56,Vallbona,..,3,2,1
2026-01-01,8,Nou Barris,56,Vallbona,..,3,3,1
2026-01-01,8,Nou Barris,56,Vallbona,..,3,3,2
2026-01-01,8,Nou Barris,56,Vallbona,..,3,4,1
2026-01-01,8,Nou Barris,56,Vallbona,..,3,4,2
2026-01-01,8,Nou Barris,56,Vallbona,..,3,5,1
2026-01-01,8,Nou Barris,56,Vallbona,..,3,5,2
2026-01-01,8,Nou Barris,56,Vallbona,..,3,6,1
2026-01-01,8,Nou Barris,56,Vallbona,..,3,6,2
2026-01-01,8,Nou Barris,56,Vallbona,6,3,7,1
2026-01-01,8,Nou Barris,56,Vallbona,..,3,7,2
2026-01-01,8,Nou Barris,56,Vallbona,..,3,8,1
2026-01-01,8,Nou Barris,56,Vallbona,..,3,8,2
2026-01-01,8,Nou Barris,56,Vallbona,7,3,9,1
2026-01-01,8,Nou Barris,56,Vallbona,5,3,9,2
2026-01-01,8,Nou Barris,56,Vallbona,..,3,10,1
2026-01-01,8,Nou Barris,56,Vallbona,..,3,10,2
2026-01-01,8,Nou Barris,56,Vallbona,11,3,11,1
2026-01-01,8,Nou Barris,56,Vallbona,6,3,11,2
2026-01-01,8,Nou Barris,56,Vallbona,10,3,12,1
2026-01-01,8,Nou Barris,56,Vallbona,9,3,12,2
2026-01-01,8,Nou Barris,56,Vallbona,11,3,13,1
2026-01-01,8,Nou Barris,56,Vallbona,6,3,13,2
2026-01-01,8,Nou Barris,56,Vallbona,21,3,14,1
2026-01-01,8,Nou Barris,56,Vallbona,10,3,14,2
2026-01-01,8,Nou Barris,56,Vallbona,10,3,15,1
2026-01-01,8,Nou Barris,56,Vallbona,13,3,15,2
2026-01-01,8,Nou Barris,56,Vallbona,10,3,16,1
2026-01-01,8,Nou Barris,56,Vallbona,9,3,16,2
2026-01-01,8,Nou Barris,56,Vallbona,22,3,17,1
2026-01-01,8,Nou Barris,56,Vallbona,5,3,17,2
2026-01-01,8,Nou Barris,56,Vallbona,15,3,18,1
2026-01-01,8,Nou Barris,56,Vallbona,6,3,18,2
2026-01-01,8,Nou Barris,56,Vallbona,5,3,19,1
2026-01-01,8,Nou Barris,56,Vallbona,..,3,19,2
2026-01-01,8,Nou Barris,56,Vallbona,..,3,20,1
2026-01-01,8,Nou Barris,56,Vallbona,..,4,2,2
2026-01-01,8,Nou Barris,56,Vallbona,..,4,3,1
2026-01-01,8,Nou Barris,56,Vallbona,..,4,5,1
2026-01-01,8,Nou Barris,56,Vallbona,..,4,5,2
2026-01-01,8,Nou Barris,56,Vallbona,..,4,8,1
2026-01-01,8,Nou Barris,56,Vallbona,..,4,9,1
2026-01-01,8,Nou Barris,56,Vallbona,..,4,9,2
2026-01-01,8,Nou Barris,56,Vallbona,..,4,10,1
2026-01-01,8,Nou Barris,56,Vallbona,..,4,10,2
2026-01-01,8,Nou Barris,56,Vallbona,..,4,11,2
2026-01-01,8,Nou Barris,56,Vallbona,..,4,12,1
2026-01-01,8,Nou Barris,56,Vallbona,..,4,12,2
2026-01-01,8,Nou Barris,56,Vallbona,..,4,13,1
2026-01-01,8,Nou Barris,56,Vallbona,..,4,13,2
2026-01-01,8,Nou Barris,56,Vallbona,..,4,14,1
2026-01-01,8,Nou Barris,56,Vallbona,..,4,14,2
2026-01-01,8,Nou Barris,56,Vallbona,..,5,0,1
2026-01-01,8,Nou Barris,56,Vallbona,..,5,0,2
2026-01-01,8,Nou Barris,56,Vallbona,6,5,1,1
2026-01-01,8,Nou Barris,56,Vallbona,..,5,1,2
2026-01-01,8,Nou Barris,56,Vallbona,5,5,2,1
2026-01-01,8,Nou Barris,56,Vallbona,5,5,2,2
2026-01-01,8,Nou Barris,56,Vallbona,6,5,3,1
2026-01-01,8,Nou Barris,56,Vallbona,7,5,3,2
2026-01-01,8,Nou Barris,56,Vallbona,11,5,4,1
2026-01-01,8,Nou Barris,56,Vallbona,10,5,4,2
2026-01-01,8,Nou Barris,56,Vallbona,20,5,5,1
2026-01-01,8,Nou Barris,56,Vallbona,19,5,5,2
2026-01-01,8,Nou Barris,56,Vallbona,17,5,6,1
2026-01-01,8,Nou Barris,56,Vallbona,21,5,6,2
2026-01-01,8,Nou Barris,56,Vallbona,27,5,7,1
2026-01-01,8,Nou Barris,56,Vallbona,19,5,7,2
2026-01-01,8,Nou Barris,56,Vallbona,27,5,8,1
2026-01-01,8,Nou Barris,56,Vallbona,17,5,8,2
2026-01-01,8,Nou Barris,56,Vallbona,23,5,9,1
2026-01-01,8,Nou Barris,56,Vallbona,26,5,9,2
2026-01-01,8,Nou Barris,56,Vallbona,18,5,10,1
2026-01-01,8,Nou Barris,56,Vallbona,15,5,10,2
2026-01-01,8,Nou Barris,56,Vallbona,10,5,11,1
2026-01-01,8,Nou Barris,56,Vallbona,13,5,11,2
2026-01-01,8,Nou Barris,56,Vallbona,12,5,12,1
2026-01-01,8,Nou Barris,56,Vallbona,13,5,12,2
2026-01-01,8,Nou Barris,56,Vallbona,9,5,13,1
2026-01-01,8,Nou Barris,56,Vallbona,5,5,13,2
2026-01-01,8,Nou Barris,56,Vallbona,5,5,14,1
2026-01-01,8,Nou Barris,56,Vallbona,..,5,14,2
2026-01-01,8,Nou Barris,56,Vallbona,..,5,15,1
2026-01-01,8,Nou Barris,56,Vallbona,..,5,15,2
2026-01-01,8,Nou Barris,56,Vallbona,..,5,16,1
2026-01-01,8,Nou Barris,56,Vallbona,..,5,16,2
2026-01-01,8,Nou Barris,56,Vallbona,..,5,17,1
2026-01-01,8,Nou Barris,56,Vallbona,..,5,19,2
2026-01-01,9,Sant Andreu,57,la Trinitat Vella,205,1,0,1
2026-01-01,9,Sant Andreu,57,la Trinitat Vella,232,1,0,2
2026-01-01,9,Sant Andreu,57,la Trinitat Vella,204,1,1,1
2026-01-01,9,Sant Andreu,57,la Trinitat Vella,227,1,1,2
2026-01-01,9,Sant Andreu,57,la Trinitat Vella,199,1,2,1
2026-01-01,9,Sant Andreu,57,la Trinitat Vella,219,1,2,2
2026-01-01,9,Sant Andreu,57,la Trinitat Vella,190,1,3,1
2026-01-01,9,Sant Andreu,57,la Trinitat Vella,217,1,3,2
2026-01-01,9,Sant Andreu,57,la Trinitat Vella,147,1,4,1
2026-01-01,9,Sant Andreu,57,la Trinitat Vella,146,1,4,2
2026-01-01,9,Sant Andreu,57,la Trinitat Vella,103,1,5,1
2026-01-01,9,Sant Andreu,57,la Trinitat Vella,107,1,5,2
2026-01-01,9,Sant Andreu,57,la Trinitat Vella,86,1,6,1
2026-01-01,9,Sant Andreu,57,la Trinitat Vella,83,1,6,2
2026-01-01,9,Sant Andreu,57,la Trinitat Vella,70,1,7,1
2026-01-01,9,Sant Andreu,57,la Trinitat Vella,92,1,7,2
2026-01-01,9,Sant Andreu,57,la Trinitat Vella,110,1,8,1
2026-01-01,9,Sant Andreu,57,la Trinitat Vella,92,1,8,2
2026-01-01,9,Sant Andreu,57,la Trinitat Vella,127,1,9,1
2026-01-01,9,Sant Andreu,57,la Trinitat Vella,164,1,9,2
2026-01-01,9,Sant Andreu,57,la Trinitat Vella,160,1,10,1
2026-01-01,9,Sant Andreu,57,la Trinitat Vella,148,1,10,2
2026-01-01,9,Sant Andreu,57,la Trinitat Vella,143,1,11,1
2026-01-01,9,Sant Andreu,57,la Trinitat Vella,115,1,11,2
2026-01-01,9,Sant Andreu,57,la Trinitat Vella,100,1,12,1
2026-01-01,9,Sant Andreu,57,la Trinitat Vella,99,1,12,2
2026-01-01,9,Sant Andreu,57,la Trinitat Vella,77,1,13,1
2026-01-01,9,Sant Andreu,57,la Trinitat Vella,58,1,13,2
2026-01-01,9,Sant Andreu,57,la Trinitat Vella,43,1,14,1
2026-01-01,9,Sant Andreu,57,la Trinitat Vella,34,1,14,2
2026-01-01,9,Sant Andreu,57,la Trinitat Vella,26,1,15,1
2026-01-01,9,Sant Andreu,57,la Trinitat Vella,26,1,15,2
2026-01-01,9,Sant Andreu,57,la Trinitat Vella,17,1,16,1
2026-01-01,9,Sant Andreu,57,la Trinitat Vella,12,1,16,2
2026-01-01,9,Sant Andreu,57,la Trinitat Vella,5,1,17,1
2026-01-01,9,Sant Andreu,57,la Trinitat Vella,7,1,17,2
2026-01-01,9,Sant Andreu,57,la Trinitat Vella,8,1,18,1
2026-01-01,9,Sant Andreu,57,la Trinitat Vella,..,1,18,2
2026-01-01,9,Sant Andreu,57,la Trinitat Vella,..,1,19,1
2026-01-01,9,Sant Andreu,57,la Trinitat Vella,17,2,0,1
2026-01-01,9,Sant Andreu,57,la Trinitat Vella,21,2,0,2
2026-01-01,9,Sant Andreu,57,la Trinitat Vella,21,2,1,1
2026-01-01,9,Sant Andreu,57,la Trinitat Vella,17,2,1,2
2026-01-01,9,Sant Andreu,57,la Trinitat Vella,16,2,2,1
2026-01-01,9,Sant Andreu,57,la Trinitat Vella,19,2,2,2
2026-01-01,9,Sant Andreu,57,la Trinitat Vella,28,2,3,1
2026-01-01,9,Sant Andreu,57,la Trinitat Vella,18,2,3,2
2026-01-01,9,Sant Andreu,57,la Trinitat Vella,16,2,4,1
2026-01-01,9,Sant Andreu,57,la Trinitat Vella,19,2,4,2
2026-01-01,9,Sant Andreu,57,la Trinitat Vella,11,2,5,1
2026-01-01,9,Sant Andreu,57,la Trinitat Vella,13,2,5,2
2026-01-01,9,Sant Andreu,57,la Trinitat Vella,15,2,6,1
2026-01-01,9,Sant Andreu,57,la Trinitat Vella,16,2,6,2
2026-01-01,9,Sant Andreu,57,la Trinitat Vella,9,2,7,1
2026-01-01,9,Sant Andreu,57,la Trinitat Vella,17,2,7,2
2026-01-01,9,Sant Andreu,57,la Trinitat Vella,15,2,8,1
2026-01-01,9,Sant Andreu,57,la Trinitat Vella,19,2,8,2
2026-01-01,9,Sant Andreu,57,la Trinitat Vella,27,2,9,1
2026-01-01,9,Sant Andreu,57,la Trinitat Vella,21,2,9,2
2026-01-01,9,Sant Andreu,57,la Trinitat Vella,14,2,10,1
2026-01-01,9,Sant Andreu,57,la Trinitat Vella,23,2,10,2
2026-01-01,9,Sant Andreu,57,la Trinitat Vella,8,2,11,1
2026-01-01,9,Sant Andreu,57,la Trinitat Vella,12,2,11,2
2026-01-01,9,Sant Andreu,57,la Trinitat Vella,10,2,12,1
2026-01-01,9,Sant Andreu,57,la Trinitat Vella,11,2,12,2
2026-01-01,9,Sant Andreu,57,la Trinitat Vella,..,2,13,1
2026-01-01,9,Sant Andreu,57,la Trinitat Vella,11,2,13,2
2026-01-01,9,Sant Andreu,57,la Trinitat Vella,5,2,14,1
2026-01-01,9,Sant Andreu,57,la Trinitat Vella,8,2,14,2
2026-01-01,9,Sant Andreu,57,la Trinitat Vella,6,2,15,1
2026-01-01,9,Sant Andreu,57,la Trinitat Vella,8,2,15,2
2026-01-01,9,Sant Andreu,57,la Trinitat Vella,..,2,16,1
2026-01-01,9,Sant Andreu,57,la Trinitat Vella,..,2,16,2
2026-01-01,9,Sant Andreu,57,la Trinitat Vella,..,2,17,2
2026-01-01,9,Sant Andreu,57,la Trinitat Vella,..,2,18,1
2026-01-01,9,Sant Andreu,57,la Trinitat Vella,..,2,19,1
2026-01-01,9,Sant Andreu,57,la Trinitat Vella,..,3,0,2
2026-01-01,9,Sant Andreu,57,la Trinitat Vella,..,3,1,1
2026-01-01,9,Sant Andreu,57,la Trinitat Vella,..,3,1,2
2026-01-01,9,Sant Andreu,57,la Trinitat Vella,5,3,2,1
2026-01-01,9,Sant Andreu,57,la Trinitat Vella,5,3,2,2
2026-01-01,9,Sant Andreu,57,la Trinitat Vella,8,3,3,1
2026-01-01,9,Sant Andreu,57,la Trinitat Vella,6,3,3,2
2026-01-01,9,Sant Andreu,57,la Trinitat Vella,5,3,4,1
2026-01-01,9,Sant Andreu,57,la Trinitat Vella,7,3,4,2
2026-01-01,9,Sant Andreu,57,la Trinitat Vella,..,3,5,1
2026-01-01,9,Sant Andreu,57,la Trinitat Vella,8,3,5,2
2026-01-01,9,Sant Andreu,57,la Trinitat Vella,10,3,6,1
2026-01-01,9,Sant Andreu,57,la Trinitat Vella,10,3,6,2
2026-01-01,9,Sant Andreu,57,la Trinitat Vella,10,3,7,1
2026-01-01,9,Sant Andreu,57,la Trinitat Vella,17,3,7,2
2026-01-01,9,Sant Andreu,57,la Trinitat Vella,12,3,8,1
2026-01-01,9,Sant Andreu,57,la Trinitat Vella,10,3,8,2
2026-01-01,9,Sant Andreu,57,la Trinitat Vella,9,3,9,1
2026-01-01,9,Sant Andreu,57,la Trinitat Vella,18,3,9,2
2026-01-01,9,Sant Andreu,57,la Trinitat Vella,16,3,10,1
2026-01-01,9,Sant Andreu,57,la Trinitat Vella,19,3,10,2
2026-01-01,9,Sant Andreu,57,la Trinitat Vella,30,3,11,1
2026-01-01,9,Sant Andreu,57,la Trinitat Vella,33,3,11,2
2026-01-01,9,Sant Andreu,57,la Trinitat Vella,62,3,12,1
2026-01-01,9,Sant Andreu,57,la Trinitat Vella,58,3,12,2
2026-01-01,9,Sant Andreu,57,la Trinitat Vella,85,3,13,1
2026-01-01,9,Sant Andreu,57,la Trinitat Vella,65,3,13,2
2026-01-01,9,Sant Andreu,57,la Trinitat Vella,95,3,14,1
2026-01-01,9,Sant Andreu,57,la Trinitat Vella,82,3,14,2
2026-01-01,9,Sant Andreu,57,la Trinitat Vella,145,3,15,1
2026-01-01,9,Sant Andreu,57,la Trinitat Vella,99,3,15,2
2026-01-01,9,Sant Andreu,57,la Trinitat Vella,113,3,16,1
2026-01-01,9,Sant Andreu,57,la Trinitat Vella,74,3,16,2
2026-01-01,9,Sant Andreu,57,la Trinitat Vella,68,3,17,1
2026-01-01,9,Sant Andreu,57,la Trinitat Vella,47,3,17,2
2026-01-01,9,Sant Andreu,57,la Trinitat Vella,45,3,18,1
2026-01-01,9,Sant Andreu,57,la Trinitat Vella,19,3,18,2
2026-01-01,9,Sant Andreu,57,la Trinitat Vella,11,3,19,1
2026-01-01,9,Sant Andreu,57,la Trinitat Vella,..,3,19,2
2026-01-01,9,Sant Andreu,57,la Trinitat Vella,..,3,20,1
2026-01-01,9,Sant Andreu,57,la Trinitat Vella,..,3,20,2
2026-01-01,9,Sant Andreu,57,la Trinitat Vella,..,4,0,1
2026-01-01,9,Sant Andreu,57,la Trinitat Vella,..,4,0,2
2026-01-01,9,Sant Andreu,57,la Trinitat Vella,..,4,1,1
2026-01-01,9,Sant Andreu,57,la Trinitat Vella,..,4,1,2
2026-01-01,9,Sant Andreu,57,la Trinitat Vella,7,4,2,1
2026-01-01,9,Sant Andreu,57,la Trinitat Vella,5,4,2,2
2026-01-01,9,Sant Andreu,57,la Trinitat Vella,5,4,3,1
2026-01-01,9,Sant Andreu,57,la Trinitat Vella,..,4,3,2
2026-01-01,9,Sant Andreu,57,la Trinitat Vella,9,4,4,1
2026-01-01,9,Sant Andreu,57,la Trinitat Vella,7,4,4,2
2026-01-01,9,Sant Andreu,57,la Trinitat Vella,12,4,5,1
2026-01-01,9,Sant Andreu,57,la Trinitat Vella,10,4,5,2
2026-01-01,9,Sant Andreu,57,la Trinitat Vella,16,4,6,1
2026-01-01,9,Sant Andreu,57,la Trinitat Vella,9,4,6,2
2026-01-01,9,Sant Andreu,57,la Trinitat Vella,18,4,7,1
2026-01-01,9,Sant Andreu,57,la Trinitat Vella,12,4,7,2
2026-01-01,9,Sant Andreu,57,la Trinitat Vella,11,4,8,1
2026-01-01,9,Sant Andreu,57,la Trinitat Vella,17,4,8,2
2026-01-01,9,Sant Andreu,57,la Trinitat Vella,14,4,9,1
2026-01-01,9,Sant Andreu,57,la Trinitat Vella,8,4,9,2
2026-01-01,9,Sant Andreu,57,la Trinitat Vella,..,4,10,1
2026-01-01,9,Sant Andreu,57,la Trinitat Vella,9,4,10,2
2026-01-01,9,Sant Andreu,57,la Trinitat Vella,13,4,11,1
2026-01-01,9,Sant Andreu,57,la Trinitat Vella,7,4,11,2
2026-01-01,9,Sant Andreu,57,la Trinitat Vella,10,4,12,1
2026-01-01,9,Sant Andreu,57,la Trinitat Vella,5,4,12,2
2026-01-01,9,Sant Andreu,57,la Trinitat Vella,..,4,13,1
2026-01-01,9,Sant Andreu,57,la Trinitat Vella,..,4,13,2
2026-01-01,9,Sant Andreu,57,la Trinitat Vella,..,4,14,1
2026-01-01,9,Sant Andreu,57,la Trinitat Vella,..,4,14,2
2026-01-01,9,Sant Andreu,57,la Trinitat Vella,..,4,15,1
2026-01-01,9,Sant Andreu,57,la Trinitat Vella,..,4,19,1
2026-01-01,9,Sant Andreu,57,la Trinitat Vella,11,5,0,1
2026-01-01,9,Sant Andreu,57,la Trinitat Vella,19,5,0,2
2026-01-01,9,Sant Andreu,57,la Trinitat Vella,48,5,1,1
2026-01-01,9,Sant Andreu,57,la Trinitat Vella,51,5,1,2
2026-01-01,9,Sant Andreu,57,la Trinitat Vella,73,5,2,1
2026-01-01,9,Sant Andreu,57,la Trinitat Vella,90,5,2,2
2026-01-01,9,Sant Andreu,57,la Trinitat Vella,105,5,3,1
2026-01-01,9,Sant Andreu,57,la Trinitat Vella,100,5,3,2
2026-01-01,9,Sant Andreu,57,la Trinitat Vella,147,5,4,1
2026-01-01,9,Sant Andreu,57,la Trinitat Vella,221,5,4,2
2026-01-01,9,Sant Andreu,57,la Trinitat Vella,274,5,5,1
2026-01-01,9,Sant Andreu,57,la Trinitat Vella,328,5,5,2
2026-01-01,9,Sant Andreu,57,la Trinitat Vella,293,5,6,1
2026-01-01,9,Sant Andreu,57,la Trinitat Vella,366,5,6,2
2026-01-01,9,Sant Andreu,57,la Trinitat Vella,263,5,7,1
2026-01-01,9,Sant Andreu,57,la Trinitat Vella,299,5,7,2
2026-01-01,9,Sant Andreu,57,la Trinitat Vella,259,5,8,1
2026-01-01,9,Sant Andreu,57,la Trinitat Vella,244,5,8,2
2026-01-01,9,Sant Andreu,57,la Trinitat Vella,266,5,9,1
2026-01-01,9,Sant Andreu,57,la Trinitat Vella,268,5,9,2
2026-01-01,9,Sant Andreu,57,la Trinitat Vella,213,5,10,1
2026-01-01,9,Sant Andreu,57,la Trinitat Vella,241,5,10,2
2026-01-01,9,Sant Andreu,57,la Trinitat Vella,167,5,11,1
2026-01-01,9,Sant Andreu,57,la Trinitat Vella,192,5,11,2
2026-01-01,9,Sant Andreu,57,la Trinitat Vella,136,5,12,1
2026-01-01,9,Sant Andreu,57,la Trinitat Vella,120,5,12,2
2026-01-01,9,Sant Andreu,57,la Trinitat Vella,80,5,13,1
2026-01-01,9,Sant Andreu,57,la Trinitat Vella,71,5,13,2
2026-01-01,9,Sant Andreu,57,la Trinitat Vella,50,5,14,1
2026-01-01,9,Sant Andreu,57,la Trinitat Vella,41,5,14,2
2026-01-01,9,Sant Andreu,57,la Trinitat Vella,40,5,15,1
2026-01-01,9,Sant Andreu,57,la Trinitat Vella,24,5,15,2
2026-01-01,9,Sant Andreu,57,la Trinitat Vella,18,5,16,1
2026-01-01,9,Sant Andreu,57,la Trinitat Vella,15,5,16,2
2026-01-01,9,Sant Andreu,57,la Trinitat Vella,14,5,17,1
2026-01-01,9,Sant Andreu,57,la Trinitat Vella,..,5,17,2
2026-01-01,9,Sant Andreu,57,la Trinitat Vella,..,5,18,1
2026-01-01,9,Sant Andreu,57,la Trinitat Vella,..,5,18,2
2026-01-01,9,Sant Andreu,57,la Trinitat Vella,..,5,19,1
2026-01-01,9,Sant Andreu,57,la Trinitat Vella,..,6,4,1
2026-01-01,9,Sant Andreu,58,Baró de Viver,50,1,0,1
2026-01-01,9,Sant Andreu,58,Baró de Viver,51,1,0,2
2026-01-01,9,Sant Andreu,58,Baró de Viver,50,1,1,1
2026-01-01,9,Sant Andreu,58,Baró de Viver,40,1,1,2
2026-01-01,9,Sant Andreu,58,Baró de Viver,54,1,2,1
2026-01-01,9,Sant Andreu,58,Baró de Viver,39,1,2,2
2026-01-01,9,Sant Andreu,58,Baró de Viver,48,1,3,1
2026-01-01,9,Sant Andreu,58,Baró de Viver,64,1,3,2
2026-01-01,9,Sant Andreu,58,Baró de Viver,44,1,4,1
2026-01-01,9,Sant Andreu,58,Baró de Viver,46,1,4,2
2026-01-01,9,Sant Andreu,58,Baró de Viver,31,1,5,1
2026-01-01,9,Sant Andreu,58,Baró de Viver,38,1,5,2
2026-01-01,9,Sant Andreu,58,Baró de Viver,36,1,6,1
2026-01-01,9,Sant Andreu,58,Baró de Viver,41,1,6,2
2026-01-01,9,Sant Andreu,58,Baró de Viver,31,1,7,1
2026-01-01,9,Sant Andreu,58,Baró de Viver,29,1,7,2
2026-01-01,9,Sant Andreu,58,Baró de Viver,37,1,8,1
2026-01-01,9,Sant Andreu,58,Baró de Viver,35,1,8,2
2026-01-01,9,Sant Andreu,58,Baró de Viver,43,1,9,1
2026-01-01,9,Sant Andreu,58,Baró de Viver,60,1,9,2
2026-01-01,9,Sant Andreu,58,Baró de Viver,51,1,10,1
2026-01-01,9,Sant Andreu,58,Baró de Viver,51,1,10,2
2026-01-01,9,Sant Andreu,58,Baró de Viver,67,1,11,1
2026-01-01,9,Sant Andreu,58,Baró de Viver,50,1,11,2
2026-01-01,9,Sant Andreu,58,Baró de Viver,57,1,12,1
2026-01-01,9,Sant Andreu,58,Baró de Viver,43,1,12,2
2026-01-01,9,Sant Andreu,58,Baró de Viver,47,1,13,1
2026-01-01,9,Sant Andreu,58,Baró de Viver,37,1,13,2
2026-01-01,9,Sant Andreu,58,Baró de Viver,29,1,14,1
2026-01-01,9,Sant Andreu,58,Baró de Viver,22,1,14,2
2026-01-01,9,Sant Andreu,58,Baró de Viver,11,1,15,1
2026-01-01,9,Sant Andreu,58,Baró de Viver,13,1,15,2
2026-01-01,9,Sant Andreu,58,Baró de Viver,17,1,16,1
2026-01-01,9,Sant Andreu,58,Baró de Viver,..,1,16,2
2026-01-01,9,Sant Andreu,58,Baró de Viver,10,1,17,1
2026-01-01,9,Sant Andreu,58,Baró de Viver,..,1,17,2
2026-01-01,9,Sant Andreu,58,Baró de Viver,..,1,18,2
2026-01-01,9,Sant Andreu,58,Baró de Viver,..,1,19,1
2026-01-01,9,Sant Andreu,58,Baró de Viver,..,2,0,1
2026-01-01,9,Sant Andreu,58,Baró de Viver,13,2,0,2
2026-01-01,9,Sant Andreu,58,Baró de Viver,5,2,1,1
2026-01-01,9,Sant Andreu,58,Baró de Viver,11,2,1,2
2026-01-01,9,Sant Andreu,58,Baró de Viver,13,2,2,1
2026-01-01,9,Sant Andreu,58,Baró de Viver,12,2,2,2
2026-01-01,9,Sant Andreu,58,Baró de Viver,9,2,3,1
2026-01-01,9,Sant Andreu,58,Baró de Viver,16,2,3,2
2026-01-01,9,Sant Andreu,58,Baró de Viver,14,2,4,1
2026-01-01,9,Sant Andreu,58,Baró de Viver,10,2,4,2
2026-01-01,9,Sant Andreu,58,Baró de Viver,..,2,5,1
2026-01-01,9,Sant Andreu,58,Baró de Viver,6,2,5,2
2026-01-01,9,Sant Andreu,58,Baró de Viver,7,2,6,1
2026-01-01,9,Sant Andreu,58,Baró de Viver,7,2,6,2
2026-01-01,9,Sant Andreu,58,Baró de Viver,7,2,7,1
2026-01-01,9,Sant Andreu,58,Baró de Viver,7,2,7,2
2026-01-01,9,Sant Andreu,58,Baró de Viver,6,2,8,1
2026-01-01,9,Sant Andreu,58,Baró de Viver,12,2,8,2
2026-01-01,9,Sant Andreu,58,Baró de Viver,11,2,9,1
2026-01-01,9,Sant Andreu,58,Baró de Viver,16,2,9,2
2026-01-01,9,Sant Andreu,58,Baró de Viver,8,2,10,1
2026-01-01,9,Sant Andreu,58,Baró de Viver,6,2,10,2
2026-01-01,9,Sant Andreu,58,Baró de Viver,12,2,11,1
2026-01-01,9,Sant Andreu,58,Baró de Viver,6,2,11,2
2026-01-01,9,Sant Andreu,58,Baró de Viver,..,2,12,1
2026-01-01,9,Sant Andreu,58,Baró de Viver,..,2,12,2
2026-01-01,9,Sant Andreu,58,Baró de Viver,..,2,13,1
2026-01-01,9,Sant Andreu,58,Baró de Viver,6,2,13,2
2026-01-01,9,Sant Andreu,58,Baró de Viver,..,2,14,1
2026-01-01,9,Sant Andreu,58,Baró de Viver,..,2,14,2
2026-01-01,9,Sant Andreu,58,Baró de Viver,..,2,16,1
2026-01-01,9,Sant Andreu,58,Baró de Viver,..,2,16,2
2026-01-01,9,Sant Andreu,58,Baró de Viver,..,3,0,2
2026-01-01,9,Sant Andreu,58,Baró de Viver,..,3,1,1
2026-01-01,9,Sant Andreu,58,Baró de Viver,..,3,1,2
2026-01-01,9,Sant Andreu,58,Baró de Viver,..,3,2,1
2026-01-01,9,Sant Andreu,58,Baró de Viver,..,3,2,2
2026-01-01,9,Sant Andreu,58,Baró de Viver,..,3,3,1
2026-01-01,9,Sant Andreu,58,Baró de Viver,..,3,3,2
2026-01-01,9,Sant Andreu,58,Baró de Viver,..,3,4,1
2026-01-01,9,Sant Andreu,58,Baró de Viver,7,3,5,1
2026-01-01,9,Sant Andreu,58,Baró de Viver,..,3,5,2
2026-01-01,9,Sant Andreu,58,Baró de Viver,..,3,6,1
2026-01-01,9,Sant Andreu,58,Baró de Viver,..,3,6,2
2026-01-01,9,Sant Andreu,58,Baró de Viver,..,3,7,1
2026-01-01,9,Sant Andreu,58,Baró de Viver,5,3,7,2
2026-01-01,9,Sant Andreu,58,Baró de Viver,..,3,8,1
2026-01-01,9,Sant Andreu,58,Baró de Viver,..,3,8,2
2026-01-01,9,Sant Andreu,58,Baró de Viver,..,3,9,1
2026-01-01,9,Sant Andreu,58,Baró de Viver,..,3,9,2
2026-01-01,9,Sant Andreu,58,Baró de Viver,5,3,10,1
2026-01-01,9,Sant Andreu,58,Baró de Viver,8,3,10,2
2026-01-01,9,Sant Andreu,58,Baró de Viver,7,3,11,1
2026-01-01,9,Sant Andreu,58,Baró de Viver,10,3,11,2
2026-01-01,9,Sant Andreu,58,Baró de Viver,12,3,12,1
2026-01-01,9,Sant Andreu,58,Baró de Viver,19,3,12,2
2026-01-01,9,Sant Andreu,58,Baró de Viver,10,3,13,1
2026-01-01,9,Sant Andreu,58,Baró de Viver,11,3,13,2
2026-01-01,9,Sant Andreu,58,Baró de Viver,15,3,14,1
2026-01-01,9,Sant Andreu,58,Baró de Viver,20,3,14,2
2026-01-01,9,Sant Andreu,58,Baró de Viver,17,3,15,1
2026-01-01,9,Sant Andreu,58,Baró de Viver,10,3,15,2
2026-01-01,9,Sant Andreu,58,Baró de Viver,12,3,16,1
2026-01-01,9,Sant Andreu,58,Baró de Viver,8,3,16,2
2026-01-01,9,Sant Andreu,58,Baró de Viver,19,3,17,1
2026-01-01,9,Sant Andreu,58,Baró de Viver,7,3,17,2
2026-01-01,9,Sant Andreu,58,Baró de Viver,13,3,18,1
2026-01-01,9,Sant Andreu,58,Baró de Viver,..,3,18,2
2026-01-01,9,Sant Andreu,58,Baró de Viver,..,3,19,1
2026-01-01,9,Sant Andreu,58,Baró de Viver,..,3,20,1
2026-01-01,9,Sant Andreu,58,Baró de Viver,..,3,20,2
2026-01-01,9,Sant Andreu,58,Baró de Viver,..,4,0,1
2026-01-01,9,Sant Andreu,58,Baró de Viver,..,4,2,1
2026-01-01,9,Sant Andreu,58,Baró de Viver,..,4,2,2
2026-01-01,9,Sant Andreu,58,Baró de Viver,..,4,3,2
2026-01-01,9,Sant Andreu,58,Baró de Viver,..,4,4,1
2026-01-01,9,Sant Andreu,58,Baró de Viver,..,4,4,2
2026-01-01,9,Sant Andreu,58,Baró de Viver,..,4,5,1
2026-01-01,9,Sant Andreu,58,Baró de Viver,..,4,5,2
2026-01-01,9,Sant Andreu,58,Baró de Viver,..,4,6,1
2026-01-01,9,Sant Andreu,58,Baró de Viver,..,4,6,2
2026-01-01,9,Sant Andreu,58,Baró de Viver,5,4,7,1
2026-01-01,9,Sant Andreu,58,Baró de Viver,..,4,7,2
2026-01-01,9,Sant Andreu,58,Baró de Viver,..,4,8,1
2026-01-01,9,Sant Andreu,58,Baró de Viver,..,4,8,2
2026-01-01,9,Sant Andreu,58,Baró de Viver,..,4,9,1
2026-01-01,9,Sant Andreu,58,Baró de Viver,..,4,9,2
2026-01-01,9,Sant Andreu,58,Baró de Viver,..,4,10,1
2026-01-01,9,Sant Andreu,58,Baró de Viver,..,4,10,2
2026-01-01,9,Sant Andreu,58,Baró de Viver,5,4,11,2
2026-01-01,9,Sant Andreu,58,Baró de Viver,..,4,12,1
2026-01-01,9,Sant Andreu,58,Baró de Viver,..,4,12,2
2026-01-01,9,Sant Andreu,58,Baró de Viver,..,4,13,1
2026-01-01,9,Sant Andreu,58,Baró de Viver,..,4,14,2
2026-01-01,9,Sant Andreu,58,Baró de Viver,..,4,15,2
2026-01-01,9,Sant Andreu,58,Baró de Viver,..,4,18,2
2026-01-01,9,Sant Andreu,58,Baró de Viver,8,5,1,1
2026-01-01,9,Sant Andreu,58,Baró de Viver,..,5,1,2
2026-01-01,9,Sant Andreu,58,Baró de Viver,7,5,2,1
2026-01-01,9,Sant Andreu,58,Baró de Viver,11,5,2,2
2026-01-01,9,Sant Andreu,58,Baró de Viver,13,5,3,1
2026-01-01,9,Sant Andreu,58,Baró de Viver,7,5,3,2
2026-01-01,9,Sant Andreu,58,Baró de Viver,27,5,4,1
2026-01-01,9,Sant Andreu,58,Baró de Viver,30,5,4,2
2026-01-01,9,Sant Andreu,58,Baró de Viver,36,5,5,1
2026-01-01,9,Sant Andreu,58,Baró de Viver,32,5,5,2
2026-01-01,9,Sant Andreu,58,Baró de Viver,39,5,6,1
2026-01-01,9,Sant Andreu,58,Baró de Viver,41,5,6,2
2026-01-01,9,Sant Andreu,58,Baró de Viver,38,5,7,1
2026-01-01,9,Sant Andreu,58,Baró de Viver,39,5,7,2
2026-01-01,9,Sant Andreu,58,Baró de Viver,41,5,8,1
2026-01-01,9,Sant Andreu,58,Baró de Viver,33,5,8,2
2026-01-01,9,Sant Andreu,58,Baró de Viver,47,5,9,1
2026-01-01,9,Sant Andreu,58,Baró de Viver,38,5,9,2
2026-01-01,9,Sant Andreu,58,Baró de Viver,32,5,10,1
2026-01-01,9,Sant Andreu,58,Baró de Viver,30,5,10,2
2026-01-01,9,Sant Andreu,58,Baró de Viver,34,5,11,1
2026-01-01,9,Sant Andreu,58,Baró de Viver,38,5,11,2
2026-01-01,9,Sant Andreu,58,Baró de Viver,24,5,12,1
2026-01-01,9,Sant Andreu,58,Baró de Viver,12,5,12,2
2026-01-01,9,Sant Andreu,58,Baró de Viver,21,5,13,1
2026-01-01,9,Sant Andreu,58,Baró de Viver,14,5,13,2
2026-01-01,9,Sant Andreu,58,Baró de Viver,14,5,14,1
2026-01-01,9,Sant Andreu,58,Baró de Viver,5,5,14,2
2026-01-01,9,Sant Andreu,58,Baró de Viver,8,5,15,1
2026-01-01,9,Sant Andreu,58,Baró de Viver,..,5,15,2
2026-01-01,9,Sant Andreu,58,Baró de Viver,..,5,16,1
2026-01-01,9,Sant Andreu,58,Baró de Viver,..,5,16,2
2026-01-01,9,Sant Andreu,58,Baró de Viver,..,5,17,2
2026-01-01,9,Sant Andreu,58,Baró de Viver,..,5,19,1
2026-01-01,9,Sant Andreu,59,el Bon Pastor,214,1,0,1
2026-01-01,9,Sant Andreu,59,el Bon Pastor,208,1,0,2
2026-01-01,9,Sant Andreu,59,el Bon Pastor,233,1,1,1
2026-01-01,9,Sant Andreu,59,el Bon Pastor,227,1,1,2
2026-01-01,9,Sant Andreu,59,el Bon Pastor,245,1,2,1
2026-01-01,9,Sant Andreu,59,el Bon Pastor,270,1,2,2
2026-01-01,9,Sant Andreu,59,el Bon Pastor,340,1,3,1
2026-01-01,9,Sant Andreu,59,el Bon Pastor,370,1,3,2
2026-01-01,9,Sant Andreu,59,el Bon Pastor,247,1,4,1
2026-01-01,9,Sant Andreu,59,el Bon Pastor,236,1,4,2
2026-01-01,9,Sant Andreu,59,el Bon Pastor,155,1,5,1
2026-01-01,9,Sant Andreu,59,el Bon Pastor,183,1,5,2
2026-01-01,9,Sant Andreu,59,el Bon Pastor,137,1,6,1
2026-01-01,9,Sant Andreu,59,el Bon Pastor,154,1,6,2
2026-01-01,9,Sant Andreu,59,el Bon Pastor,142,1,7,1
2026-01-01,9,Sant Andreu,59,el Bon Pastor,124,1,7,2
2026-01-01,9,Sant Andreu,59,el Bon Pastor,173,1,8,1
2026-01-01,9,Sant Andreu,59,el Bon Pastor,176,1,8,2
2026-01-01,9,Sant Andreu,59,el Bon Pastor,276,1,9,1
2026-01-01,9,Sant Andreu,59,el Bon Pastor,269,1,9,2
2026-01-01,9,Sant Andreu,59,el Bon Pastor,334,1,10,1
2026-01-01,9,Sant Andreu,59,el Bon Pastor,346,1,10,2
2026-01-01,9,Sant Andreu,59,el Bon Pastor,299,1,11,1
2026-01-01,9,Sant Andreu,59,el Bon Pastor,310,1,11,2
2026-01-01,9,Sant Andreu,59,el Bon Pastor,201,1,12,1
2026-01-01,9,Sant Andreu,59,el Bon Pastor,204,1,12,2
2026-01-01,9,Sant Andreu,59,el Bon Pastor,141,1,13,1
2026-01-01,9,Sant Andreu,59,el Bon Pastor,136,1,13,2
2026-01-01,9,Sant Andreu,59,el Bon Pastor,108,1,14,1
2026-01-01,9,Sant Andreu,59,el Bon Pastor,87,1,14,2
2026-01-01,9,Sant Andreu,59,el Bon Pastor,75,1,15,1
2026-01-01,9,Sant Andreu,59,el Bon Pastor,68,1,15,2
2026-01-01,9,Sant Andreu,59,el Bon Pastor,78,1,16,1
2026-01-01,9,Sant Andreu,59,el Bon Pastor,32,1,16,2
2026-01-01,9,Sant Andreu,59,el Bon Pastor,46,1,17,1
2026-01-01,9,Sant Andreu,59,el Bon Pastor,25,1,17,2
2026-01-01,9,Sant Andreu,59,el Bon Pastor,25,1,18,1
2026-01-01,9,Sant Andreu,59,el Bon Pastor,7,1,18,2
2026-01-01,9,Sant Andreu,59,el Bon Pastor,10,1,19,1
2026-01-01,9,Sant Andreu,59,el Bon Pastor,..,1,19,2
2026-01-01,9,Sant Andreu,59,el Bon Pastor,25,2,0,1
2026-01-01,9,Sant Andreu,59,el Bon Pastor,39,2,0,2
2026-01-01,9,Sant Andreu,59,el Bon Pastor,24,2,1,1
2026-01-01,9,Sant Andreu,59,el Bon Pastor,43,2,1,2
2026-01-01,9,Sant Andreu,59,el Bon Pastor,38,2,2,1
2026-01-01,9,Sant Andreu,59,el Bon Pastor,35,2,2,2
2026-01-01,9,Sant Andreu,59,el Bon Pastor,49,2,3,1
2026-01-01,9,Sant Andreu,59,el Bon Pastor,42,2,3,2
2026-01-01,9,Sant Andreu,59,el Bon Pastor,40,2,4,1
2026-01-01,9,Sant Andreu,59,el Bon Pastor,38,2,4,2
2026-01-01,9,Sant Andreu,59,el Bon Pastor,41,2,5,1
2026-01-01,9,Sant Andreu,59,el Bon Pastor,32,2,5,2
2026-01-01,9,Sant Andreu,59,el Bon Pastor,25,2,6,1
2026-01-01,9,Sant Andreu,59,el Bon Pastor,21,2,6,2
2026-01-01,9,Sant Andreu,59,el Bon Pastor,22,2,7,1
2026-01-01,9,Sant Andreu,59,el Bon Pastor,21,2,7,2
2026-01-01,9,Sant Andreu,59,el Bon Pastor,24,2,8,1
2026-01-01,9,Sant Andreu,59,el Bon Pastor,21,2,8,2
2026-01-01,9,Sant Andreu,59,el Bon Pastor,54,2,9,1
2026-01-01,9,Sant Andreu,59,el Bon Pastor,44,2,9,2
2026-01-01,9,Sant Andreu,59,el Bon Pastor,65,2,10,1
2026-01-01,9,Sant Andreu,59,el Bon Pastor,60,2,10,2
2026-01-01,9,Sant Andreu,59,el Bon Pastor,33,2,11,1
2026-01-01,9,Sant Andreu,59,el Bon Pastor,39,2,11,2
2026-01-01,9,Sant Andreu,59,el Bon Pastor,27,2,12,1
2026-01-01,9,Sant Andreu,59,el Bon Pastor,38,2,12,2
2026-01-01,9,Sant Andreu,59,el Bon Pastor,20,2,13,1
2026-01-01,9,Sant Andreu,59,el Bon Pastor,23,2,13,2
2026-01-01,9,Sant Andreu,59,el Bon Pastor,11,2,14,1
2026-01-01,9,Sant Andreu,59,el Bon Pastor,7,2,14,2
2026-01-01,9,Sant Andreu,59,el Bon Pastor,17,2,15,1
2026-01-01,9,Sant Andreu,59,el Bon Pastor,15,2,15,2
2026-01-01,9,Sant Andreu,59,el Bon Pastor,13,2,16,1
2026-01-01,9,Sant Andreu,59,el Bon Pastor,8,2,16,2
2026-01-01,9,Sant Andreu,59,el Bon Pastor,11,2,17,1
2026-01-01,9,Sant Andreu,59,el Bon Pastor,..,2,17,2
2026-01-01,9,Sant Andreu,59,el Bon Pastor,..,2,18,1
2026-01-01,9,Sant Andreu,59,el Bon Pastor,..,2,18,2
2026-01-01,9,Sant Andreu,59,el Bon Pastor,..,2,19,1
2026-01-01,9,Sant Andreu,59,el Bon Pastor,..,3,0,2
2026-01-01,9,Sant Andreu,59,el Bon Pastor,5,3,1,1
2026-01-01,9,Sant Andreu,59,el Bon Pastor,6,3,1,2
2026-01-01,9,Sant Andreu,59,el Bon Pastor,..,3,2,1
2026-01-01,9,Sant Andreu,59,el Bon Pastor,7,3,2,2
2026-01-01,9,Sant Andreu,59,el Bon Pastor,8,3,3,1
2026-01-01,9,Sant Andreu,59,el Bon Pastor,7,3,3,2
2026-01-01,9,Sant Andreu,59,el Bon Pastor,7,3,4,1
2026-01-01,9,Sant Andreu,59,el Bon Pastor,8,3,4,2
2026-01-01,9,Sant Andreu,59,el Bon Pastor,10,3,5,1
2026-01-01,9,Sant Andreu,59,el Bon Pastor,11,3,5,2
2026-01-01,9,Sant Andreu,59,el Bon Pastor,16,3,6,1
2026-01-01,9,Sant Andreu,59,el Bon Pastor,18,3,6,2
2026-01-01,9,Sant Andreu,59,el Bon Pastor,14,3,7,1
2026-01-01,9,Sant Andreu,59,el Bon Pastor,16,3,7,2
2026-01-01,9,Sant Andreu,59,el Bon Pastor,22,3,8,1
2026-01-01,9,Sant Andreu,59,el Bon Pastor,18,3,8,2
2026-01-01,9,Sant Andreu,59,el Bon Pastor,28,3,9,1
2026-01-01,9,Sant Andreu,59,el Bon Pastor,29,3,9,2
2026-01-01,9,Sant Andreu,59,el Bon Pastor,31,3,10,1
2026-01-01,9,Sant Andreu,59,el Bon Pastor,42,3,10,2
2026-01-01,9,Sant Andreu,59,el Bon Pastor,51,3,11,1
2026-01-01,9,Sant Andreu,59,el Bon Pastor,41,3,11,2
2026-01-01,9,Sant Andreu,59,el Bon Pastor,49,3,12,1
2026-01-01,9,Sant Andreu,59,el Bon Pastor,57,3,12,2
2026-01-01,9,Sant Andreu,59,el Bon Pastor,87,3,13,1
2026-01-01,9,Sant Andreu,59,el Bon Pastor,82,3,13,2
2026-01-01,9,Sant Andreu,59,el Bon Pastor,86,3,14,1
2026-01-01,9,Sant Andreu,59,el Bon Pastor,57,3,14,2
2026-01-01,9,Sant Andreu,59,el Bon Pastor,141,3,15,1
2026-01-01,9,Sant Andreu,59,el Bon Pastor,107,3,15,2
2026-01-01,9,Sant Andreu,59,el Bon Pastor,131,3,16,1
2026-01-01,9,Sant Andreu,59,el Bon Pastor,93,3,16,2
2026-01-01,9,Sant Andreu,59,el Bon Pastor,103,3,17,1
2026-01-01,9,Sant Andreu,59,el Bon Pastor,54,3,17,2
2026-01-01,9,Sant Andreu,59,el Bon Pastor,52,3,18,1
2026-01-01,9,Sant Andreu,59,el Bon Pastor,21,3,18,2
2026-01-01,9,Sant Andreu,59,el Bon Pastor,16,3,19,1
2026-01-01,9,Sant Andreu,59,el Bon Pastor,..,3,19,2
2026-01-01,9,Sant Andreu,59,el Bon Pastor,..,3,20,1
2026-01-01,9,Sant Andreu,59,el Bon Pastor,..,4,0,2
2026-01-01,9,Sant Andreu,59,el Bon Pastor,..,4,1,1
2026-01-01,9,Sant Andreu,59,el Bon Pastor,..,4,1,2
2026-01-01,9,Sant Andreu,59,el Bon Pastor,..,4,2,1
2026-01-01,9,Sant Andreu,59,el Bon Pastor,..,4,2,2
2026-01-01,9,Sant Andreu,59,el Bon Pastor,..,4,3,1
2026-01-01,9,Sant Andreu,59,el Bon Pastor,5,4,3,2
2026-01-01,9,Sant Andreu,59,el Bon Pastor,7,4,4,1
2026-01-01,9,Sant Andreu,59,el Bon Pastor,5,4,4,2
2026-01-01,9,Sant Andreu,59,el Bon Pastor,10,4,5,1
2026-01-01,9,Sant Andreu,59,el Bon Pastor,12,4,5,2
2026-01-01,9,Sant Andreu,59,el Bon Pastor,12,4,6,1
2026-01-01,9,Sant Andreu,59,el Bon Pastor,22,4,6,2
2026-01-01,9,Sant Andreu,59,el Bon Pastor,10,4,7,1
2026-01-01,9,Sant Andreu,59,el Bon Pastor,17,4,7,2
2026-01-01,9,Sant Andreu,59,el Bon Pastor,11,4,8,1
2026-01-01,9,Sant Andreu,59,el Bon Pastor,19,4,8,2
2026-01-01,9,Sant Andreu,59,el Bon Pastor,11,4,9,1
2026-01-01,9,Sant Andreu,59,el Bon Pastor,14,4,9,2
2026-01-01,9,Sant Andreu,59,el Bon Pastor,13,4,10,1
2026-01-01,9,Sant Andreu,59,el Bon Pastor,15,4,10,2
2026-01-01,9,Sant Andreu,59,el Bon Pastor,12,4,11,1
2026-01-01,9,Sant Andreu,59,el Bon Pastor,10,4,11,2
2026-01-01,9,Sant Andreu,59,el Bon Pastor,7,4,12,1
2026-01-01,9,Sant Andreu,59,el Bon Pastor,11,4,12,2
2026-01-01,9,Sant Andreu,59,el Bon Pastor,..,4,13,1
2026-01-01,9,Sant Andreu,59,el Bon Pastor,..,4,13,2
2026-01-01,9,Sant Andreu,59,el Bon Pastor,..,4,14,1
2026-01-01,9,Sant Andreu,59,el Bon Pastor,..,4,14,2
2026-01-01,9,Sant Andreu,59,el Bon Pastor,..,4,16,1
2026-01-01,9,Sant Andreu,59,el Bon Pastor,..,4,16,2
2026-01-01,9,Sant Andreu,59,el Bon Pastor,..,4,18,1
2026-01-01,9,Sant Andreu,59,el Bon Pastor,..,4,19,1
2026-01-01,9,Sant Andreu,59,el Bon Pastor,24,5,0,1
2026-01-01,9,Sant Andreu,59,el Bon Pastor,14,5,0,2
2026-01-01,9,Sant Andreu,59,el Bon Pastor,78,5,1,1
2026-01-01,9,Sant Andreu,59,el Bon Pastor,86,5,1,2
2026-01-01,9,Sant Andreu,59,el Bon Pastor,99,5,2,1
2026-01-01,9,Sant Andreu,59,el Bon Pastor,117,5,2,2
2026-01-01,9,Sant Andreu,59,el Bon Pastor,102,5,3,1
2026-01-01,9,Sant Andreu,59,el Bon Pastor,107,5,3,2
2026-01-01,9,Sant Andreu,59,el Bon Pastor,190,5,4,1
2026-01-01,9,Sant Andreu,59,el Bon Pastor,261,5,4,2
2026-01-01,9,Sant Andreu,59,el Bon Pastor,293,5,5,1
2026-01-01,9,Sant Andreu,59,el Bon Pastor,491,5,5,2
2026-01-01,9,Sant Andreu,59,el Bon Pastor,355,5,6,1
2026-01-01,9,Sant Andreu,59,el Bon Pastor,468,5,6,2
2026-01-01,9,Sant Andreu,59,el Bon Pastor,329,5,7,1
2026-01-01,9,Sant Andreu,59,el Bon Pastor,444,5,7,2
2026-01-01,9,Sant Andreu,59,el Bon Pastor,292,5,8,1
2026-01-01,9,Sant Andreu,59,el Bon Pastor,349,5,8,2
2026-01-01,9,Sant Andreu,59,el Bon Pastor,262,5,9,1
2026-01-01,9,Sant Andreu,59,el Bon Pastor,295,5,9,2
2026-01-01,9,Sant Andreu,59,el Bon Pastor,276,5,10,1
2026-01-01,9,Sant Andreu,59,el Bon Pastor,223,5,10,2
2026-01-01,9,Sant Andreu,59,el Bon Pastor,180,5,11,1
2026-01-01,9,Sant Andreu,59,el Bon Pastor,157,5,11,2
2026-01-01,9,Sant Andreu,59,el Bon Pastor,150,5,12,1
2026-01-01,9,Sant Andreu,59,el Bon Pastor,104,5,12,2
2026-01-01,9,Sant Andreu,59,el Bon Pastor,82,5,13,1
2026-01-01,9,Sant Andreu,59,el Bon Pastor,83,5,13,2
2026-01-01,9,Sant Andreu,59,el Bon Pastor,61,5,14,1
2026-01-01,9,Sant Andreu,59,el Bon Pastor,46,5,14,2
2026-01-01,9,Sant Andreu,59,el Bon Pastor,31,5,15,1
2026-01-01,9,Sant Andreu,59,el Bon Pastor,13,5,15,2
2026-01-01,9,Sant Andreu,59,el Bon Pastor,12,5,16,1
2026-01-01,9,Sant Andreu,59,el Bon Pastor,..,5,16,2
2026-01-01,9,Sant Andreu,59,el Bon Pastor,6,5,17,1
2026-01-01,9,Sant Andreu,59,el Bon Pastor,..,5,17,2
2026-01-01,9,Sant Andreu,59,el Bon Pastor,..,5,18,1
2026-01-01,9,Sant Andreu,59,el Bon Pastor,..,6,9,2
2026-01-01,9,Sant Andreu,59,el Bon Pastor,..,6,10,2
2026-01-01,9,Sant Andreu,60,Sant Andreu,760,1,0,1
2026-01-01,9,Sant Andreu,60,Sant Andreu,808,1,0,2
2026-01-01,9,Sant Andreu,60,Sant Andreu,949,1,1,1
2026-01-01,9,Sant Andreu,60,Sant Andreu,1003,1,1,2
2026-01-01,9,Sant Andreu,60,Sant Andreu,1084,1,2,1
2026-01-01,9,Sant Andreu,60,Sant Andreu,1161,1,2,2
2026-01-01,9,Sant Andreu,60,Sant Andreu,1175,1,3,1
2026-01-01,9,Sant Andreu,60,Sant Andreu,1171,1,3,2
2026-01-01,9,Sant Andreu,60,Sant Andreu,978,1,4,1
2026-01-01,9,Sant Andreu,60,Sant Andreu,1004,1,4,2
2026-01-01,9,Sant Andreu,60,Sant Andreu,817,1,5,1
2026-01-01,9,Sant Andreu,60,Sant Andreu,823,1,5,2
2026-01-01,9,Sant Andreu,60,Sant Andreu,738,1,6,1
2026-01-01,9,Sant Andreu,60,Sant Andreu,784,1,6,2
2026-01-01,9,Sant Andreu,60,Sant Andreu,836,1,7,1
2026-01-01,9,Sant Andreu,60,Sant Andreu,840,1,7,2
2026-01-01,9,Sant Andreu,60,Sant Andreu,1048,1,8,1
2026-01-01,9,Sant Andreu,60,Sant Andreu,1095,1,8,2
2026-01-01,9,Sant Andreu,60,Sant Andreu,1574,1,9,1
2026-01-01,9,Sant Andreu,60,Sant Andreu,1402,1,9,2
2026-01-01,9,Sant Andreu,60,Sant Andreu,1632,1,10,1
2026-01-01,9,Sant Andreu,60,Sant Andreu,1627,1,10,2
2026-01-01,9,Sant Andreu,60,Sant Andreu,1367,1,11,1
2026-01-01,9,Sant Andreu,60,Sant Andreu,1218,1,11,2
2026-01-01,9,Sant Andreu,60,Sant Andreu,1158,1,12,1
2026-01-01,9,Sant Andreu,60,Sant Andreu,1006,1,12,2
2026-01-01,9,Sant Andreu,60,Sant Andreu,1000,1,13,1
2026-01-01,9,Sant Andreu,60,Sant Andreu,828,1,13,2
2026-01-01,9,Sant Andreu,60,Sant Andreu,737,1,14,1
2026-01-01,9,Sant Andreu,60,Sant Andreu,603,1,14,2
2026-01-01,9,Sant Andreu,60,Sant Andreu,608,1,15,1
2026-01-01,9,Sant Andreu,60,Sant Andreu,508,1,15,2
2026-01-01,9,Sant Andreu,60,Sant Andreu,388,1,16,1
2026-01-01,9,Sant Andreu,60,Sant Andreu,312,1,16,2
2026-01-01,9,Sant Andreu,60,Sant Andreu,259,1,17,1
2026-01-01,9,Sant Andreu,60,Sant Andreu,148,1,17,2
2026-01-01,9,Sant Andreu,60,Sant Andreu,187,1,18,1
2026-01-01,9,Sant Andreu,60,Sant Andreu,65,1,18,2
2026-01-01,9,Sant Andreu,60,Sant Andreu,64,1,19,1
2026-01-01,9,Sant Andreu,60,Sant Andreu,16,1,19,2
2026-01-01,9,Sant Andreu,60,Sant Andreu,8,1,20,1
2026-01-01,9,Sant Andreu,60,Sant Andreu,..,1,20,2
2026-01-01,9,Sant Andreu,60,Sant Andreu,59,2,0,1
2026-01-01,9,Sant Andreu,60,Sant Andreu,68,2,0,2
2026-01-01,9,Sant Andreu,60,Sant Andreu,55,2,1,1
2026-01-01,9,Sant Andreu,60,Sant Andreu,55,2,1,2
2026-01-01,9,Sant Andreu,60,Sant Andreu,65,2,2,1
2026-01-01,9,Sant Andreu,60,Sant Andreu,78,2,2,2
2026-01-01,9,Sant Andreu,60,Sant Andreu,66,2,3,1
2026-01-01,9,Sant Andreu,60,Sant Andreu,89,2,3,2
2026-01-01,9,Sant Andreu,60,Sant Andreu,70,2,4,1
2026-01-01,9,Sant Andreu,60,Sant Andreu,79,2,4,2
2026-01-01,9,Sant Andreu,60,Sant Andreu,107,2,5,1
2026-01-01,9,Sant Andreu,60,Sant Andreu,81,2,5,2
2026-01-01,9,Sant Andreu,60,Sant Andreu,164,2,6,1
2026-01-01,9,Sant Andreu,60,Sant Andreu,151,2,6,2
2026-01-01,9,Sant Andreu,60,Sant Andreu,148,2,7,1
2026-01-01,9,Sant Andreu,60,Sant Andreu,130,2,7,2
2026-01-01,9,Sant Andreu,60,Sant Andreu,196,2,8,1
2026-01-01,9,Sant Andreu,60,Sant Andreu,160,2,8,2
2026-01-01,9,Sant Andreu,60,Sant Andreu,221,2,9,1
2026-01-01,9,Sant Andreu,60,Sant Andreu,233,2,9,2
2026-01-01,9,Sant Andreu,60,Sant Andreu,228,2,10,1
2026-01-01,9,Sant Andreu,60,Sant Andreu,191,2,10,2
2026-01-01,9,Sant Andreu,60,Sant Andreu,148,2,11,1
2026-01-01,9,Sant Andreu,60,Sant Andreu,154,2,11,2
2026-01-01,9,Sant Andreu,60,Sant Andreu,170,2,12,1
2026-01-01,9,Sant Andreu,60,Sant Andreu,146,2,12,2
2026-01-01,9,Sant Andreu,60,Sant Andreu,158,2,13,1
2026-01-01,9,Sant Andreu,60,Sant Andreu,139,2,13,2
2026-01-01,9,Sant Andreu,60,Sant Andreu,149,2,14,1
2026-01-01,9,Sant Andreu,60,Sant Andreu,105,2,14,2
2026-01-01,9,Sant Andreu,60,Sant Andreu,134,2,15,1
2026-01-01,9,Sant Andreu,60,Sant Andreu,87,2,15,2
2026-01-01,9,Sant Andreu,60,Sant Andreu,93,2,16,1
2026-01-01,9,Sant Andreu,60,Sant Andreu,74,2,16,2
2026-01-01,9,Sant Andreu,60,Sant Andreu,65,2,17,1
2026-01-01,9,Sant Andreu,60,Sant Andreu,42,2,17,2
2026-01-01,9,Sant Andreu,60,Sant Andreu,41,2,18,1
2026-01-01,9,Sant Andreu,60,Sant Andreu,19,2,18,2
2026-01-01,9,Sant Andreu,60,Sant Andreu,18,2,19,1
2026-01-01,9,Sant Andreu,60,Sant Andreu,8,2,19,2
2026-01-01,9,Sant Andreu,60,Sant Andreu,..,2,20,1
2026-01-01,9,Sant Andreu,60,Sant Andreu,6,3,0,1
2026-01-01,9,Sant Andreu,60,Sant Andreu,6,3,0,2
2026-01-01,9,Sant Andreu,60,Sant Andreu,7,3,1,1
2026-01-01,9,Sant Andreu,60,Sant Andreu,14,3,1,2
2026-01-01,9,Sant Andreu,60,Sant Andreu,18,3,2,1
2026-01-01,9,Sant Andreu,60,Sant Andreu,14,3,2,2
2026-01-01,9,Sant Andreu,60,Sant Andreu,15,3,3,1
2026-01-01,9,Sant Andreu,60,Sant Andreu,16,3,3,2
2026-01-01,9,Sant Andreu,60,Sant Andreu,18,3,4,1
2026-01-01,9,Sant Andreu,60,Sant Andreu,17,3,4,2
2026-01-01,9,Sant Andreu,60,Sant Andreu,68,3,5,1
2026-01-01,9,Sant Andreu,60,Sant Andreu,63,3,5,2
2026-01-01,9,Sant Andreu,60,Sant Andreu,119,3,6,1
2026-01-01,9,Sant Andreu,60,Sant Andreu,81,3,6,2
2026-01-01,9,Sant Andreu,60,Sant Andreu,130,3,7,1
2026-01-01,9,Sant Andreu,60,Sant Andreu,124,3,7,2
2026-01-01,9,Sant Andreu,60,Sant Andreu,147,3,8,1
2026-01-01,9,Sant Andreu,60,Sant Andreu,127,3,8,2
2026-01-01,9,Sant Andreu,60,Sant Andreu,150,3,9,1
2026-01-01,9,Sant Andreu,60,Sant Andreu,152,3,9,2
2026-01-01,9,Sant Andreu,60,Sant Andreu,145,3,10,1
2026-01-01,9,Sant Andreu,60,Sant Andreu,146,3,10,2
2026-01-01,9,Sant Andreu,60,Sant Andreu,229,3,11,1
2026-01-01,9,Sant Andreu,60,Sant Andreu,175,3,11,2
2026-01-01,9,Sant Andreu,60,Sant Andreu,364,3,12,1
2026-01-01,9,Sant Andreu,60,Sant Andreu,312,3,12,2
2026-01-01,9,Sant Andreu,60,Sant Andreu,693,3,13,1
2026-01-01,9,Sant Andreu,60,Sant Andreu,497,3,13,2
2026-01-01,9,Sant Andreu,60,Sant Andreu,838,3,14,1
2026-01-01,9,Sant Andreu,60,Sant Andreu,600,3,14,2
2026-01-01,9,Sant Andreu,60,Sant Andreu,932,3,15,1
2026-01-01,9,Sant Andreu,60,Sant Andreu,699,3,15,2
2026-01-01,9,Sant Andreu,60,Sant Andreu,714,3,16,1
2026-01-01,9,Sant Andreu,60,Sant Andreu,495,3,16,2
2026-01-01,9,Sant Andreu,60,Sant Andreu,449,3,17,1
2026-01-01,9,Sant Andreu,60,Sant Andreu,297,3,17,2
2026-01-01,9,Sant Andreu,60,Sant Andreu,248,3,18,1
2026-01-01,9,Sant Andreu,60,Sant Andreu,103,3,18,2
2026-01-01,9,Sant Andreu,60,Sant Andreu,81,3,19,1
2026-01-01,9,Sant Andreu,60,Sant Andreu,17,3,19,2
2026-01-01,9,Sant Andreu,60,Sant Andreu,14,3,20,1
2026-01-01,9,Sant Andreu,60,Sant Andreu,7,3,20,2
2026-01-01,9,Sant Andreu,60,Sant Andreu,8,4,0,1
2026-01-01,9,Sant Andreu,60,Sant Andreu,..,4,0,2
2026-01-01,9,Sant Andreu,60,Sant Andreu,7,4,1,1
2026-01-01,9,Sant Andreu,60,Sant Andreu,11,4,1,2
2026-01-01,9,Sant Andreu,60,Sant Andreu,7,4,2,1
2026-01-01,9,Sant Andreu,60,Sant Andreu,8,4,2,2
2026-01-01,9,Sant Andreu,60,Sant Andreu,12,4,3,1
2026-01-01,9,Sant Andreu,60,Sant Andreu,..,4,3,2
2026-01-01,9,Sant Andreu,60,Sant Andreu,17,4,4,1
2026-01-01,9,Sant Andreu,60,Sant Andreu,18,4,4,2
2026-01-01,9,Sant Andreu,60,Sant Andreu,67,4,5,1
2026-01-01,9,Sant Andreu,60,Sant Andreu,50,4,5,2
2026-01-01,9,Sant Andreu,60,Sant Andreu,81,4,6,1
2026-01-01,9,Sant Andreu,60,Sant Andreu,75,4,6,2
2026-01-01,9,Sant Andreu,60,Sant Andreu,93,4,7,1
2026-01-01,9,Sant Andreu,60,Sant Andreu,79,4,7,2
2026-01-01,9,Sant Andreu,60,Sant Andreu,89,4,8,1
2026-01-01,9,Sant Andreu,60,Sant Andreu,74,4,8,2
2026-01-01,9,Sant Andreu,60,Sant Andreu,65,4,9,1
2026-01-01,9,Sant Andreu,60,Sant Andreu,66,4,9,2
2026-01-01,9,Sant Andreu,60,Sant Andreu,41,4,10,1
2026-01-01,9,Sant Andreu,60,Sant Andreu,61,4,10,2
2026-01-01,9,Sant Andreu,60,Sant Andreu,41,4,11,1
2026-01-01,9,Sant Andreu,60,Sant Andreu,48,4,11,2
2026-01-01,9,Sant Andreu,60,Sant Andreu,35,4,12,1
2026-01-01,9,Sant Andreu,60,Sant Andreu,35,4,12,2
2026-01-01,9,Sant Andreu,60,Sant Andreu,16,4,13,1
2026-01-01,9,Sant Andreu,60,Sant Andreu,16,4,13,2
2026-01-01,9,Sant Andreu,60,Sant Andreu,15,4,14,1
2026-01-01,9,Sant Andreu,60,Sant Andreu,7,4,14,2
2026-01-01,9,Sant Andreu,60,Sant Andreu,8,4,15,1
2026-01-01,9,Sant Andreu,60,Sant Andreu,..,4,15,2
2026-01-01,9,Sant Andreu,60,Sant Andreu,5,4,16,1
2026-01-01,9,Sant Andreu,60,Sant Andreu,..,4,16,2
2026-01-01,9,Sant Andreu,60,Sant Andreu,5,4,17,1
2026-01-01,9,Sant Andreu,60,Sant Andreu,..,4,17,2
2026-01-01,9,Sant Andreu,60,Sant Andreu,..,4,18,1
2026-01-01,9,Sant Andreu,60,Sant Andreu,..,4,18,2
2026-01-01,9,Sant Andreu,60,Sant Andreu,..,4,20,1
2026-01-01,9,Sant Andreu,60,Sant Andreu,36,5,0,1
2026-01-01,9,Sant Andreu,60,Sant Andreu,39,5,0,2
2026-01-01,9,Sant Andreu,60,Sant Andreu,104,5,1,1
2026-01-01,9,Sant Andreu,60,Sant Andreu,93,5,1,2
2026-01-01,9,Sant Andreu,60,Sant Andreu,153,5,2,1
2026-01-01,9,Sant Andreu,60,Sant Andreu,161,5,2,2
2026-01-01,9,Sant Andreu,60,Sant Andreu,168,5,3,1
2026-01-01,9,Sant Andreu,60,Sant Andreu,226,5,3,2
2026-01-01,9,Sant Andreu,60,Sant Andreu,324,5,4,1
2026-01-01,9,Sant Andreu,60,Sant Andreu,375,5,4,2
2026-01-01,9,Sant Andreu,60,Sant Andreu,575,5,5,1
2026-01-01,9,Sant Andreu,60,Sant Andreu,596,5,5,2
2026-01-01,9,Sant Andreu,60,Sant Andreu,722,5,6,1
2026-01-01,9,Sant Andreu,60,Sant Andreu,686,5,6,2
2026-01-01,9,Sant Andreu,60,Sant Andreu,668,5,7,1
2026-01-01,9,Sant Andreu,60,Sant Andreu,640,5,7,2
2026-01-01,9,Sant Andreu,60,Sant Andreu,606,5,8,1
2026-01-01,9,Sant Andreu,60,Sant Andreu,518,5,8,2
2026-01-01,9,Sant Andreu,60,Sant Andreu,531,5,9,1
2026-01-01,9,Sant Andreu,60,Sant Andreu,492,5,9,2
2026-01-01,9,Sant Andreu,60,Sant Andreu,454,5,10,1
2026-01-01,9,Sant Andreu,60,Sant Andreu,358,5,10,2
2026-01-01,9,Sant Andreu,60,Sant Andreu,357,5,11,1
2026-01-01,9,Sant Andreu,60,Sant Andreu,274,5,11,2
2026-01-01,9,Sant Andreu,60,Sant Andreu,301,5,12,1
2026-01-01,9,Sant Andreu,60,Sant Andreu,193,5,12,2
2026-01-01,9,Sant Andreu,60,Sant Andreu,209,5,13,1
2026-01-01,9,Sant Andreu,60,Sant Andreu,141,5,13,2
2026-01-01,9,Sant Andreu,60,Sant Andreu,189,5,14,1
2026-01-01,9,Sant Andreu,60,Sant Andreu,67,5,14,2
2026-01-01,9,Sant Andreu,60,Sant Andreu,105,5,15,1
2026-01-01,9,Sant Andreu,60,Sant Andreu,66,5,15,2
2026-01-01,9,Sant Andreu,60,Sant Andreu,45,5,16,1
2026-01-01,9,Sant Andreu,60,Sant Andreu,27,5,16,2
2026-01-01,9,Sant Andreu,60,Sant Andreu,28,5,17,1
2026-01-01,9,Sant Andreu,60,Sant Andreu,19,5,17,2
2026-01-01,9,Sant Andreu,60,Sant Andreu,6,5,18,1
2026-01-01,9,Sant Andreu,60,Sant Andreu,..,5,18,2
2026-01-01,9,Sant Andreu,60,Sant Andreu,..,5,19,1
2026-01-01,9,Sant Andreu,60,Sant Andreu,..,5,19,2
2026-01-01,9,Sant Andreu,60,Sant Andreu,..,5,20,1
2026-01-01,9,Sant Andreu,60,Sant Andreu,..,6,6,1
2026-01-01,9,Sant Andreu,60,Sant Andreu,..,6,6,2
2026-01-01,9,Sant Andreu,60,Sant Andreu,..,6,8,1
2026-01-01,9,Sant Andreu,60,Sant Andreu,..,6,11,2
2026-01-01,9,Sant Andreu,61,la Sagrera,388,1,0,1
2026-01-01,9,Sant Andreu,61,la Sagrera,413,1,0,2
2026-01-01,9,Sant Andreu,61,la Sagrera,410,1,1,1
2026-01-01,9,Sant Andreu,61,la Sagrera,479,1,1,2
2026-01-01,9,Sant Andreu,61,la Sagrera,484,1,2,1
2026-01-01,9,Sant Andreu,61,la Sagrera,498,1,2,2
2026-01-01,9,Sant Andreu,61,la Sagrera,437,1,3,1
2026-01-01,9,Sant Andreu,61,la Sagrera,470,1,3,2
2026-01-01,9,Sant Andreu,61,la Sagrera,330,1,4,1
2026-01-01,9,Sant Andreu,61,la Sagrera,368,1,4,2
2026-01-01,9,Sant Andreu,61,la Sagrera,306,1,5,1
2026-01-01,9,Sant Andreu,61,la Sagrera,366,1,5,2
2026-01-01,9,Sant Andreu,61,la Sagrera,343,1,6,1
2026-01-01,9,Sant Andreu,61,la Sagrera,338,1,6,2
2026-01-01,9,Sant Andreu,61,la Sagrera,343,1,7,1
2026-01-01,9,Sant Andreu,61,la Sagrera,399,1,7,2
2026-01-01,9,Sant Andreu,61,la Sagrera,426,1,8,1
2026-01-01,9,Sant Andreu,61,la Sagrera,474,1,8,2
2026-01-01,9,Sant Andreu,61,la Sagrera,625,1,9,1
2026-01-01,9,Sant Andreu,61,la Sagrera,546,1,9,2
2026-01-01,9,Sant Andreu,61,la Sagrera,546,1,10,1
2026-01-01,9,Sant Andreu,61,la Sagrera,576,1,10,2
2026-01-01,9,Sant Andreu,61,la Sagrera,516,1,11,1
2026-01-01,9,Sant Andreu,61,la Sagrera,530,1,11,2
2026-01-01,9,Sant Andreu,61,la Sagrera,536,1,12,1
2026-01-01,9,Sant Andreu,61,la Sagrera,396,1,12,2
2026-01-01,9,Sant Andreu,61,la Sagrera,480,1,13,1
2026-01-01,9,Sant Andreu,61,la Sagrera,347,1,13,2
2026-01-01,9,Sant Andreu,61,la Sagrera,400,1,14,1
2026-01-01,9,Sant Andreu,61,la Sagrera,299,1,14,2
2026-01-01,9,Sant Andreu,61,la Sagrera,289,1,15,1
2026-01-01,9,Sant Andreu,61,la Sagrera,251,1,15,2
2026-01-01,9,Sant Andreu,61,la Sagrera,165,1,16,1
2026-01-01,9,Sant Andreu,61,la Sagrera,125,1,16,2
2026-01-01,9,Sant Andreu,61,la Sagrera,115,1,17,1
2026-01-01,9,Sant Andreu,61,la Sagrera,58,1,17,2
2026-01-01,9,Sant Andreu,61,la Sagrera,65,1,18,1
2026-01-01,9,Sant Andreu,61,la Sagrera,26,1,18,2
2026-01-01,9,Sant Andreu,61,la Sagrera,16,1,19,1
2026-01-01,9,Sant Andreu,61,la Sagrera,..,1,19,2
2026-01-01,9,Sant Andreu,61,la Sagrera,..,1,20,1
2026-01-01,9,Sant Andreu,61,la Sagrera,38,2,0,1
2026-01-01,9,Sant Andreu,61,la Sagrera,45,2,0,2
2026-01-01,9,Sant Andreu,61,la Sagrera,31,2,1,1
2026-01-01,9,Sant Andreu,61,la Sagrera,33,2,1,2
2026-01-01,9,Sant Andreu,61,la Sagrera,38,2,2,1
2026-01-01,9,Sant Andreu,61,la Sagrera,35,2,2,2
2026-01-01,9,Sant Andreu,61,la Sagrera,44,2,3,1
2026-01-01,9,Sant Andreu,61,la Sagrera,40,2,3,2
2026-01-01,9,Sant Andreu,61,la Sagrera,47,2,4,1
2026-01-01,9,Sant Andreu,61,la Sagrera,25,2,4,2
2026-01-01,9,Sant Andreu,61,la Sagrera,57,2,5,1
2026-01-01,9,Sant Andreu,61,la Sagrera,40,2,5,2
2026-01-01,9,Sant Andreu,61,la Sagrera,65,2,6,1
2026-01-01,9,Sant Andreu,61,la Sagrera,74,2,6,2
2026-01-01,9,Sant Andreu,61,la Sagrera,52,2,7,1
2026-01-01,9,Sant Andreu,61,la Sagrera,60,2,7,2
2026-01-01,9,Sant Andreu,61,la Sagrera,56,2,8,1
2026-01-01,9,Sant Andreu,61,la Sagrera,62,2,8,2
2026-01-01,9,Sant Andreu,61,la Sagrera,65,2,9,1
2026-01-01,9,Sant Andreu,61,la Sagrera,100,2,9,2
2026-01-01,9,Sant Andreu,61,la Sagrera,44,2,10,1
2026-01-01,9,Sant Andreu,61,la Sagrera,75,2,10,2
2026-01-01,9,Sant Andreu,61,la Sagrera,58,2,11,1
2026-01-01,9,Sant Andreu,61,la Sagrera,48,2,11,2
2026-01-01,9,Sant Andreu,61,la Sagrera,72,2,12,1
2026-01-01,9,Sant Andreu,61,la Sagrera,58,2,12,2
2026-01-01,9,Sant Andreu,61,la Sagrera,70,2,13,1
2026-01-01,9,Sant Andreu,61,la Sagrera,67,2,13,2
2026-01-01,9,Sant Andreu,61,la Sagrera,87,2,14,1
2026-01-01,9,Sant Andreu,61,la Sagrera,63,2,14,2
2026-01-01,9,Sant Andreu,61,la Sagrera,88,2,15,1
2026-01-01,9,Sant Andreu,61,la Sagrera,55,2,15,2
2026-01-01,9,Sant Andreu,61,la Sagrera,46,2,16,1
2026-01-01,9,Sant Andreu,61,la Sagrera,38,2,16,2
2026-01-01,9,Sant Andreu,61,la Sagrera,31,2,17,1
2026-01-01,9,Sant Andreu,61,la Sagrera,16,2,17,2
2026-01-01,9,Sant Andreu,61,la Sagrera,23,2,18,1
2026-01-01,9,Sant Andreu,61,la Sagrera,19,2,18,2
2026-01-01,9,Sant Andreu,61,la Sagrera,8,2,19,1
2026-01-01,9,Sant Andreu,61,la Sagrera,..,2,19,2
2026-01-01,9,Sant Andreu,61,la Sagrera,..,2,20,1
2026-01-01,9,Sant Andreu,61,la Sagrera,9,3,0,1
2026-01-01,9,Sant Andreu,61,la Sagrera,..,3,0,2
2026-01-01,9,Sant Andreu,61,la Sagrera,..,3,1,1
2026-01-01,9,Sant Andreu,61,la Sagrera,6,3,1,2
2026-01-01,9,Sant Andreu,61,la Sagrera,6,3,2,1
2026-01-01,9,Sant Andreu,61,la Sagrera,9,3,2,2
2026-01-01,9,Sant Andreu,61,la Sagrera,11,3,3,1
2026-01-01,9,Sant Andreu,61,la Sagrera,14,3,3,2
2026-01-01,9,Sant Andreu,61,la Sagrera,28,3,4,1
2026-01-01,9,Sant Andreu,61,la Sagrera,14,3,4,2
2026-01-01,9,Sant Andreu,61,la Sagrera,44,3,5,1
2026-01-01,9,Sant Andreu,61,la Sagrera,39,3,5,2
2026-01-01,9,Sant Andreu,61,la Sagrera,75,3,6,1
2026-01-01,9,Sant Andreu,61,la Sagrera,51,3,6,2
2026-01-01,9,Sant Andreu,61,la Sagrera,75,3,7,1
2026-01-01,9,Sant Andreu,61,la Sagrera,77,3,7,2
2026-01-01,9,Sant Andreu,61,la Sagrera,72,3,8,1
2026-01-01,9,Sant Andreu,61,la Sagrera,82,3,8,2
2026-01-01,9,Sant Andreu,61,la Sagrera,74,3,9,1
2026-01-01,9,Sant Andreu,61,la Sagrera,67,3,9,2
2026-01-01,9,Sant Andreu,61,la Sagrera,71,3,10,1
2026-01-01,9,Sant Andreu,61,la Sagrera,70,3,10,2
2026-01-01,9,Sant Andreu,61,la Sagrera,84,3,11,1
2026-01-01,9,Sant Andreu,61,la Sagrera,78,3,11,2
2026-01-01,9,Sant Andreu,61,la Sagrera,157,3,12,1
2026-01-01,9,Sant Andreu,61,la Sagrera,143,3,12,2
2026-01-01,9,Sant Andreu,61,la Sagrera,330,3,13,1
2026-01-01,9,Sant Andreu,61,la Sagrera,236,3,13,2
2026-01-01,9,Sant Andreu,61,la Sagrera,402,3,14,1
2026-01-01,9,Sant Andreu,61,la Sagrera,317,3,14,2
2026-01-01,9,Sant Andreu,61,la Sagrera,486,3,15,1
2026-01-01,9,Sant Andreu,61,la Sagrera,360,3,15,2
2026-01-01,9,Sant Andreu,61,la Sagrera,412,3,16,1
2026-01-01,9,Sant Andreu,61,la Sagrera,294,3,16,2
2026-01-01,9,Sant Andreu,61,la Sagrera,288,3,17,1
2026-01-01,9,Sant Andreu,61,la Sagrera,171,3,17,2
2026-01-01,9,Sant Andreu,61,la Sagrera,172,3,18,1
2026-01-01,9,Sant Andreu,61,la Sagrera,96,3,18,2
2026-01-01,9,Sant Andreu,61,la Sagrera,58,3,19,1
2026-01-01,9,Sant Andreu,61,la Sagrera,18,3,19,2
2026-01-01,9,Sant Andreu,61,la Sagrera,9,3,20,1
2026-01-01,9,Sant Andreu,61,la Sagrera,..,3,20,2
2026-01-01,9,Sant Andreu,61,la Sagrera,..,4,0,1
2026-01-01,9,Sant Andreu,61,la Sagrera,..,4,0,2
2026-01-01,9,Sant Andreu,61,la Sagrera,9,4,1,1
2026-01-01,9,Sant Andreu,61,la Sagrera,5,4,1,2
2026-01-01,9,Sant Andreu,61,la Sagrera,8,4,2,1
2026-01-01,9,Sant Andreu,61,la Sagrera,6,4,2,2
2026-01-01,9,Sant Andreu,61,la Sagrera,6,4,3,1
2026-01-01,9,Sant Andreu,61,la Sagrera,7,4,3,2
2026-01-01,9,Sant Andreu,61,la Sagrera,16,4,4,1
2026-01-01,9,Sant Andreu,61,la Sagrera,16,4,4,2
2026-01-01,9,Sant Andreu,61,la Sagrera,56,4,5,1
2026-01-01,9,Sant Andreu,61,la Sagrera,38,4,5,2
2026-01-01,9,Sant Andreu,61,la Sagrera,53,4,6,1
2026-01-01,9,Sant Andreu,61,la Sagrera,68,4,6,2
2026-01-01,9,Sant Andreu,61,la Sagrera,60,4,7,1
2026-01-01,9,Sant Andreu,61,la Sagrera,64,4,7,2
2026-01-01,9,Sant Andreu,61,la Sagrera,44,4,8,1
2026-01-01,9,Sant Andreu,61,la Sagrera,56,4,8,2
2026-01-01,9,Sant Andreu,61,la Sagrera,38,4,9,1
2026-01-01,9,Sant Andreu,61,la Sagrera,37,4,9,2
2026-01-01,9,Sant Andreu,61,la Sagrera,17,4,10,1
2026-01-01,9,Sant Andreu,61,la Sagrera,21,4,10,2
2026-01-01,9,Sant Andreu,61,la Sagrera,13,4,11,1
2026-01-01,9,Sant Andreu,61,la Sagrera,23,4,11,2
2026-01-01,9,Sant Andreu,61,la Sagrera,12,4,12,1
2026-01-01,9,Sant Andreu,61,la Sagrera,14,4,12,2
2026-01-01,9,Sant Andreu,61,la Sagrera,8,4,13,1
2026-01-01,9,Sant Andreu,61,la Sagrera,6,4,13,2
2026-01-01,9,Sant Andreu,61,la Sagrera,8,4,14,1
2026-01-01,9,Sant Andreu,61,la Sagrera,6,4,14,2
2026-01-01,9,Sant Andreu,61,la Sagrera,6,4,15,1
2026-01-01,9,Sant Andreu,61,la Sagrera,..,4,15,2
2026-01-01,9,Sant Andreu,61,la Sagrera,..,4,16,1
2026-01-01,9,Sant Andreu,61,la Sagrera,..,4,16,2
2026-01-01,9,Sant Andreu,61,la Sagrera,..,4,17,1
2026-01-01,9,Sant Andreu,61,la Sagrera,..,4,17,2
2026-01-01,9,Sant Andreu,61,la Sagrera,..,4,18,2
2026-01-01,9,Sant Andreu,61,la Sagrera,..,4,20,1
2026-01-01,9,Sant Andreu,61,la Sagrera,..,4,20,2
2026-01-01,9,Sant Andreu,61,la Sagrera,25,5,0,1
2026-01-01,9,Sant Andreu,61,la Sagrera,14,5,0,2
2026-01-01,9,Sant Andreu,61,la Sagrera,72,5,1,1
2026-01-01,9,Sant Andreu,61,la Sagrera,76,5,1,2
2026-01-01,9,Sant Andreu,61,la Sagrera,108,5,2,1
2026-01-01,9,Sant Andreu,61,la Sagrera,113,5,2,2
2026-01-01,9,Sant Andreu,61,la Sagrera,119,5,3,1
2026-01-01,9,Sant Andreu,61,la Sagrera,147,5,3,2
2026-01-01,9,Sant Andreu,61,la Sagrera,305,5,4,1
2026-01-01,9,Sant Andreu,61,la Sagrera,299,5,4,2
2026-01-01,9,Sant Andreu,61,la Sagrera,529,5,5,1
2026-01-01,9,Sant Andreu,61,la Sagrera,511,5,5,2
2026-01-01,9,Sant Andreu,61,la Sagrera,655,5,6,1
2026-01-01,9,Sant Andreu,61,la Sagrera,697,5,6,2
2026-01-01,9,Sant Andreu,61,la Sagrera,582,5,7,1
2026-01-01,9,Sant Andreu,61,la Sagrera,558,5,7,2
2026-01-01,9,Sant Andreu,61,la Sagrera,539,5,8,1
2026-01-01,9,Sant Andreu,61,la Sagrera,475,5,8,2
2026-01-01,9,Sant Andreu,61,la Sagrera,463,5,9,1
2026-01-01,9,Sant Andreu,61,la Sagrera,404,5,9,2
2026-01-01,9,Sant Andreu,61,la Sagrera,424,5,10,1
2026-01-01,9,Sant Andreu,61,la Sagrera,320,5,10,2
2026-01-01,9,Sant Andreu,61,la Sagrera,358,5,11,1
2026-01-01,9,Sant Andreu,61,la Sagrera,260,5,11,2
2026-01-01,9,Sant Andreu,61,la Sagrera,293,5,12,1
2026-01-01,9,Sant Andreu,61,la Sagrera,203,5,12,2
2026-01-01,9,Sant Andreu,61,la Sagrera,185,5,13,1
2026-01-01,9,Sant Andreu,61,la Sagrera,120,5,13,2
2026-01-01,9,Sant Andreu,61,la Sagrera,158,5,14,1
2026-01-01,9,Sant Andreu,61,la Sagrera,95,5,14,2
2026-01-01,9,Sant Andreu,61,la Sagrera,76,5,15,1
2026-01-01,9,Sant Andreu,61,la Sagrera,34,5,15,2
2026-01-01,9,Sant Andreu,61,la Sagrera,40,5,16,1
2026-01-01,9,Sant Andreu,61,la Sagrera,20,5,16,2
2026-01-01,9,Sant Andreu,61,la Sagrera,18,5,17,1
2026-01-01,9,Sant Andreu,61,la Sagrera,11,5,17,2
2026-01-01,9,Sant Andreu,61,la Sagrera,..,5,18,1
2026-01-01,9,Sant Andreu,61,la Sagrera,..,5,18,2
2026-01-01,9,Sant Andreu,61,la Sagrera,..,5,19,1
2026-01-01,9,Sant Andreu,61,la Sagrera,..,5,20,1
2026-01-01,9,Sant Andreu,61,la Sagrera,..,5,20,2
2026-01-01,9,Sant Andreu,61,la Sagrera,..,6,3,2
2026-01-01,9,Sant Andreu,61,la Sagrera,..,6,5,2
2026-01-01,9,Sant Andreu,61,la Sagrera,..,6,6,1
2026-01-01,9,Sant Andreu,61,la Sagrera,..,6,7,1
2026-01-01,9,Sant Andreu,61,la Sagrera,..,6,8,2
2026-01-01,9,Sant Andreu,61,la Sagrera,..,6,13,1
2026-01-01,9,Sant Andreu,62,el Congrés i els Indians,247,1,0,1
2026-01-01,9,Sant Andreu,62,el Congrés i els Indians,240,1,0,2
2026-01-01,9,Sant Andreu,62,el Congrés i els Indians,224,1,1,1
2026-01-01,9,Sant Andreu,62,el Congrés i els Indians,242,1,1,2
2026-01-01,9,Sant Andreu,62,el Congrés i els Indians,222,1,2,1
2026-01-01,9,Sant Andreu,62,el Congrés i els Indians,258,1,2,2
2026-01-01,9,Sant Andreu,62,el Congrés i els Indians,232,1,3,1
2026-01-01,9,Sant Andreu,62,el Congrés i els Indians,258,1,3,2
2026-01-01,9,Sant Andreu,62,el Congrés i els Indians,205,1,4,1
2026-01-01,9,Sant Andreu,62,el Congrés i els Indians,191,1,4,2
2026-01-01,9,Sant Andreu,62,el Congrés i els Indians,184,1,5,1
2026-01-01,9,Sant Andreu,62,el Congrés i els Indians,200,1,5,2
2026-01-01,9,Sant Andreu,62,el Congrés i els Indians,191,1,6,1
2026-01-01,9,Sant Andreu,62,el Congrés i els Indians,194,1,6,2
2026-01-01,9,Sant Andreu,62,el Congrés i els Indians,209,1,7,1
2026-01-01,9,Sant Andreu,62,el Congrés i els Indians,201,1,7,2
2026-01-01,9,Sant Andreu,62,el Congrés i els Indians,202,1,8,1
2026-01-01,9,Sant Andreu,62,el Congrés i els Indians,244,1,8,2
2026-01-01,9,Sant Andreu,62,el Congrés i els Indians,279,1,9,1
2026-01-01,9,Sant Andreu,62,el Congrés i els Indians,287,1,9,2
2026-01-01,9,Sant Andreu,62,el Congrés i els Indians,333,1,10,1
2026-01-01,9,Sant Andreu,62,el Congrés i els Indians,335,1,10,2
2026-01-01,9,Sant Andreu,62,el Congrés i els Indians,341,1,11,1
2026-01-01,9,Sant Andreu,62,el Congrés i els Indians,321,1,11,2
2026-01-01,9,Sant Andreu,62,el Congrés i els Indians,334,1,12,1
2026-01-01,9,Sant Andreu,62,el Congrés i els Indians,322,1,12,2
2026-01-01,9,Sant Andreu,62,el Congrés i els Indians,285,1,13,1
2026-01-01,9,Sant Andreu,62,el Congrés i els Indians,250,1,13,2
2026-01-01,9,Sant Andreu,62,el Congrés i els Indians,144,1,14,1
2026-01-01,9,Sant Andreu,62,el Congrés i els Indians,123,1,14,2
2026-01-01,9,Sant Andreu,62,el Congrés i els Indians,131,1,15,1
2026-01-01,9,Sant Andreu,62,el Congrés i els Indians,92,1,15,2
2026-01-01,9,Sant Andreu,62,el Congrés i els Indians,107,1,16,1
2026-01-01,9,Sant Andreu,62,el Congrés i els Indians,72,1,16,2
2026-01-01,9,Sant Andreu,62,el Congrés i els Indians,84,1,17,1
2026-01-01,9,Sant Andreu,62,el Congrés i els Indians,43,1,17,2
2026-01-01,9,Sant Andreu,62,el Congrés i els Indians,78,1,18,1
2026-01-01,9,Sant Andreu,62,el Congrés i els Indians,25,1,18,2
2026-01-01,9,Sant Andreu,62,el Congrés i els Indians,28,1,19,1
2026-01-01,9,Sant Andreu,62,el Congrés i els Indians,..,1,19,2
2026-01-01,9,Sant Andreu,62,el Congrés i els Indians,..,1,20,1
2026-01-01,9,Sant Andreu,62,el Congrés i els Indians,8,2,0,1
2026-01-01,9,Sant Andreu,62,el Congrés i els Indians,5,2,0,2
2026-01-01,9,Sant Andreu,62,el Congrés i els Indians,10,2,1,1
2026-01-01,9,Sant Andreu,62,el Congrés i els Indians,11,2,1,2
2026-01-01,9,Sant Andreu,62,el Congrés i els Indians,8,2,2,1
2026-01-01,9,Sant Andreu,62,el Congrés i els Indians,7,2,2,2
2026-01-01,9,Sant Andreu,62,el Congrés i els Indians,16,2,3,1
2026-01-01,9,Sant Andreu,62,el Congrés i els Indians,14,2,3,2
2026-01-01,9,Sant Andreu,62,el Congrés i els Indians,19,2,4,1
2026-01-01,9,Sant Andreu,62,el Congrés i els Indians,25,2,4,2
2026-01-01,9,Sant Andreu,62,el Congrés i els Indians,36,2,5,1
2026-01-01,9,Sant Andreu,62,el Congrés i els Indians,35,2,5,2
2026-01-01,9,Sant Andreu,62,el Congrés i els Indians,53,2,6,1
2026-01-01,9,Sant Andreu,62,el Congrés i els Indians,40,2,6,2
2026-01-01,9,Sant Andreu,62,el Congrés i els Indians,33,2,7,1
2026-01-01,9,Sant Andreu,62,el Congrés i els Indians,43,2,7,2
2026-01-01,9,Sant Andreu,62,el Congrés i els Indians,44,2,8,1
2026-01-01,9,Sant Andreu,62,el Congrés i els Indians,33,2,8,2
2026-01-01,9,Sant Andreu,62,el Congrés i els Indians,44,2,9,1
2026-01-01,9,Sant Andreu,62,el Congrés i els Indians,48,2,9,2
2026-01-01,9,Sant Andreu,62,el Congrés i els Indians,22,2,10,1
2026-01-01,9,Sant Andreu,62,el Congrés i els Indians,32,2,10,2
2026-01-01,9,Sant Andreu,62,el Congrés i els Indians,22,2,11,1
2026-01-01,9,Sant Andreu,62,el Congrés i els Indians,31,2,11,2
2026-01-01,9,Sant Andreu,62,el Congrés i els Indians,29,2,12,1
2026-01-01,9,Sant Andreu,62,el Congrés i els Indians,23,2,12,2
2026-01-01,9,Sant Andreu,62,el Congrés i els Indians,27,2,13,1
2026-01-01,9,Sant Andreu,62,el Congrés i els Indians,20,2,13,2
2026-01-01,9,Sant Andreu,62,el Congrés i els Indians,30,2,14,1
2026-01-01,9,Sant Andreu,62,el Congrés i els Indians,24,2,14,2
2026-01-01,9,Sant Andreu,62,el Congrés i els Indians,27,2,15,1
2026-01-01,9,Sant Andreu,62,el Congrés i els Indians,22,2,15,2
2026-01-01,9,Sant Andreu,62,el Congrés i els Indians,22,2,16,1
2026-01-01,9,Sant Andreu,62,el Congrés i els Indians,13,2,16,2
2026-01-01,9,Sant Andreu,62,el Congrés i els Indians,20,2,17,1
2026-01-01,9,Sant Andreu,62,el Congrés i els Indians,12,2,17,2
2026-01-01,9,Sant Andreu,62,el Congrés i els Indians,27,2,18,1
2026-01-01,9,Sant Andreu,62,el Congrés i els Indians,5,2,18,2
2026-01-01,9,Sant Andreu,62,el Congrés i els Indians,11,2,19,1
2026-01-01,9,Sant Andreu,62,el Congrés i els Indians,6,2,19,2
2026-01-01,9,Sant Andreu,62,el Congrés i els Indians,..,2,20,1
2026-01-01,9,Sant Andreu,62,el Congrés i els Indians,..,3,0,1
2026-01-01,9,Sant Andreu,62,el Congrés i els Indians,..,3,0,2
2026-01-01,9,Sant Andreu,62,el Congrés i els Indians,..,3,1,1
2026-01-01,9,Sant Andreu,62,el Congrés i els Indians,..,3,1,2
2026-01-01,9,Sant Andreu,62,el Congrés i els Indians,..,3,2,1
2026-01-01,9,Sant Andreu,62,el Congrés i els Indians,5,3,2,2
2026-01-01,9,Sant Andreu,62,el Congrés i els Indians,8,3,3,1
2026-01-01,9,Sant Andreu,62,el Congrés i els Indians,7,3,3,2
2026-01-01,9,Sant Andreu,62,el Congrés i els Indians,10,3,4,1
2026-01-01,9,Sant Andreu,62,el Congrés i els Indians,9,3,4,2
2026-01-01,9,Sant Andreu,62,el Congrés i els Indians,26,3,5,1
2026-01-01,9,Sant Andreu,62,el Congrés i els Indians,19,3,5,2
2026-01-01,9,Sant Andreu,62,el Congrés i els Indians,40,3,6,1
2026-01-01,9,Sant Andreu,62,el Congrés i els Indians,46,3,6,2
2026-01-01,9,Sant Andreu,62,el Congrés i els Indians,38,3,7,1
2026-01-01,9,Sant Andreu,62,el Congrés i els Indians,32,3,7,2
2026-01-01,9,Sant Andreu,62,el Congrés i els Indians,43,3,8,1
2026-01-01,9,Sant Andreu,62,el Congrés i els Indians,39,3,8,2
2026-01-01,9,Sant Andreu,62,el Congrés i els Indians,47,3,9,1
2026-01-01,9,Sant Andreu,62,el Congrés i els Indians,36,3,9,2
2026-01-01,9,Sant Andreu,62,el Congrés i els Indians,27,3,10,1
2026-01-01,9,Sant Andreu,62,el Congrés i els Indians,40,3,10,2
2026-01-01,9,Sant Andreu,62,el Congrés i els Indians,37,3,11,1
2026-01-01,9,Sant Andreu,62,el Congrés i els Indians,45,3,11,2
2026-01-01,9,Sant Andreu,62,el Congrés i els Indians,82,3,12,1
2026-01-01,9,Sant Andreu,62,el Congrés i els Indians,50,3,12,2
2026-01-01,9,Sant Andreu,62,el Congrés i els Indians,78,3,13,1
2026-01-01,9,Sant Andreu,62,el Congrés i els Indians,82,3,13,2
2026-01-01,9,Sant Andreu,62,el Congrés i els Indians,112,3,14,1
2026-01-01,9,Sant Andreu,62,el Congrés i els Indians,80,3,14,2
2026-01-01,9,Sant Andreu,62,el Congrés i els Indians,109,3,15,1
2026-01-01,9,Sant Andreu,62,el Congrés i els Indians,81,3,15,2
2026-01-01,9,Sant Andreu,62,el Congrés i els Indians,141,3,16,1
2026-01-01,9,Sant Andreu,62,el Congrés i els Indians,97,3,16,2
2026-01-01,9,Sant Andreu,62,el Congrés i els Indians,90,3,17,1
2026-01-01,9,Sant Andreu,62,el Congrés i els Indians,55,3,17,2
2026-01-01,9,Sant Andreu,62,el Congrés i els Indians,85,3,18,1
2026-01-01,9,Sant Andreu,62,el Congrés i els Indians,29,3,18,2
2026-01-01,9,Sant Andreu,62,el Congrés i els Indians,40,3,19,1
2026-01-01,9,Sant Andreu,62,el Congrés i els Indians,12,3,19,2
2026-01-01,9,Sant Andreu,62,el Congrés i els Indians,5,3,20,1
2026-01-01,9,Sant Andreu,62,el Congrés i els Indians,..,4,0,1
2026-01-01,9,Sant Andreu,62,el Congrés i els Indians,..,4,0,2
2026-01-01,9,Sant Andreu,62,el Congrés i els Indians,..,4,1,1
2026-01-01,9,Sant Andreu,62,el Congrés i els Indians,..,4,1,2
2026-01-01,9,Sant Andreu,62,el Congrés i els Indians,..,4,2,2
2026-01-01,9,Sant Andreu,62,el Congrés i els Indians,..,4,3,1
2026-01-01,9,Sant Andreu,62,el Congrés i els Indians,..,4,4,1
2026-01-01,9,Sant Andreu,62,el Congrés i els Indians,..,4,4,2
2026-01-01,9,Sant Andreu,62,el Congrés i els Indians,25,4,5,1
2026-01-01,9,Sant Andreu,62,el Congrés i els Indians,18,4,5,2
2026-01-01,9,Sant Andreu,62,el Congrés i els Indians,38,4,6,1
2026-01-01,9,Sant Andreu,62,el Congrés i els Indians,37,4,6,2
2026-01-01,9,Sant Andreu,62,el Congrés i els Indians,27,4,7,1
2026-01-01,9,Sant Andreu,62,el Congrés i els Indians,28,4,7,2
2026-01-01,9,Sant Andreu,62,el Congrés i els Indians,33,4,8,1
2026-01-01,9,Sant Andreu,62,el Congrés i els Indians,32,4,8,2
2026-01-01,9,Sant Andreu,62,el Congrés i els Indians,24,4,9,1
2026-01-01,9,Sant Andreu,62,el Congrés i els Indians,33,4,9,2
2026-01-01,9,Sant Andreu,62,el Congrés i els Indians,19,4,10,1
2026-01-01,9,Sant Andreu,62,el Congrés i els Indians,19,4,10,2
2026-01-01,9,Sant Andreu,62,el Congrés i els Indians,16,4,11,1
2026-01-01,9,Sant Andreu,62,el Congrés i els Indians,12,4,11,2
2026-01-01,9,Sant Andreu,62,el Congrés i els Indians,8,4,12,1
2026-01-01,9,Sant Andreu,62,el Congrés i els Indians,12,4,12,2
2026-01-01,9,Sant Andreu,62,el Congrés i els Indians,5,4,13,1
2026-01-01,9,Sant Andreu,62,el Congrés i els Indians,5,4,13,2
2026-01-01,9,Sant Andreu,62,el Congrés i els Indians,..,4,14,1
2026-01-01,9,Sant Andreu,62,el Congrés i els Indians,..,4,14,2
2026-01-01,9,Sant Andreu,62,el Congrés i els Indians,..,4,15,2
2026-01-01,9,Sant Andreu,62,el Congrés i els Indians,..,4,16,1
2026-01-01,9,Sant Andreu,62,el Congrés i els Indians,..,4,16,2
2026-01-01,9,Sant Andreu,62,el Congrés i els Indians,..,4,17,1
2026-01-01,9,Sant Andreu,62,el Congrés i els Indians,..,4,17,2
2026-01-01,9,Sant Andreu,62,el Congrés i els Indians,..,4,18,1
2026-01-01,9,Sant Andreu,62,el Congrés i els Indians,..,4,18,2
2026-01-01,9,Sant Andreu,62,el Congrés i els Indians,8,5,0,1
2026-01-01,9,Sant Andreu,62,el Congrés i els Indians,10,5,0,2
2026-01-01,9,Sant Andreu,62,el Congrés i els Indians,40,5,1,1
2026-01-01,9,Sant Andreu,62,el Congrés i els Indians,34,5,1,2
2026-01-01,9,Sant Andreu,62,el Congrés i els Indians,51,5,2,1
2026-01-01,9,Sant Andreu,62,el Congrés i els Indians,62,5,2,2
2026-01-01,9,Sant Andreu,62,el Congrés i els Indians,86,5,3,1
2026-01-01,9,Sant Andreu,62,el Congrés i els Indians,82,5,3,2
2026-01-01,9,Sant Andreu,62,el Congrés i els Indians,119,5,4,1
2026-01-01,9,Sant Andreu,62,el Congrés i els Indians,137,5,4,2
2026-01-01,9,Sant Andreu,62,el Congrés i els Indians,226,5,5,1
2026-01-01,9,Sant Andreu,62,el Congrés i els Indians,216,5,5,2
2026-01-01,9,Sant Andreu,62,el Congrés i els Indians,299,5,6,1
2026-01-01,9,Sant Andreu,62,el Congrés i els Indians,280,5,6,2
2026-01-01,9,Sant Andreu,62,el Congrés i els Indians,294,5,7,1
2026-01-01,9,Sant Andreu,62,el Congrés i els Indians,253,5,7,2
2026-01-01,9,Sant Andreu,62,el Congrés i els Indians,225,5,8,1
2026-01-01,9,Sant Andreu,62,el Congrés i els Indians,175,5,8,2
2026-01-01,9,Sant Andreu,62,el Congrés i els Indians,216,5,9,1
2026-01-01,9,Sant Andreu,62,el Congrés i els Indians,176,5,9,2
2026-01-01,9,Sant Andreu,62,el Congrés i els Indians,182,5,10,1
2026-01-01,9,Sant Andreu,62,el Congrés i els Indians,158,5,10,2
2026-01-01,9,Sant Andreu,62,el Congrés i els Indians,150,5,11,1
2026-01-01,9,Sant Andreu,62,el Congrés i els Indians,103,5,11,2
2026-01-01,9,Sant Andreu,62,el Congrés i els Indians,100,5,12,1
2026-01-01,9,Sant Andreu,62,el Congrés i els Indians,66,5,12,2
2026-01-01,9,Sant Andreu,62,el Congrés i els Indians,84,5,13,1
2026-01-01,9,Sant Andreu,62,el Congrés i els Indians,67,5,13,2
2026-01-01,9,Sant Andreu,62,el Congrés i els Indians,66,5,14,1
2026-01-01,9,Sant Andreu,62,el Congrés i els Indians,38,5,14,2
2026-01-01,9,Sant Andreu,62,el Congrés i els Indians,34,5,15,1
2026-01-01,9,Sant Andreu,62,el Congrés i els Indians,19,5,15,2
2026-01-01,9,Sant Andreu,62,el Congrés i els Indians,17,5,16,1
2026-01-01,9,Sant Andreu,62,el Congrés i els Indians,12,5,16,2
2026-01-01,9,Sant Andreu,62,el Congrés i els Indians,5,5,17,1
2026-01-01,9,Sant Andreu,62,el Congrés i els Indians,5,5,17,2
2026-01-01,9,Sant Andreu,62,el Congrés i els Indians,..,5,18,1
2026-01-01,9,Sant Andreu,62,el Congrés i els Indians,..,5,19,1
2026-01-01,9,Sant Andreu,62,el Congrés i els Indians,..,6,5,1
2026-01-01,9,Sant Andreu,62,el Congrés i els Indians,..,6,6,1
2026-01-01,9,Sant Andreu,62,el Congrés i els Indians,..,6,6,2
2026-01-01,9,Sant Andreu,62,el Congrés i els Indians,..,6,7,1
2026-01-01,9,Sant Andreu,62,el Congrés i els Indians,..,6,9,1
2026-01-01,9,Sant Andreu,63,Navas,286,1,0,1
2026-01-01,9,Sant Andreu,63,Navas,268,1,0,2
2026-01-01,9,Sant Andreu,63,Navas,310,1,1,1
2026-01-01,9,Sant Andreu,63,Navas,339,1,1,2
2026-01-01,9,Sant Andreu,63,Navas,315,1,2,1
2026-01-01,9,Sant Andreu,63,Navas,377,1,2,2
2026-01-01,9,Sant Andreu,63,Navas,330,1,3,1
2026-01-01,9,Sant Andreu,63,Navas,339,1,3,2
2026-01-01,9,Sant Andreu,63,Navas,293,1,4,1
2026-01-01,9,Sant Andreu,63,Navas,368,1,4,2
2026-01-01,9,Sant Andreu,63,Navas,289,1,5,1
2026-01-01,9,Sant Andreu,63,Navas,289,1,5,2
2026-01-01,9,Sant Andreu,63,Navas,234,1,6,1
2026-01-01,9,Sant Andreu,63,Navas,249,1,6,2
2026-01-01,9,Sant Andreu,63,Navas,259,1,7,1
2026-01-01,9,Sant Andreu,63,Navas,228,1,7,2
2026-01-01,9,Sant Andreu,63,Navas,268,1,8,1
2026-01-01,9,Sant Andreu,63,Navas,327,1,8,2
2026-01-01,9,Sant Andreu,63,Navas,369,1,9,1
2026-01-01,9,Sant Andreu,63,Navas,385,1,9,2
2026-01-01,9,Sant Andreu,63,Navas,444,1,10,1
2026-01-01,9,Sant Andreu,63,Navas,409,1,10,2
2026-01-01,9,Sant Andreu,63,Navas,484,1,11,1
2026-01-01,9,Sant Andreu,63,Navas,425,1,11,2
2026-01-01,9,Sant Andreu,63,Navas,478,1,12,1
2026-01-01,9,Sant Andreu,63,Navas,393,1,12,2
2026-01-01,9,Sant Andreu,63,Navas,336,1,13,1
2026-01-01,9,Sant Andreu,63,Navas,317,1,13,2
2026-01-01,9,Sant Andreu,63,Navas,250,1,14,1
2026-01-01,9,Sant Andreu,63,Navas,210,1,14,2
2026-01-01,9,Sant Andreu,63,Navas,267,1,15,1
2026-01-01,9,Sant Andreu,63,Navas,174,1,15,2
2026-01-01,9,Sant Andreu,63,Navas,225,1,16,1
2026-01-01,9,Sant Andreu,63,Navas,139,1,16,2
2026-01-01,9,Sant Andreu,63,Navas,128,1,17,1
2026-01-01,9,Sant Andreu,63,Navas,82,1,17,2
2026-01-01,9,Sant Andreu,63,Navas,97,1,18,1
2026-01-01,9,Sant Andreu,63,Navas,40,1,18,2
2026-01-01,9,Sant Andreu,63,Navas,33,1,19,1
2026-01-01,9,Sant Andreu,63,Navas,..,1,19,2
2026-01-01,9,Sant Andreu,63,Navas,..,1,20,1
2026-01-01,9,Sant Andreu,63,Navas,..,1,20,2
2026-01-01,9,Sant Andreu,63,Navas,18,2,0,1
2026-01-01,9,Sant Andreu,63,Navas,22,2,0,2
2026-01-01,9,Sant Andreu,63,Navas,18,2,1,1
2026-01-01,9,Sant Andreu,63,Navas,16,2,1,2
2026-01-01,9,Sant Andreu,63,Navas,21,2,2,1
2026-01-01,9,Sant Andreu,63,Navas,16,2,2,2
2026-01-01,9,Sant Andreu,63,Navas,27,2,3,1
2026-01-01,9,Sant Andreu,63,Navas,26,2,3,2
2026-01-01,9,Sant Andreu,63,Navas,23,2,4,1
2026-01-01,9,Sant Andreu,63,Navas,23,2,4,2
2026-01-01,9,Sant Andreu,63,Navas,29,2,5,1
2026-01-01,9,Sant Andreu,63,Navas,24,2,5,2
2026-01-01,9,Sant Andreu,63,Navas,59,2,6,1
2026-01-01,9,Sant Andreu,63,Navas,38,2,6,2
2026-01-01,9,Sant Andreu,63,Navas,46,2,7,1
2026-01-01,9,Sant Andreu,63,Navas,43,2,7,2
2026-01-01,9,Sant Andreu,63,Navas,48,2,8,1
2026-01-01,9,Sant Andreu,63,Navas,59,2,8,2
2026-01-01,9,Sant Andreu,63,Navas,51,2,9,1
2026-01-01,9,Sant Andreu,63,Navas,63,2,9,2
2026-01-01,9,Sant Andreu,63,Navas,49,2,10,1
2026-01-01,9,Sant Andreu,63,Navas,61,2,10,2
2026-01-01,9,Sant Andreu,63,Navas,52,2,11,1
2026-01-01,9,Sant Andreu,63,Navas,40,2,11,2
2026-01-01,9,Sant Andreu,63,Navas,42,2,12,1
2026-01-01,9,Sant Andreu,63,Navas,46,2,12,2
2026-01-01,9,Sant Andreu,63,Navas,53,2,13,1
2026-01-01,9,Sant Andreu,63,Navas,44,2,13,2
2026-01-01,9,Sant Andreu,63,Navas,56,2,14,1
2026-01-01,9,Sant Andreu,63,Navas,36,2,14,2
2026-01-01,9,Sant Andreu,63,Navas,58,2,15,1
2026-01-01,9,Sant Andreu,63,Navas,43,2,15,2
2026-01-01,9,Sant Andreu,63,Navas,48,2,16,1
2026-01-01,9,Sant Andreu,63,Navas,35,2,16,2
2026-01-01,9,Sant Andreu,63,Navas,45,2,17,1
2026-01-01,9,Sant Andreu,63,Navas,23,2,17,2
2026-01-01,9,Sant Andreu,63,Navas,25,2,18,1
2026-01-01,9,Sant Andreu,63,Navas,23,2,18,2
2026-01-01,9,Sant Andreu,63,Navas,8,2,19,1
2026-01-01,9,Sant Andreu,63,Navas,..,2,19,2
2026-01-01,9,Sant Andreu,63,Navas,..,2,20,1
2026-01-01,9,Sant Andreu,63,Navas,..,2,20,2
2026-01-01,9,Sant Andreu,63,Navas,..,3,0,1
2026-01-01,9,Sant Andreu,63,Navas,..,3,0,2
2026-01-01,9,Sant Andreu,63,Navas,..,3,1,1
2026-01-01,9,Sant Andreu,63,Navas,..,3,1,2
2026-01-01,9,Sant Andreu,63,Navas,6,3,2,1
2026-01-01,9,Sant Andreu,63,Navas,7,3,2,2
2026-01-01,9,Sant Andreu,63,Navas,10,3,3,1
2026-01-01,9,Sant Andreu,63,Navas,14,3,3,2
2026-01-01,9,Sant Andreu,63,Navas,12,3,4,1
2026-01-01,9,Sant Andreu,63,Navas,11,3,4,2
2026-01-01,9,Sant Andreu,63,Navas,28,3,5,1
2026-01-01,9,Sant Andreu,63,Navas,32,3,5,2
2026-01-01,9,Sant Andreu,63,Navas,63,3,6,1
2026-01-01,9,Sant Andreu,63,Navas,52,3,6,2
2026-01-01,9,Sant Andreu,63,Navas,47,3,7,1
2026-01-01,9,Sant Andreu,63,Navas,61,3,7,2
2026-01-01,9,Sant Andreu,63,Navas,69,3,8,1
2026-01-01,9,Sant Andreu,63,Navas,48,3,8,2
2026-01-01,9,Sant Andreu,63,Navas,39,3,9,1
2026-01-01,9,Sant Andreu,63,Navas,53,3,9,2
2026-01-01,9,Sant Andreu,63,Navas,44,3,10,1
2026-01-01,9,Sant Andreu,63,Navas,43,3,10,2
2026-01-01,9,Sant Andreu,63,Navas,60,3,11,1
2026-01-01,9,Sant Andreu,63,Navas,59,3,11,2
2026-01-01,9,Sant Andreu,63,Navas,112,3,12,1
2026-01-01,9,Sant Andreu,63,Navas,89,3,12,2
2026-01-01,9,Sant Andreu,63,Navas,182,3,13,1
2026-01-01,9,Sant Andreu,63,Navas,132,3,13,2
2026-01-01,9,Sant Andreu,63,Navas,229,3,14,1
2026-01-01,9,Sant Andreu,63,Navas,150,3,14,2
2026-01-01,9,Sant Andreu,63,Navas,299,3,15,1
2026-01-01,9,Sant Andreu,63,Navas,176,3,15,2
2026-01-01,9,Sant Andreu,63,Navas,253,3,16,1
2026-01-01,9,Sant Andreu,63,Navas,166,3,16,2
2026-01-01,9,Sant Andreu,63,Navas,183,3,17,1
2026-01-01,9,Sant Andreu,63,Navas,108,3,17,2
2026-01-01,9,Sant Andreu,63,Navas,106,3,18,1
2026-01-01,9,Sant Andreu,63,Navas,52,3,18,2
2026-01-01,9,Sant Andreu,63,Navas,29,3,19,1
2026-01-01,9,Sant Andreu,63,Navas,8,3,19,2
2026-01-01,9,Sant Andreu,63,Navas,6,3,20,1
2026-01-01,9,Sant Andreu,63,Navas,..,3,20,2
2026-01-01,9,Sant Andreu,63,Navas,..,4,0,1
2026-01-01,9,Sant Andreu,63,Navas,..,4,0,2
2026-01-01,9,Sant Andreu,63,Navas,7,4,1,1
2026-01-01,9,Sant Andreu,63,Navas,5,4,1,2
2026-01-01,9,Sant Andreu,63,Navas,8,4,2,1
2026-01-01,9,Sant Andreu,63,Navas,7,4,2,2
2026-01-01,9,Sant Andreu,63,Navas,5,4,3,1
2026-01-01,9,Sant Andreu,63,Navas,7,4,3,2
2026-01-01,9,Sant Andreu,63,Navas,13,4,4,1
2026-01-01,9,Sant Andreu,63,Navas,12,4,4,2
2026-01-01,9,Sant Andreu,63,Navas,45,4,5,1
2026-01-01,9,Sant Andreu,63,Navas,44,4,5,2
2026-01-01,9,Sant Andreu,63,Navas,71,4,6,1
2026-01-01,9,Sant Andreu,63,Navas,79,4,6,2
2026-01-01,9,Sant Andreu,63,Navas,69,4,7,1
2026-01-01,9,Sant Andreu,63,Navas,74,4,7,2
2026-01-01,9,Sant Andreu,63,Navas,49,4,8,1
2026-01-01,9,Sant Andreu,63,Navas,44,4,8,2
2026-01-01,9,Sant Andreu,63,Navas,25,4,9,1
2026-01-01,9,Sant Andreu,63,Navas,40,4,9,2
2026-01-01,9,Sant Andreu,63,Navas,14,4,10,1
2026-01-01,9,Sant Andreu,63,Navas,26,4,10,2
2026-01-01,9,Sant Andreu,63,Navas,16,4,11,1
2026-01-01,9,Sant Andreu,63,Navas,19,4,11,2
2026-01-01,9,Sant Andreu,63,Navas,14,4,12,1
2026-01-01,9,Sant Andreu,63,Navas,22,4,12,2
2026-01-01,9,Sant Andreu,63,Navas,7,4,13,1
2026-01-01,9,Sant Andreu,63,Navas,..,4,13,2
2026-01-01,9,Sant Andreu,63,Navas,..,4,14,1
2026-01-01,9,Sant Andreu,63,Navas,..,4,14,2
2026-01-01,9,Sant Andreu,63,Navas,..,4,15,1
2026-01-01,9,Sant Andreu,63,Navas,..,4,15,2
2026-01-01,9,Sant Andreu,63,Navas,..,4,16,1
2026-01-01,9,Sant Andreu,63,Navas,..,4,16,2
2026-01-01,9,Sant Andreu,63,Navas,..,4,17,1
2026-01-01,9,Sant Andreu,63,Navas,..,4,17,2
2026-01-01,9,Sant Andreu,63,Navas,..,4,18,1
2026-01-01,9,Sant Andreu,63,Navas,..,4,19,1
2026-01-01,9,Sant Andreu,63,Navas,..,4,20,1
2026-01-01,9,Sant Andreu,63,Navas,13,5,0,1
2026-01-01,9,Sant Andreu,63,Navas,17,5,0,2
2026-01-01,9,Sant Andreu,63,Navas,46,5,1,1
2026-01-01,9,Sant Andreu,63,Navas,46,5,1,2
2026-01-01,9,Sant Andreu,63,Navas,66,5,2,1
2026-01-01,9,Sant Andreu,63,Navas,56,5,2,2
2026-01-01,9,Sant Andreu,63,Navas,77,5,3,1
2026-01-01,9,Sant Andreu,63,Navas,85,5,3,2
2026-01-01,9,Sant Andreu,63,Navas,184,5,4,1
2026-01-01,9,Sant Andreu,63,Navas,202,5,4,2
2026-01-01,9,Sant Andreu,63,Navas,345,5,5,1
2026-01-01,9,Sant Andreu,63,Navas,338,5,5,2
2026-01-01,9,Sant Andreu,63,Navas,453,5,6,1
2026-01-01,9,Sant Andreu,63,Navas,420,5,6,2
2026-01-01,9,Sant Andreu,63,Navas,426,5,7,1
2026-01-01,9,Sant Andreu,63,Navas,448,5,7,2
2026-01-01,9,Sant Andreu,63,Navas,389,5,8,1
2026-01-01,9,Sant Andreu,63,Navas,326,5,8,2
2026-01-01,9,Sant Andreu,63,Navas,314,5,9,1
2026-01-01,9,Sant Andreu,63,Navas,285,5,9,2
2026-01-01,9,Sant Andreu,63,Navas,276,5,10,1
2026-01-01,9,Sant Andreu,63,Navas,189,5,10,2
2026-01-01,9,Sant Andreu,63,Navas,245,5,11,1
2026-01-01,9,Sant Andreu,63,Navas,166,5,11,2
2026-01-01,9,Sant Andreu,63,Navas,169,5,12,1
2026-01-01,9,Sant Andreu,63,Navas,135,5,12,2
2026-01-01,9,Sant Andreu,63,Navas,141,5,13,1
2026-01-01,9,Sant Andreu,63,Navas,80,5,13,2
2026-01-01,9,Sant Andreu,63,Navas,94,5,14,1
2026-01-01,9,Sant Andreu,63,Navas,55,5,14,2
2026-01-01,9,Sant Andreu,63,Navas,66,5,15,1
2026-01-01,9,Sant Andreu,63,Navas,38,5,15,2
2026-01-01,9,Sant Andreu,63,Navas,33,5,16,1
2026-01-01,9,Sant Andreu,63,Navas,17,5,16,2
2026-01-01,9,Sant Andreu,63,Navas,8,5,17,1
2026-01-01,9,Sant Andreu,63,Navas,11,5,17,2
2026-01-01,9,Sant Andreu,63,Navas,6,5,18,1
2026-01-01,9,Sant Andreu,63,Navas,..,5,18,2
2026-01-01,9,Sant Andreu,63,Navas,..,5,19,1
2026-01-01,9,Sant Andreu,63,Navas,..,6,4,2
2026-01-01,9,Sant Andreu,63,Navas,..,6,6,2
2026-01-01,9,Sant Andreu,63,Navas,..,6,7,1
2026-01-01,9,Sant Andreu,63,Navas,..,6,9,1
2026-01-01,9,Sant Andreu,63,Navas,..,6,16,1
2026-01-01,10,Sant Martí,64,el Camp de l'Arpa del Clot,485,1,0,1
2026-01-01,10,Sant Martí,64,el Camp de l'Arpa del Clot,512,1,0,2
2026-01-01,10,Sant Martí,64,el Camp de l'Arpa del Clot,424,1,1,1
2026-01-01,10,Sant Martí,64,el Camp de l'Arpa del Clot,491,1,1,2
2026-01-01,10,Sant Martí,64,el Camp de l'Arpa del Clot,484,1,2,1
2026-01-01,10,Sant Martí,64,el Camp de l'Arpa del Clot,500,1,2,2
2026-01-01,10,Sant Martí,64,el Camp de l'Arpa del Clot,499,1,3,1
2026-01-01,10,Sant Martí,64,el Camp de l'Arpa del Clot,538,1,3,2
2026-01-01,10,Sant Martí,64,el Camp de l'Arpa del Clot,467,1,4,1
2026-01-01,10,Sant Martí,64,el Camp de l'Arpa del Clot,484,1,4,2
2026-01-01,10,Sant Martí,64,el Camp de l'Arpa del Clot,409,1,5,1
2026-01-01,10,Sant Martí,64,el Camp de l'Arpa del Clot,474,1,5,2
2026-01-01,10,Sant Martí,64,el Camp de l'Arpa del Clot,391,1,6,1
2026-01-01,10,Sant Martí,64,el Camp de l'Arpa del Clot,425,1,6,2
2026-01-01,10,Sant Martí,64,el Camp de l'Arpa del Clot,424,1,7,1
2026-01-01,10,Sant Martí,64,el Camp de l'Arpa del Clot,396,1,7,2
2026-01-01,10,Sant Martí,64,el Camp de l'Arpa del Clot,464,1,8,1
2026-01-01,10,Sant Martí,64,el Camp de l'Arpa del Clot,477,1,8,2
2026-01-01,10,Sant Martí,64,el Camp de l'Arpa del Clot,585,1,9,1
2026-01-01,10,Sant Martí,64,el Camp de l'Arpa del Clot,620,1,9,2
2026-01-01,10,Sant Martí,64,el Camp de l'Arpa del Clot,753,1,10,1
2026-01-01,10,Sant Martí,64,el Camp de l'Arpa del Clot,758,1,10,2
2026-01-01,10,Sant Martí,64,el Camp de l'Arpa del Clot,697,1,11,1
2026-01-01,10,Sant Martí,64,el Camp de l'Arpa del Clot,587,1,11,2
2026-01-01,10,Sant Martí,64,el Camp de l'Arpa del Clot,729,1,12,1
2026-01-01,10,Sant Martí,64,el Camp de l'Arpa del Clot,634,1,12,2
2026-01-01,10,Sant Martí,64,el Camp de l'Arpa del Clot,580,1,13,1
2026-01-01,10,Sant Martí,64,el Camp de l'Arpa del Clot,545,1,13,2
2026-01-01,10,Sant Martí,64,el Camp de l'Arpa del Clot,525,1,14,1
2026-01-01,10,Sant Martí,64,el Camp de l'Arpa del Clot,373,1,14,2
2026-01-01,10,Sant Martí,64,el Camp de l'Arpa del Clot,443,1,15,1
2026-01-01,10,Sant Martí,64,el Camp de l'Arpa del Clot,368,1,15,2
2026-01-01,10,Sant Martí,64,el Camp de l'Arpa del Clot,331,1,16,1
2026-01-01,10,Sant Martí,64,el Camp de l'Arpa del Clot,228,1,16,2
2026-01-01,10,Sant Martí,64,el Camp de l'Arpa del Clot,207,1,17,1
2026-01-01,10,Sant Martí,64,el Camp de l'Arpa del Clot,128,1,17,2
2026-01-01,10,Sant Martí,64,el Camp de l'Arpa del Clot,156,1,18,1
2026-01-01,10,Sant Martí,64,el Camp de l'Arpa del Clot,64,1,18,2
2026-01-01,10,Sant Martí,64,el Camp de l'Arpa del Clot,58,1,19,1
2026-01-01,10,Sant Martí,64,el Camp de l'Arpa del Clot,15,1,19,2
2026-01-01,10,Sant Martí,64,el Camp de l'Arpa del Clot,7,1,20,1
2026-01-01,10,Sant Martí,64,el Camp de l'Arpa del Clot,..,1,20,2
2026-01-01,10,Sant Martí,64,el Camp de l'Arpa del Clot,21,2,0,1
2026-01-01,10,Sant Martí,64,el Camp de l'Arpa del Clot,24,2,0,2
2026-01-01,10,Sant Martí,64,el Camp de l'Arpa del Clot,30,2,1,1
2026-01-01,10,Sant Martí,64,el Camp de l'Arpa del Clot,17,2,1,2
2026-01-01,10,Sant Martí,64,el Camp de l'Arpa del Clot,25,2,2,1
2026-01-01,10,Sant Martí,64,el Camp de l'Arpa del Clot,16,2,2,2
2026-01-01,10,Sant Martí,64,el Camp de l'Arpa del Clot,44,2,3,1
2026-01-01,10,Sant Martí,64,el Camp de l'Arpa del Clot,35,2,3,2
2026-01-01,10,Sant Martí,64,el Camp de l'Arpa del Clot,49,2,4,1
2026-01-01,10,Sant Martí,64,el Camp de l'Arpa del Clot,31,2,4,2
2026-01-01,10,Sant Martí,64,el Camp de l'Arpa del Clot,90,2,5,1
2026-01-01,10,Sant Martí,64,el Camp de l'Arpa del Clot,71,2,5,2
2026-01-01,10,Sant Martí,64,el Camp de l'Arpa del Clot,99,2,6,1
2026-01-01,10,Sant Martí,64,el Camp de l'Arpa del Clot,111,2,6,2
2026-01-01,10,Sant Martí,64,el Camp de l'Arpa del Clot,74,2,7,1
2026-01-01,10,Sant Martí,64,el Camp de l'Arpa del Clot,102,2,7,2
2026-01-01,10,Sant Martí,64,el Camp de l'Arpa del Clot,71,2,8,1
2026-01-01,10,Sant Martí,64,el Camp de l'Arpa del Clot,86,2,8,2
2026-01-01,10,Sant Martí,64,el Camp de l'Arpa del Clot,126,2,9,1
2026-01-01,10,Sant Martí,64,el Camp de l'Arpa del Clot,123,2,9,2
2026-01-01,10,Sant Martí,64,el Camp de l'Arpa del Clot,96,2,10,1
2026-01-01,10,Sant Martí,64,el Camp de l'Arpa del Clot,87,2,10,2
2026-01-01,10,Sant Martí,64,el Camp de l'Arpa del Clot,71,2,11,1
2026-01-01,10,Sant Martí,64,el Camp de l'Arpa del Clot,73,2,11,2
2026-01-01,10,Sant Martí,64,el Camp de l'Arpa del Clot,89,2,12,1
2026-01-01,10,Sant Martí,64,el Camp de l'Arpa del Clot,79,2,12,2
2026-01-01,10,Sant Martí,64,el Camp de l'Arpa del Clot,119,2,13,1
2026-01-01,10,Sant Martí,64,el Camp de l'Arpa del Clot,76,2,13,2
2026-01-01,10,Sant Martí,64,el Camp de l'Arpa del Clot,113,2,14,1
2026-01-01,10,Sant Martí,64,el Camp de l'Arpa del Clot,87,2,14,2
2026-01-01,10,Sant Martí,64,el Camp de l'Arpa del Clot,137,2,15,1
2026-01-01,10,Sant Martí,64,el Camp de l'Arpa del Clot,94,2,15,2
2026-01-01,10,Sant Martí,64,el Camp de l'Arpa del Clot,77,2,16,1
2026-01-01,10,Sant Martí,64,el Camp de l'Arpa del Clot,77,2,16,2
2026-01-01,10,Sant Martí,64,el Camp de l'Arpa del Clot,68,2,17,1
2026-01-01,10,Sant Martí,64,el Camp de l'Arpa del Clot,40,2,17,2
2026-01-01,10,Sant Martí,64,el Camp de l'Arpa del Clot,50,2,18,1
2026-01-01,10,Sant Martí,64,el Camp de l'Arpa del Clot,32,2,18,2
2026-01-01,10,Sant Martí,64,el Camp de l'Arpa del Clot,10,2,19,1
2026-01-01,10,Sant Martí,64,el Camp de l'Arpa del Clot,8,2,19,2
2026-01-01,10,Sant Martí,64,el Camp de l'Arpa del Clot,..,2,20,1
2026-01-01,10,Sant Martí,64,el Camp de l'Arpa del Clot,..,2,20,2
2026-01-01,10,Sant Martí,64,el Camp de l'Arpa del Clot,6,3,0,1
2026-01-01,10,Sant Martí,64,el Camp de l'Arpa del Clot,..,3,0,2
2026-01-01,10,Sant Martí,64,el Camp de l'Arpa del Clot,7,3,1,1
2026-01-01,10,Sant Martí,64,el Camp de l'Arpa del Clot,7,3,1,2
2026-01-01,10,Sant Martí,64,el Camp de l'Arpa del Clot,10,3,2,1
2026-01-01,10,Sant Martí,64,el Camp de l'Arpa del Clot,7,3,2,2
2026-01-01,10,Sant Martí,64,el Camp de l'Arpa del Clot,12,3,3,1
2026-01-01,10,Sant Martí,64,el Camp de l'Arpa del Clot,11,3,3,2
2026-01-01,10,Sant Martí,64,el Camp de l'Arpa del Clot,26,3,4,1
2026-01-01,10,Sant Martí,64,el Camp de l'Arpa del Clot,16,3,4,2
2026-01-01,10,Sant Martí,64,el Camp de l'Arpa del Clot,101,3,5,1
2026-01-01,10,Sant Martí,64,el Camp de l'Arpa del Clot,71,3,5,2
2026-01-01,10,Sant Martí,64,el Camp de l'Arpa del Clot,138,3,6,1
2026-01-01,10,Sant Martí,64,el Camp de l'Arpa del Clot,136,3,6,2
2026-01-01,10,Sant Martí,64,el Camp de l'Arpa del Clot,122,3,7,1
2026-01-01,10,Sant Martí,64,el Camp de l'Arpa del Clot,122,3,7,2
2026-01-01,10,Sant Martí,64,el Camp de l'Arpa del Clot,103,3,8,1
2026-01-01,10,Sant Martí,64,el Camp de l'Arpa del Clot,113,3,8,2
2026-01-01,10,Sant Martí,64,el Camp de l'Arpa del Clot,93,3,9,1
2026-01-01,10,Sant Martí,64,el Camp de l'Arpa del Clot,95,3,9,2
2026-01-01,10,Sant Martí,64,el Camp de l'Arpa del Clot,91,3,10,1
2026-01-01,10,Sant Martí,64,el Camp de l'Arpa del Clot,91,3,10,2
2026-01-01,10,Sant Martí,64,el Camp de l'Arpa del Clot,102,3,11,1
2026-01-01,10,Sant Martí,64,el Camp de l'Arpa del Clot,90,3,11,2
2026-01-01,10,Sant Martí,64,el Camp de l'Arpa del Clot,147,3,12,1
2026-01-01,10,Sant Martí,64,el Camp de l'Arpa del Clot,110,3,12,2
2026-01-01,10,Sant Martí,64,el Camp de l'Arpa del Clot,229,3,13,1
2026-01-01,10,Sant Martí,64,el Camp de l'Arpa del Clot,166,3,13,2
2026-01-01,10,Sant Martí,64,el Camp de l'Arpa del Clot,349,3,14,1
2026-01-01,10,Sant Martí,64,el Camp de l'Arpa del Clot,234,3,14,2
2026-01-01,10,Sant Martí,64,el Camp de l'Arpa del Clot,454,3,15,1
2026-01-01,10,Sant Martí,64,el Camp de l'Arpa del Clot,292,3,15,2
2026-01-01,10,Sant Martí,64,el Camp de l'Arpa del Clot,421,3,16,1
2026-01-01,10,Sant Martí,64,el Camp de l'Arpa del Clot,263,3,16,2
2026-01-01,10,Sant Martí,64,el Camp de l'Arpa del Clot,222,3,17,1
2026-01-01,10,Sant Martí,64,el Camp de l'Arpa del Clot,109,3,17,2
2026-01-01,10,Sant Martí,64,el Camp de l'Arpa del Clot,157,3,18,1
2026-01-01,10,Sant Martí,64,el Camp de l'Arpa del Clot,79,3,18,2
2026-01-01,10,Sant Martí,64,el Camp de l'Arpa del Clot,56,3,19,1
2026-01-01,10,Sant Martí,64,el Camp de l'Arpa del Clot,12,3,19,2
2026-01-01,10,Sant Martí,64,el Camp de l'Arpa del Clot,8,3,20,1
2026-01-01,10,Sant Martí,64,el Camp de l'Arpa del Clot,..,3,20,2
2026-01-01,10,Sant Martí,64,el Camp de l'Arpa del Clot,..,4,0,1
2026-01-01,10,Sant Martí,64,el Camp de l'Arpa del Clot,11,4,0,2
2026-01-01,10,Sant Martí,64,el Camp de l'Arpa del Clot,14,4,1,1
2026-01-01,10,Sant Martí,64,el Camp de l'Arpa del Clot,8,4,1,2
2026-01-01,10,Sant Martí,64,el Camp de l'Arpa del Clot,14,4,2,1
2026-01-01,10,Sant Martí,64,el Camp de l'Arpa del Clot,7,4,2,2
2026-01-01,10,Sant Martí,64,el Camp de l'Arpa del Clot,7,4,3,1
2026-01-01,10,Sant Martí,64,el Camp de l'Arpa del Clot,..,4,3,2
2026-01-01,10,Sant Martí,64,el Camp de l'Arpa del Clot,38,4,4,1
2026-01-01,10,Sant Martí,64,el Camp de l'Arpa del Clot,20,4,4,2
2026-01-01,10,Sant Martí,64,el Camp de l'Arpa del Clot,139,4,5,1
2026-01-01,10,Sant Martí,64,el Camp de l'Arpa del Clot,137,4,5,2
2026-01-01,10,Sant Martí,64,el Camp de l'Arpa del Clot,213,4,6,1
2026-01-01,10,Sant Martí,64,el Camp de l'Arpa del Clot,200,4,6,2
2026-01-01,10,Sant Martí,64,el Camp de l'Arpa del Clot,186,4,7,1
2026-01-01,10,Sant Martí,64,el Camp de l'Arpa del Clot,188,4,7,2
2026-01-01,10,Sant Martí,64,el Camp de l'Arpa del Clot,138,4,8,1
2026-01-01,10,Sant Martí,64,el Camp de l'Arpa del Clot,132,4,8,2
2026-01-01,10,Sant Martí,64,el Camp de l'Arpa del Clot,76,4,9,1
2026-01-01,10,Sant Martí,64,el Camp de l'Arpa del Clot,111,4,9,2
2026-01-01,10,Sant Martí,64,el Camp de l'Arpa del Clot,39,4,10,1
2026-01-01,10,Sant Martí,64,el Camp de l'Arpa del Clot,61,4,10,2
2026-01-01,10,Sant Martí,64,el Camp de l'Arpa del Clot,25,4,11,1
2026-01-01,10,Sant Martí,64,el Camp de l'Arpa del Clot,35,4,11,2
2026-01-01,10,Sant Martí,64,el Camp de l'Arpa del Clot,24,4,12,1
2026-01-01,10,Sant Martí,64,el Camp de l'Arpa del Clot,27,4,12,2
2026-01-01,10,Sant Martí,64,el Camp de l'Arpa del Clot,13,4,13,1
2026-01-01,10,Sant Martí,64,el Camp de l'Arpa del Clot,12,4,13,2
2026-01-01,10,Sant Martí,64,el Camp de l'Arpa del Clot,7,4,14,1
2026-01-01,10,Sant Martí,64,el Camp de l'Arpa del Clot,8,4,14,2
2026-01-01,10,Sant Martí,64,el Camp de l'Arpa del Clot,14,4,15,1
2026-01-01,10,Sant Martí,64,el Camp de l'Arpa del Clot,6,4,15,2
2026-01-01,10,Sant Martí,64,el Camp de l'Arpa del Clot,6,4,16,1
2026-01-01,10,Sant Martí,64,el Camp de l'Arpa del Clot,..,4,16,2
2026-01-01,10,Sant Martí,64,el Camp de l'Arpa del Clot,5,4,17,1
2026-01-01,10,Sant Martí,64,el Camp de l'Arpa del Clot,..,4,17,2
2026-01-01,10,Sant Martí,64,el Camp de l'Arpa del Clot,..,4,19,1
2026-01-01,10,Sant Martí,64,el Camp de l'Arpa del Clot,..,4,20,1
2026-01-01,10,Sant Martí,64,el Camp de l'Arpa del Clot,28,5,0,1
2026-01-01,10,Sant Martí,64,el Camp de l'Arpa del Clot,32,5,0,2
2026-01-01,10,Sant Martí,64,el Camp de l'Arpa del Clot,100,5,1,1
2026-01-01,10,Sant Martí,64,el Camp de l'Arpa del Clot,86,5,1,2
2026-01-01,10,Sant Martí,64,el Camp de l'Arpa del Clot,137,5,2,1
2026-01-01,10,Sant Martí,64,el Camp de l'Arpa del Clot,132,5,2,2
2026-01-01,10,Sant Martí,64,el Camp de l'Arpa del Clot,150,5,3,1
2026-01-01,10,Sant Martí,64,el Camp de l'Arpa del Clot,163,5,3,2
2026-01-01,10,Sant Martí,64,el Camp de l'Arpa del Clot,370,5,4,1
2026-01-01,10,Sant Martí,64,el Camp de l'Arpa del Clot,396,5,4,2
2026-01-01,10,Sant Martí,64,el Camp de l'Arpa del Clot,777,5,5,1
2026-01-01,10,Sant Martí,64,el Camp de l'Arpa del Clot,764,5,5,2
2026-01-01,10,Sant Martí,64,el Camp de l'Arpa del Clot,1084,5,6,1
2026-01-01,10,Sant Martí,64,el Camp de l'Arpa del Clot,918,5,6,2
2026-01-01,10,Sant Martí,64,el Camp de l'Arpa del Clot,910,5,7,1
2026-01-01,10,Sant Martí,64,el Camp de l'Arpa del Clot,886,5,7,2
2026-01-01,10,Sant Martí,64,el Camp de l'Arpa del Clot,673,5,8,1
2026-01-01,10,Sant Martí,64,el Camp de l'Arpa del Clot,607,5,8,2
2026-01-01,10,Sant Martí,64,el Camp de l'Arpa del Clot,572,5,9,1
2026-01-01,10,Sant Martí,64,el Camp de l'Arpa del Clot,535,5,9,2
2026-01-01,10,Sant Martí,64,el Camp de l'Arpa del Clot,438,5,10,1
2026-01-01,10,Sant Martí,64,el Camp de l'Arpa del Clot,358,5,10,2
2026-01-01,10,Sant Martí,64,el Camp de l'Arpa del Clot,342,5,11,1
2026-01-01,10,Sant Martí,64,el Camp de l'Arpa del Clot,284,5,11,2
2026-01-01,10,Sant Martí,64,el Camp de l'Arpa del Clot,334,5,12,1
2026-01-01,10,Sant Martí,64,el Camp de l'Arpa del Clot,234,5,12,2
2026-01-01,10,Sant Martí,64,el Camp de l'Arpa del Clot,264,5,13,1
2026-01-01,10,Sant Martí,64,el Camp de l'Arpa del Clot,177,5,13,2
2026-01-01,10,Sant Martí,64,el Camp de l'Arpa del Clot,152,5,14,1
2026-01-01,10,Sant Martí,64,el Camp de l'Arpa del Clot,98,5,14,2
2026-01-01,10,Sant Martí,64,el Camp de l'Arpa del Clot,81,5,15,1
2026-01-01,10,Sant Martí,64,el Camp de l'Arpa del Clot,61,5,15,2
2026-01-01,10,Sant Martí,64,el Camp de l'Arpa del Clot,42,5,16,1
2026-01-01,10,Sant Martí,64,el Camp de l'Arpa del Clot,20,5,16,2
2026-01-01,10,Sant Martí,64,el Camp de l'Arpa del Clot,14,5,17,1
2026-01-01,10,Sant Martí,64,el Camp de l'Arpa del Clot,6,5,17,2
2026-01-01,10,Sant Martí,64,el Camp de l'Arpa del Clot,8,5,18,1
2026-01-01,10,Sant Martí,64,el Camp de l'Arpa del Clot,..,5,18,2
2026-01-01,10,Sant Martí,64,el Camp de l'Arpa del Clot,..,5,19,1
2026-01-01,10,Sant Martí,64,el Camp de l'Arpa del Clot,..,6,4,1
2026-01-01,10,Sant Martí,64,el Camp de l'Arpa del Clot,..,6,5,1
2026-01-01,10,Sant Martí,64,el Camp de l'Arpa del Clot,..,6,6,1
2026-01-01,10,Sant Martí,64,el Camp de l'Arpa del Clot,..,6,7,2
2026-01-01,10,Sant Martí,64,el Camp de l'Arpa del Clot,..,6,8,1
2026-01-01,10,Sant Martí,64,el Camp de l'Arpa del Clot,..,6,8,2
2026-01-01,10,Sant Martí,64,el Camp de l'Arpa del Clot,..,6,9,1
2026-01-01,10,Sant Martí,64,el Camp de l'Arpa del Clot,..,6,12,1
2026-01-01,10,Sant Martí,64,el Camp de l'Arpa del Clot,..,6,12,2
2026-01-01,10,Sant Martí,65,el Clot,325,1,0,1
2026-01-01,10,Sant Martí,65,el Clot,321,1,0,2
2026-01-01,10,Sant Martí,65,el Clot,307,1,1,1
2026-01-01,10,Sant Martí,65,el Clot,360,1,1,2
2026-01-01,10,Sant Martí,65,el Clot,362,1,2,1
2026-01-01,10,Sant Martí,65,el Clot,382,1,2,2
2026-01-01,10,Sant Martí,65,el Clot,448,1,3,1
2026-01-01,10,Sant Martí,65,el Clot,465,1,3,2
2026-01-01,10,Sant Martí,65,el Clot,447,1,4,1
2026-01-01,10,Sant Martí,65,el Clot,454,1,4,2
2026-01-01,10,Sant Martí,65,el Clot,339,1,5,1
2026-01-01,10,Sant Martí,65,el Clot,394,1,5,2
2026-01-01,10,Sant Martí,65,el Clot,265,1,6,1
2026-01-01,10,Sant Martí,65,el Clot,293,1,6,2
2026-01-01,10,Sant Martí,65,el Clot,277,1,7,1
2026-01-01,10,Sant Martí,65,el Clot,272,1,7,2
2026-01-01,10,Sant Martí,65,el Clot,325,1,8,1
2026-01-01,10,Sant Martí,65,el Clot,343,1,8,2
2026-01-01,10,Sant Martí,65,el Clot,418,1,9,1
2026-01-01,10,Sant Martí,65,el Clot,451,1,9,2
2026-01-01,10,Sant Martí,65,el Clot,550,1,10,1
2026-01-01,10,Sant Martí,65,el Clot,523,1,10,2
2026-01-01,10,Sant Martí,65,el Clot,558,1,11,1
2026-01-01,10,Sant Martí,65,el Clot,547,1,11,2
2026-01-01,10,Sant Martí,65,el Clot,565,1,12,1
2026-01-01,10,Sant Martí,65,el Clot,439,1,12,2
2026-01-01,10,Sant Martí,65,el Clot,450,1,13,1
2026-01-01,10,Sant Martí,65,el Clot,403,1,13,2
2026-01-01,10,Sant Martí,65,el Clot,314,1,14,1
2026-01-01,10,Sant Martí,65,el Clot,281,1,14,2
2026-01-01,10,Sant Martí,65,el Clot,278,1,15,1
2026-01-01,10,Sant Martí,65,el Clot,210,1,15,2
2026-01-01,10,Sant Martí,65,el Clot,167,1,16,1
2026-01-01,10,Sant Martí,65,el Clot,109,1,16,2
2026-01-01,10,Sant Martí,65,el Clot,96,1,17,1
2026-01-01,10,Sant Martí,65,el Clot,62,1,17,2
2026-01-01,10,Sant Martí,65,el Clot,68,1,18,1
2026-01-01,10,Sant Martí,65,el Clot,29,1,18,2
2026-01-01,10,Sant Martí,65,el Clot,17,1,19,1
2026-01-01,10,Sant Martí,65,el Clot,6,1,19,2
2026-01-01,10,Sant Martí,65,el Clot,21,2,0,1
2026-01-01,10,Sant Martí,65,el Clot,19,2,0,2
2026-01-01,10,Sant Martí,65,el Clot,22,2,1,1
2026-01-01,10,Sant Martí,65,el Clot,16,2,1,2
2026-01-01,10,Sant Martí,65,el Clot,28,2,2,1
2026-01-01,10,Sant Martí,65,el Clot,24,2,2,2
2026-01-01,10,Sant Martí,65,el Clot,25,2,3,1
2026-01-01,10,Sant Martí,65,el Clot,26,2,3,2
2026-01-01,10,Sant Martí,65,el Clot,16,2,4,1
2026-01-01,10,Sant Martí,65,el Clot,30,2,4,2
2026-01-01,10,Sant Martí,65,el Clot,48,2,5,1
2026-01-01,10,Sant Martí,65,el Clot,44,2,5,2
2026-01-01,10,Sant Martí,65,el Clot,58,2,6,1
2026-01-01,10,Sant Martí,65,el Clot,54,2,6,2
2026-01-01,10,Sant Martí,65,el Clot,42,2,7,1
2026-01-01,10,Sant Martí,65,el Clot,47,2,7,2
2026-01-01,10,Sant Martí,65,el Clot,53,2,8,1
2026-01-01,10,Sant Martí,65,el Clot,69,2,8,2
2026-01-01,10,Sant Martí,65,el Clot,61,2,9,1
2026-01-01,10,Sant Martí,65,el Clot,91,2,9,2
2026-01-01,10,Sant Martí,65,el Clot,58,2,10,1
2026-01-01,10,Sant Martí,65,el Clot,87,2,10,2
2026-01-01,10,Sant Martí,65,el Clot,57,2,11,1
2026-01-01,10,Sant Martí,65,el Clot,66,2,11,2
2026-01-01,10,Sant Martí,65,el Clot,86,2,12,1
2026-01-01,10,Sant Martí,65,el Clot,68,2,12,2
2026-01-01,10,Sant Martí,65,el Clot,77,2,13,1
2026-01-01,10,Sant Martí,65,el Clot,60,2,13,2
2026-01-01,10,Sant Martí,65,el Clot,67,2,14,1
2026-01-01,10,Sant Martí,65,el Clot,56,2,14,2
2026-01-01,10,Sant Martí,65,el Clot,67,2,15,1
2026-01-01,10,Sant Martí,65,el Clot,49,2,15,2
2026-01-01,10,Sant Martí,65,el Clot,49,2,16,1
2026-01-01,10,Sant Martí,65,el Clot,33,2,16,2
2026-01-01,10,Sant Martí,65,el Clot,35,2,17,1
2026-01-01,10,Sant Martí,65,el Clot,17,2,17,2
2026-01-01,10,Sant Martí,65,el Clot,14,2,18,1
2026-01-01,10,Sant Martí,65,el Clot,14,2,18,2
2026-01-01,10,Sant Martí,65,el Clot,9,2,19,1
2026-01-01,10,Sant Martí,65,el Clot,..,2,19,2
2026-01-01,10,Sant Martí,65,el Clot,..,2,20,1
2026-01-01,10,Sant Martí,65,el Clot,5,3,0,1
2026-01-01,10,Sant Martí,65,el Clot,..,3,0,2
2026-01-01,10,Sant Martí,65,el Clot,..,3,1,1
2026-01-01,10,Sant Martí,65,el Clot,8,3,1,2
2026-01-01,10,Sant Martí,65,el Clot,9,3,2,1
2026-01-01,10,Sant Martí,65,el Clot,..,3,2,2
2026-01-01,10,Sant Martí,65,el Clot,6,3,3,1
2026-01-01,10,Sant Martí,65,el Clot,16,3,3,2
2026-01-01,10,Sant Martí,65,el Clot,14,3,4,1
2026-01-01,10,Sant Martí,65,el Clot,17,3,4,2
2026-01-01,10,Sant Martí,65,el Clot,47,3,5,1
2026-01-01,10,Sant Martí,65,el Clot,39,3,5,2
2026-01-01,10,Sant Martí,65,el Clot,74,3,6,1
2026-01-01,10,Sant Martí,65,el Clot,53,3,6,2
2026-01-01,10,Sant Martí,65,el Clot,78,3,7,1
2026-01-01,10,Sant Martí,65,el Clot,76,3,7,2
2026-01-01,10,Sant Martí,65,el Clot,87,3,8,1
2026-01-01,10,Sant Martí,65,el Clot,73,3,8,2
2026-01-01,10,Sant Martí,65,el Clot,80,3,9,1
2026-01-01,10,Sant Martí,65,el Clot,77,3,9,2
2026-01-01,10,Sant Martí,65,el Clot,79,3,10,1
2026-01-01,10,Sant Martí,65,el Clot,55,3,10,2
2026-01-01,10,Sant Martí,65,el Clot,98,3,11,1
2026-01-01,10,Sant Martí,65,el Clot,86,3,11,2
2026-01-01,10,Sant Martí,65,el Clot,177,3,12,1
2026-01-01,10,Sant Martí,65,el Clot,135,3,12,2
2026-01-01,10,Sant Martí,65,el Clot,303,3,13,1
2026-01-01,10,Sant Martí,65,el Clot,176,3,13,2
2026-01-01,10,Sant Martí,65,el Clot,359,3,14,1
2026-01-01,10,Sant Martí,65,el Clot,245,3,14,2
2026-01-01,10,Sant Martí,65,el Clot,323,3,15,1
2026-01-01,10,Sant Martí,65,el Clot,258,3,15,2
2026-01-01,10,Sant Martí,65,el Clot,257,3,16,1
2026-01-01,10,Sant Martí,65,el Clot,175,3,16,2
2026-01-01,10,Sant Martí,65,el Clot,189,3,17,1
2026-01-01,10,Sant Martí,65,el Clot,106,3,17,2
2026-01-01,10,Sant Martí,65,el Clot,102,3,18,1
2026-01-01,10,Sant Martí,65,el Clot,48,3,18,2
2026-01-01,10,Sant Martí,65,el Clot,26,3,19,1
2026-01-01,10,Sant Martí,65,el Clot,8,3,19,2
2026-01-01,10,Sant Martí,65,el Clot,9,3,20,1
2026-01-01,10,Sant Martí,65,el Clot,..,3,20,2
2026-01-01,10,Sant Martí,65,el Clot,9,4,0,1
2026-01-01,10,Sant Martí,65,el Clot,5,4,0,2
2026-01-01,10,Sant Martí,65,el Clot,10,4,1,1
2026-01-01,10,Sant Martí,65,el Clot,11,4,1,2
2026-01-01,10,Sant Martí,65,el Clot,8,4,2,1
2026-01-01,10,Sant Martí,65,el Clot,12,4,2,2
2026-01-01,10,Sant Martí,65,el Clot,8,4,3,1
2026-01-01,10,Sant Martí,65,el Clot,10,4,3,2
2026-01-01,10,Sant Martí,65,el Clot,23,4,4,1
2026-01-01,10,Sant Martí,65,el Clot,26,4,4,2
2026-01-01,10,Sant Martí,65,el Clot,86,4,5,1
2026-01-01,10,Sant Martí,65,el Clot,70,4,5,2
2026-01-01,10,Sant Martí,65,el Clot,126,4,6,1
2026-01-01,10,Sant Martí,65,el Clot,143,4,6,2
2026-01-01,10,Sant Martí,65,el Clot,102,4,7,1
2026-01-01,10,Sant Martí,65,el Clot,117,4,7,2
2026-01-01,10,Sant Martí,65,el Clot,87,4,8,1
2026-01-01,10,Sant Martí,65,el Clot,94,4,8,2
2026-01-01,10,Sant Martí,65,el Clot,53,4,9,1
2026-01-01,10,Sant Martí,65,el Clot,71,4,9,2
2026-01-01,10,Sant Martí,65,el Clot,24,4,10,1
2026-01-01,10,Sant Martí,65,el Clot,39,4,10,2
2026-01-01,10,Sant Martí,65,el Clot,25,4,11,1
2026-01-01,10,Sant Martí,65,el Clot,28,4,11,2
2026-01-01,10,Sant Martí,65,el Clot,14,4,12,1
2026-01-01,10,Sant Martí,65,el Clot,23,4,12,2
2026-01-01,10,Sant Martí,65,el Clot,13,4,13,1
2026-01-01,10,Sant Martí,65,el Clot,19,4,13,2
2026-01-01,10,Sant Martí,65,el Clot,9,4,14,1
2026-01-01,10,Sant Martí,65,el Clot,8,4,14,2
2026-01-01,10,Sant Martí,65,el Clot,..,4,15,1
2026-01-01,10,Sant Martí,65,el Clot,..,4,15,2
2026-01-01,10,Sant Martí,65,el Clot,..,4,16,1
2026-01-01,10,Sant Martí,65,el Clot,5,4,16,2
2026-01-01,10,Sant Martí,65,el Clot,..,4,17,1
2026-01-01,10,Sant Martí,65,el Clot,..,4,17,2
2026-01-01,10,Sant Martí,65,el Clot,..,4,18,1
2026-01-01,10,Sant Martí,65,el Clot,..,4,19,1
2026-01-01,10,Sant Martí,65,el Clot,21,5,0,1
2026-01-01,10,Sant Martí,65,el Clot,20,5,0,2
2026-01-01,10,Sant Martí,65,el Clot,60,5,1,1
2026-01-01,10,Sant Martí,65,el Clot,47,5,1,2
2026-01-01,10,Sant Martí,65,el Clot,85,5,2,1
2026-01-01,10,Sant Martí,65,el Clot,81,5,2,2
2026-01-01,10,Sant Martí,65,el Clot,90,5,3,1
2026-01-01,10,Sant Martí,65,el Clot,75,5,3,2
2026-01-01,10,Sant Martí,65,el Clot,193,5,4,1
2026-01-01,10,Sant Martí,65,el Clot,175,5,4,2
2026-01-01,10,Sant Martí,65,el Clot,426,5,5,1
2026-01-01,10,Sant Martí,65,el Clot,380,5,5,2
2026-01-01,10,Sant Martí,65,el Clot,553,5,6,1
2026-01-01,10,Sant Martí,65,el Clot,567,5,6,2
2026-01-01,10,Sant Martí,65,el Clot,520,5,7,1
2026-01-01,10,Sant Martí,65,el Clot,526,5,7,2
2026-01-01,10,Sant Martí,65,el Clot,376,5,8,1
2026-01-01,10,Sant Martí,65,el Clot,405,5,8,2
2026-01-01,10,Sant Martí,65,el Clot,303,5,9,1
2026-01-01,10,Sant Martí,65,el Clot,289,5,9,2
2026-01-01,10,Sant Martí,65,el Clot,264,5,10,1
2026-01-01,10,Sant Martí,65,el Clot,220,5,10,2
2026-01-01,10,Sant Martí,65,el Clot,223,5,11,1
2026-01-01,10,Sant Martí,65,el Clot,179,5,11,2
2026-01-01,10,Sant Martí,65,el Clot,172,5,12,1
2026-01-01,10,Sant Martí,65,el Clot,131,5,12,2
2026-01-01,10,Sant Martí,65,el Clot,139,5,13,1
2026-01-01,10,Sant Martí,65,el Clot,105,5,13,2
2026-01-01,10,Sant Martí,65,el Clot,87,5,14,1
2026-01-01,10,Sant Martí,65,el Clot,57,5,14,2
2026-01-01,10,Sant Martí,65,el Clot,63,5,15,1
2026-01-01,10,Sant Martí,65,el Clot,29,5,15,2
2026-01-01,10,Sant Martí,65,el Clot,34,5,16,1
2026-01-01,10,Sant Martí,65,el Clot,9,5,16,2
2026-01-01,10,Sant Martí,65,el Clot,16,5,17,1
2026-01-01,10,Sant Martí,65,el Clot,7,5,17,2
2026-01-01,10,Sant Martí,65,el Clot,..,5,18,1
2026-01-01,10,Sant Martí,65,el Clot,6,5,18,2
2026-01-01,10,Sant Martí,65,el Clot,..,5,19,1
2026-01-01,10,Sant Martí,65,el Clot,..,6,0,2
2026-01-01,10,Sant Martí,65,el Clot,..,6,4,1
2026-01-01,10,Sant Martí,65,el Clot,..,6,5,1
2026-01-01,10,Sant Martí,65,el Clot,..,6,6,1
2026-01-01,10,Sant Martí,65,el Clot,..,6,7,1
2026-01-01,10,Sant Martí,65,el Clot,..,6,8,1
2026-01-01,10,Sant Martí,65,el Clot,..,6,9,1
2026-01-01,10,Sant Martí,66,el Parc i la Llacuna del Poblenou,258,1,0,1
2026-01-01,10,Sant Martí,66,el Parc i la Llacuna del Poblenou,263,1,0,2
2026-01-01,10,Sant Martí,66,el Parc i la Llacuna del Poblenou,261,1,1,1
2026-01-01,10,Sant Martí,66,el Parc i la Llacuna del Poblenou,291,1,1,2
2026-01-01,10,Sant Martí,66,el Parc i la Llacuna del Poblenou,303,1,2,1
2026-01-01,10,Sant Martí,66,el Parc i la Llacuna del Poblenou,297,1,2,2
2026-01-01,10,Sant Martí,66,el Parc i la Llacuna del Poblenou,204,1,3,1
2026-01-01,10,Sant Martí,66,el Parc i la Llacuna del Poblenou,223,1,3,2
2026-01-01,10,Sant Martí,66,el Parc i la Llacuna del Poblenou,205,1,4,1
2026-01-01,10,Sant Martí,66,el Parc i la Llacuna del Poblenou,200,1,4,2
2026-01-01,10,Sant Martí,66,el Parc i la Llacuna del Poblenou,144,1,5,1
2026-01-01,10,Sant Martí,66,el Parc i la Llacuna del Poblenou,167,1,5,2
2026-01-01,10,Sant Martí,66,el Parc i la Llacuna del Poblenou,137,1,6,1
2026-01-01,10,Sant Martí,66,el Parc i la Llacuna del Poblenou,158,1,6,2
2026-01-01,10,Sant Martí,66,el Parc i la Llacuna del Poblenou,148,1,7,1
2026-01-01,10,Sant Martí,66,el Parc i la Llacuna del Poblenou,163,1,7,2
2026-01-01,10,Sant Martí,66,el Parc i la Llacuna del Poblenou,191,1,8,1
2026-01-01,10,Sant Martí,66,el Parc i la Llacuna del Poblenou,251,1,8,2
2026-01-01,10,Sant Martí,66,el Parc i la Llacuna del Poblenou,288,1,9,1
2026-01-01,10,Sant Martí,66,el Parc i la Llacuna del Poblenou,306,1,9,2
2026-01-01,10,Sant Martí,66,el Parc i la Llacuna del Poblenou,276,1,10,1
2026-01-01,10,Sant Martí,66,el Parc i la Llacuna del Poblenou,278,1,10,2
2026-01-01,10,Sant Martí,66,el Parc i la Llacuna del Poblenou,246,1,11,1
2026-01-01,10,Sant Martí,66,el Parc i la Llacuna del Poblenou,220,1,11,2
2026-01-01,10,Sant Martí,66,el Parc i la Llacuna del Poblenou,263,1,12,1
2026-01-01,10,Sant Martí,66,el Parc i la Llacuna del Poblenou,218,1,12,2
2026-01-01,10,Sant Martí,66,el Parc i la Llacuna del Poblenou,215,1,13,1
2026-01-01,10,Sant Martí,66,el Parc i la Llacuna del Poblenou,193,1,13,2
2026-01-01,10,Sant Martí,66,el Parc i la Llacuna del Poblenou,179,1,14,1
2026-01-01,10,Sant Martí,66,el Parc i la Llacuna del Poblenou,170,1,14,2
2026-01-01,10,Sant Martí,66,el Parc i la Llacuna del Poblenou,135,1,15,1
2026-01-01,10,Sant Martí,66,el Parc i la Llacuna del Poblenou,135,1,15,2
2026-01-01,10,Sant Martí,66,el Parc i la Llacuna del Poblenou,102,1,16,1
2026-01-01,10,Sant Martí,66,el Parc i la Llacuna del Poblenou,58,1,16,2
2026-01-01,10,Sant Martí,66,el Parc i la Llacuna del Poblenou,51,1,17,1
2026-01-01,10,Sant Martí,66,el Parc i la Llacuna del Poblenou,38,1,17,2
2026-01-01,10,Sant Martí,66,el Parc i la Llacuna del Poblenou,57,1,18,1
2026-01-01,10,Sant Martí,66,el Parc i la Llacuna del Poblenou,18,1,18,2
2026-01-01,10,Sant Martí,66,el Parc i la Llacuna del Poblenou,7,1,19,1
2026-01-01,10,Sant Martí,66,el Parc i la Llacuna del Poblenou,6,1,19,2
2026-01-01,10,Sant Martí,66,el Parc i la Llacuna del Poblenou,..,1,20,1
2026-01-01,10,Sant Martí,66,el Parc i la Llacuna del Poblenou,..,1,20,2
2026-01-01,10,Sant Martí,66,el Parc i la Llacuna del Poblenou,20,2,0,1
2026-01-01,10,Sant Martí,66,el Parc i la Llacuna del Poblenou,15,2,0,2
2026-01-01,10,Sant Martí,66,el Parc i la Llacuna del Poblenou,11,2,1,1
2026-01-01,10,Sant Martí,66,el Parc i la Llacuna del Poblenou,14,2,1,2
2026-01-01,10,Sant Martí,66,el Parc i la Llacuna del Poblenou,14,2,2,1
2026-01-01,10,Sant Martí,66,el Parc i la Llacuna del Poblenou,26,2,2,2
2026-01-01,10,Sant Martí,66,el Parc i la Llacuna del Poblenou,18,2,3,1
2026-01-01,10,Sant Martí,66,el Parc i la Llacuna del Poblenou,28,2,3,2
2026-01-01,10,Sant Martí,66,el Parc i la Llacuna del Poblenou,18,2,4,1
2026-01-01,10,Sant Martí,66,el Parc i la Llacuna del Poblenou,20,2,4,2
2026-01-01,10,Sant Martí,66,el Parc i la Llacuna del Poblenou,26,2,5,1
2026-01-01,10,Sant Martí,66,el Parc i la Llacuna del Poblenou,11,2,5,2
2026-01-01,10,Sant Martí,66,el Parc i la Llacuna del Poblenou,32,2,6,1
2026-01-01,10,Sant Martí,66,el Parc i la Llacuna del Poblenou,33,2,6,2
2026-01-01,10,Sant Martí,66,el Parc i la Llacuna del Poblenou,27,2,7,1
2026-01-01,10,Sant Martí,66,el Parc i la Llacuna del Poblenou,37,2,7,2
2026-01-01,10,Sant Martí,66,el Parc i la Llacuna del Poblenou,52,2,8,1
2026-01-01,10,Sant Martí,66,el Parc i la Llacuna del Poblenou,53,2,8,2
2026-01-01,10,Sant Martí,66,el Parc i la Llacuna del Poblenou,59,2,9,1
2026-01-01,10,Sant Martí,66,el Parc i la Llacuna del Poblenou,60,2,9,2
2026-01-01,10,Sant Martí,66,el Parc i la Llacuna del Poblenou,46,2,10,1
2026-01-01,10,Sant Martí,66,el Parc i la Llacuna del Poblenou,48,2,10,2
2026-01-01,10,Sant Martí,66,el Parc i la Llacuna del Poblenou,37,2,11,1
2026-01-01,10,Sant Martí,66,el Parc i la Llacuna del Poblenou,41,2,11,2
2026-01-01,10,Sant Martí,66,el Parc i la Llacuna del Poblenou,37,2,12,1
2026-01-01,10,Sant Martí,66,el Parc i la Llacuna del Poblenou,35,2,12,2
2026-01-01,10,Sant Martí,66,el Parc i la Llacuna del Poblenou,46,2,13,1
2026-01-01,10,Sant Martí,66,el Parc i la Llacuna del Poblenou,40,2,13,2
2026-01-01,10,Sant Martí,66,el Parc i la Llacuna del Poblenou,34,2,14,1
2026-01-01,10,Sant Martí,66,el Parc i la Llacuna del Poblenou,24,2,14,2
2026-01-01,10,Sant Martí,66,el Parc i la Llacuna del Poblenou,33,2,15,1
2026-01-01,10,Sant Martí,66,el Parc i la Llacuna del Poblenou,27,2,15,2
2026-01-01,10,Sant Martí,66,el Parc i la Llacuna del Poblenou,32,2,16,1
2026-01-01,10,Sant Martí,66,el Parc i la Llacuna del Poblenou,14,2,16,2
2026-01-01,10,Sant Martí,66,el Parc i la Llacuna del Poblenou,17,2,17,1
2026-01-01,10,Sant Martí,66,el Parc i la Llacuna del Poblenou,10,2,17,2
2026-01-01,10,Sant Martí,66,el Parc i la Llacuna del Poblenou,13,2,18,1
2026-01-01,10,Sant Martí,66,el Parc i la Llacuna del Poblenou,..,2,18,2
2026-01-01,10,Sant Martí,66,el Parc i la Llacuna del Poblenou,..,2,19,1
2026-01-01,10,Sant Martí,66,el Parc i la Llacuna del Poblenou,..,2,20,1
2026-01-01,10,Sant Martí,66,el Parc i la Llacuna del Poblenou,..,3,0,1
2026-01-01,10,Sant Martí,66,el Parc i la Llacuna del Poblenou,..,3,0,2
2026-01-01,10,Sant Martí,66,el Parc i la Llacuna del Poblenou,..,3,1,1
2026-01-01,10,Sant Martí,66,el Parc i la Llacuna del Poblenou,5,3,1,2
2026-01-01,10,Sant Martí,66,el Parc i la Llacuna del Poblenou,..,3,2,1
2026-01-01,10,Sant Martí,66,el Parc i la Llacuna del Poblenou,6,3,2,2
2026-01-01,10,Sant Martí,66,el Parc i la Llacuna del Poblenou,11,3,3,1
2026-01-01,10,Sant Martí,66,el Parc i la Llacuna del Poblenou,6,3,3,2
2026-01-01,10,Sant Martí,66,el Parc i la Llacuna del Poblenou,15,3,4,1
2026-01-01,10,Sant Martí,66,el Parc i la Llacuna del Poblenou,13,3,4,2
2026-01-01,10,Sant Martí,66,el Parc i la Llacuna del Poblenou,39,3,5,1
2026-01-01,10,Sant Martí,66,el Parc i la Llacuna del Poblenou,21,3,5,2
2026-01-01,10,Sant Martí,66,el Parc i la Llacuna del Poblenou,33,3,6,1
2026-01-01,10,Sant Martí,66,el Parc i la Llacuna del Poblenou,41,3,6,2
2026-01-01,10,Sant Martí,66,el Parc i la Llacuna del Poblenou,65,3,7,1
2026-01-01,10,Sant Martí,66,el Parc i la Llacuna del Poblenou,53,3,7,2
2026-01-01,10,Sant Martí,66,el Parc i la Llacuna del Poblenou,62,3,8,1
2026-01-01,10,Sant Martí,66,el Parc i la Llacuna del Poblenou,62,3,8,2
2026-01-01,10,Sant Martí,66,el Parc i la Llacuna del Poblenou,64,3,9,1
2026-01-01,10,Sant Martí,66,el Parc i la Llacuna del Poblenou,90,3,9,2
2026-01-01,10,Sant Martí,66,el Parc i la Llacuna del Poblenou,60,3,10,1
2026-01-01,10,Sant Martí,66,el Parc i la Llacuna del Poblenou,52,3,10,2
2026-01-01,10,Sant Martí,66,el Parc i la Llacuna del Poblenou,60,3,11,1
2026-01-01,10,Sant Martí,66,el Parc i la Llacuna del Poblenou,59,3,11,2
2026-01-01,10,Sant Martí,66,el Parc i la Llacuna del Poblenou,104,3,12,1
2026-01-01,10,Sant Martí,66,el Parc i la Llacuna del Poblenou,90,3,12,2
2026-01-01,10,Sant Martí,66,el Parc i la Llacuna del Poblenou,133,3,13,1
2026-01-01,10,Sant Martí,66,el Parc i la Llacuna del Poblenou,96,3,13,2
2026-01-01,10,Sant Martí,66,el Parc i la Llacuna del Poblenou,171,3,14,1
2026-01-01,10,Sant Martí,66,el Parc i la Llacuna del Poblenou,116,3,14,2
2026-01-01,10,Sant Martí,66,el Parc i la Llacuna del Poblenou,183,3,15,1
2026-01-01,10,Sant Martí,66,el Parc i la Llacuna del Poblenou,112,3,15,2
2026-01-01,10,Sant Martí,66,el Parc i la Llacuna del Poblenou,141,3,16,1
2026-01-01,10,Sant Martí,66,el Parc i la Llacuna del Poblenou,92,3,16,2
2026-01-01,10,Sant Martí,66,el Parc i la Llacuna del Poblenou,92,3,17,1
2026-01-01,10,Sant Martí,66,el Parc i la Llacuna del Poblenou,55,3,17,2
2026-01-01,10,Sant Martí,66,el Parc i la Llacuna del Poblenou,64,3,18,1
2026-01-01,10,Sant Martí,66,el Parc i la Llacuna del Poblenou,23,3,18,2
2026-01-01,10,Sant Martí,66,el Parc i la Llacuna del Poblenou,37,3,19,1
2026-01-01,10,Sant Martí,66,el Parc i la Llacuna del Poblenou,9,3,19,2
2026-01-01,10,Sant Martí,66,el Parc i la Llacuna del Poblenou,5,3,20,1
2026-01-01,10,Sant Martí,66,el Parc i la Llacuna del Poblenou,..,3,20,2
2026-01-01,10,Sant Martí,66,el Parc i la Llacuna del Poblenou,11,4,0,1
2026-01-01,10,Sant Martí,66,el Parc i la Llacuna del Poblenou,7,4,0,2
2026-01-01,10,Sant Martí,66,el Parc i la Llacuna del Poblenou,14,4,1,1
2026-01-01,10,Sant Martí,66,el Parc i la Llacuna del Poblenou,12,4,1,2
2026-01-01,10,Sant Martí,66,el Parc i la Llacuna del Poblenou,18,4,2,1
2026-01-01,10,Sant Martí,66,el Parc i la Llacuna del Poblenou,13,4,2,2
2026-01-01,10,Sant Martí,66,el Parc i la Llacuna del Poblenou,16,4,3,1
2026-01-01,10,Sant Martí,66,el Parc i la Llacuna del Poblenou,20,4,3,2
2026-01-01,10,Sant Martí,66,el Parc i la Llacuna del Poblenou,51,4,4,1
2026-01-01,10,Sant Martí,66,el Parc i la Llacuna del Poblenou,27,4,4,2
2026-01-01,10,Sant Martí,66,el Parc i la Llacuna del Poblenou,109,4,5,1
2026-01-01,10,Sant Martí,66,el Parc i la Llacuna del Poblenou,59,4,5,2
2026-01-01,10,Sant Martí,66,el Parc i la Llacuna del Poblenou,103,4,6,1
2026-01-01,10,Sant Martí,66,el Parc i la Llacuna del Poblenou,104,4,6,2
2026-01-01,10,Sant Martí,66,el Parc i la Llacuna del Poblenou,122,4,7,1
2026-01-01,10,Sant Martí,66,el Parc i la Llacuna del Poblenou,133,4,7,2
2026-01-01,10,Sant Martí,66,el Parc i la Llacuna del Poblenou,90,4,8,1
2026-01-01,10,Sant Martí,66,el Parc i la Llacuna del Poblenou,99,4,8,2
2026-01-01,10,Sant Martí,66,el Parc i la Llacuna del Poblenou,78,4,9,1
2026-01-01,10,Sant Martí,66,el Parc i la Llacuna del Poblenou,85,4,9,2
2026-01-01,10,Sant Martí,66,el Parc i la Llacuna del Poblenou,35,4,10,1
2026-01-01,10,Sant Martí,66,el Parc i la Llacuna del Poblenou,55,4,10,2
2026-01-01,10,Sant Martí,66,el Parc i la Llacuna del Poblenou,16,4,11,1
2026-01-01,10,Sant Martí,66,el Parc i la Llacuna del Poblenou,44,4,11,2
2026-01-01,10,Sant Martí,66,el Parc i la Llacuna del Poblenou,15,4,12,1
2026-01-01,10,Sant Martí,66,el Parc i la Llacuna del Poblenou,19,4,12,2
2026-01-01,10,Sant Martí,66,el Parc i la Llacuna del Poblenou,6,4,13,1
2026-01-01,10,Sant Martí,66,el Parc i la Llacuna del Poblenou,13,4,13,2
2026-01-01,10,Sant Martí,66,el Parc i la Llacuna del Poblenou,..,4,14,1
2026-01-01,10,Sant Martí,66,el Parc i la Llacuna del Poblenou,..,4,14,2
2026-01-01,10,Sant Martí,66,el Parc i la Llacuna del Poblenou,8,4,15,1
2026-01-01,10,Sant Martí,66,el Parc i la Llacuna del Poblenou,5,4,15,2
2026-01-01,10,Sant Martí,66,el Parc i la Llacuna del Poblenou,..,4,16,1
2026-01-01,10,Sant Martí,66,el Parc i la Llacuna del Poblenou,..,4,16,2
2026-01-01,10,Sant Martí,66,el Parc i la Llacuna del Poblenou,..,4,17,1
2026-01-01,10,Sant Martí,66,el Parc i la Llacuna del Poblenou,..,4,17,2
2026-01-01,10,Sant Martí,66,el Parc i la Llacuna del Poblenou,..,4,18,1
2026-01-01,10,Sant Martí,66,el Parc i la Llacuna del Poblenou,..,4,19,1
2026-01-01,10,Sant Martí,66,el Parc i la Llacuna del Poblenou,15,5,0,1
2026-01-01,10,Sant Martí,66,el Parc i la Llacuna del Poblenou,24,5,0,2
2026-01-01,10,Sant Martí,66,el Parc i la Llacuna del Poblenou,45,5,1,1
2026-01-01,10,Sant Martí,66,el Parc i la Llacuna del Poblenou,44,5,1,2
2026-01-01,10,Sant Martí,66,el Parc i la Llacuna del Poblenou,53,5,2,1
2026-01-01,10,Sant Martí,66,el Parc i la Llacuna del Poblenou,56,5,2,2
2026-01-01,10,Sant Martí,66,el Parc i la Llacuna del Poblenou,91,5,3,1
2026-01-01,10,Sant Martí,66,el Parc i la Llacuna del Poblenou,80,5,3,2
2026-01-01,10,Sant Martí,66,el Parc i la Llacuna del Poblenou,213,5,4,1
2026-01-01,10,Sant Martí,66,el Parc i la Llacuna del Poblenou,241,5,4,2
2026-01-01,10,Sant Martí,66,el Parc i la Llacuna del Poblenou,342,5,5,1
2026-01-01,10,Sant Martí,66,el Parc i la Llacuna del Poblenou,339,5,5,2
2026-01-01,10,Sant Martí,66,el Parc i la Llacuna del Poblenou,397,5,6,1
2026-01-01,10,Sant Martí,66,el Parc i la Llacuna del Poblenou,383,5,6,2
2026-01-01,10,Sant Martí,66,el Parc i la Llacuna del Poblenou,378,5,7,1
2026-01-01,10,Sant Martí,66,el Parc i la Llacuna del Poblenou,341,5,7,2
2026-01-01,10,Sant Martí,66,el Parc i la Llacuna del Poblenou,320,5,8,1
2026-01-01,10,Sant Martí,66,el Parc i la Llacuna del Poblenou,337,5,8,2
2026-01-01,10,Sant Martí,66,el Parc i la Llacuna del Poblenou,250,5,9,1
2026-01-01,10,Sant Martí,66,el Parc i la Llacuna del Poblenou,266,5,9,2
2026-01-01,10,Sant Martí,66,el Parc i la Llacuna del Poblenou,141,5,10,1
2026-01-01,10,Sant Martí,66,el Parc i la Llacuna del Poblenou,184,5,10,2
2026-01-01,10,Sant Martí,66,el Parc i la Llacuna del Poblenou,144,5,11,1
2026-01-01,10,Sant Martí,66,el Parc i la Llacuna del Poblenou,116,5,11,2
2026-01-01,10,Sant Martí,66,el Parc i la Llacuna del Poblenou,118,5,12,1
2026-01-01,10,Sant Martí,66,el Parc i la Llacuna del Poblenou,101,5,12,2
2026-01-01,10,Sant Martí,66,el Parc i la Llacuna del Poblenou,97,5,13,1
2026-01-01,10,Sant Martí,66,el Parc i la Llacuna del Poblenou,62,5,13,2
2026-01-01,10,Sant Martí,66,el Parc i la Llacuna del Poblenou,56,5,14,1
2026-01-01,10,Sant Martí,66,el Parc i la Llacuna del Poblenou,47,5,14,2
2026-01-01,10,Sant Martí,66,el Parc i la Llacuna del Poblenou,54,5,15,1
2026-01-01,10,Sant Martí,66,el Parc i la Llacuna del Poblenou,28,5,15,2
2026-01-01,10,Sant Martí,66,el Parc i la Llacuna del Poblenou,26,5,16,1
2026-01-01,10,Sant Martí,66,el Parc i la Llacuna del Poblenou,19,5,16,2
2026-01-01,10,Sant Martí,66,el Parc i la Llacuna del Poblenou,12,5,17,1
2026-01-01,10,Sant Martí,66,el Parc i la Llacuna del Poblenou,6,5,17,2
2026-01-01,10,Sant Martí,66,el Parc i la Llacuna del Poblenou,6,5,18,1
2026-01-01,10,Sant Martí,66,el Parc i la Llacuna del Poblenou,..,5,18,2
2026-01-01,10,Sant Martí,66,el Parc i la Llacuna del Poblenou,..,5,19,1
2026-01-01,10,Sant Martí,66,el Parc i la Llacuna del Poblenou,..,6,5,2
2026-01-01,10,Sant Martí,66,el Parc i la Llacuna del Poblenou,..,6,6,1
2026-01-01,10,Sant Martí,66,el Parc i la Llacuna del Poblenou,..,6,6,2
2026-01-01,10,Sant Martí,67,la Vila Olímpica del Poblenou,86,1,0,1
2026-01-01,10,Sant Martí,67,la Vila Olímpica del Poblenou,103,1,0,2
2026-01-01,10,Sant Martí,67,la Vila Olímpica del Poblenou,112,1,1,1
2026-01-01,10,Sant Martí,67,la Vila Olímpica del Poblenou,123,1,1,2
2026-01-01,10,Sant Martí,67,la Vila Olímpica del Poblenou,154,1,2,1
2026-01-01,10,Sant Martí,67,la Vila Olímpica del Poblenou,148,1,2,2
2026-01-01,10,Sant Martí,67,la Vila Olímpica del Poblenou,168,1,3,1
2026-01-01,10,Sant Martí,67,la Vila Olímpica del Poblenou,212,1,3,2
2026-01-01,10,Sant Martí,67,la Vila Olímpica del Poblenou,197,1,4,1
2026-01-01,10,Sant Martí,67,la Vila Olímpica del Poblenou,197,1,4,2
2026-01-01,10,Sant Martí,67,la Vila Olímpica del Poblenou,205,1,5,1
2026-01-01,10,Sant Martí,67,la Vila Olímpica del Poblenou,205,1,5,2
2026-01-01,10,Sant Martí,67,la Vila Olímpica del Poblenou,114,1,6,1
2026-01-01,10,Sant Martí,67,la Vila Olímpica del Poblenou,116,1,6,2
2026-01-01,10,Sant Martí,67,la Vila Olímpica del Poblenou,57,1,7,1
2026-01-01,10,Sant Martí,67,la Vila Olímpica del Poblenou,70,1,7,2
2026-01-01,10,Sant Martí,67,la Vila Olímpica del Poblenou,58,1,8,1
2026-01-01,10,Sant Martí,67,la Vila Olímpica del Poblenou,60,1,8,2
2026-01-01,10,Sant Martí,67,la Vila Olímpica del Poblenou,85,1,9,1
2026-01-01,10,Sant Martí,67,la Vila Olímpica del Poblenou,106,1,9,2
2026-01-01,10,Sant Martí,67,la Vila Olímpica del Poblenou,156,1,10,1
2026-01-01,10,Sant Martí,67,la Vila Olímpica del Poblenou,120,1,10,2
2026-01-01,10,Sant Martí,67,la Vila Olímpica del Poblenou,176,1,11,1
2026-01-01,10,Sant Martí,67,la Vila Olímpica del Poblenou,165,1,11,2
2026-01-01,10,Sant Martí,67,la Vila Olímpica del Poblenou,205,1,12,1
2026-01-01,10,Sant Martí,67,la Vila Olímpica del Poblenou,207,1,12,2
2026-01-01,10,Sant Martí,67,la Vila Olímpica del Poblenou,165,1,13,1
2026-01-01,10,Sant Martí,67,la Vila Olímpica del Poblenou,156,1,13,2
2026-01-01,10,Sant Martí,67,la Vila Olímpica del Poblenou,88,1,14,1
2026-01-01,10,Sant Martí,67,la Vila Olímpica del Poblenou,104,1,14,2
2026-01-01,10,Sant Martí,67,la Vila Olímpica del Poblenou,55,1,15,1
2026-01-01,10,Sant Martí,67,la Vila Olímpica del Poblenou,73,1,15,2
2026-01-01,10,Sant Martí,67,la Vila Olímpica del Poblenou,43,1,16,1
2026-01-01,10,Sant Martí,67,la Vila Olímpica del Poblenou,35,1,16,2
2026-01-01,10,Sant Martí,67,la Vila Olímpica del Poblenou,21,1,17,1
2026-01-01,10,Sant Martí,67,la Vila Olímpica del Poblenou,17,1,17,2
2026-01-01,10,Sant Martí,67,la Vila Olímpica del Poblenou,9,1,18,1
2026-01-01,10,Sant Martí,67,la Vila Olímpica del Poblenou,8,1,18,2
2026-01-01,10,Sant Martí,67,la Vila Olímpica del Poblenou,..,1,19,1
2026-01-01,10,Sant Martí,67,la Vila Olímpica del Poblenou,..,1,19,2
2026-01-01,10,Sant Martí,67,la Vila Olímpica del Poblenou,..,1,20,1
2026-01-01,10,Sant Martí,67,la Vila Olímpica del Poblenou,..,2,0,1
2026-01-01,10,Sant Martí,67,la Vila Olímpica del Poblenou,7,2,0,2
2026-01-01,10,Sant Martí,67,la Vila Olímpica del Poblenou,..,2,1,1
2026-01-01,10,Sant Martí,67,la Vila Olímpica del Poblenou,..,2,1,2
2026-01-01,10,Sant Martí,67,la Vila Olímpica del Poblenou,15,2,2,1
2026-01-01,10,Sant Martí,67,la Vila Olímpica del Poblenou,9,2,2,2
2026-01-01,10,Sant Martí,67,la Vila Olímpica del Poblenou,11,2,3,1
2026-01-01,10,Sant Martí,67,la Vila Olímpica del Poblenou,10,2,3,2
2026-01-01,10,Sant Martí,67,la Vila Olímpica del Poblenou,10,2,4,1
2026-01-01,10,Sant Martí,67,la Vila Olímpica del Poblenou,8,2,4,2
2026-01-01,10,Sant Martí,67,la Vila Olímpica del Poblenou,12,2,5,1
2026-01-01,10,Sant Martí,67,la Vila Olímpica del Poblenou,9,2,5,2
2026-01-01,10,Sant Martí,67,la Vila Olímpica del Poblenou,9,2,6,1
2026-01-01,10,Sant Martí,67,la Vila Olímpica del Poblenou,9,2,6,2
2026-01-01,10,Sant Martí,67,la Vila Olímpica del Poblenou,15,2,7,1
2026-01-01,10,Sant Martí,67,la Vila Olímpica del Poblenou,9,2,7,2
2026-01-01,10,Sant Martí,67,la Vila Olímpica del Poblenou,17,2,8,1
2026-01-01,10,Sant Martí,67,la Vila Olímpica del Poblenou,12,2,8,2
2026-01-01,10,Sant Martí,67,la Vila Olímpica del Poblenou,31,2,9,1
2026-01-01,10,Sant Martí,67,la Vila Olímpica del Poblenou,37,2,9,2
2026-01-01,10,Sant Martí,67,la Vila Olímpica del Poblenou,41,2,10,1
2026-01-01,10,Sant Martí,67,la Vila Olímpica del Poblenou,33,2,10,2
2026-01-01,10,Sant Martí,67,la Vila Olímpica del Poblenou,43,2,11,1
2026-01-01,10,Sant Martí,67,la Vila Olímpica del Poblenou,37,2,11,2
2026-01-01,10,Sant Martí,67,la Vila Olímpica del Poblenou,74,2,12,1
2026-01-01,10,Sant Martí,67,la Vila Olímpica del Poblenou,50,2,12,2
2026-01-01,10,Sant Martí,67,la Vila Olímpica del Poblenou,60,2,13,1
2026-01-01,10,Sant Martí,67,la Vila Olímpica del Poblenou,55,2,13,2
2026-01-01,10,Sant Martí,67,la Vila Olímpica del Poblenou,39,2,14,1
2026-01-01,10,Sant Martí,67,la Vila Olímpica del Poblenou,44,2,14,2
2026-01-01,10,Sant Martí,67,la Vila Olímpica del Poblenou,32,2,15,1
2026-01-01,10,Sant Martí,67,la Vila Olímpica del Poblenou,39,2,15,2
2026-01-01,10,Sant Martí,67,la Vila Olímpica del Poblenou,10,2,16,1
2026-01-01,10,Sant Martí,67,la Vila Olímpica del Poblenou,9,2,16,2
2026-01-01,10,Sant Martí,67,la Vila Olímpica del Poblenou,11,2,17,1
2026-01-01,10,Sant Martí,67,la Vila Olímpica del Poblenou,..,2,17,2
2026-01-01,10,Sant Martí,67,la Vila Olímpica del Poblenou,9,2,18,1
2026-01-01,10,Sant Martí,67,la Vila Olímpica del Poblenou,..,2,19,1
2026-01-01,10,Sant Martí,67,la Vila Olímpica del Poblenou,..,2,19,2
2026-01-01,10,Sant Martí,67,la Vila Olímpica del Poblenou,..,2,20,1
2026-01-01,10,Sant Martí,67,la Vila Olímpica del Poblenou,..,3,0,1
2026-01-01,10,Sant Martí,67,la Vila Olímpica del Poblenou,..,3,1,1
2026-01-01,10,Sant Martí,67,la Vila Olímpica del Poblenou,..,3,1,2
2026-01-01,10,Sant Martí,67,la Vila Olímpica del Poblenou,..,3,2,1
2026-01-01,10,Sant Martí,67,la Vila Olímpica del Poblenou,..,3,2,2
2026-01-01,10,Sant Martí,67,la Vila Olímpica del Poblenou,7,3,3,1
2026-01-01,10,Sant Martí,67,la Vila Olímpica del Poblenou,..,3,3,2
2026-01-01,10,Sant Martí,67,la Vila Olímpica del Poblenou,..,3,4,1
2026-01-01,10,Sant Martí,67,la Vila Olímpica del Poblenou,6,3,4,2
2026-01-01,10,Sant Martí,67,la Vila Olímpica del Poblenou,11,3,5,1
2026-01-01,10,Sant Martí,67,la Vila Olímpica del Poblenou,6,3,5,2
2026-01-01,10,Sant Martí,67,la Vila Olímpica del Poblenou,7,3,6,1
2026-01-01,10,Sant Martí,67,la Vila Olímpica del Poblenou,10,3,6,2
2026-01-01,10,Sant Martí,67,la Vila Olímpica del Poblenou,13,3,7,1
2026-01-01,10,Sant Martí,67,la Vila Olímpica del Poblenou,10,3,7,2
2026-01-01,10,Sant Martí,67,la Vila Olímpica del Poblenou,21,3,8,1
2026-01-01,10,Sant Martí,67,la Vila Olímpica del Poblenou,26,3,8,2
2026-01-01,10,Sant Martí,67,la Vila Olímpica del Poblenou,34,3,9,1
2026-01-01,10,Sant Martí,67,la Vila Olímpica del Poblenou,30,3,9,2
2026-01-01,10,Sant Martí,67,la Vila Olímpica del Poblenou,39,3,10,1
2026-01-01,10,Sant Martí,67,la Vila Olímpica del Poblenou,34,3,10,2
2026-01-01,10,Sant Martí,67,la Vila Olímpica del Poblenou,51,3,11,1
2026-01-01,10,Sant Martí,67,la Vila Olímpica del Poblenou,42,3,11,2
2026-01-01,10,Sant Martí,67,la Vila Olímpica del Poblenou,93,3,12,1
2026-01-01,10,Sant Martí,67,la Vila Olímpica del Poblenou,52,3,12,2
2026-01-01,10,Sant Martí,67,la Vila Olímpica del Poblenou,104,3,13,1
2026-01-01,10,Sant Martí,67,la Vila Olímpica del Poblenou,70,3,13,2
2026-01-01,10,Sant Martí,67,la Vila Olímpica del Poblenou,91,3,14,1
2026-01-01,10,Sant Martí,67,la Vila Olímpica del Poblenou,76,3,14,2
2026-01-01,10,Sant Martí,67,la Vila Olímpica del Poblenou,84,3,15,1
2026-01-01,10,Sant Martí,67,la Vila Olímpica del Poblenou,65,3,15,2
2026-01-01,10,Sant Martí,67,la Vila Olímpica del Poblenou,44,3,16,1
2026-01-01,10,Sant Martí,67,la Vila Olímpica del Poblenou,42,3,16,2
2026-01-01,10,Sant Martí,67,la Vila Olímpica del Poblenou,22,3,17,1
2026-01-01,10,Sant Martí,67,la Vila Olímpica del Poblenou,19,3,17,2
2026-01-01,10,Sant Martí,67,la Vila Olímpica del Poblenou,14,3,18,1
2026-01-01,10,Sant Martí,67,la Vila Olímpica del Poblenou,11,3,18,2
2026-01-01,10,Sant Martí,67,la Vila Olímpica del Poblenou,..,3,19,1
2026-01-01,10,Sant Martí,67,la Vila Olímpica del Poblenou,..,3,20,1
2026-01-01,10,Sant Martí,67,la Vila Olímpica del Poblenou,..,3,20,2
2026-01-01,10,Sant Martí,67,la Vila Olímpica del Poblenou,8,4,0,1
2026-01-01,10,Sant Martí,67,la Vila Olímpica del Poblenou,8,4,0,2
2026-01-01,10,Sant Martí,67,la Vila Olímpica del Poblenou,15,4,1,1
2026-01-01,10,Sant Martí,67,la Vila Olímpica del Poblenou,8,4,1,2
2026-01-01,10,Sant Martí,67,la Vila Olímpica del Poblenou,12,4,2,1
2026-01-01,10,Sant Martí,67,la Vila Olímpica del Poblenou,21,4,2,2
2026-01-01,10,Sant Martí,67,la Vila Olímpica del Poblenou,9,4,3,1
2026-01-01,10,Sant Martí,67,la Vila Olímpica del Poblenou,13,4,3,2
2026-01-01,10,Sant Martí,67,la Vila Olímpica del Poblenou,14,4,4,1
2026-01-01,10,Sant Martí,67,la Vila Olímpica del Poblenou,11,4,4,2
2026-01-01,10,Sant Martí,67,la Vila Olímpica del Poblenou,27,4,5,1
2026-01-01,10,Sant Martí,67,la Vila Olímpica del Poblenou,39,4,5,2
2026-01-01,10,Sant Martí,67,la Vila Olímpica del Poblenou,44,4,6,1
2026-01-01,10,Sant Martí,67,la Vila Olímpica del Poblenou,54,4,6,2
2026-01-01,10,Sant Martí,67,la Vila Olímpica del Poblenou,60,4,7,1
2026-01-01,10,Sant Martí,67,la Vila Olímpica del Poblenou,57,4,7,2
2026-01-01,10,Sant Martí,67,la Vila Olímpica del Poblenou,62,4,8,1
2026-01-01,10,Sant Martí,67,la Vila Olímpica del Poblenou,63,4,8,2
2026-01-01,10,Sant Martí,67,la Vila Olímpica del Poblenou,49,4,9,1
2026-01-01,10,Sant Martí,67,la Vila Olímpica del Poblenou,53,4,9,2
2026-01-01,10,Sant Martí,67,la Vila Olímpica del Poblenou,33,4,10,1
2026-01-01,10,Sant Martí,67,la Vila Olímpica del Poblenou,43,4,10,2
2026-01-01,10,Sant Martí,67,la Vila Olímpica del Poblenou,19,4,11,1
2026-01-01,10,Sant Martí,67,la Vila Olímpica del Poblenou,26,4,11,2
2026-01-01,10,Sant Martí,67,la Vila Olímpica del Poblenou,13,4,12,1
2026-01-01,10,Sant Martí,67,la Vila Olímpica del Poblenou,24,4,12,2
2026-01-01,10,Sant Martí,67,la Vila Olímpica del Poblenou,6,4,13,1
2026-01-01,10,Sant Martí,67,la Vila Olímpica del Poblenou,7,4,13,2
2026-01-01,10,Sant Martí,67,la Vila Olímpica del Poblenou,5,4,14,1
2026-01-01,10,Sant Martí,67,la Vila Olímpica del Poblenou,6,4,14,2
2026-01-01,10,Sant Martí,67,la Vila Olímpica del Poblenou,6,4,15,1
2026-01-01,10,Sant Martí,67,la Vila Olímpica del Poblenou,..,4,15,2
2026-01-01,10,Sant Martí,67,la Vila Olímpica del Poblenou,..,4,16,1
2026-01-01,10,Sant Martí,67,la Vila Olímpica del Poblenou,..,4,16,2
2026-01-01,10,Sant Martí,67,la Vila Olímpica del Poblenou,..,4,17,1
2026-01-01,10,Sant Martí,67,la Vila Olímpica del Poblenou,..,4,17,2
2026-01-01,10,Sant Martí,67,la Vila Olímpica del Poblenou,..,4,18,1
2026-01-01,10,Sant Martí,67,la Vila Olímpica del Poblenou,10,5,0,1
2026-01-01,10,Sant Martí,67,la Vila Olímpica del Poblenou,18,5,0,2
2026-01-01,10,Sant Martí,67,la Vila Olímpica del Poblenou,22,5,1,1
2026-01-01,10,Sant Martí,67,la Vila Olímpica del Poblenou,27,5,1,2
2026-01-01,10,Sant Martí,67,la Vila Olímpica del Poblenou,24,5,2,1
2026-01-01,10,Sant Martí,67,la Vila Olímpica del Poblenou,29,5,2,2
2026-01-01,10,Sant Martí,67,la Vila Olímpica del Poblenou,25,5,3,1
2026-01-01,10,Sant Martí,67,la Vila Olímpica del Poblenou,36,5,3,2
2026-01-01,10,Sant Martí,67,la Vila Olímpica del Poblenou,55,5,4,1
2026-01-01,10,Sant Martí,67,la Vila Olímpica del Poblenou,54,5,4,2
2026-01-01,10,Sant Martí,67,la Vila Olímpica del Poblenou,110,5,5,1
2026-01-01,10,Sant Martí,67,la Vila Olímpica del Poblenou,103,5,5,2
2026-01-01,10,Sant Martí,67,la Vila Olímpica del Poblenou,141,5,6,1
2026-01-01,10,Sant Martí,67,la Vila Olímpica del Poblenou,134,5,6,2
2026-01-01,10,Sant Martí,67,la Vila Olímpica del Poblenou,146,5,7,1
2026-01-01,10,Sant Martí,67,la Vila Olímpica del Poblenou,147,5,7,2
2026-01-01,10,Sant Martí,67,la Vila Olímpica del Poblenou,141,5,8,1
2026-01-01,10,Sant Martí,67,la Vila Olímpica del Poblenou,123,5,8,2
2026-01-01,10,Sant Martí,67,la Vila Olímpica del Poblenou,103,5,9,1
2026-01-01,10,Sant Martí,67,la Vila Olímpica del Poblenou,87,5,9,2
2026-01-01,10,Sant Martí,67,la Vila Olímpica del Poblenou,80,5,10,1
2026-01-01,10,Sant Martí,67,la Vila Olímpica del Poblenou,63,5,10,2
2026-01-01,10,Sant Martí,67,la Vila Olímpica del Poblenou,53,5,11,1
2026-01-01,10,Sant Martí,67,la Vila Olímpica del Poblenou,55,5,11,2
2026-01-01,10,Sant Martí,67,la Vila Olímpica del Poblenou,44,5,12,1
2026-01-01,10,Sant Martí,67,la Vila Olímpica del Poblenou,47,5,12,2
2026-01-01,10,Sant Martí,67,la Vila Olímpica del Poblenou,39,5,13,1
2026-01-01,10,Sant Martí,67,la Vila Olímpica del Poblenou,28,5,13,2
2026-01-01,10,Sant Martí,67,la Vila Olímpica del Poblenou,31,5,14,1
2026-01-01,10,Sant Martí,67,la Vila Olímpica del Poblenou,33,5,14,2
2026-01-01,10,Sant Martí,67,la Vila Olímpica del Poblenou,28,5,15,1
2026-01-01,10,Sant Martí,67,la Vila Olímpica del Poblenou,15,5,15,2
2026-01-01,10,Sant Martí,67,la Vila Olímpica del Poblenou,10,5,16,1
2026-01-01,10,Sant Martí,67,la Vila Olímpica del Poblenou,11,5,16,2
2026-01-01,10,Sant Martí,67,la Vila Olímpica del Poblenou,..,5,17,1
2026-01-01,10,Sant Martí,67,la Vila Olímpica del Poblenou,5,5,17,2
2026-01-01,10,Sant Martí,67,la Vila Olímpica del Poblenou,..,5,18,1
2026-01-01,10,Sant Martí,67,la Vila Olímpica del Poblenou,..,5,18,2
2026-01-01,10,Sant Martí,67,la Vila Olímpica del Poblenou,..,5,19,1
2026-01-01,10,Sant Martí,67,la Vila Olímpica del Poblenou,..,5,19,2
2026-01-01,10,Sant Martí,67,la Vila Olímpica del Poblenou,..,6,5,2
2026-01-01,10,Sant Martí,67,la Vila Olímpica del Poblenou,..,6,8,1
2026-01-01,10,Sant Martí,68,el Poblenou,465,1,0,1
2026-01-01,10,Sant Martí,68,el Poblenou,459,1,0,2
2026-01-01,10,Sant Martí,68,el Poblenou,484,1,1,1
2026-01-01,10,Sant Martí,68,el Poblenou,536,1,1,2
2026-01-01,10,Sant Martí,68,el Poblenou,634,1,2,1
2026-01-01,10,Sant Martí,68,el Poblenou,641,1,2,2
2026-01-01,10,Sant Martí,68,el Poblenou,667,1,3,1
2026-01-01,10,Sant Martí,68,el Poblenou,703,1,3,2
2026-01-01,10,Sant Martí,68,el Poblenou,616,1,4,1
2026-01-01,10,Sant Martí,68,el Poblenou,660,1,4,2
2026-01-01,10,Sant Martí,68,el Poblenou,359,1,5,1
2026-01-01,10,Sant Martí,68,el Poblenou,399,1,5,2
2026-01-01,10,Sant Martí,68,el Poblenou,260,1,6,1
2026-01-01,10,Sant Martí,68,el Poblenou,310,1,6,2
2026-01-01,10,Sant Martí,68,el Poblenou,297,1,7,1
2026-01-01,10,Sant Martí,68,el Poblenou,292,1,7,2
2026-01-01,10,Sant Martí,68,el Poblenou,408,1,8,1
2026-01-01,10,Sant Martí,68,el Poblenou,389,1,8,2
2026-01-01,10,Sant Martí,68,el Poblenou,601,1,9,1
2026-01-01,10,Sant Martí,68,el Poblenou,601,1,9,2
2026-01-01,10,Sant Martí,68,el Poblenou,828,1,10,1
2026-01-01,10,Sant Martí,68,el Poblenou,811,1,10,2
2026-01-01,10,Sant Martí,68,el Poblenou,791,1,11,1
2026-01-01,10,Sant Martí,68,el Poblenou,705,1,11,2
2026-01-01,10,Sant Martí,68,el Poblenou,674,1,12,1
2026-01-01,10,Sant Martí,68,el Poblenou,592,1,12,2
2026-01-01,10,Sant Martí,68,el Poblenou,486,1,13,1
2026-01-01,10,Sant Martí,68,el Poblenou,465,1,13,2
2026-01-01,10,Sant Martí,68,el Poblenou,357,1,14,1
2026-01-01,10,Sant Martí,68,el Poblenou,295,1,14,2
2026-01-01,10,Sant Martí,68,el Poblenou,300,1,15,1
2026-01-01,10,Sant Martí,68,el Poblenou,212,1,15,2
2026-01-01,10,Sant Martí,68,el Poblenou,256,1,16,1
2026-01-01,10,Sant Martí,68,el Poblenou,167,1,16,2
2026-01-01,10,Sant Martí,68,el Poblenou,181,1,17,1
2026-01-01,10,Sant Martí,68,el Poblenou,83,1,17,2
2026-01-01,10,Sant Martí,68,el Poblenou,126,1,18,1
2026-01-01,10,Sant Martí,68,el Poblenou,48,1,18,2
2026-01-01,10,Sant Martí,68,el Poblenou,49,1,19,1
2026-01-01,10,Sant Martí,68,el Poblenou,10,1,19,2
2026-01-01,10,Sant Martí,68,el Poblenou,11,1,20,1
2026-01-01,10,Sant Martí,68,el Poblenou,..,1,20,2
2026-01-01,10,Sant Martí,68,el Poblenou,28,2,0,1
2026-01-01,10,Sant Martí,68,el Poblenou,24,2,0,2
2026-01-01,10,Sant Martí,68,el Poblenou,24,2,1,1
2026-01-01,10,Sant Martí,68,el Poblenou,22,2,1,2
2026-01-01,10,Sant Martí,68,el Poblenou,36,2,2,1
2026-01-01,10,Sant Martí,68,el Poblenou,32,2,2,2
2026-01-01,10,Sant Martí,68,el Poblenou,38,2,3,1
2026-01-01,10,Sant Martí,68,el Poblenou,42,2,3,2
2026-01-01,10,Sant Martí,68,el Poblenou,36,2,4,1
2026-01-01,10,Sant Martí,68,el Poblenou,41,2,4,2
2026-01-01,10,Sant Martí,68,el Poblenou,57,2,5,1
2026-01-01,10,Sant Martí,68,el Poblenou,55,2,5,2
2026-01-01,10,Sant Martí,68,el Poblenou,58,2,6,1
2026-01-01,10,Sant Martí,68,el Poblenou,58,2,6,2
2026-01-01,10,Sant Martí,68,el Poblenou,55,2,7,1
2026-01-01,10,Sant Martí,68,el Poblenou,66,2,7,2
2026-01-01,10,Sant Martí,68,el Poblenou,100,2,8,1
2026-01-01,10,Sant Martí,68,el Poblenou,87,2,8,2
2026-01-01,10,Sant Martí,68,el Poblenou,139,2,9,1
2026-01-01,10,Sant Martí,68,el Poblenou,146,2,9,2
2026-01-01,10,Sant Martí,68,el Poblenou,141,2,10,1
2026-01-01,10,Sant Martí,68,el Poblenou,121,2,10,2
2026-01-01,10,Sant Martí,68,el Poblenou,119,2,11,1
2026-01-01,10,Sant Martí,68,el Poblenou,138,2,11,2
2026-01-01,10,Sant Martí,68,el Poblenou,86,2,12,1
2026-01-01,10,Sant Martí,68,el Poblenou,86,2,12,2
2026-01-01,10,Sant Martí,68,el Poblenou,64,2,13,1
2026-01-01,10,Sant Martí,68,el Poblenou,65,2,13,2
2026-01-01,10,Sant Martí,68,el Poblenou,47,2,14,1
2026-01-01,10,Sant Martí,68,el Poblenou,52,2,14,2
2026-01-01,10,Sant Martí,68,el Poblenou,54,2,15,1
2026-01-01,10,Sant Martí,68,el Poblenou,33,2,15,2
2026-01-01,10,Sant Martí,68,el Poblenou,29,2,16,1
2026-01-01,10,Sant Martí,68,el Poblenou,17,2,16,2
2026-01-01,10,Sant Martí,68,el Poblenou,34,2,17,1
2026-01-01,10,Sant Martí,68,el Poblenou,14,2,17,2
2026-01-01,10,Sant Martí,68,el Poblenou,27,2,18,1
2026-01-01,10,Sant Martí,68,el Poblenou,11,2,18,2
2026-01-01,10,Sant Martí,68,el Poblenou,9,2,19,1
2026-01-01,10,Sant Martí,68,el Poblenou,..,2,19,2
2026-01-01,10,Sant Martí,68,el Poblenou,..,2,20,1
2026-01-01,10,Sant Martí,68,el Poblenou,..,3,0,1
2026-01-01,10,Sant Martí,68,el Poblenou,7,3,0,2
2026-01-01,10,Sant Martí,68,el Poblenou,10,3,1,1
2026-01-01,10,Sant Martí,68,el Poblenou,12,3,1,2
2026-01-01,10,Sant Martí,68,el Poblenou,11,3,2,1
2026-01-01,10,Sant Martí,68,el Poblenou,10,3,2,2
2026-01-01,10,Sant Martí,68,el Poblenou,14,3,3,1
2026-01-01,10,Sant Martí,68,el Poblenou,16,3,3,2
2026-01-01,10,Sant Martí,68,el Poblenou,19,3,4,1
2026-01-01,10,Sant Martí,68,el Poblenou,10,3,4,2
2026-01-01,10,Sant Martí,68,el Poblenou,35,3,5,1
2026-01-01,10,Sant Martí,68,el Poblenou,26,3,5,2
2026-01-01,10,Sant Martí,68,el Poblenou,62,3,6,1
2026-01-01,10,Sant Martí,68,el Poblenou,49,3,6,2
2026-01-01,10,Sant Martí,68,el Poblenou,82,3,7,1
2026-01-01,10,Sant Martí,68,el Poblenou,82,3,7,2
2026-01-01,10,Sant Martí,68,el Poblenou,109,3,8,1
2026-01-01,10,Sant Martí,68,el Poblenou,98,3,8,2
2026-01-01,10,Sant Martí,68,el Poblenou,176,3,9,1
2026-01-01,10,Sant Martí,68,el Poblenou,134,3,9,2
2026-01-01,10,Sant Martí,68,el Poblenou,134,3,10,1
2026-01-01,10,Sant Martí,68,el Poblenou,122,3,10,2
2026-01-01,10,Sant Martí,68,el Poblenou,108,3,11,1
2026-01-01,10,Sant Martí,68,el Poblenou,128,3,11,2
2026-01-01,10,Sant Martí,68,el Poblenou,152,3,12,1
2026-01-01,10,Sant Martí,68,el Poblenou,115,3,12,2
2026-01-01,10,Sant Martí,68,el Poblenou,180,3,13,1
2026-01-01,10,Sant Martí,68,el Poblenou,150,3,13,2
2026-01-01,10,Sant Martí,68,el Poblenou,183,3,14,1
2026-01-01,10,Sant Martí,68,el Poblenou,163,3,14,2
2026-01-01,10,Sant Martí,68,el Poblenou,211,3,15,1
2026-01-01,10,Sant Martí,68,el Poblenou,160,3,15,2
2026-01-01,10,Sant Martí,68,el Poblenou,210,3,16,1
2026-01-01,10,Sant Martí,68,el Poblenou,127,3,16,2
2026-01-01,10,Sant Martí,68,el Poblenou,123,3,17,1
2026-01-01,10,Sant Martí,68,el Poblenou,90,3,17,2
2026-01-01,10,Sant Martí,68,el Poblenou,94,3,18,1
2026-01-01,10,Sant Martí,68,el Poblenou,26,3,18,2
2026-01-01,10,Sant Martí,68,el Poblenou,46,3,19,1
2026-01-01,10,Sant Martí,68,el Poblenou,7,3,19,2
2026-01-01,10,Sant Martí,68,el Poblenou,5,3,20,1
2026-01-01,10,Sant Martí,68,el Poblenou,..,3,20,2
2026-01-01,10,Sant Martí,68,el Poblenou,25,4,0,1
2026-01-01,10,Sant Martí,68,el Poblenou,28,4,0,2
2026-01-01,10,Sant Martí,68,el Poblenou,37,4,1,1
2026-01-01,10,Sant Martí,68,el Poblenou,41,4,1,2
2026-01-01,10,Sant Martí,68,el Poblenou,27,4,2,1
2026-01-01,10,Sant Martí,68,el Poblenou,29,4,2,2
2026-01-01,10,Sant Martí,68,el Poblenou,11,4,3,1
2026-01-01,10,Sant Martí,68,el Poblenou,13,4,3,2
2026-01-01,10,Sant Martí,68,el Poblenou,47,4,4,1
2026-01-01,10,Sant Martí,68,el Poblenou,26,4,4,2
2026-01-01,10,Sant Martí,68,el Poblenou,124,4,5,1
2026-01-01,10,Sant Martí,68,el Poblenou,99,4,5,2
2026-01-01,10,Sant Martí,68,el Poblenou,240,4,6,1
2026-01-01,10,Sant Martí,68,el Poblenou,194,4,6,2
2026-01-01,10,Sant Martí,68,el Poblenou,272,4,7,1
2026-01-01,10,Sant Martí,68,el Poblenou,254,4,7,2
2026-01-01,10,Sant Martí,68,el Poblenou,239,4,8,1
2026-01-01,10,Sant Martí,68,el Poblenou,224,4,8,2
2026-01-01,10,Sant Martí,68,el Poblenou,144,4,9,1
2026-01-01,10,Sant Martí,68,el Poblenou,184,4,9,2
2026-01-01,10,Sant Martí,68,el Poblenou,73,4,10,1
2026-01-01,10,Sant Martí,68,el Poblenou,111,4,10,2
2026-01-01,10,Sant Martí,68,el Poblenou,46,4,11,1
2026-01-01,10,Sant Martí,68,el Poblenou,87,4,11,2
2026-01-01,10,Sant Martí,68,el Poblenou,32,4,12,1
2026-01-01,10,Sant Martí,68,el Poblenou,42,4,12,2
2026-01-01,10,Sant Martí,68,el Poblenou,16,4,13,1
2026-01-01,10,Sant Martí,68,el Poblenou,27,4,13,2
2026-01-01,10,Sant Martí,68,el Poblenou,8,4,14,1
2026-01-01,10,Sant Martí,68,el Poblenou,7,4,14,2
2026-01-01,10,Sant Martí,68,el Poblenou,6,4,15,1
2026-01-01,10,Sant Martí,68,el Poblenou,10,4,15,2
2026-01-01,10,Sant Martí,68,el Poblenou,11,4,16,1
2026-01-01,10,Sant Martí,68,el Poblenou,..,4,16,2
2026-01-01,10,Sant Martí,68,el Poblenou,..,4,17,1
2026-01-01,10,Sant Martí,68,el Poblenou,7,4,17,2
2026-01-01,10,Sant Martí,68,el Poblenou,5,4,18,1
2026-01-01,10,Sant Martí,68,el Poblenou,..,4,19,2
2026-01-01,10,Sant Martí,68,el Poblenou,..,4,20,1
2026-01-01,10,Sant Martí,68,el Poblenou,43,5,0,1
2026-01-01,10,Sant Martí,68,el Poblenou,49,5,0,2
2026-01-01,10,Sant Martí,68,el Poblenou,103,5,1,1
2026-01-01,10,Sant Martí,68,el Poblenou,127,5,1,2
2026-01-01,10,Sant Martí,68,el Poblenou,102,5,2,1
2026-01-01,10,Sant Martí,68,el Poblenou,155,5,2,2
2026-01-01,10,Sant Martí,68,el Poblenou,100,5,3,1
2026-01-01,10,Sant Martí,68,el Poblenou,107,5,3,2
2026-01-01,10,Sant Martí,68,el Poblenou,174,5,4,1
2026-01-01,10,Sant Martí,68,el Poblenou,198,5,4,2
2026-01-01,10,Sant Martí,68,el Poblenou,437,5,5,1
2026-01-01,10,Sant Martí,68,el Poblenou,428,5,5,2
2026-01-01,10,Sant Martí,68,el Poblenou,749,5,6,1
2026-01-01,10,Sant Martí,68,el Poblenou,667,5,6,2
2026-01-01,10,Sant Martí,68,el Poblenou,780,5,7,1
2026-01-01,10,Sant Martí,68,el Poblenou,716,5,7,2
2026-01-01,10,Sant Martí,68,el Poblenou,537,5,8,1
2026-01-01,10,Sant Martí,68,el Poblenou,549,5,8,2
2026-01-01,10,Sant Martí,68,el Poblenou,465,5,9,1
2026-01-01,10,Sant Martí,68,el Poblenou,450,5,9,2
2026-01-01,10,Sant Martí,68,el Poblenou,300,5,10,1
2026-01-01,10,Sant Martí,68,el Poblenou,340,5,10,2
2026-01-01,10,Sant Martí,68,el Poblenou,242,5,11,1
2026-01-01,10,Sant Martí,68,el Poblenou,223,5,11,2
2026-01-01,10,Sant Martí,68,el Poblenou,158,5,12,1
2026-01-01,10,Sant Martí,68,el Poblenou,154,5,12,2
2026-01-01,10,Sant Martí,68,el Poblenou,140,5,13,1
2026-01-01,10,Sant Martí,68,el Poblenou,97,5,13,2
2026-01-01,10,Sant Martí,68,el Poblenou,101,5,14,1
2026-01-01,10,Sant Martí,68,el Poblenou,64,5,14,2
2026-01-01,10,Sant Martí,68,el Poblenou,69,5,15,1
2026-01-01,10,Sant Martí,68,el Poblenou,33,5,15,2
2026-01-01,10,Sant Martí,68,el Poblenou,32,5,16,1
2026-01-01,10,Sant Martí,68,el Poblenou,21,5,16,2
2026-01-01,10,Sant Martí,68,el Poblenou,12,5,17,1
2026-01-01,10,Sant Martí,68,el Poblenou,9,5,17,2
2026-01-01,10,Sant Martí,68,el Poblenou,..,5,18,1
2026-01-01,10,Sant Martí,68,el Poblenou,..,5,18,2
2026-01-01,10,Sant Martí,68,el Poblenou,..,5,19,1
2026-01-01,10,Sant Martí,68,el Poblenou,..,5,20,2
2026-01-01,10,Sant Martí,68,el Poblenou,..,6,0,1
2026-01-01,10,Sant Martí,68,el Poblenou,..,6,3,2
2026-01-01,10,Sant Martí,68,el Poblenou,..,6,5,1
2026-01-01,10,Sant Martí,68,el Poblenou,..,6,6,1
2026-01-01,10,Sant Martí,68,el Poblenou,..,6,6,2
2026-01-01,10,Sant Martí,68,el Poblenou,..,6,7,1
2026-01-01,10,Sant Martí,68,el Poblenou,..,6,8,1
2026-01-01,10,Sant Martí,68,el Poblenou,..,6,8,2
2026-01-01,10,Sant Martí,68,el Poblenou,..,6,9,1
2026-01-01,10,Sant Martí,68,el Poblenou,..,6,9,2
2026-01-01,10,Sant Martí,68,el Poblenou,..,6,11,1
2026-01-01,10,Sant Martí,68,el Poblenou,..,6,12,1
2026-01-01,10,Sant Martí,69,Diagonal Mar i el Front Marítim del Poblenou,186,1,0,1
2026-01-01,10,Sant Martí,69,Diagonal Mar i el Front Marítim del Poblenou,224,1,0,2
2026-01-01,10,Sant Martí,69,Diagonal Mar i el Front Marítim del Poblenou,198,1,1,1
2026-01-01,10,Sant Martí,69,Diagonal Mar i el Front Marítim del Poblenou,282,1,1,2
2026-01-01,10,Sant Martí,69,Diagonal Mar i el Front Marítim del Poblenou,294,1,2,1
2026-01-01,10,Sant Martí,69,Diagonal Mar i el Front Marítim del Poblenou,298,1,2,2
2026-01-01,10,Sant Martí,69,Diagonal Mar i el Front Marítim del Poblenou,297,1,3,1
2026-01-01,10,Sant Martí,69,Diagonal Mar i el Front Marítim del Poblenou,316,1,3,2
2026-01-01,10,Sant Martí,69,Diagonal Mar i el Front Marítim del Poblenou,219,1,4,1
2026-01-01,10,Sant Martí,69,Diagonal Mar i el Front Marítim del Poblenou,249,1,4,2
2026-01-01,10,Sant Martí,69,Diagonal Mar i el Front Marítim del Poblenou,115,1,5,1
2026-01-01,10,Sant Martí,69,Diagonal Mar i el Front Marítim del Poblenou,139,1,5,2
2026-01-01,10,Sant Martí,69,Diagonal Mar i el Front Marítim del Poblenou,72,1,6,1
2026-01-01,10,Sant Martí,69,Diagonal Mar i el Front Marítim del Poblenou,85,1,6,2
2026-01-01,10,Sant Martí,69,Diagonal Mar i el Front Marítim del Poblenou,115,1,7,1
2026-01-01,10,Sant Martí,69,Diagonal Mar i el Front Marítim del Poblenou,83,1,7,2
2026-01-01,10,Sant Martí,69,Diagonal Mar i el Front Marítim del Poblenou,190,1,8,1
2026-01-01,10,Sant Martí,69,Diagonal Mar i el Front Marítim del Poblenou,201,1,8,2
2026-01-01,10,Sant Martí,69,Diagonal Mar i el Front Marítim del Poblenou,258,1,9,1
2026-01-01,10,Sant Martí,69,Diagonal Mar i el Front Marítim del Poblenou,245,1,9,2
2026-01-01,10,Sant Martí,69,Diagonal Mar i el Front Marítim del Poblenou,370,1,10,1
2026-01-01,10,Sant Martí,69,Diagonal Mar i el Front Marítim del Poblenou,360,1,10,2
2026-01-01,10,Sant Martí,69,Diagonal Mar i el Front Marítim del Poblenou,302,1,11,1
2026-01-01,10,Sant Martí,69,Diagonal Mar i el Front Marítim del Poblenou,295,1,11,2
2026-01-01,10,Sant Martí,69,Diagonal Mar i el Front Marítim del Poblenou,181,1,12,1
2026-01-01,10,Sant Martí,69,Diagonal Mar i el Front Marítim del Poblenou,208,1,12,2
2026-01-01,10,Sant Martí,69,Diagonal Mar i el Front Marítim del Poblenou,127,1,13,1
2026-01-01,10,Sant Martí,69,Diagonal Mar i el Front Marítim del Poblenou,125,1,13,2
2026-01-01,10,Sant Martí,69,Diagonal Mar i el Front Marítim del Poblenou,89,1,14,1
2026-01-01,10,Sant Martí,69,Diagonal Mar i el Front Marítim del Poblenou,83,1,14,2
2026-01-01,10,Sant Martí,69,Diagonal Mar i el Front Marítim del Poblenou,99,1,15,1
2026-01-01,10,Sant Martí,69,Diagonal Mar i el Front Marítim del Poblenou,55,1,15,2
2026-01-01,10,Sant Martí,69,Diagonal Mar i el Front Marítim del Poblenou,74,1,16,1
2026-01-01,10,Sant Martí,69,Diagonal Mar i el Front Marítim del Poblenou,63,1,16,2
2026-01-01,10,Sant Martí,69,Diagonal Mar i el Front Marítim del Poblenou,35,1,17,1
2026-01-01,10,Sant Martí,69,Diagonal Mar i el Front Marítim del Poblenou,24,1,17,2
2026-01-01,10,Sant Martí,69,Diagonal Mar i el Front Marítim del Poblenou,19,1,18,1
2026-01-01,10,Sant Martí,69,Diagonal Mar i el Front Marítim del Poblenou,14,1,18,2
2026-01-01,10,Sant Martí,69,Diagonal Mar i el Front Marítim del Poblenou,..,1,19,1
2026-01-01,10,Sant Martí,69,Diagonal Mar i el Front Marítim del Poblenou,..,1,19,2
2026-01-01,10,Sant Martí,69,Diagonal Mar i el Front Marítim del Poblenou,..,1,20,1
2026-01-01,10,Sant Martí,69,Diagonal Mar i el Front Marítim del Poblenou,14,2,0,1
2026-01-01,10,Sant Martí,69,Diagonal Mar i el Front Marítim del Poblenou,18,2,0,2
2026-01-01,10,Sant Martí,69,Diagonal Mar i el Front Marítim del Poblenou,9,2,1,1
2026-01-01,10,Sant Martí,69,Diagonal Mar i el Front Marítim del Poblenou,6,2,1,2
2026-01-01,10,Sant Martí,69,Diagonal Mar i el Front Marítim del Poblenou,6,2,2,1
2026-01-01,10,Sant Martí,69,Diagonal Mar i el Front Marítim del Poblenou,11,2,2,2
2026-01-01,10,Sant Martí,69,Diagonal Mar i el Front Marítim del Poblenou,16,2,3,1
2026-01-01,10,Sant Martí,69,Diagonal Mar i el Front Marítim del Poblenou,12,2,3,2
2026-01-01,10,Sant Martí,69,Diagonal Mar i el Front Marítim del Poblenou,17,2,4,1
2026-01-01,10,Sant Martí,69,Diagonal Mar i el Front Marítim del Poblenou,15,2,4,2
2026-01-01,10,Sant Martí,69,Diagonal Mar i el Front Marítim del Poblenou,23,2,5,1
2026-01-01,10,Sant Martí,69,Diagonal Mar i el Front Marítim del Poblenou,26,2,5,2
2026-01-01,10,Sant Martí,69,Diagonal Mar i el Front Marítim del Poblenou,25,2,6,1
2026-01-01,10,Sant Martí,69,Diagonal Mar i el Front Marítim del Poblenou,24,2,6,2
2026-01-01,10,Sant Martí,69,Diagonal Mar i el Front Marítim del Poblenou,19,2,7,1
2026-01-01,10,Sant Martí,69,Diagonal Mar i el Front Marítim del Poblenou,24,2,7,2
2026-01-01,10,Sant Martí,69,Diagonal Mar i el Front Marítim del Poblenou,44,2,8,1
2026-01-01,10,Sant Martí,69,Diagonal Mar i el Front Marítim del Poblenou,35,2,8,2
2026-01-01,10,Sant Martí,69,Diagonal Mar i el Front Marítim del Poblenou,51,2,9,1
2026-01-01,10,Sant Martí,69,Diagonal Mar i el Front Marítim del Poblenou,61,2,9,2
2026-01-01,10,Sant Martí,69,Diagonal Mar i el Front Marítim del Poblenou,67,2,10,1
2026-01-01,10,Sant Martí,69,Diagonal Mar i el Front Marítim del Poblenou,77,2,10,2
2026-01-01,10,Sant Martí,69,Diagonal Mar i el Front Marítim del Poblenou,57,2,11,1
2026-01-01,10,Sant Martí,69,Diagonal Mar i el Front Marítim del Poblenou,66,2,11,2
2026-01-01,10,Sant Martí,69,Diagonal Mar i el Front Marítim del Poblenou,38,2,12,1
2026-01-01,10,Sant Martí,69,Diagonal Mar i el Front Marítim del Poblenou,54,2,12,2
2026-01-01,10,Sant Martí,69,Diagonal Mar i el Front Marítim del Poblenou,25,2,13,1
2026-01-01,10,Sant Martí,69,Diagonal Mar i el Front Marítim del Poblenou,29,2,13,2
2026-01-01,10,Sant Martí,69,Diagonal Mar i el Front Marítim del Poblenou,17,2,14,1
2026-01-01,10,Sant Martí,69,Diagonal Mar i el Front Marítim del Poblenou,17,2,14,2
2026-01-01,10,Sant Martí,69,Diagonal Mar i el Front Marítim del Poblenou,28,2,15,1
2026-01-01,10,Sant Martí,69,Diagonal Mar i el Front Marítim del Poblenou,26,2,15,2
2026-01-01,10,Sant Martí,69,Diagonal Mar i el Front Marítim del Poblenou,10,2,16,1
2026-01-01,10,Sant Martí,69,Diagonal Mar i el Front Marítim del Poblenou,10,2,16,2
2026-01-01,10,Sant Martí,69,Diagonal Mar i el Front Marítim del Poblenou,13,2,17,1
2026-01-01,10,Sant Martí,69,Diagonal Mar i el Front Marítim del Poblenou,10,2,17,2
2026-01-01,10,Sant Martí,69,Diagonal Mar i el Front Marítim del Poblenou,8,2,18,1
2026-01-01,10,Sant Martí,69,Diagonal Mar i el Front Marítim del Poblenou,..,2,18,2
2026-01-01,10,Sant Martí,69,Diagonal Mar i el Front Marítim del Poblenou,..,2,20,1
2026-01-01,10,Sant Martí,69,Diagonal Mar i el Front Marítim del Poblenou,5,3,0,1
2026-01-01,10,Sant Martí,69,Diagonal Mar i el Front Marítim del Poblenou,..,3,0,2
2026-01-01,10,Sant Martí,69,Diagonal Mar i el Front Marítim del Poblenou,..,3,1,1
2026-01-01,10,Sant Martí,69,Diagonal Mar i el Front Marítim del Poblenou,..,3,1,2
2026-01-01,10,Sant Martí,69,Diagonal Mar i el Front Marítim del Poblenou,..,3,2,1
2026-01-01,10,Sant Martí,69,Diagonal Mar i el Front Marítim del Poblenou,5,3,2,2
2026-01-01,10,Sant Martí,69,Diagonal Mar i el Front Marítim del Poblenou,8,3,3,1
2026-01-01,10,Sant Martí,69,Diagonal Mar i el Front Marítim del Poblenou,8,3,3,2
2026-01-01,10,Sant Martí,69,Diagonal Mar i el Front Marítim del Poblenou,8,3,4,1
2026-01-01,10,Sant Martí,69,Diagonal Mar i el Front Marítim del Poblenou,7,3,4,2
2026-01-01,10,Sant Martí,69,Diagonal Mar i el Front Marítim del Poblenou,14,3,5,1
2026-01-01,10,Sant Martí,69,Diagonal Mar i el Front Marítim del Poblenou,14,3,5,2
2026-01-01,10,Sant Martí,69,Diagonal Mar i el Front Marítim del Poblenou,20,3,6,1
2026-01-01,10,Sant Martí,69,Diagonal Mar i el Front Marítim del Poblenou,10,3,6,2
2026-01-01,10,Sant Martí,69,Diagonal Mar i el Front Marítim del Poblenou,27,3,7,1
2026-01-01,10,Sant Martí,69,Diagonal Mar i el Front Marítim del Poblenou,31,3,7,2
2026-01-01,10,Sant Martí,69,Diagonal Mar i el Front Marítim del Poblenou,53,3,8,1
2026-01-01,10,Sant Martí,69,Diagonal Mar i el Front Marítim del Poblenou,43,3,8,2
2026-01-01,10,Sant Martí,69,Diagonal Mar i el Front Marítim del Poblenou,56,3,9,1
2026-01-01,10,Sant Martí,69,Diagonal Mar i el Front Marítim del Poblenou,53,3,9,2
2026-01-01,10,Sant Martí,69,Diagonal Mar i el Front Marítim del Poblenou,69,3,10,1
2026-01-01,10,Sant Martí,69,Diagonal Mar i el Front Marítim del Poblenou,63,3,10,2
2026-01-01,10,Sant Martí,69,Diagonal Mar i el Front Marítim del Poblenou,72,3,11,1
2026-01-01,10,Sant Martí,69,Diagonal Mar i el Front Marítim del Poblenou,45,3,11,2
2026-01-01,10,Sant Martí,69,Diagonal Mar i el Front Marítim del Poblenou,75,3,12,1
2026-01-01,10,Sant Martí,69,Diagonal Mar i el Front Marítim del Poblenou,61,3,12,2
2026-01-01,10,Sant Martí,69,Diagonal Mar i el Front Marítim del Poblenou,85,3,13,1
2026-01-01,10,Sant Martí,69,Diagonal Mar i el Front Marítim del Poblenou,68,3,13,2
2026-01-01,10,Sant Martí,69,Diagonal Mar i el Front Marítim del Poblenou,98,3,14,1
2026-01-01,10,Sant Martí,69,Diagonal Mar i el Front Marítim del Poblenou,69,3,14,2
2026-01-01,10,Sant Martí,69,Diagonal Mar i el Front Marítim del Poblenou,104,3,15,1
2026-01-01,10,Sant Martí,69,Diagonal Mar i el Front Marítim del Poblenou,64,3,15,2
2026-01-01,10,Sant Martí,69,Diagonal Mar i el Front Marítim del Poblenou,120,3,16,1
2026-01-01,10,Sant Martí,69,Diagonal Mar i el Front Marítim del Poblenou,93,3,16,2
2026-01-01,10,Sant Martí,69,Diagonal Mar i el Front Marítim del Poblenou,79,3,17,1
2026-01-01,10,Sant Martí,69,Diagonal Mar i el Front Marítim del Poblenou,58,3,17,2
2026-01-01,10,Sant Martí,69,Diagonal Mar i el Front Marítim del Poblenou,42,3,18,1
2026-01-01,10,Sant Martí,69,Diagonal Mar i el Front Marítim del Poblenou,24,3,18,2
2026-01-01,10,Sant Martí,69,Diagonal Mar i el Front Marítim del Poblenou,20,3,19,1
2026-01-01,10,Sant Martí,69,Diagonal Mar i el Front Marítim del Poblenou,5,3,19,2
2026-01-01,10,Sant Martí,69,Diagonal Mar i el Front Marítim del Poblenou,..,3,20,1
2026-01-01,10,Sant Martí,69,Diagonal Mar i el Front Marítim del Poblenou,10,4,0,1
2026-01-01,10,Sant Martí,69,Diagonal Mar i el Front Marítim del Poblenou,16,4,0,2
2026-01-01,10,Sant Martí,69,Diagonal Mar i el Front Marítim del Poblenou,16,4,1,1
2026-01-01,10,Sant Martí,69,Diagonal Mar i el Front Marítim del Poblenou,12,4,1,2
2026-01-01,10,Sant Martí,69,Diagonal Mar i el Front Marítim del Poblenou,11,4,2,1
2026-01-01,10,Sant Martí,69,Diagonal Mar i el Front Marítim del Poblenou,10,4,2,2
2026-01-01,10,Sant Martí,69,Diagonal Mar i el Front Marítim del Poblenou,14,4,3,1
2026-01-01,10,Sant Martí,69,Diagonal Mar i el Front Marítim del Poblenou,9,4,3,2
2026-01-01,10,Sant Martí,69,Diagonal Mar i el Front Marítim del Poblenou,8,4,4,1
2026-01-01,10,Sant Martí,69,Diagonal Mar i el Front Marítim del Poblenou,7,4,4,2
2026-01-01,10,Sant Martí,69,Diagonal Mar i el Front Marítim del Poblenou,34,4,5,1
2026-01-01,10,Sant Martí,69,Diagonal Mar i el Front Marítim del Poblenou,25,4,5,2
2026-01-01,10,Sant Martí,69,Diagonal Mar i el Front Marítim del Poblenou,62,4,6,1
2026-01-01,10,Sant Martí,69,Diagonal Mar i el Front Marítim del Poblenou,51,4,6,2
2026-01-01,10,Sant Martí,69,Diagonal Mar i el Front Marítim del Poblenou,96,4,7,1
2026-01-01,10,Sant Martí,69,Diagonal Mar i el Front Marítim del Poblenou,83,4,7,2
2026-01-01,10,Sant Martí,69,Diagonal Mar i el Front Marítim del Poblenou,69,4,8,1
2026-01-01,10,Sant Martí,69,Diagonal Mar i el Front Marítim del Poblenou,84,4,8,2
2026-01-01,10,Sant Martí,69,Diagonal Mar i el Front Marítim del Poblenou,44,4,9,1
2026-01-01,10,Sant Martí,69,Diagonal Mar i el Front Marítim del Poblenou,46,4,9,2
2026-01-01,10,Sant Martí,69,Diagonal Mar i el Front Marítim del Poblenou,22,4,10,1
2026-01-01,10,Sant Martí,69,Diagonal Mar i el Front Marítim del Poblenou,49,4,10,2
2026-01-01,10,Sant Martí,69,Diagonal Mar i el Front Marítim del Poblenou,21,4,11,1
2026-01-01,10,Sant Martí,69,Diagonal Mar i el Front Marítim del Poblenou,39,4,11,2
2026-01-01,10,Sant Martí,69,Diagonal Mar i el Front Marítim del Poblenou,15,4,12,1
2026-01-01,10,Sant Martí,69,Diagonal Mar i el Front Marítim del Poblenou,15,4,12,2
2026-01-01,10,Sant Martí,69,Diagonal Mar i el Front Marítim del Poblenou,6,4,13,1
2026-01-01,10,Sant Martí,69,Diagonal Mar i el Front Marítim del Poblenou,17,4,13,2
2026-01-01,10,Sant Martí,69,Diagonal Mar i el Front Marítim del Poblenou,8,4,14,1
2026-01-01,10,Sant Martí,69,Diagonal Mar i el Front Marítim del Poblenou,..,4,14,2
2026-01-01,10,Sant Martí,69,Diagonal Mar i el Front Marítim del Poblenou,5,4,15,1
2026-01-01,10,Sant Martí,69,Diagonal Mar i el Front Marítim del Poblenou,8,4,15,2
2026-01-01,10,Sant Martí,69,Diagonal Mar i el Front Marítim del Poblenou,7,4,16,1
2026-01-01,10,Sant Martí,69,Diagonal Mar i el Front Marítim del Poblenou,..,4,16,2
2026-01-01,10,Sant Martí,69,Diagonal Mar i el Front Marítim del Poblenou,..,4,17,1
2026-01-01,10,Sant Martí,69,Diagonal Mar i el Front Marítim del Poblenou,..,4,17,2
2026-01-01,10,Sant Martí,69,Diagonal Mar i el Front Marítim del Poblenou,..,4,18,1
2026-01-01,10,Sant Martí,69,Diagonal Mar i el Front Marítim del Poblenou,..,4,18,2
2026-01-01,10,Sant Martí,69,Diagonal Mar i el Front Marítim del Poblenou,..,4,19,2
2026-01-01,10,Sant Martí,69,Diagonal Mar i el Front Marítim del Poblenou,28,5,0,1
2026-01-01,10,Sant Martí,69,Diagonal Mar i el Front Marítim del Poblenou,32,5,0,2
2026-01-01,10,Sant Martí,69,Diagonal Mar i el Front Marítim del Poblenou,54,5,1,1
2026-01-01,10,Sant Martí,69,Diagonal Mar i el Front Marítim del Poblenou,46,5,1,2
2026-01-01,10,Sant Martí,69,Diagonal Mar i el Front Marítim del Poblenou,60,5,2,1
2026-01-01,10,Sant Martí,69,Diagonal Mar i el Front Marítim del Poblenou,63,5,2,2
2026-01-01,10,Sant Martí,69,Diagonal Mar i el Front Marítim del Poblenou,50,5,3,1
2026-01-01,10,Sant Martí,69,Diagonal Mar i el Front Marítim del Poblenou,66,5,3,2
2026-01-01,10,Sant Martí,69,Diagonal Mar i el Front Marítim del Poblenou,62,5,4,1
2026-01-01,10,Sant Martí,69,Diagonal Mar i el Front Marítim del Poblenou,78,5,4,2
2026-01-01,10,Sant Martí,69,Diagonal Mar i el Front Marítim del Poblenou,137,5,5,1
2026-01-01,10,Sant Martí,69,Diagonal Mar i el Front Marítim del Poblenou,118,5,5,2
2026-01-01,10,Sant Martí,69,Diagonal Mar i el Front Marítim del Poblenou,233,5,6,1
2026-01-01,10,Sant Martí,69,Diagonal Mar i el Front Marítim del Poblenou,222,5,6,2
2026-01-01,10,Sant Martí,69,Diagonal Mar i el Front Marítim del Poblenou,285,5,7,1
2026-01-01,10,Sant Martí,69,Diagonal Mar i el Front Marítim del Poblenou,250,5,7,2
2026-01-01,10,Sant Martí,69,Diagonal Mar i el Front Marítim del Poblenou,238,5,8,1
2026-01-01,10,Sant Martí,69,Diagonal Mar i el Front Marítim del Poblenou,229,5,8,2
2026-01-01,10,Sant Martí,69,Diagonal Mar i el Front Marítim del Poblenou,190,5,9,1
2026-01-01,10,Sant Martí,69,Diagonal Mar i el Front Marítim del Poblenou,159,5,9,2
2026-01-01,10,Sant Martí,69,Diagonal Mar i el Front Marítim del Poblenou,137,5,10,1
2026-01-01,10,Sant Martí,69,Diagonal Mar i el Front Marítim del Poblenou,115,5,10,2
2026-01-01,10,Sant Martí,69,Diagonal Mar i el Front Marítim del Poblenou,102,5,11,1
2026-01-01,10,Sant Martí,69,Diagonal Mar i el Front Marítim del Poblenou,86,5,11,2
2026-01-01,10,Sant Martí,69,Diagonal Mar i el Front Marítim del Poblenou,90,5,12,1
2026-01-01,10,Sant Martí,69,Diagonal Mar i el Front Marítim del Poblenou,82,5,12,2
2026-01-01,10,Sant Martí,69,Diagonal Mar i el Front Marítim del Poblenou,77,5,13,1
2026-01-01,10,Sant Martí,69,Diagonal Mar i el Front Marítim del Poblenou,50,5,13,2
2026-01-01,10,Sant Martí,69,Diagonal Mar i el Front Marítim del Poblenou,56,5,14,1
2026-01-01,10,Sant Martí,69,Diagonal Mar i el Front Marítim del Poblenou,49,5,14,2
2026-01-01,10,Sant Martí,69,Diagonal Mar i el Front Marítim del Poblenou,25,5,15,1
2026-01-01,10,Sant Martí,69,Diagonal Mar i el Front Marítim del Poblenou,24,5,15,2
2026-01-01,10,Sant Martí,69,Diagonal Mar i el Front Marítim del Poblenou,15,5,16,1
2026-01-01,10,Sant Martí,69,Diagonal Mar i el Front Marítim del Poblenou,8,5,16,2
2026-01-01,10,Sant Martí,69,Diagonal Mar i el Front Marítim del Poblenou,9,5,17,1
2026-01-01,10,Sant Martí,69,Diagonal Mar i el Front Marítim del Poblenou,..,5,17,2
2026-01-01,10,Sant Martí,69,Diagonal Mar i el Front Marítim del Poblenou,..,5,18,1
2026-01-01,10,Sant Martí,69,Diagonal Mar i el Front Marítim del Poblenou,..,5,18,2
2026-01-01,10,Sant Martí,69,Diagonal Mar i el Front Marítim del Poblenou,..,5,19,1
2026-01-01,10,Sant Martí,69,Diagonal Mar i el Front Marítim del Poblenou,..,5,19,2
2026-01-01,10,Sant Martí,69,Diagonal Mar i el Front Marítim del Poblenou,..,5,20,1
2026-01-01,10,Sant Martí,69,Diagonal Mar i el Front Marítim del Poblenou,..,6,1,1
2026-01-01,10,Sant Martí,69,Diagonal Mar i el Front Marítim del Poblenou,..,6,2,1
2026-01-01,10,Sant Martí,69,Diagonal Mar i el Front Marítim del Poblenou,..,6,3,2
2026-01-01,10,Sant Martí,69,Diagonal Mar i el Front Marítim del Poblenou,..,6,6,2
2026-01-01,10,Sant Martí,69,Diagonal Mar i el Front Marítim del Poblenou,..,6,7,1
2026-01-01,10,Sant Martí,69,Diagonal Mar i el Front Marítim del Poblenou,..,6,9,1
2026-01-01,10,Sant Martí,70,el Besòs i el Maresme,407,1,0,1
2026-01-01,10,Sant Martí,70,el Besòs i el Maresme,475,1,0,2
2026-01-01,10,Sant Martí,70,el Besòs i el Maresme,454,1,1,1
2026-01-01,10,Sant Martí,70,el Besòs i el Maresme,384,1,1,2
2026-01-01,10,Sant Martí,70,el Besòs i el Maresme,373,1,2,1
2026-01-01,10,Sant Martí,70,el Besòs i el Maresme,393,1,2,2
2026-01-01,10,Sant Martí,70,el Besòs i el Maresme,346,1,3,1
2026-01-01,10,Sant Martí,70,el Besòs i el Maresme,423,1,3,2 
2026-01-01,10,Sant Martí,70,el Besòs i el Maresme,311,1,4,1
2026-01-01,10,Sant Martí,70,el Besòs i el Maresme,314,1,4,2
2026-01-01,10,Sant Martí,70,el Besòs i el Maresme,222,1,5,1
2026-01-01,10,Sant Martí,70,el Besòs i el Maresme,264,1,5,2
2026-01-01,10,Sant Martí,70,el Besòs i el Maresme,201,1,6,1
2026-01-01,10,Sant Martí,70,el Besòs i el Maresme,223,1,6,2
2026-01-01,10,Sant Martí,70,el Besòs i el Maresme,237,1,7,1
2026-01-01,10,Sant Martí,70,el Besòs i el Maresme,250,1,7,2
2026-01-01,10,Sant Martí,70,el Besòs i el Maresme,273,1,8,1
2026-01-01,10,Sant Martí,70,el Besòs i el Maresme,281,1,8,2
2026-01-01,10,Sant Martí,70,el Besòs i el Maresme,321,1,9,1
2026-01-01,10,Sant Martí,70,el Besòs i el Maresme,340,1,9,2
2026-01-01,10,Sant Martí,70,el Besòs i el Maresme,306,1,10,1
2026-01-01,10,Sant Martí,70,el Besòs i el Maresme,333,1,10,2
2026-01-01,10,Sant Martí,70,el Besòs i el Maresme,374,1,11,1
2026-01-01,10,Sant Martí,70,el Besòs i el Maresme,374,1,11,2
2026-01-01,10,Sant Martí,70,el Besòs i el Maresme,401,1,12,1
2026-01-01,10,Sant Martí,70,el Besòs i el Maresme,386,1,12,2
2026-01-01,10,Sant Martí,70,el Besòs i el Maresme,319,1,13,1
2026-01-01,10,Sant Martí,70,el Besòs i el Maresme,311,1,13,2
2026-01-01,10,Sant Martí,70,el Besòs i el Maresme,183,1,14,1
2026-01-01,10,Sant Martí,70,el Besòs i el Maresme,178,1,14,2
2026-01-01,10,Sant Martí,70,el Besòs i el Maresme,106,1,15,1
2026-01-01,10,Sant Martí,70,el Besòs i el Maresme,87,1,15,2
2026-01-01,10,Sant Martí,70,el Besòs i el Maresme,78,1,16,1
2026-01-01,10,Sant Martí,70,el Besòs i el Maresme,39,1,16,2
2026-01-01,10,Sant Martí,70,el Besòs i el Maresme,54,1,17,1
2026-01-01,10,Sant Martí,70,el Besòs i el Maresme,28,1,17,2
2026-01-01,10,Sant Martí,70,el Besòs i el Maresme,27,1,18,1
2026-01-01,10,Sant Martí,70,el Besòs i el Maresme,18,1,18,2
2026-01-01,10,Sant Martí,70,el Besòs i el Maresme,9,1,19,1
2026-01-01,10,Sant Martí,70,el Besòs i el Maresme,..,1,19,2
2026-01-01,10,Sant Martí,70,el Besòs i el Maresme,..,1,20,1
2026-01-01,10,Sant Martí,70,el Besòs i el Maresme,41,2,0,1
2026-01-01,10,Sant Martí,70,el Besòs i el Maresme,46,2,0,2
2026-01-01,10,Sant Martí,70,el Besòs i el Maresme,46,2,1,1
2026-01-01,10,Sant Martí,70,el Besòs i el Maresme,44,2,1,2
2026-01-01,10,Sant Martí,70,el Besòs i el Maresme,51,2,2,1
2026-01-01,10,Sant Martí,70,el Besòs i el Maresme,56,2,2,2
2026-01-01,10,Sant Martí,70,el Besòs i el Maresme,48,2,3,1
2026-01-01,10,Sant Martí,70,el Besòs i el Maresme,58,2,3,2
2026-01-01,10,Sant Martí,70,el Besòs i el Maresme,51,2,4,1
2026-01-01,10,Sant Martí,70,el Besòs i el Maresme,35,2,4,2
2026-01-01,10,Sant Martí,70,el Besòs i el Maresme,35,2,5,1
2026-01-01,10,Sant Martí,70,el Besòs i el Maresme,33,2,5,2
2026-01-01,10,Sant Martí,70,el Besòs i el Maresme,48,2,6,1
2026-01-01,10,Sant Martí,70,el Besòs i el Maresme,41,2,6,2
2026-01-01,10,Sant Martí,70,el Besòs i el Maresme,32,2,7,1
2026-01-01,10,Sant Martí,70,el Besòs i el Maresme,44,2,7,2
2026-01-01,10,Sant Martí,70,el Besòs i el Maresme,32,2,8,1
2026-01-01,10,Sant Martí,70,el Besòs i el Maresme,42,2,8,2
2026-01-01,10,Sant Martí,70,el Besòs i el Maresme,43,2,9,1
2026-01-01,10,Sant Martí,70,el Besòs i el Maresme,53,2,9,2
2026-01-01,10,Sant Martí,70,el Besòs i el Maresme,60,2,10,1
2026-01-01,10,Sant Martí,70,el Besòs i el Maresme,51,2,10,2
2026-01-01,10,Sant Martí,70,el Besòs i el Maresme,46,2,11,1
2026-01-01,10,Sant Martí,70,el Besòs i el Maresme,52,2,11,2
2026-01-01,10,Sant Martí,70,el Besòs i el Maresme,43,2,12,1
2026-01-01,10,Sant Martí,70,el Besòs i el Maresme,44,2,12,2
2026-01-01,10,Sant Martí,70,el Besòs i el Maresme,45,2,13,1
2026-01-01,10,Sant Martí,70,el Besòs i el Maresme,35,2,13,2
2026-01-01,10,Sant Martí,70,el Besòs i el Maresme,24,2,14,1
2026-01-01,10,Sant Martí,70,el Besòs i el Maresme,31,2,14,2
2026-01-01,10,Sant Martí,70,el Besòs i el Maresme,16,2,15,1
2026-01-01,10,Sant Martí,70,el Besòs i el Maresme,18,2,15,2
2026-01-01,10,Sant Martí,70,el Besòs i el Maresme,13,2,16,1
2026-01-01,10,Sant Martí,70,el Besòs i el Maresme,6,2,16,2
2026-01-01,10,Sant Martí,70,el Besòs i el Maresme,12,2,17,1
2026-01-01,10,Sant Martí,70,el Besòs i el Maresme,9,2,17,2
2026-01-01,10,Sant Martí,70,el Besòs i el Maresme,7,2,18,1
2026-01-01,10,Sant Martí,70,el Besòs i el Maresme,..,2,18,2
2026-01-01,10,Sant Martí,70,el Besòs i el Maresme,..,2,19,1
2026-01-01,10,Sant Martí,70,el Besòs i el Maresme,..,2,19,2
2026-01-01,10,Sant Martí,70,el Besòs i el Maresme,..,3,0,1
2026-01-01,10,Sant Martí,70,el Besòs i el Maresme,8,3,0,2
2026-01-01,10,Sant Martí,70,el Besòs i el Maresme,9,3,1,1
2026-01-01,10,Sant Martí,70,el Besòs i el Maresme,12,3,1,2
2026-01-01,10,Sant Martí,70,el Besòs i el Maresme,12,3,2,1
2026-01-01,10,Sant Martí,70,el Besòs i el Maresme,7,3,2,2
2026-01-01,10,Sant Martí,70,el Besòs i el Maresme,11,3,3,1
2026-01-01,10,Sant Martí,70,el Besòs i el Maresme,14,3,3,2
2026-01-01,10,Sant Martí,70,el Besòs i el Maresme,29,3,4,1
2026-01-01,10,Sant Martí,70,el Besòs i el Maresme,17,3,4,2
2026-01-01,10,Sant Martí,70,el Besòs i el Maresme,15,3,5,1
2026-01-01,10,Sant Martí,70,el Besòs i el Maresme,23,3,5,2
2026-01-01,10,Sant Martí,70,el Besòs i el Maresme,26,3,6,1
2026-01-01,10,Sant Martí,70,el Besòs i el Maresme,34,3,6,2
2026-01-01,10,Sant Martí,70,el Besòs i el Maresme,31,3,7,1
2026-01-01,10,Sant Martí,70,el Besòs i el Maresme,38,3,7,2
2026-01-01,10,Sant Martí,70,el Besòs i el Maresme,34,3,8,1
2026-01-01,10,Sant Martí,70,el Besòs i el Maresme,47,3,8,2
2026-01-01,10,Sant Martí,70,el Besòs i el Maresme,42,3,9,1
2026-01-01,10,Sant Martí,70,el Besòs i el Maresme,44,3,9,2
2026-01-01,10,Sant Martí,70,el Besòs i el Maresme,41,3,10,1
2026-01-01,10,Sant Martí,70,el Besòs i el Maresme,42,3,10,2
2026-01-01,10,Sant Martí,70,el Besòs i el Maresme,68,3,11,1
2026-01-01,10,Sant Martí,70,el Besòs i el Maresme,60,3,11,2
2026-01-01,10,Sant Martí,70,el Besòs i el Maresme,120,3,12,1
2026-01-01,10,Sant Martí,70,el Besòs i el Maresme,110,3,12,2
2026-01-01,10,Sant Martí,70,el Besòs i el Maresme,233,3,13,1
2026-01-01,10,Sant Martí,70,el Besòs i el Maresme,165,3,13,2
2026-01-01,10,Sant Martí,70,el Besòs i el Maresme,245,3,14,1
2026-01-01,10,Sant Martí,70,el Besòs i el Maresme,217,3,14,2
2026-01-01,10,Sant Martí,70,el Besòs i el Maresme,223,3,15,1
2026-01-01,10,Sant Martí,70,el Besòs i el Maresme,190,3,15,2
2026-01-01,10,Sant Martí,70,el Besòs i el Maresme,196,3,16,1
2026-01-01,10,Sant Martí,70,el Besòs i el Maresme,150,3,16,2
2026-01-01,10,Sant Martí,70,el Besòs i el Maresme,203,3,17,1
2026-01-01,10,Sant Martí,70,el Besòs i el Maresme,90,3,17,2
2026-01-01,10,Sant Martí,70,el Besòs i el Maresme,171,3,18,1
2026-01-01,10,Sant Martí,70,el Besòs i el Maresme,68,3,18,2
2026-01-01,10,Sant Martí,70,el Besòs i el Maresme,35,3,19,1
2026-01-01,10,Sant Martí,70,el Besòs i el Maresme,14,3,19,2
2026-01-01,10,Sant Martí,70,el Besòs i el Maresme,..,3,20,1
2026-01-01,10,Sant Martí,70,el Besòs i el Maresme,..,3,20,2
2026-01-01,10,Sant Martí,70,el Besòs i el Maresme,10,4,0,1
2026-01-01,10,Sant Martí,70,el Besòs i el Maresme,..,4,0,2
2026-01-01,10,Sant Martí,70,el Besòs i el Maresme,..,4,1,1
2026-01-01,10,Sant Martí,70,el Besòs i el Maresme,19,4,1,2
2026-01-01,10,Sant Martí,70,el Besòs i el Maresme,5,4,2,1
2026-01-01,10,Sant Martí,70,el Besòs i el Maresme,6,4,2,2
2026-01-01,10,Sant Martí,70,el Besòs i el Maresme,9,4,3,1
2026-01-01,10,Sant Martí,70,el Besòs i el Maresme,19,4,3,2
2026-01-01,10,Sant Martí,70,el Besòs i el Maresme,27,4,4,1
2026-01-01,10,Sant Martí,70,el Besòs i el Maresme,32,4,4,2
2026-01-01,10,Sant Martí,70,el Besòs i el Maresme,32,4,5,1
2026-01-01,10,Sant Martí,70,el Besòs i el Maresme,36,4,5,2
2026-01-01,10,Sant Martí,70,el Besòs i el Maresme,42,4,6,1
2026-01-01,10,Sant Martí,70,el Besòs i el Maresme,45,4,6,2
2026-01-01,10,Sant Martí,70,el Besòs i el Maresme,69,4,7,1
2026-01-01,10,Sant Martí,70,el Besòs i el Maresme,63,4,7,2
2026-01-01,10,Sant Martí,70,el Besòs i el Maresme,44,4,8,1
2026-01-01,10,Sant Martí,70,el Besòs i el Maresme,55,4,8,2
2026-01-01,10,Sant Martí,70,el Besòs i el Maresme,43,4,9,1
2026-01-01,10,Sant Martí,70,el Besòs i el Maresme,44,4,9,2
2026-01-01,10,Sant Martí,70,el Besòs i el Maresme,23,4,10,1
2026-01-01,10,Sant Martí,70,el Besòs i el Maresme,41,4,10,2
2026-01-01,10,Sant Martí,70,el Besòs i el Maresme,21,4,11,1
2026-01-01,10,Sant Martí,70,el Besòs i el Maresme,29,4,11,2
2026-01-01,10,Sant Martí,70,el Besòs i el Maresme,18,4,12,1
2026-01-01,10,Sant Martí,70,el Besòs i el Maresme,25,4,12,2
2026-01-01,10,Sant Martí,70,el Besòs i el Maresme,7,4,13,1
2026-01-01,10,Sant Martí,70,el Besòs i el Maresme,10,4,13,2
2026-01-01,10,Sant Martí,70,el Besòs i el Maresme,6,4,14,1
2026-01-01,10,Sant Martí,70,el Besòs i el Maresme,..,4,14,2
2026-01-01,10,Sant Martí,70,el Besòs i el Maresme,7,4,15,1
2026-01-01,10,Sant Martí,70,el Besòs i el Maresme,..,4,15,2
2026-01-01,10,Sant Martí,70,el Besòs i el Maresme,5,4,16,1
2026-01-01,10,Sant Martí,70,el Besòs i el Maresme,..,4,16,2
2026-01-01,10,Sant Martí,70,el Besòs i el Maresme,..,4,17,2
2026-01-01,10,Sant Martí,70,el Besòs i el Maresme,..,4,18,1
2026-01-01,10,Sant Martí,70,el Besòs i el Maresme,43,5,0,1
2026-01-01,10,Sant Martí,70,el Besòs i el Maresme,52,5,0,2
2026-01-01,10,Sant Martí,70,el Besòs i el Maresme,170,5,1,1
2026-01-01,10,Sant Martí,70,el Besòs i el Maresme,189,5,1,2
2026-01-01,10,Sant Martí,70,el Besòs i el Maresme,206,5,2,1
2026-01-01,10,Sant Martí,70,el Besòs i el Maresme,263,5,2,2
2026-01-01,10,Sant Martí,70,el Besòs i el Maresme,280,5,3,1
2026-01-01,10,Sant Martí,70,el Besòs i el Maresme,331,5,3,2
2026-01-01,10,Sant Martí,70,el Besòs i el Maresme,432,5,4,1
2026-01-01,10,Sant Martí,70,el Besòs i el Maresme,839,5,4,2
2026-01-01,10,Sant Martí,70,el Besòs i el Maresme,654,5,5,1
2026-01-01,10,Sant Martí,70,el Besòs i el Maresme,1311,5,5,2
2026-01-01,10,Sant Martí,70,el Besòs i el Maresme,732,5,6,1
2026-01-01,10,Sant Martí,70,el Besòs i el Maresme,1357,5,6,2
2026-01-01,10,Sant Martí,70,el Besòs i el Maresme,714,5,7,1
2026-01-01,10,Sant Martí,70,el Besòs i el Maresme,1245,5,7,2
2026-01-01,10,Sant Martí,70,el Besòs i el Maresme,676,5,8,1
2026-01-01,10,Sant Martí,70,el Besòs i el Maresme,986,5,8,2
2026-01-01,10,Sant Martí,70,el Besòs i el Maresme,609,5,9,1
2026-01-01,10,Sant Martí,70,el Besòs i el Maresme,900,5,9,2
2026-01-01,10,Sant Martí,70,el Besòs i el Maresme,501,5,10,1
2026-01-01,10,Sant Martí,70,el Besòs i el Maresme,662,5,10,2
2026-01-01,10,Sant Martí,70,el Besòs i el Maresme,380,5,11,1
2026-01-01,10,Sant Martí,70,el Besòs i el Maresme,411,5,11,2
2026-01-01,10,Sant Martí,70,el Besòs i el Maresme,292,5,12,1
2026-01-01,10,Sant Martí,70,el Besòs i el Maresme,277,5,12,2
2026-01-01,10,Sant Martí,70,el Besòs i el Maresme,190,5,13,1
2026-01-01,10,Sant Martí,70,el Besòs i el Maresme,165,5,13,2
2026-01-01,10,Sant Martí,70,el Besòs i el Maresme,130,5,14,1
2026-01-01,10,Sant Martí,70,el Besòs i el Maresme,93,5,14,2
2026-01-01,10,Sant Martí,70,el Besòs i el Maresme,63,5,15,1
2026-01-01,10,Sant Martí,70,el Besòs i el Maresme,40,5,15,2
2026-01-01,10,Sant Martí,70,el Besòs i el Maresme,33,5,16,1
2026-01-01,10,Sant Martí,70,el Besòs i el Maresme,17,5,16,2
2026-01-01,10,Sant Martí,70,el Besòs i el Maresme,15,5,17,1
2026-01-01,10,Sant Martí,70,el Besòs i el Maresme,..,5,17,2
2026-01-01,10,Sant Martí,70,el Besòs i el Maresme,6,5,18,1
2026-01-01,10,Sant Martí,70,el Besòs i el Maresme,..,5,19,1
2026-01-01,10,Sant Martí,70,el Besòs i el Maresme,..,5,19,2
2026-01-01,10,Sant Martí,70,el Besòs i el Maresme,..,6,5,1
2026-01-01,10,Sant Martí,70,el Besòs i el Maresme,..,6,6,2
2026-01-01,10,Sant Martí,70,el Besòs i el Maresme,..,6,9,2
2026-01-01,10,Sant Martí,70,el Besòs i el Maresme,..,6,10,1
2026-01-01,10,Sant Martí,70,el Besòs i el Maresme,..,6,12,2
2026-01-01,10,Sant Martí,71,Provençals del Poblenou,333,1,0,1
2026-01-01,10,Sant Martí,71,Provençals del Poblenou,310,1,0,2
2026-01-01,10,Sant Martí,71,Provençals del Poblenou,337,1,1,1
2026-01-01,10,Sant Martí,71,Provençals del Poblenou,372,1,1,2
2026-01-01,10,Sant Martí,71,Provençals del Poblenou,404,1,2,1
2026-01-01,10,Sant Martí,71,Provençals del Poblenou,404,1,2,2
2026-01-01,10,Sant Martí,71,Provençals del Poblenou,400,1,3,1
2026-01-01,10,Sant Martí,71,Provençals del Poblenou,377,1,3,2
2026-01-01,10,Sant Martí,71,Provençals del Poblenou,315,1,4,1
2026-01-01,10,Sant Martí,71,Provençals del Poblenou,328,1,4,2
2026-01-01,10,Sant Martí,71,Provençals del Poblenou,241,1,5,1
2026-01-01,10,Sant Martí,71,Provençals del Poblenou,279,1,5,2
2026-01-01,10,Sant Martí,71,Provençals del Poblenou,226,1,6,1
2026-01-01,10,Sant Martí,71,Provençals del Poblenou,229,1,6,2
2026-01-01,10,Sant Martí,71,Provençals del Poblenou,275,1,7,1
2026-01-01,10,Sant Martí,71,Provençals del Poblenou,267,1,7,2
2026-01-01,10,Sant Martí,71,Provençals del Poblenou,318,1,8,1
2026-01-01,10,Sant Martí,71,Provençals del Poblenou,331,1,8,2
2026-01-01,10,Sant Martí,71,Provençals del Poblenou,448,1,9,1
2026-01-01,10,Sant Martí,71,Provençals del Poblenou,445,1,9,2
2026-01-01,10,Sant Martí,71,Provençals del Poblenou,452,1,10,1
2026-01-01,10,Sant Martí,71,Provençals del Poblenou,406,1,10,2
2026-01-01,10,Sant Martí,71,Provençals del Poblenou,434,1,11,1
2026-01-01,10,Sant Martí,71,Provençals del Poblenou,411,1,11,2
2026-01-01,10,Sant Martí,71,Provençals del Poblenou,470,1,12,1
2026-01-01,10,Sant Martí,71,Provençals del Poblenou,387,1,12,2
2026-01-01,10,Sant Martí,71,Provençals del Poblenou,304,1,13,1
2026-01-01,10,Sant Martí,71,Provençals del Poblenou,306,1,13,2
2026-01-01,10,Sant Martí,71,Provençals del Poblenou,196,1,14,1
2026-01-01,10,Sant Martí,71,Provençals del Poblenou,149,1,14,2
2026-01-01,10,Sant Martí,71,Provençals del Poblenou,157,1,15,1
2026-01-01,10,Sant Martí,71,Provençals del Poblenou,119,1,15,2
2026-01-01,10,Sant Martí,71,Provençals del Poblenou,94,1,16,1
2026-01-01,10,Sant Martí,71,Provençals del Poblenou,63,1,16,2
2026-01-01,10,Sant Martí,71,Provençals del Poblenou,79,1,17,1
2026-01-01,10,Sant Martí,71,Provençals del Poblenou,44,1,17,2
2026-01-01,10,Sant Martí,71,Provençals del Poblenou,52,1,18,1
2026-01-01,10,Sant Martí,71,Provençals del Poblenou,22,1,18,2
2026-01-01,10,Sant Martí,71,Provençals del Poblenou,8,1,19,1
2026-01-01,10,Sant Martí,71,Provençals del Poblenou,5,1,19,2
2026-01-01,10,Sant Martí,71,Provençals del Poblenou,..,1,20,1
2026-01-01,10,Sant Martí,71,Provençals del Poblenou,..,1,20,2
2026-01-01,10,Sant Martí,71,Provençals del Poblenou,24,2,0,1
2026-01-01,10,Sant Martí,71,Provençals del Poblenou,19,2,0,2
2026-01-01,10,Sant Martí,71,Provençals del Poblenou,21,2,1,1
2026-01-01,10,Sant Martí,71,Provençals del Poblenou,24,2,1,2
2026-01-01,10,Sant Martí,71,Provençals del Poblenou,27,2,2,1
2026-01-01,10,Sant Martí,71,Provençals del Poblenou,21,2,2,2
2026-01-01,10,Sant Martí,71,Provençals del Poblenou,36,2,3,1
2026-01-01,10,Sant Martí,71,Provençals del Poblenou,29,2,3,2
2026-01-01,10,Sant Martí,71,Provençals del Poblenou,28,2,4,1
2026-01-01,10,Sant Martí,71,Provençals del Poblenou,33,2,4,2
2026-01-01,10,Sant Martí,71,Provençals del Poblenou,32,2,5,1
2026-01-01,10,Sant Martí,71,Provençals del Poblenou,26,2,5,2
2026-01-01,10,Sant Martí,71,Provençals del Poblenou,45,2,6,1
2026-01-01,10,Sant Martí,71,Provençals del Poblenou,35,2,6,2
2026-01-01,10,Sant Martí,71,Provençals del Poblenou,53,2,7,1
2026-01-01,10,Sant Martí,71,Provençals del Poblenou,26,2,7,2
2026-01-01,10,Sant Martí,71,Provençals del Poblenou,36,2,8,1
2026-01-01,10,Sant Martí,71,Provençals del Poblenou,57,2,8,2
2026-01-01,10,Sant Martí,71,Provençals del Poblenou,76,2,9,1
2026-01-01,10,Sant Martí,71,Provençals del Poblenou,59,2,9,2
2026-01-01,10,Sant Martí,71,Provençals del Poblenou,63,2,10,1
2026-01-01,10,Sant Martí,71,Provençals del Poblenou,69,2,10,2
2026-01-01,10,Sant Martí,71,Provençals del Poblenou,61,2,11,1
2026-01-01,10,Sant Martí,71,Provençals del Poblenou,57,2,11,2
2026-01-01,10,Sant Martí,71,Provençals del Poblenou,69,2,12,1
2026-01-01,10,Sant Martí,71,Provençals del Poblenou,51,2,12,2
2026-01-01,10,Sant Martí,71,Provençals del Poblenou,35,2,13,1
2026-01-01,10,Sant Martí,71,Provençals del Poblenou,51,2,13,2
2026-01-01,10,Sant Martí,71,Provençals del Poblenou,32,2,14,1
2026-01-01,10,Sant Martí,71,Provençals del Poblenou,23,2,14,2
2026-01-01,10,Sant Martí,71,Provençals del Poblenou,32,2,15,1
2026-01-01,10,Sant Martí,71,Provençals del Poblenou,29,2,15,2
2026-01-01,10,Sant Martí,71,Provençals del Poblenou,14,2,16,1
2026-01-01,10,Sant Martí,71,Provençals del Poblenou,14,2,16,2
2026-01-01,10,Sant Martí,71,Provençals del Poblenou,23,2,17,1
2026-01-01,10,Sant Martí,71,Provençals del Poblenou,13,2,17,2
2026-01-01,10,Sant Martí,71,Provençals del Poblenou,20,2,18,1
2026-01-01,10,Sant Martí,71,Provençals del Poblenou,7,2,18,2
2026-01-01,10,Sant Martí,71,Provençals del Poblenou,5,2,19,1
2026-01-01,10,Sant Martí,71,Provençals del Poblenou,..,2,20,1
2026-01-01,10,Sant Martí,71,Provençals del Poblenou,..,3,0,1
2026-01-01,10,Sant Martí,71,Provençals del Poblenou,..,3,0,2
2026-01-01,10,Sant Martí,71,Provençals del Poblenou,6,3,1,1
2026-01-01,10,Sant Martí,71,Provençals del Poblenou,6,3,1,2
2026-01-01,10,Sant Martí,71,Provençals del Poblenou,6,3,2,1
2026-01-01,10,Sant Martí,71,Provençals del Poblenou,7,3,2,2
2026-01-01,10,Sant Martí,71,Provençals del Poblenou,15,3,3,1
2026-01-01,10,Sant Martí,71,Provençals del Poblenou,8,3,3,2
2026-01-01,10,Sant Martí,71,Provençals del Poblenou,19,3,4,1
2026-01-01,10,Sant Martí,71,Provençals del Poblenou,8,3,4,2
2026-01-01,10,Sant Martí,71,Provençals del Poblenou,25,3,5,1
2026-01-01,10,Sant Martí,71,Provençals del Poblenou,17,3,5,2
2026-01-01,10,Sant Martí,71,Provençals del Poblenou,35,3,6,1
2026-01-01,10,Sant Martí,71,Provençals del Poblenou,37,3,6,2
2026-01-01,10,Sant Martí,71,Provençals del Poblenou,58,3,7,1
2026-01-01,10,Sant Martí,71,Provençals del Poblenou,62,3,7,2
2026-01-01,10,Sant Martí,71,Provençals del Poblenou,58,3,8,1
2026-01-01,10,Sant Martí,71,Provençals del Poblenou,56,3,8,2
2026-01-01,10,Sant Martí,71,Provençals del Poblenou,59,3,9,1
2026-01-01,10,Sant Martí,71,Provençals del Poblenou,49,3,9,2
2026-01-01,10,Sant Martí,71,Provençals del Poblenou,60,3,10,1
2026-01-01,10,Sant Martí,71,Provençals del Poblenou,70,3,10,2
2026-01-01,10,Sant Martí,71,Provençals del Poblenou,86,3,11,1
2026-01-01,10,Sant Martí,71,Provençals del Poblenou,83,3,11,2
2026-01-01,10,Sant Martí,71,Provençals del Poblenou,140,3,12,1
2026-01-01,10,Sant Martí,71,Provençals del Poblenou,113,3,12,2
2026-01-01,10,Sant Martí,71,Provençals del Poblenou,195,3,13,1
2026-01-01,10,Sant Martí,71,Provençals del Poblenou,163,3,13,2
2026-01-01,10,Sant Martí,71,Provençals del Poblenou,238,3,14,1
2026-01-01,10,Sant Martí,71,Provençals del Poblenou,183,3,14,2
2026-01-01,10,Sant Martí,71,Provençals del Poblenou,218,3,15,1
2026-01-01,10,Sant Martí,71,Provençals del Poblenou,170,3,15,2
2026-01-01,10,Sant Martí,71,Provençals del Poblenou,184,3,16,1
2026-01-01,10,Sant Martí,71,Provençals del Poblenou,153,3,16,2
2026-01-01,10,Sant Martí,71,Provençals del Poblenou,134,3,17,1
2026-01-01,10,Sant Martí,71,Provençals del Poblenou,78,3,17,2
2026-01-01,10,Sant Martí,71,Provençals del Poblenou,109,3,18,1
2026-01-01,10,Sant Martí,71,Provençals del Poblenou,33,3,18,2
2026-01-01,10,Sant Martí,71,Provençals del Poblenou,27,3,19,1
2026-01-01,10,Sant Martí,71,Provençals del Poblenou,..,3,19,2
2026-01-01,10,Sant Martí,71,Provençals del Poblenou,5,3,20,1
2026-01-01,10,Sant Martí,71,Provençals del Poblenou,..,4,0,1
2026-01-01,10,Sant Martí,71,Provençals del Poblenou,..,4,0,2
2026-01-01,10,Sant Martí,71,Provençals del Poblenou,8,4,1,1
2026-01-01,10,Sant Martí,71,Provençals del Poblenou,14,4,1,2
2026-01-01,10,Sant Martí,71,Provençals del Poblenou,9,4,2,1
2026-01-01,10,Sant Martí,71,Provençals del Poblenou,13,4,2,2
2026-01-01,10,Sant Martí,71,Provençals del Poblenou,..,4,3,1
2026-01-01,10,Sant Martí,71,Provençals del Poblenou,12,4,3,2
2026-01-01,10,Sant Martí,71,Provençals del Poblenou,22,4,4,1
2026-01-01,10,Sant Martí,71,Provençals del Poblenou,21,4,4,2
2026-01-01,10,Sant Martí,71,Provençals del Poblenou,42,4,5,1
2026-01-01,10,Sant Martí,71,Provençals del Poblenou,46,4,5,2
2026-01-01,10,Sant Martí,71,Provençals del Poblenou,82,4,6,1
2026-01-01,10,Sant Martí,71,Provençals del Poblenou,82,4,6,2
2026-01-01,10,Sant Martí,71,Provençals del Poblenou,76,4,7,1
2026-01-01,10,Sant Martí,71,Provençals del Poblenou,82,4,7,2
2026-01-01,10,Sant Martí,71,Provençals del Poblenou,64,4,8,1
2026-01-01,10,Sant Martí,71,Provençals del Poblenou,77,4,8,2
2026-01-01,10,Sant Martí,71,Provençals del Poblenou,46,4,9,1
2026-01-01,10,Sant Martí,71,Provençals del Poblenou,36,4,9,2
2026-01-01,10,Sant Martí,71,Provençals del Poblenou,27,4,10,1
2026-01-01,10,Sant Martí,71,Provençals del Poblenou,37,4,10,2
2026-01-01,10,Sant Martí,71,Provençals del Poblenou,19,4,11,1
2026-01-01,10,Sant Martí,71,Provençals del Poblenou,32,4,11,2
2026-01-01,10,Sant Martí,71,Provençals del Poblenou,14,4,12,1
2026-01-01,10,Sant Martí,71,Provençals del Poblenou,15,4,12,2
2026-01-01,10,Sant Martí,71,Provençals del Poblenou,6,4,13,1
2026-01-01,10,Sant Martí,71,Provençals del Poblenou,7,4,13,2
2026-01-01,10,Sant Martí,71,Provençals del Poblenou,7,4,14,1
2026-01-01,10,Sant Martí,71,Provençals del Poblenou,5,4,14,2
2026-01-01,10,Sant Martí,71,Provençals del Poblenou,9,4,15,1
2026-01-01,10,Sant Martí,71,Provençals del Poblenou,..,4,15,2
2026-01-01,10,Sant Martí,71,Provençals del Poblenou,5,4,16,1
2026-01-01,10,Sant Martí,71,Provençals del Poblenou,..,4,16,2
2026-01-01,10,Sant Martí,71,Provençals del Poblenou,..,4,17,1
2026-01-01,10,Sant Martí,71,Provençals del Poblenou,..,4,17,2
2026-01-01,10,Sant Martí,71,Provençals del Poblenou,..,4,18,1
2026-01-01,10,Sant Martí,71,Provençals del Poblenou,24,5,0,1
2026-01-01,10,Sant Martí,71,Provençals del Poblenou,25,5,0,2
2026-01-01,10,Sant Martí,71,Provençals del Poblenou,59,5,1,1
2026-01-01,10,Sant Martí,71,Provençals del Poblenou,59,5,1,2
2026-01-01,10,Sant Martí,71,Provençals del Poblenou,77,5,2,1
2026-01-01,10,Sant Martí,71,Provençals del Poblenou,90,5,2,2
2026-01-01,10,Sant Martí,71,Provençals del Poblenou,89,5,3,1
2026-01-01,10,Sant Martí,71,Provençals del Poblenou,111,5,3,2
2026-01-01,10,Sant Martí,71,Provençals del Poblenou,169,5,4,1
2026-01-01,10,Sant Martí,71,Provençals del Poblenou,206,5,4,2
2026-01-01,10,Sant Martí,71,Provençals del Poblenou,307,5,5,1
2026-01-01,10,Sant Martí,71,Provençals del Poblenou,317,5,5,2
2026-01-01,10,Sant Martí,71,Provençals del Poblenou,459,5,6,1
2026-01-01,10,Sant Martí,71,Provençals del Poblenou,391,5,6,2
2026-01-01,10,Sant Martí,71,Provençals del Poblenou,432,5,7,1
2026-01-01,10,Sant Martí,71,Provençals del Poblenou,439,5,7,2
2026-01-01,10,Sant Martí,71,Provençals del Poblenou,364,5,8,1
2026-01-01,10,Sant Martí,71,Provençals del Poblenou,353,5,8,2
2026-01-01,10,Sant Martí,71,Provençals del Poblenou,277,5,9,1
2026-01-01,10,Sant Martí,71,Provençals del Poblenou,282,5,9,2
2026-01-01,10,Sant Martí,71,Provençals del Poblenou,192,5,10,1
2026-01-01,10,Sant Martí,71,Provençals del Poblenou,193,5,10,2
2026-01-01,10,Sant Martí,71,Provençals del Poblenou,180,5,11,1
2026-01-01,10,Sant Martí,71,Provençals del Poblenou,150,5,11,2
2026-01-01,10,Sant Martí,71,Provençals del Poblenou,149,5,12,1
2026-01-01,10,Sant Martí,71,Provençals del Poblenou,110,5,12,2
2026-01-01,10,Sant Martí,71,Provençals del Poblenou,97,5,13,1
2026-01-01,10,Sant Martí,71,Provençals del Poblenou,73,5,13,2
2026-01-01,10,Sant Martí,71,Provençals del Poblenou,88,5,14,1
2026-01-01,10,Sant Martí,71,Provençals del Poblenou,60,5,14,2
2026-01-01,10,Sant Martí,71,Provençals del Poblenou,49,5,15,1
2026-01-01,10,Sant Martí,71,Provençals del Poblenou,40,5,15,2
2026-01-01,10,Sant Martí,71,Provençals del Poblenou,26,5,16,1
2026-01-01,10,Sant Martí,71,Provençals del Poblenou,18,5,16,2
2026-01-01,10,Sant Martí,71,Provençals del Poblenou,13,5,17,1
2026-01-01,10,Sant Martí,71,Provençals del Poblenou,7,5,17,2
2026-01-01,10,Sant Martí,71,Provençals del Poblenou,..,5,18,1
2026-01-01,10,Sant Martí,71,Provençals del Poblenou,..,5,18,2
2026-01-01,10,Sant Martí,71,Provençals del Poblenou,..,5,19,2
2026-01-01,10,Sant Martí,71,Provençals del Poblenou,..,6,5,1
2026-01-01,10,Sant Martí,71,Provençals del Poblenou,..,6,7,1
2026-01-01,10,Sant Martí,71,Provençals del Poblenou,..,6,8,2
2026-01-01,10,Sant Martí,72,Sant Martí de Provençals,294,1,0,1
2026-01-01,10,Sant Martí,72,Sant Martí de Provençals,312,1,0,2
2026-01-01,10,Sant Martí,72,Sant Martí de Provençals,334,1,1,1
2026-01-01,10,Sant Martí,72,Sant Martí de Provençals,382,1,1,2
2026-01-01,10,Sant Martí,72,Sant Martí de Provençals,408,1,2,1
2026-01-01,10,Sant Martí,72,Sant Martí de Provençals,417,1,2,2
2026-01-01,10,Sant Martí,72,Sant Martí de Provençals,432,1,3,1
2026-01-01,10,Sant Martí,72,Sant Martí de Provençals,407,1,3,2
2026-01-01,10,Sant Martí,72,Sant Martí de Provençals,401,1,4,1
2026-01-01,10,Sant Martí,72,Sant Martí de Provençals,443,1,4,2
2026-01-01,10,Sant Martí,72,Sant Martí de Provençals,336,1,5,1
2026-01-01,10,Sant Martí,72,Sant Martí de Provençals,323,1,5,2
2026-01-01,10,Sant Martí,72,Sant Martí de Provençals,263,1,6,1
2026-01-01,10,Sant Martí,72,Sant Martí de Provençals,296,1,6,2
2026-01-01,10,Sant Martí,72,Sant Martí de Provençals,242,1,7,1
2026-01-01,10,Sant Martí,72,Sant Martí de Provençals,327,1,7,2
2026-01-01,10,Sant Martí,72,Sant Martí de Provençals,375,1,8,1
2026-01-01,10,Sant Martí,72,Sant Martí de Provençals,387,1,8,2
2026-01-01,10,Sant Martí,72,Sant Martí de Provençals,508,1,9,1
2026-01-01,10,Sant Martí,72,Sant Martí de Provençals,473,1,9,2
2026-01-01,10,Sant Martí,72,Sant Martí de Provençals,585,1,10,1
2026-01-01,10,Sant Martí,72,Sant Martí de Provençals,603,1,10,2
2026-01-01,10,Sant Martí,72,Sant Martí de Provençals,642,1,11,1
2026-01-01,10,Sant Martí,72,Sant Martí de Provençals,594,1,11,2
2026-01-01,10,Sant Martí,72,Sant Martí de Provençals,471,1,12,1
2026-01-01,10,Sant Martí,72,Sant Martí de Provençals,463,1,12,2
2026-01-01,10,Sant Martí,72,Sant Martí de Provençals,384,1,13,1
2026-01-01,10,Sant Martí,72,Sant Martí de Provençals,353,1,13,2
2026-01-01,10,Sant Martí,72,Sant Martí de Provençals,280,1,14,1
2026-01-01,10,Sant Martí,72,Sant Martí de Provençals,205,1,14,2
2026-01-01,10,Sant Martí,72,Sant Martí de Provençals,245,1,15,1
2026-01-01,10,Sant Martí,72,Sant Martí de Provençals,154,1,15,2
2026-01-01,10,Sant Martí,72,Sant Martí de Provençals,185,1,16,1
2026-01-01,10,Sant Martí,72,Sant Martí de Provençals,117,1,16,2
2026-01-01,10,Sant Martí,72,Sant Martí de Provençals,99,1,17,1
2026-01-01,10,Sant Martí,72,Sant Martí de Provençals,75,1,17,2
2026-01-01,10,Sant Martí,72,Sant Martí de Provençals,79,1,18,1
2026-01-01,10,Sant Martí,72,Sant Martí de Provençals,30,1,18,2
2026-01-01,10,Sant Martí,72,Sant Martí de Provençals,23,1,19,1
2026-01-01,10,Sant Martí,72,Sant Martí de Provençals,8,1,19,2
2026-01-01,10,Sant Martí,72,Sant Martí de Provençals,5,1,20,1
2026-01-01,10,Sant Martí,72,Sant Martí de Provençals,26,2,0,1
2026-01-01,10,Sant Martí,72,Sant Martí de Provençals,27,2,0,2
2026-01-01,10,Sant Martí,72,Sant Martí de Provençals,25,2,1,1
2026-01-01,10,Sant Martí,72,Sant Martí de Provençals,25,2,1,2
2026-01-01,10,Sant Martí,72,Sant Martí de Provençals,39,2,2,1
2026-01-01,10,Sant Martí,72,Sant Martí de Provençals,40,2,2,2
2026-01-01,10,Sant Martí,72,Sant Martí de Provençals,42,2,3,1
2026-01-01,10,Sant Martí,72,Sant Martí de Provençals,48,2,3,2
2026-01-01,10,Sant Martí,72,Sant Martí de Provençals,31,2,4,1
2026-01-01,10,Sant Martí,72,Sant Martí de Provençals,44,2,4,2
2026-01-01,10,Sant Martí,72,Sant Martí de Provençals,55,2,5,1
2026-01-01,10,Sant Martí,72,Sant Martí de Provençals,36,2,5,2
2026-01-01,10,Sant Martí,72,Sant Martí de Provençals,38,2,6,1
2026-01-01,10,Sant Martí,72,Sant Martí de Provençals,57,2,6,2
2026-01-01,10,Sant Martí,72,Sant Martí de Provençals,34,2,7,1
2026-01-01,10,Sant Martí,72,Sant Martí de Provençals,51,2,7,2
2026-01-01,10,Sant Martí,72,Sant Martí de Provençals,44,2,8,1
2026-01-01,10,Sant Martí,72,Sant Martí de Provençals,61,2,8,2
2026-01-01,10,Sant Martí,72,Sant Martí de Provençals,68,2,9,1
2026-01-01,10,Sant Martí,72,Sant Martí de Provençals,82,2,9,2
2026-01-01,10,Sant Martí,72,Sant Martí de Provençals,58,2,10,1
2026-01-01,10,Sant Martí,72,Sant Martí de Provençals,74,2,10,2
2026-01-01,10,Sant Martí,72,Sant Martí de Provençals,44,2,11,1
2026-01-01,10,Sant Martí,72,Sant Martí de Provençals,55,2,11,2
2026-01-01,10,Sant Martí,72,Sant Martí de Provençals,73,2,12,1
2026-01-01,10,Sant Martí,72,Sant Martí de Provençals,55,2,12,2
2026-01-01,10,Sant Martí,72,Sant Martí de Provençals,40,2,13,1
2026-01-01,10,Sant Martí,72,Sant Martí de Provençals,59,2,13,2
2026-01-01,10,Sant Martí,72,Sant Martí de Provençals,63,2,14,1
2026-01-01,10,Sant Martí,72,Sant Martí de Provençals,34,2,14,2
2026-01-01,10,Sant Martí,72,Sant Martí de Provençals,68,2,15,1
2026-01-01,10,Sant Martí,72,Sant Martí de Provençals,29,2,15,2
2026-01-01,10,Sant Martí,72,Sant Martí de Provençals,57,2,16,1
2026-01-01,10,Sant Martí,72,Sant Martí de Provençals,26,2,16,2
2026-01-01,10,Sant Martí,72,Sant Martí de Provençals,34,2,17,1
2026-01-01,10,Sant Martí,72,Sant Martí de Provençals,22,2,17,2
2026-01-01,10,Sant Martí,72,Sant Martí de Provençals,29,2,18,1
2026-01-01,10,Sant Martí,72,Sant Martí de Provençals,9,2,18,2
2026-01-01,10,Sant Martí,72,Sant Martí de Provençals,9,2,19,1
2026-01-01,10,Sant Martí,72,Sant Martí de Provençals,5,2,19,2
2026-01-01,10,Sant Martí,72,Sant Martí de Provençals,..,2,20,1
2026-01-01,10,Sant Martí,72,Sant Martí de Provençals,..,3,0,1
2026-01-01,10,Sant Martí,72,Sant Martí de Provençals,6,3,0,2
2026-01-01,10,Sant Martí,72,Sant Martí de Provençals,8,3,1,1
2026-01-01,10,Sant Martí,72,Sant Martí de Provençals,6,3,1,2
2026-01-01,10,Sant Martí,72,Sant Martí de Provençals,10,3,2,1
2026-01-01,10,Sant Martí,72,Sant Martí de Provençals,11,3,2,2
2026-01-01,10,Sant Martí,72,Sant Martí de Provençals,14,3,3,1
2026-01-01,10,Sant Martí,72,Sant Martí de Provençals,10,3,3,2
2026-01-01,10,Sant Martí,72,Sant Martí de Provençals,21,3,4,1
2026-01-01,10,Sant Martí,72,Sant Martí de Provençals,8,3,4,2
2026-01-01,10,Sant Martí,72,Sant Martí de Provençals,45,3,5,1
2026-01-01,10,Sant Martí,72,Sant Martí de Provençals,26,3,5,2
2026-01-01,10,Sant Martí,72,Sant Martí de Provençals,61,3,6,1
2026-01-01,10,Sant Martí,72,Sant Martí de Provençals,54,3,6,2
2026-01-01,10,Sant Martí,72,Sant Martí de Provençals,69,3,7,1
2026-01-01,10,Sant Martí,72,Sant Martí de Provençals,70,3,7,2
2026-01-01,10,Sant Martí,72,Sant Martí de Provençals,49,3,8,1
2026-01-01,10,Sant Martí,72,Sant Martí de Provençals,48,3,8,2
2026-01-01,10,Sant Martí,72,Sant Martí de Provençals,59,3,9,1
2026-01-01,10,Sant Martí,72,Sant Martí de Provençals,58,3,9,2
2026-01-01,10,Sant Martí,72,Sant Martí de Provençals,80,3,10,1
2026-01-01,10,Sant Martí,72,Sant Martí de Provençals,74,3,10,2
2026-01-01,10,Sant Martí,72,Sant Martí de Provençals,91,3,11,1
2026-01-01,10,Sant Martí,72,Sant Martí de Provençals,74,3,11,2
2026-01-01,10,Sant Martí,72,Sant Martí de Provençals,155,3,12,1
2026-01-01,10,Sant Martí,72,Sant Martí de Provençals,127,3,12,2
2026-01-01,10,Sant Martí,72,Sant Martí de Provençals,266,3,13,1
2026-01-01,10,Sant Martí,72,Sant Martí de Provençals,179,3,13,2
2026-01-01,10,Sant Martí,72,Sant Martí de Provençals,295,3,14,1
2026-01-01,10,Sant Martí,72,Sant Martí de Provençals,227,3,14,2
2026-01-01,10,Sant Martí,72,Sant Martí de Provençals,407,3,15,1
2026-01-01,10,Sant Martí,72,Sant Martí de Provençals,260,3,15,2
2026-01-01,10,Sant Martí,72,Sant Martí de Provençals,488,3,16,1
2026-01-01,10,Sant Martí,72,Sant Martí de Provençals,295,3,16,2
2026-01-01,10,Sant Martí,72,Sant Martí de Provençals,314,3,17,1
2026-01-01,10,Sant Martí,72,Sant Martí de Provençals,181,3,17,2
2026-01-01,10,Sant Martí,72,Sant Martí de Provençals,179,3,18,1
2026-01-01,10,Sant Martí,72,Sant Martí de Provençals,83,3,18,2
2026-01-01,10,Sant Martí,72,Sant Martí de Provençals,71,3,19,1
2026-01-01,10,Sant Martí,72,Sant Martí de Provençals,19,3,19,2
2026-01-01,10,Sant Martí,72,Sant Martí de Provençals,7,3,20,1
2026-01-01,10,Sant Martí,72,Sant Martí de Provençals,..,3,20,2
2026-01-01,10,Sant Martí,72,Sant Martí de Provençals,..,4,0,1
2026-01-01,10,Sant Martí,72,Sant Martí de Provençals,..,4,0,2
2026-01-01,10,Sant Martí,72,Sant Martí de Provençals,8,4,1,1
2026-01-01,10,Sant Martí,72,Sant Martí de Provençals,..,4,1,2
2026-01-01,10,Sant Martí,72,Sant Martí de Provençals,6,4,2,1
2026-01-01,10,Sant Martí,72,Sant Martí de Provençals,7,4,2,2
2026-01-01,10,Sant Martí,72,Sant Martí de Provençals,..,4,3,1
2026-01-01,10,Sant Martí,72,Sant Martí de Provençals,6,4,3,2
2026-01-01,10,Sant Martí,72,Sant Martí de Provençals,18,4,4,1
2026-01-01,10,Sant Martí,72,Sant Martí de Provençals,15,4,4,2
2026-01-01,10,Sant Martí,72,Sant Martí de Provençals,60,4,5,1
2026-01-01,10,Sant Martí,72,Sant Martí de Provençals,37,4,5,2
2026-01-01,10,Sant Martí,72,Sant Martí de Provençals,65,4,6,1
2026-01-01,10,Sant Martí,72,Sant Martí de Provençals,68,4,6,2
2026-01-01,10,Sant Martí,72,Sant Martí de Provençals,59,4,7,1
2026-01-01,10,Sant Martí,72,Sant Martí de Provençals,70,4,7,2
2026-01-01,10,Sant Martí,72,Sant Martí de Provençals,56,4,8,1
2026-01-01,10,Sant Martí,72,Sant Martí de Provençals,52,4,8,2
2026-01-01,10,Sant Martí,72,Sant Martí de Provençals,31,4,9,1
2026-01-01,10,Sant Martí,72,Sant Martí de Provençals,26,4,9,2
2026-01-01,10,Sant Martí,72,Sant Martí de Provençals,19,4,10,1
2026-01-01,10,Sant Martí,72,Sant Martí de Provençals,28,4,10,2
2026-01-01,10,Sant Martí,72,Sant Martí de Provençals,25,4,11,1
2026-01-01,10,Sant Martí,72,Sant Martí de Provençals,21,4,11,2
2026-01-01,10,Sant Martí,72,Sant Martí de Provençals,13,4,12,1
2026-01-01,10,Sant Martí,72,Sant Martí de Provençals,21,4,12,2
2026-01-01,10,Sant Martí,72,Sant Martí de Provençals,6,4,13,1
2026-01-01,10,Sant Martí,72,Sant Martí de Provençals,5,4,13,2
2026-01-01,10,Sant Martí,72,Sant Martí de Provençals,9,4,14,1
2026-01-01,10,Sant Martí,72,Sant Martí de Provençals,..,4,14,2
2026-01-01,10,Sant Martí,72,Sant Martí de Provençals,6,4,15,1
2026-01-01,10,Sant Martí,72,Sant Martí de Provençals,..,4,15,2
2026-01-01,10,Sant Martí,72,Sant Martí de Provençals,..,4,16,1
2026-01-01,10,Sant Martí,72,Sant Martí de Provençals,..,4,17,1
2026-01-01,10,Sant Martí,72,Sant Martí de Provençals,..,4,17,2
2026-01-01,10,Sant Martí,72,Sant Martí de Provençals,..,4,18,1
2026-01-01,10,Sant Martí,72,Sant Martí de Provençals,15,5,0,1
2026-01-01,10,Sant Martí,72,Sant Martí de Provençals,22,5,0,2
2026-01-01,10,Sant Martí,72,Sant Martí de Provençals,47,5,1,1
2026-01-01,10,Sant Martí,72,Sant Martí de Provençals,80,5,1,2
2026-01-01,10,Sant Martí,72,Sant Martí de Provençals,87,5,2,1
2026-01-01,10,Sant Martí,72,Sant Martí de Provençals,96,5,2,2
2026-01-01,10,Sant Martí,72,Sant Martí de Provençals,92,5,3,1
2026-01-01,10,Sant Martí,72,Sant Martí de Provençals,132,5,3,2
2026-01-01,10,Sant Martí,72,Sant Martí de Provençals,245,5,4,1
2026-01-01,10,Sant Martí,72,Sant Martí de Provençals,230,5,4,2
2026-01-01,10,Sant Martí,72,Sant Martí de Provençals,420,5,5,1
2026-01-01,10,Sant Martí,72,Sant Martí de Provençals,386,5,5,2
2026-01-01,10,Sant Martí,72,Sant Martí de Provençals,523,5,6,1
2026-01-01,10,Sant Martí,72,Sant Martí de Provençals,471,5,6,2
2026-01-01,10,Sant Martí,72,Sant Martí de Provençals,474,5,7,1
2026-01-01,10,Sant Martí,72,Sant Martí de Provençals,430,5,7,2
2026-01-01,10,Sant Martí,72,Sant Martí de Provençals,407,5,8,1
2026-01-01,10,Sant Martí,72,Sant Martí de Provençals,371,5,8,2
2026-01-01,10,Sant Martí,72,Sant Martí de Provençals,351,5,9,1
2026-01-01,10,Sant Martí,72,Sant Martí de Provençals,322,5,9,2
2026-01-01,10,Sant Martí,72,Sant Martí de Provençals,303,5,10,1
2026-01-01,10,Sant Martí,72,Sant Martí de Provençals,239,5,10,2
2026-01-01,10,Sant Martí,72,Sant Martí de Provençals,259,5,11,1
2026-01-01,10,Sant Martí,72,Sant Martí de Provençals,187,5,11,2
2026-01-01,10,Sant Martí,72,Sant Martí de Provençals,181,5,12,1
2026-01-01,10,Sant Martí,72,Sant Martí de Provençals,156,5,12,2
2026-01-01,10,Sant Martí,72,Sant Martí de Provençals,145,5,13,1
2026-01-01,10,Sant Martí,72,Sant Martí de Provençals,93,5,13,2
2026-01-01,10,Sant Martí,72,Sant Martí de Provençals,89,5,14,1
2026-01-01,10,Sant Martí,72,Sant Martí de Provençals,70,5,14,2
2026-01-01,10,Sant Martí,72,Sant Martí de Provençals,60,5,15,1
2026-01-01,10,Sant Martí,72,Sant Martí de Provençals,29,5,15,2
2026-01-01,10,Sant Martí,72,Sant Martí de Provençals,21,5,16,1
2026-01-01,10,Sant Martí,72,Sant Martí de Provençals,18,5,16,2
2026-01-01,10,Sant Martí,72,Sant Martí de Provençals,9,5,17,1
2026-01-01,10,Sant Martí,72,Sant Martí de Provençals,7,5,17,2
2026-01-01,10,Sant Martí,72,Sant Martí de Provençals,..,5,18,1
2026-01-01,10,Sant Martí,72,Sant Martí de Provençals,..,5,18,2
2026-01-01,10,Sant Martí,72,Sant Martí de Provençals,..,5,19,1
2026-01-01,10,Sant Martí,72,Sant Martí de Provençals,..,6,5,1
2026-01-01,10,Sant Martí,72,Sant Martí de Provençals,..,6,5,2
2026-01-01,10,Sant Martí,72,Sant Martí de Provençals,..,6,6,2
2026-01-01,10,Sant Martí,72,Sant Martí de Provençals,..,6,10,2
2026-01-01,10,Sant Martí,73,la Verneda i la Pau,365,1,0,1
2026-01-01,10,Sant Martí,73,la Verneda i la Pau,391,1,0,2
2026-01-01,10,Sant Martí,73,la Verneda i la Pau,396,1,1,1
2026-01-01,10,Sant Martí,73,la Verneda i la Pau,463,1,1,2
2026-01-01,10,Sant Martí,73,la Verneda i la Pau,425,1,2,1
2026-01-01,10,Sant Martí,73,la Verneda i la Pau,455,1,2,2
2026-01-01,10,Sant Martí,73,la Verneda i la Pau,474,1,3,1
2026-01-01,10,Sant Martí,73,la Verneda i la Pau,495,1,3,2
2026-01-01,10,Sant Martí,73,la Verneda i la Pau,421,1,4,1
2026-01-01,10,Sant Martí,73,la Verneda i la Pau,455,1,4,2
2026-01-01,10,Sant Martí,73,la Verneda i la Pau,343,1,5,1
2026-01-01,10,Sant Martí,73,la Verneda i la Pau,391,1,5,2
2026-01-01,10,Sant Martí,73,la Verneda i la Pau,322,1,6,1
2026-01-01,10,Sant Martí,73,la Verneda i la Pau,351,1,6,2
2026-01-01,10,Sant Martí,73,la Verneda i la Pau,331,1,7,1
2026-01-01,10,Sant Martí,73,la Verneda i la Pau,368,1,7,2
2026-01-01,10,Sant Martí,73,la Verneda i la Pau,352,1,8,1
2026-01-01,10,Sant Martí,73,la Verneda i la Pau,426,1,8,2
2026-01-01,10,Sant Martí,73,la Verneda i la Pau,532,1,9,1
2026-01-01,10,Sant Martí,73,la Verneda i la Pau,511,1,9,2
2026-01-01,10,Sant Martí,73,la Verneda i la Pau,634,1,10,1
2026-01-01,10,Sant Martí,73,la Verneda i la Pau,651,1,10,2
2026-01-01,10,Sant Martí,73,la Verneda i la Pau,628,1,11,1
2026-01-01,10,Sant Martí,73,la Verneda i la Pau,572,1,11,2
2026-01-01,10,Sant Martí,73,la Verneda i la Pau,516,1,12,1
2026-01-01,10,Sant Martí,73,la Verneda i la Pau,472,1,12,2
2026-01-01,10,Sant Martí,73,la Verneda i la Pau,376,1,13,1
2026-01-01,10,Sant Martí,73,la Verneda i la Pau,305,1,13,2
2026-01-01,10,Sant Martí,73,la Verneda i la Pau,247,1,14,1
2026-01-01,10,Sant Martí,73,la Verneda i la Pau,198,1,14,2
2026-01-01,10,Sant Martí,73,la Verneda i la Pau,191,1,15,1
2026-01-01,10,Sant Martí,73,la Verneda i la Pau,138,1,15,2
2026-01-01,10,Sant Martí,73,la Verneda i la Pau,136,1,16,1
2026-01-01,10,Sant Martí,73,la Verneda i la Pau,104,1,16,2
2026-01-01,10,Sant Martí,73,la Verneda i la Pau,103,1,17,1
2026-01-01,10,Sant Martí,73,la Verneda i la Pau,56,1,17,2
2026-01-01,10,Sant Martí,73,la Verneda i la Pau,48,1,18,1
2026-01-01,10,Sant Martí,73,la Verneda i la Pau,27,1,18,2
2026-01-01,10,Sant Martí,73,la Verneda i la Pau,15,1,19,1
2026-01-01,10,Sant Martí,73,la Verneda i la Pau,7,1,19,2
2026-01-01,10,Sant Martí,73,la Verneda i la Pau,..,1,20,1
2026-01-01,10,Sant Martí,73,la Verneda i la Pau,..,1,20,2
2026-01-01,10,Sant Martí,73,la Verneda i la Pau,33,2,0,1
2026-01-01,10,Sant Martí,73,la Verneda i la Pau,31,2,0,2
2026-01-01,10,Sant Martí,73,la Verneda i la Pau,33,2,1,1
2026-01-01,10,Sant Martí,73,la Verneda i la Pau,34,2,1,2
2026-01-01,10,Sant Martí,73,la Verneda i la Pau,41,2,2,1
2026-01-01,10,Sant Martí,73,la Verneda i la Pau,44,2,2,2
2026-01-01,10,Sant Martí,73,la Verneda i la Pau,58,2,3,1
2026-01-01,10,Sant Martí,73,la Verneda i la Pau,48,2,3,2
2026-01-01,10,Sant Martí,73,la Verneda i la Pau,54,2,4,1
2026-01-01,10,Sant Martí,73,la Verneda i la Pau,50,2,4,2
2026-01-01,10,Sant Martí,73,la Verneda i la Pau,43,2,5,1
2026-01-01,10,Sant Martí,73,la Verneda i la Pau,39,2,5,2
2026-01-01,10,Sant Martí,73,la Verneda i la Pau,47,2,6,1
2026-01-01,10,Sant Martí,73,la Verneda i la Pau,71,2,6,2
2026-01-01,10,Sant Martí,73,la Verneda i la Pau,44,2,7,1
2026-01-01,10,Sant Martí,73,la Verneda i la Pau,43,2,7,2
2026-01-01,10,Sant Martí,73,la Verneda i la Pau,40,2,8,1
2026-01-01,10,Sant Martí,73,la Verneda i la Pau,44,2,8,2
2026-01-01,10,Sant Martí,73,la Verneda i la Pau,67,2,9,1
2026-01-01,10,Sant Martí,73,la Verneda i la Pau,78,2,9,2
2026-01-01,10,Sant Martí,73,la Verneda i la Pau,69,2,10,1
2026-01-01,10,Sant Martí,73,la Verneda i la Pau,79,2,10,2
2026-01-01,10,Sant Martí,73,la Verneda i la Pau,85,2,11,1
2026-01-01,10,Sant Martí,73,la Verneda i la Pau,72,2,11,2
2026-01-01,10,Sant Martí,73,la Verneda i la Pau,77,2,12,1
2026-01-01,10,Sant Martí,73,la Verneda i la Pau,76,2,12,2
2026-01-01,10,Sant Martí,73,la Verneda i la Pau,72,2,13,1
2026-01-01,10,Sant Martí,73,la Verneda i la Pau,65,2,13,2
2026-01-01,10,Sant Martí,73,la Verneda i la Pau,50,2,14,1
2026-01-01,10,Sant Martí,73,la Verneda i la Pau,49,2,14,2
2026-01-01,10,Sant Martí,73,la Verneda i la Pau,40,2,15,1
2026-01-01,10,Sant Martí,73,la Verneda i la Pau,35,2,15,2
2026-01-01,10,Sant Martí,73,la Verneda i la Pau,37,2,16,1
2026-01-01,10,Sant Martí,73,la Verneda i la Pau,23,2,16,2
2026-01-01,10,Sant Martí,73,la Verneda i la Pau,35,2,17,1
2026-01-01,10,Sant Martí,73,la Verneda i la Pau,16,2,17,2
2026-01-01,10,Sant Martí,73,la Verneda i la Pau,21,2,18,1
2026-01-01,10,Sant Martí,73,la Verneda i la Pau,11,2,18,2
2026-01-01,10,Sant Martí,73,la Verneda i la Pau,..,2,19,1
2026-01-01,10,Sant Martí,73,la Verneda i la Pau,..,2,19,2
2026-01-01,10,Sant Martí,73,la Verneda i la Pau,..,2,20,1
2026-01-01,10,Sant Martí,73,la Verneda i la Pau,..,3,0,1
2026-01-01,10,Sant Martí,73,la Verneda i la Pau,..,3,0,2
2026-01-01,10,Sant Martí,73,la Verneda i la Pau,9,3,1,1
2026-01-01,10,Sant Martí,73,la Verneda i la Pau,7,3,1,2
2026-01-01,10,Sant Martí,73,la Verneda i la Pau,13,3,2,1
2026-01-01,10,Sant Martí,73,la Verneda i la Pau,6,3,2,2
2026-01-01,10,Sant Martí,73,la Verneda i la Pau,22,3,3,1
2026-01-01,10,Sant Martí,73,la Verneda i la Pau,14,3,3,2
2026-01-01,10,Sant Martí,73,la Verneda i la Pau,29,3,4,1
2026-01-01,10,Sant Martí,73,la Verneda i la Pau,25,3,4,2
2026-01-01,10,Sant Martí,73,la Verneda i la Pau,45,3,5,1
2026-01-01,10,Sant Martí,73,la Verneda i la Pau,35,3,5,2
2026-01-01,10,Sant Martí,73,la Verneda i la Pau,45,3,6,1
2026-01-01,10,Sant Martí,73,la Verneda i la Pau,45,3,6,2
2026-01-01,10,Sant Martí,73,la Verneda i la Pau,57,3,7,1
2026-01-01,10,Sant Martí,73,la Verneda i la Pau,64,3,7,2
2026-01-01,10,Sant Martí,73,la Verneda i la Pau,46,3,8,1
2026-01-01,10,Sant Martí,73,la Verneda i la Pau,56,3,8,2
2026-01-01,10,Sant Martí,73,la Verneda i la Pau,50,3,9,1
2026-01-01,10,Sant Martí,73,la Verneda i la Pau,55,3,9,2
2026-01-01,10,Sant Martí,73,la Verneda i la Pau,57,3,10,1
2026-01-01,10,Sant Martí,73,la Verneda i la Pau,64,3,10,2
2026-01-01,10,Sant Martí,73,la Verneda i la Pau,101,3,11,1
2026-01-01,10,Sant Martí,73,la Verneda i la Pau,93,3,11,2
2026-01-01,10,Sant Martí,73,la Verneda i la Pau,204,3,12,1
2026-01-01,10,Sant Martí,73,la Verneda i la Pau,180,3,12,2
2026-01-01,10,Sant Martí,73,la Verneda i la Pau,370,3,13,1
2026-01-01,10,Sant Martí,73,la Verneda i la Pau,286,3,13,2
2026-01-01,10,Sant Martí,73,la Verneda i la Pau,428,3,14,1
2026-01-01,10,Sant Martí,73,la Verneda i la Pau,334,3,14,2
2026-01-01,10,Sant Martí,73,la Verneda i la Pau,618,3,15,1
2026-01-01,10,Sant Martí,73,la Verneda i la Pau,401,3,15,2
2026-01-01,10,Sant Martí,73,la Verneda i la Pau,575,3,16,1
2026-01-01,10,Sant Martí,73,la Verneda i la Pau,389,3,16,2
2026-01-01,10,Sant Martí,73,la Verneda i la Pau,434,3,17,1
2026-01-01,10,Sant Martí,73,la Verneda i la Pau,253,3,17,2
2026-01-01,10,Sant Martí,73,la Verneda i la Pau,262,3,18,1
2026-01-01,10,Sant Martí,73,la Verneda i la Pau,134,3,18,2
2026-01-01,10,Sant Martí,73,la Verneda i la Pau,74,3,19,1
2026-01-01,10,Sant Martí,73,la Verneda i la Pau,22,3,19,2
2026-01-01,10,Sant Martí,73,la Verneda i la Pau,11,3,20,1
2026-01-01,10,Sant Martí,73,la Verneda i la Pau,..,3,20,2
2026-01-01,10,Sant Martí,73,la Verneda i la Pau,..,4,0,1
2026-01-01,10,Sant Martí,73,la Verneda i la Pau,..,4,0,2
2026-01-01,10,Sant Martí,73,la Verneda i la Pau,5,4,1,1
2026-01-01,10,Sant Martí,73,la Verneda i la Pau,..,4,1,2
2026-01-01,10,Sant Martí,73,la Verneda i la Pau,..,4,2,1
2026-01-01,10,Sant Martí,73,la Verneda i la Pau,7,4,2,2
2026-01-01,10,Sant Martí,73,la Verneda i la Pau,10,4,3,1
2026-01-01,10,Sant Martí,73,la Verneda i la Pau,6,4,3,2
2026-01-01,10,Sant Martí,73,la Verneda i la Pau,12,4,4,1
2026-01-01,10,Sant Martí,73,la Verneda i la Pau,24,4,4,2
2026-01-01,10,Sant Martí,73,la Verneda i la Pau,46,4,5,1
2026-01-01,10,Sant Martí,73,la Verneda i la Pau,34,4,5,2
2026-01-01,10,Sant Martí,73,la Verneda i la Pau,62,4,6,1
2026-01-01,10,Sant Martí,73,la Verneda i la Pau,52,4,6,2
2026-01-01,10,Sant Martí,73,la Verneda i la Pau,66,4,7,1
2026-01-01,10,Sant Martí,73,la Verneda i la Pau,52,4,7,2
2026-01-01,10,Sant Martí,73,la Verneda i la Pau,45,4,8,1
2026-01-01,10,Sant Martí,73,la Verneda i la Pau,35,4,8,2
2026-01-01,10,Sant Martí,73,la Verneda i la Pau,22,4,9,1
2026-01-01,10,Sant Martí,73,la Verneda i la Pau,42,4,9,2
2026-01-01,10,Sant Martí,73,la Verneda i la Pau,24,4,10,1
2026-01-01,10,Sant Martí,73,la Verneda i la Pau,38,4,10,2
2026-01-01,10,Sant Martí,73,la Verneda i la Pau,23,4,11,1
2026-01-01,10,Sant Martí,73,la Verneda i la Pau,28,4,11,2
2026-01-01,10,Sant Martí,73,la Verneda i la Pau,15,4,12,1
2026-01-01,10,Sant Martí,73,la Verneda i la Pau,18,4,12,2
2026-01-01,10,Sant Martí,73,la Verneda i la Pau,9,4,13,1
2026-01-01,10,Sant Martí,73,la Verneda i la Pau,10,4,13,2
2026-01-01,10,Sant Martí,73,la Verneda i la Pau,7,4,14,1
2026-01-01,10,Sant Martí,73,la Verneda i la Pau,..,4,14,2
2026-01-01,10,Sant Martí,73,la Verneda i la Pau,..,4,15,1
2026-01-01,10,Sant Martí,73,la Verneda i la Pau,..,4,15,2
2026-01-01,10,Sant Martí,73,la Verneda i la Pau,..,4,16,1
2026-01-01,10,Sant Martí,73,la Verneda i la Pau,..,4,16,2
2026-01-01,10,Sant Martí,73,la Verneda i la Pau,..,4,17,2
2026-01-01,10,Sant Martí,73,la Verneda i la Pau,..,4,18,1
2026-01-01,10,Sant Martí,73,la Verneda i la Pau,..,4,18,2
2026-01-01,10,Sant Martí,73,la Verneda i la Pau,..,4,19,1
2026-01-01,10,Sant Martí,73,la Verneda i la Pau,..,4,20,1
2026-01-01,10,Sant Martí,73,la Verneda i la Pau,28,5,0,1
2026-01-01,10,Sant Martí,73,la Verneda i la Pau,36,5,0,2
2026-01-01,10,Sant Martí,73,la Verneda i la Pau,72,5,1,1
2026-01-01,10,Sant Martí,73,la Verneda i la Pau,94,5,1,2
2026-01-01,10,Sant Martí,73,la Verneda i la Pau,106,5,2,1
2026-01-01,10,Sant Martí,73,la Verneda i la Pau,131,5,2,2
2026-01-01,10,Sant Martí,73,la Verneda i la Pau,156,5,3,1
2026-01-01,10,Sant Martí,73,la Verneda i la Pau,135,5,3,2
2026-01-01,10,Sant Martí,73,la Verneda i la Pau,255,5,4,1
2026-01-01,10,Sant Martí,73,la Verneda i la Pau,320,5,4,2
2026-01-01,10,Sant Martí,73,la Verneda i la Pau,483,5,5,1
2026-01-01,10,Sant Martí,73,la Verneda i la Pau,479,5,5,2
2026-01-01,10,Sant Martí,73,la Verneda i la Pau,576,5,6,1
2026-01-01,10,Sant Martí,73,la Verneda i la Pau,639,5,6,2
2026-01-01,10,Sant Martí,73,la Verneda i la Pau,528,5,7,1
2026-01-01,10,Sant Martí,73,la Verneda i la Pau,553,5,7,2
2026-01-01,10,Sant Martí,73,la Verneda i la Pau,522,5,8,1
2026-01-01,10,Sant Martí,73,la Verneda i la Pau,472,5,8,2
2026-01-01,10,Sant Martí,73,la Verneda i la Pau,487,5,9,1
2026-01-01,10,Sant Martí,73,la Verneda i la Pau,422,5,9,2
2026-01-01,10,Sant Martí,73,la Verneda i la Pau,364,5,10,1
2026-01-01,10,Sant Martí,73,la Verneda i la Pau,303,5,10,2
2026-01-01,10,Sant Martí,73,la Verneda i la Pau,302,5,11,1
2026-01-01,10,Sant Martí,73,la Verneda i la Pau,233,5,11,2
2026-01-01,10,Sant Martí,73,la Verneda i la Pau,223,5,12,1
2026-01-01,10,Sant Martí,73,la Verneda i la Pau,141,5,12,2
2026-01-01,10,Sant Martí,73,la Verneda i la Pau,195,5,13,1
2026-01-01,10,Sant Martí,73,la Verneda i la Pau,109,5,13,2
2026-01-01,10,Sant Martí,73,la Verneda i la Pau,110,5,14,1
2026-01-01,10,Sant Martí,73,la Verneda i la Pau,75,5,14,2
2026-01-01,10,Sant Martí,73,la Verneda i la Pau,64,5,15,1
2026-01-01,10,Sant Martí,73,la Verneda i la Pau,39,5,15,2
2026-01-01,10,Sant Martí,73,la Verneda i la Pau,37,5,16,1
2026-01-01,10,Sant Martí,73,la Verneda i la Pau,9,5,16,2
2026-01-01,10,Sant Martí,73,la Verneda i la Pau,11,5,17,1
2026-01-01,10,Sant Martí,73,la Verneda i la Pau,8,5,17,2
2026-01-01,10,Sant Martí,73,la Verneda i la Pau,..,5,18,1
2026-01-01,10,Sant Martí,73,la Verneda i la Pau,..,5,18,2
2026-01-01,10,Sant Martí,73,la Verneda i la Pau,..,5,19,1
2026-01-01,10,Sant Martí,73,la Verneda i la Pau,..,5,20,1
2026-01-01,10,Sant Martí,73,la Verneda i la Pau,..,6,5,1
2026-01-01,10,Sant Martí,73,la Verneda i la Pau,..,6,6,1
2026-01-01,10,Sant Martí,73,la Verneda i la Pau,..,6,10,1
2026-01-01,10,Sant Martí,73,la Verneda i la Pau,..,6,14,1
2026-01-01,10,Sant Martí,73,la Verneda i la Pau,..,6,15,1
2026-01-01,10,Sant Martí,73,la Verneda i la Pau,..,6,15,2
